marketplace	review_id	product_id	product_category	star_rating	helpful_votes
US	R63J84G1LOX6R	1563890119	Books	4	0
US	R1BALOA11Z06MT	1559947608	Books	4	0
US	R1LLAY5W5PZUS4	0671701800	Books	5	1
US	R3R9VTJ82FXECQ	0425132153	Books	5	0
US	R1P5J3FNBWTFXY	0517122707	Books	5	0
US	R2XQTCOBWNCEAC	0345350499	Books	5	0
US	RG6LPC4W8LN29	0399134204	Books	5	0
US	RDFIE1IF0IYFH	0887306667	Books	5	0
US	R118UFZDTS9K8P	044022165X	Books	5	2
US	R3M7XTU4Y95NV6	0425107469	Books	5	1
US	R1KLWU5B78FKDR	0880389052	Books	5	1
US	R1BGW1GTUGJZXJ	0446310786	Books	5	0
US	R5UI1Q87QAZKH	0385040199	Books	5	1
US	R1TOE3LHCXE3DO	0679731377	Books	5	0
US	R3IME3JO53P3EM	0451169514	Books	5	1
US	R63DTB2NEMWYE	0316920045	Books	5	0
US	R1PY156QM1IKZN	0451175123	Books	5	0
US	R257996HG776HP	0880793589	Books	5	6
US	R16BYP244BVCHV	0783811950	Books	5	1
US	R3R68H9QIEKEM8	0312932081	Books	5	0
US	R3G96TSL669JZ8	0884271153	Books	4	6
US	R3CG2FPI27OUDT	0517122707	Books	5	0
US	R2X3QI9GV1WJ0N	0887307876	Books	4	1
US	R3PKK9VTN56ZDP	0316920045	Books	5	3
US	R3N01EQB2PQXLI	0399128964	Books	5	0
US	R3R3BII8RLC7DB	0060171928	Books	4	0
US	RWZ8OLQPHC57R	0440178002	Books	5	1
US	R3MHENE58411LJ	0679416781	Books	4	0
US	R1HYDKFI5NPSEO	044022165X	Books	5	1
US	R1SNRBWA3VFVHQ	0553375636	Books	5	0
US	RENX4ZLYSJ4IQ	006091307X	Books	5	1
US	R1R1V2QRQ87Q92	0440178002	Books	5	1
US	RUTNBUEI0UL9J	0399103422	Books	5	1
US	R346RIQWOD8NRU	0316920045	Books	5	1
US	R2CHLA5YE85XTN	0887307876	Books	5	1
US	R254JHYA1ZTH3X	0812505085	Books	5	0
US	R3US1ZDVOVCOEY	044651652X	Books	5	0
US	R3K2Y1EA5H3AES	0812505085	Books	5	1
US	R19I4TN6ABH4N2	0374266425	Books	5	0
US	R30UNZ6O6CCV7C	0440133688	Books	5	0
US	RFONLV2ZLVA4E	0345349571	Books	2	19
US	RLDJG5NNJP78W	0060916540	Books	5	0
US	R13LA3PORTAGI3	0345349571	Books	4	2
US	R3HR895XWW82C4	0887307876	Books	5	5
US	R30F9CQBBRU8X2	0393037010	Books	5	7
US	R3NQXJT4K5RLOW	0345403959	Books	5	0
US	R15ABRVX03262D	0070212570	Books	5	1
US	RN0GUUPHB7C4F	0312932081	Books	5	0
US	R22WRIXSG0WE6U	0553208845	Books	5	0
US	RULWKAINTXAUR	0393314804	Books	5	0
US	R1JF53VJD09VQK	0440211727	Books	5	163
US	R17UEY9FS1S5EJ	0060175184	Books	5	0
US	R200N7BA6G2YXT	0440178002	Books	5	2
US	RT12VF1ENNFGT	0393314804	Books	5	0
US	R19K0DU1CY4R0P	0679731725	Books	5	1
US	R3QAT9T6YVVIHI	0345909887	Books	4	2
US	RKCPXWCJBG7OI	0385424736	Books	5	0
US	R1B39F01LM7FV7	044022165X	Books	5	0
US	R2FI3HFENJVHBJ	0345350499	Books	5	0
US	R3INRUOYCVDZU8	0061003697	Books	5	3
US	R18X6QA2DCH2D7	0393314804	Books	5	0
US	R3L0J9PEY9DWL5	0425107469	Books	5	0
US	R246BWVO28B289	0440211727	Books	5	0
US	R3TAK0M3C0ZSBX	0393312836	Books	5	0
US	RWS5J6EFPXE2B	0872860175	Books	5	0
US	R123339YWQT74P	0812550706	Books	5	0
US	R13OOAVKRQIFSO	0812548094	Books	5	0
US	R2BY7VXCS6PSUL	0812548094	Books	4	0
US	R3BG5ZS5RAATBR	0887307876	Books	4	1
US	R161HUFPQDXBS4	0140049975	Books	5	12
US	RCYQDIJS4OWGD	0425107469	Books	4	5
US	R3VEM63G1BX2TP	0345403959	Books	5	0
US	RXL5WUDBT473L	0812550706	Books	5	0
US	RGESCSSCKWRY4	0316920045	Books	5	3
US	R2BO56HACZTZ50	0393314804	Books	5	1
US	RKCYISBRT5OQD	0312853254	Books	5	1
US	R2DTHZHNBSJSUO	0140013997	Books	5	1
US	RETWPRX6V6FHZ	067960085X	Books	5	3
US	R2N8SKD7YZLBDK	0316920045	Books	5	0
US	R3MF3D796LF9Q4	067942850X	Books	4	0
US	R3NKTSAHN1HVG0	0425132153	Books	4	0
US	RMVMOO0XFDSON	0345350499	Books	5	0
US	R12HIULY6Z1N8U	0451160916	Books	5	10
US	R2U2C90F0AI6AE	0393314804	Books	5	0
US	R2I0UZW6RNZR30	0844660736	Books	5	2
US	R2JKHD3O76BSR3	006091307X	Books	5	0
US	R3J2RB5X2I6K8X	0807106577	Books	5	0
US	ROT6QXMUBILCV	0312857063	Books	3	0
US	R3GAJ6VLD8A2SZ	0441003257	Books	5	0
US	R1EIV2HVUUX235	0848813618	Books	5	0
US	R9VRI1SV9D6YQ	0312853238	Books	1	12
US	R1F2IGEGT8M6T4	0553346687	Books	5	4
US	R38V7AKE5R925F	1878424114	Books	5	0
US	R2NQEG9J2AFBEY	0887307876	Books	5	1
US	RRXI0LJV2ZYNH	0345350499	Books	5	0
US	RUDTRLNS5ZUW4	0380713802	Books	5	0
US	R1QR65DQZBCP40	1573225517	Books	5	0
US	R2IXPJCOYZU3E8	038072216X	Books	5	7
US	R3H9IUMRUHTJ6E	0425107469	Books	5	0
US	R1504W1QNR2MW1	0679416781	Books	5	0
US	RWUQCBJON2IZH	1573225517	Books	5	0
US	R34AZVPOZSW9K5	0679736646	Books	5	0
US	R356V895ULDEA6	0380002930	Books	5	1
US	R972TN97X074Z	0679760911	Books	3	3
US	RV1F32MHF87R7	0380715430	Books	5	2
US	RY6FMCRA2C6G3	044022165X	Books	5	0
US	RS9M28OT5T7N4	0345373243	Books	5	0
US	R59K8G0CJ0OEW	0385470819	Books	5	0
US	R1GNMKS0OZA11X	0345406680	Books	5	6
US	RNCB1AZ9LKLE5	0345350499	Books	5	0
US	RDIJLYB36XBJH	0316920045	Books	4	0
US	RPYUQ03K25X9	0821221841	Books	5	125
US	R27XEQ9VGXGXFO	0425152251	Books	5	0
US	R3H2G55LJB82X2	0060925000	Books	5	0
US	R1YOBH2BNXEYAQ	1559723505	Books	4	42
US	R1Z5UUSESTXUES	0140185232	Books	5	27
US	RQ0ADUDW2U57V	0812550706	Books	5	0
US	RMF6NQPBC6I4S	0393039102	Books	5	78
US	RN41CIOQ686S5	0060171928	Books	1	16
US	R1C1NO7QEVV4US	0671510991	Books	5	0
US	R39NO6NWJQ96CJ	0694517208	Books	5	0
US	R242OC7MZ93EIK	0441003257	Books	5	0
US	R9K7LZTF59P78	0783815484	Books	5	0
US	R1ETXMPJ4I9CO3	0345373243	Books	5	0
US	RLUN08LEHMX5G	0425152251	Books	5	1
US	R3GVKGXAXRHDDO	0553275569	Books	5	1
US	R1WJGCIJNNGL6Z	0060922583	Books	5	1
US	R1PDJM2I9AIEFC	0385424736	Books	2	0
US	R2QXFKEL1QOQAL	0679416781	Books	5	0
US	R3T6VDAXLZFIB2	0380002930	Books	5	1
US	R2MJZN0UQO60XP	0887307876	Books	5	1
US	R3BAJ5XZG2LH1Y	0192815342	Books	5	1
US	R1NTTGCS00T14C	0345406680	Books	5	2
US	R1XWM4E3K3N2QI	0374266425	Books	5	0
US	R6LYHES3R85QI	0553103547	Books	5	1
US	R236KT6Q59B1IR	0679745203	Books	5	1
US	R1Y55JZUUYPDF0	1573220167	Books	5	0
US	R1KJWQ8KCYUQA	0380002930	Books	5	0
US	RCRDA7E0B7VA1	0440133688	Books	5	0
US	R1O9XRB1EN6JG1	006017322X	Books	5	1
US	RMZG6SP9EKNW8	0201633612	Books	5	0
US	R3CI1A63YYWUDZ	0060920432	Books	4	2
US	R34FNJQP3UHQP1	0887307876	Books	5	1
US	R32HEKWCG6D1MG	0452273331	Books	5	3
US	R1MNLU4B62OKLL	0451167716	Books	5	0
US	R15VSNMLB89QU9	0812550706	Books	5	0
US	R2EOPTYLPDWHI7	0807106577	Books	5	0
US	RX648LCR8CYOL	0380002930	Books	5	2
US	R3TWF9H2TIWMTC	0345350499	Books	2	18
US	RV9UUUIPLM6G0	0812550706	Books	5	0
US	R355324WNX196Z	0385424736	Books	4	0
US	RUCZH3T6HIWIK	1568495722	Books	5	3
US	REDUV4DVZDTGY	0793518326	Books	5	0
US	R2RXYB9XWME45T	0553278355	Books	5	0
US	R6Q4EUCAX390O	0440217563	Books	5	3
US	R7K379QPR6Q1C	0060171936	Books	5	0
US	R34JAETY6NR7MX	006097625X	Books	5	0
US	R2SGFF6B412B6	0399128964	Books	5	0
US	R2NRK425Q231AW	0385302320	Books	5	0
US	R2XGXVXG2M8XI2	0312853238	Books	5	0
US	R36L01NNBJ0S6G	0316921173	Books	5	0
US	R3LUQUTF3HPVI0	006097625X	Books	5	0
US	R282I5F1MT2XIL	0805017305	Books	5	1
US	R1HJ2HPL66E3MJ	0684874350	Books	5	1
US	R3T6NEXZW63DW1	0060920432	Books	5	0
US	R3HDQCVRRQLZXV	0688002307	Books	5	1
US	R2NO8MN16LNBK8	0060920084	Books	5	0
US	R5KMZ29QY5MB5	0887307876	Books	5	1
US	R2MBKL7SSVQBY6	0140379851	Books	5	0
US	R2U4CHFKUVEA38	0679745203	Books	5	0
US	R2KRZMT0HC9I35	0061091669	Books	5	4
US	R1JPISF17N0HFJ	0380002930	Books	5	2
US	R3OENVMHDIAP72	0446310786	Books	5	1
US	R1FQXO1RR0JPI9	1568490119	Books	5	4
US	RC51G5RLCYZK4	0671876813	Books	5	0
US	R2Y0ASG9UN4A6U	0393312836	Books	5	0
US	R30AW29Q00VZOB	0679416781	Books	5	0
US	R1D74VOXK6M2S6	0452270073	Books	5	4
US	R2AD5CFJGQKJQ3	0205191584	Books	5	45
US	R2P7XLGHWGDM4S	0060175184	Books	5	0
US	RXI5DPIRSBKVF	0812550706	Books	5	5
US	R20TJKWEF6BMAE	0684874350	Books	5	0
US	R6DDQTLV8ZLBA	0140067477	Books	5	2
US	R22Z16FP76TVXZ	0812550706	Books	5	0
US	R2R9M3LQ7IBTI8	1559948671	Books	5	2
US	RNTEG9YB5YIL3	0679745203	Books	4	0
US	R3W124L3X8AH2L	0679441018	Books	5	0
US	R36ALJRU0ZIUIQ	0553375636	Books	5	0
US	R22A68L9ABL4KJ	006091307X	Books	5	0
US	R182SIHF5UG07H	0812550706	Books	1	17
US	R2O1UWKZD04JYA	0312853254	Books	5	0
US	R33G2BEQRHQFC4	0679441018	Books	4	0
US	R1BZROBNSG7MZ0	0393316041	Books	5	0
US	R1LB3V1BY979MW	0385043805	Books	5	0
US	R1BJHRYL8UTSH4	0425107469	Books	5	10
US	R3S2SYZQ25DAAN	044651652X	Books	1	4
US	RCQJ5BW4RXDAC	0812550706	Books	5	0
US	R3SLLQ4Y8XRVB1	0679745203	Books	5	0
US	R27OCLBVNRECMI	0684874350	Books	5	1
US	R2UFYPA7RDL20X	0812548094	Books	3	0
US	R3K7F2LR179XF8	0812550706	Books	5	0
US	RE1C5CWCI7PEA	0312853238	Books	5	0
US	R2WS49FIY5UEDI	0345350472	Books	5	0
US	R3DG1QOCJ4Q36O	0385311400	Books	5	0
US	R13KUKEEASA56O	0312954468	Books	5	0
US	RRWHKVEU1MKRQ	0345389409	Books	2	0
US	R39OQBUHDI5TF	0385292244	Books	5	1
US	R3MXDOSV7MWMQO	0684874350	Books	2	1
US	R3PQQG9U109PP1	0312857063	Books	4	1
US	RYS64E095Y60J	0385311400	Books	5	2
US	R19LWFCYINXUBU	0684833395	Books	5	0
US	R146399BLCMZ80	0380002930	Books	5	0
US	R1ZBTRVU0RM53U	0553103547	Books	5	2
US	R11J1XLOY7D4WN	0812550706	Books	5	0
US	R3J1JOI397YB9I	0440211727	Books	5	0
US	R23NA9TKPVCTC7	0553565915	Books	5	1
US	R2W46PLTVAYO3O	0394530411	Books	5	1
US	R2W3DZU8TV56IQ	051788710X	Books	5	4
US	R4HO2XAG3XVN6	0385121679	Books	5	1
US	R1YI0VMK83XS4Y	0679745203	Books	5	0
US	RHPZ8THDWWJ1U	1574530011	Books	5	0
US	R2J6T2RHTF505Q	0553477838	Books	4	0
US	R25948UYG1WPGP	0425129586	Books	5	0
US	REQP9KGVNBV7F	0060920084	Books	5	4
US	R3E2YCR3TEJGBA	0679731725	Books	3	2
US	R1AZDGC8C9IM7Y	0385311400	Books	5	1
US	R8KF0B8IAVK9F	0027000303	Books	5	0
US	RCBCN2B1OSYNL	0385311400	Books	5	0
US	R4F2BT3H7MLXV	0696204800	Books	5	11
US	R2UBM2U5QSANVJ	0446310786	Books	4	1
US	R14AFVV5A2QOOJ	0606027459	Books	5	0
US	R1QXZKVLYEP46C	039472903X	Books	5	1
US	R3UYHJO5VU58MI	0312854021	Books	5	0
US	R144HVJ3H1TEHI	0385311400	Books	5	0
US	R1OXH0FWP62EMO	0441003257	Books	5	1
US	REMLG921UM3YX	0374266425	Books	5	0
US	R1OP1GBUZAG67D	0385482582	Books	1	1
US	R3POML80GBJ77I	0385311400	Books	5	0
US	R2TG9SKTYRMDT5	0684874350	Books	5	1
US	RAVLUJVUQUMF	0880381736	Books	5	0
US	RVG559CHF4TGG	0312853238	Books	5	0
US	R14WOG09R7H54P	0812550706	Books	5	0
US	R3GNOZE4WL38UV	0307681114	Books	5	1
US	R3KK6F6KHVVQH3	1881273156	Books	5	5
US	RAL11BT8IQ0UY	0517122707	Books	5	0
US	R18992UG9M5TZS	0553270435	Books	3	2
US	R2OGB2RA0EUVUB	0385311400	Books	5	0
US	R1X7P9Z7LYCUC2	0517702967	Books	5	0
US	R24PSIMOKJANMG	0312954468	Books	1	42
US	R3JDLK42XQJROR	0553473328	Books	5	0
US	R1JX6W8SZH2OA1	0812548094	Books	5	0
US	R6BU1LOBX3YN2	0451452739	Books	5	0
US	RHGCWBDSKN5V0	0451523652	Books	5	0
US	R2CY1A2AY7LP0P	0812550706	Books	2	3
US	R2F4SJ7QVP341G	0486650677	Books	5	18
US	R3U3QBSNKXLCNC	0553268120	Books	5	2
US	RMJ31DYS07KP2	0553260111	Books	5	1
US	R28M51EEAG1CSZ	1881273156	Books	5	1
US	R2PFIWRBPF44TW	0440131480	Books	5	0
US	R1Z9A96575AKFI	0802130208	Books	5	11
US	RVVE3ECUTXY0E	0679745203	Books	5	0
US	R2QJQMX4KPKV0N	0385311400	Books	5	0
US	R3AC50YZ7I2KLI	0553280325	Books	5	1
US	R1UERERFVCXBQG	0425132153	Books	5	0
US	R1FYSDG90B30AF	0451169514	Books	5	0
US	RR7ICU8BAAA1K	0451169514	Books	2	8
US	R31PDSORFL0A02	0553473328	Books	5	0
US	R3T0W9L8GSU1VZ	0380002930	Books	5	0
US	R3NFEYDSONH9CJ	0140049975	Books	5	0
US	R2T1M7QY9184MI	0385486804	Books	5	0
US	R2BM2MQ3DSZAG2	0446520950	Books	5	0
US	R26KMHLHL6GIJ6	0451175123	Books	5	0
US	R3KQXTDJ41Y2OW	0385121679	Books	5	1
US	R2EI93NU3W34LP	0440111498	Books	5	1
US	R1SL8R9QXXLAU	078710017X	Books	5	0
US	R2EVX0XY411KAB	0312954468	Books	5	0
US	RUF2NKAM4CDEP	0679731725	Books	5	1
US	R2I73PYYQZ6KK9	0451175123	Books	5	0
US	RMUZ8AW864BTC	0553277472	Books	5	1
US	R38UI9LKPEXA14	0804102988	Books	3	1
US	RQYK4JK98F4OD	0486211045	Books	5	1
US	R11BA9NQPPUQ25	044651652X	Books	1	2
US	R33AGFVFDSTNZV	0679720200	Books	4	0
US	R311KBCXPI0LZ2	0783811950	Books	5	1
US	R431CU6PHISD9	0060975768	Books	5	1
US	R1HUJT6O6KRUJQ	0553565915	Books	5	2
US	RGF2LGZAYSLC6	0312932081	Books	5	0
US	RYXXXY0I1WESW	006017322X	Books	5	1
US	R2YOYJM3CG321C	0553278355	Books	5	0
US	R2VLSGSXSXT8A5	0887306713	Books	5	1
US	R1FUNHQ3CJYBEJ	0553260111	Books	2	7
US	R3B92WBNUCR1YB	0671688782	Books	5	18
US	R2P5897V0HQ2RN	0679745203	Books	5	0
US	R1ELCJ2PKQC4XM	0812550706	Books	5	0
US	R21PDZYWQNZ4BF	0425132153	Books	5	0
US	R3Q3QLY61JQPFQ	0440539811	Books	5	0
US	R24Z36FZHHE72B	0060920386	Books	5	11
US	R1S07O5S7EBDRT	0385311400	Books	5	0
US	R152JJ0OBO77IV	0451525884	Books	5	0
US	RCDRWXN82709D	0440539811	Books	5	1
US	R2NE2ZNXF60LFV	0812548094	Books	4	0
US	R37XAYD6Q15CVO	1573225517	Books	5	0
US	R3A6W0J12CG73I	0812550706	Books	5	0
US	R2TZDA5T33VCBG	0385311400	Books	4	1
US	R3PA83P5W7FTAM	0070016798	Books	5	2
US	R20WY3CO6OIO3J	0060174900	Books	5	0
US	R2U3HKS56ELCR6	0802130208	Books	5	0
US	R2I27X6RFV91AP	0880381736	Books	5	0
US	R2IZB1LHVSC6GV	0345403959	Books	5	0
US	RE04JMZZIQ3OA	0312084986	Books	5	1
US	R2ZPP2V9MZL0ZN	0517702967	Books	4	0
US	R28F1BBT2O57KQ	0440213525	Books	2	0
US	R1RTS07J6OQS03	1563523302	Books	5	0
US	R25KPKVL95S5UV	0552124753	Books	5	0
US	R1PTQBX1I7PLON	0553277472	Books	5	1
US	R1SBVW44W1A98F	0553260111	Books	4	0
US	R37XWQVX9ISXLF	0887306101	Books	5	0
US	R2WNWYZ57WA99R	068483605X	Books	5	2
US	R1OYFJ36JN2YUI	0451169514	Books	5	0
US	RMP46UA3N3F6A	0446520950	Books	5	0
US	R36NA1CV11FQPL	0553328255	Books	5	0
US	R3R19TEU17UXID	0385424736	Books	5	0
US	R1ZGCC12QPLWZ1	0060171928	Books	4	1
US	R3AV5V3WV78SI4	0802130208	Books	5	0
US	R3BQDLM9TS3TPS	006016848X	Books	5	1
US	R2EC3V75VGV2QW	067972768X	Books	5	0
US	R1XUNFRYKD1D2O	0440180295	Books	5	0
US	R2TFR9YW4PGWEX	0553269631	Books	5	1
US	RVVLWUGE9IYYV	0385176228	Books	5	1
US	RN5R5JA3XDWQ7	1573225517	Books	5	0
US	R20QRRP8IM1Z1N	0385424736	Books	3	0
US	R145NJRPGQCA1B	0887306101	Books	5	0
US	R3DSBNBJ2LE1CR	0440211727	Books	5	0
US	R34CWPUXPRVLVQ	0553573411	Books	4	3
US	R3UEPIFBX74MD3	0316921173	Books	5	0
US	RRE3FZHZZLZ4L	0440213525	Books	5	0
US	RA4MHYF2FL8FW	0345363132	Books	5	5
US	R31X716K5OLBY8	0060926317	Books	1	4
US	R1MJIMEM4LTGZ7	0316545856	Books	5	3
US	R1LK25Y87JEPDX	0812550706	Books	5	0
US	R3R9USQ2ACUREN	0679745203	Books	1	8
US	R2MZ74XGOCIAP7	0345315227	Books	2	1
US	R1CFLAUB3HVTLQ	0671701800	Books	4	0
US	R390GL6G9NAQMX	0553260111	Books	5	0
US	R1QURARBSDMPMC	0131103628	Books	5	0
US	R1DCHEM0IAKU33	0679731377	Books	5	0
US	R2QONOGLGPXZQR	0385486804	Books	5	0
US	R2Q07ZDQ7PF7Y9	0671701800	Books	5	1
US	RQFUXYA3EJ5X7	0684874350	Books	5	1
US	R69KYT82BW504	0425107469	Books	5	0
US	R3KZGHD48RO4GT	0679745203	Books	5	0
US	R26L54DJI92NY6	0345315227	Books	4	1
US	R2G8TL1PQO2U4V	0684874350	Books	5	1
US	R3DZAPKIKZW4U7	0880389052	Books	5	1
US	R3LWS5IYSH84O8	0393316041	Books	4	2
US	R1UHZMDT3PVBTJ	0440211727	Books	5	0
US	R3LVPQOL3QTB8S	0880381736	Books	5	0
US	RW2UVKVG60U4U	1567184855	Books	5	1
US	R2PWJPGD84WMON	0380715430	Books	5	3
US	R1ON5TMN4D3J5C	0671721720	Books	5	0
US	R199XB9R1TULXD	0812550706	Books	1	3
US	RTJ7FGV2J0T3R	0385472951	Books	5	0
US	R1E3B26R2IJ3AM	0385472951	Books	5	0
US	RP23N0B3HOBKV	0385472951	Books	5	0
US	R2I80A7SE0G124	0385472951	Books	5	0
US	R1XOLCQG47F38C	1573220485	Books	5	0
US	R3TZLU6QM5I3GZ	0446520950	Books	3	1
US	R6E1T90WB3JTG	0385472951	Books	4	0
US	R7WMIEOVL0VYN	0312853254	Books	5	0
US	R6ESJ4JMEBBBR	0385472951	Books	5	2
US	R3SUXUXPNJ622R	0899663036	Books	5	4
US	R2Y0PUDMWP4MU9	0446343129	Books	5	25
US	R5AKGW1GOSBZY	0140042393	Books	5	0
US	R1K4G2R2IY9UTF	0201633612	Books	5	423
US	R2PKZNJB4617SD	0312962118	Books	5	2
US	RJCSTM6UDV4XO	0385311400	Books	5	0
US	R19EZOBYAWUOZE	0385472951	Books	5	0
US	RE13U7LLAVYUC	0385472951	Books	2	1
US	R16F27Q7H10HF6	0812550706	Books	5	0
US	R1UIJI2NHNOIWM	055347698X	Books	5	4
US	R2LVROQJ8YBUJN	0380002930	Books	5	0
US	R1JEH9A563W1HV	0345404998	Books	5	0
US	R2J3AWBGSJTAC3	0451452739	Books	5	0
US	R2CVOCAT7X6Y4G	0684874350	Books	5	0
US	R1GTB214AWHSHH	1574530011	Books	5	0
US	R208QGOKLSJZXH	0312853238	Books	5	0
US	R1DOVIMMNKKKJN	0679745203	Books	5	0
US	RO2R8P9FEDQ10	019282760X	Books	5	1
US	RUU6XLNNKCBZ9	0385472951	Books	2	0
US	RUTQLWKJFQLGU	1556154844	Books	5	0
US	R34NLB13A2ZKM6	0385472951	Books	3	0
US	R1SFAREBQJGSPQ	0151001820	Books	5	0
US	RA3MMFS6TW84O	0694517208	Books	2	4
US	R7GILJ68CCCYX	0385472951	Books	4	0
US	RZ3YRT85HCZNN	0385472951	Books	1	0
US	R70UM3Z67ML66	0385472951	Books	3	0
US	R2VALH9XOM3X8O	1556154844	Books	5	0
US	R2G03MYY74RAIO	0345403959	Books	5	0
US	R3GWZF7AZIMIUB	0553573411	Books	5	0
US	R2PORF1MXQ4XYH	0385472951	Books	2	0
US	R3IEHFRNQW3WCE	0385472951	Books	1	0
US	R35TXUXHCWFFOW	0312854021	Books	5	0
US	R6JBB1BY1IKVY	1556154844	Books	5	0
US	RUJ92XXISFK1L	0156528207	Books	5	0
US	R1RDEDHYCAYXKJ	0679745203	Books	5	0
US	R1FP0V535L8UCE	0140049975	Books	5	2
US	R3W0DLAW6IDYJO	0893860220	Books	5	6
US	R2T53ZFLO754BX	0425156842	Books	5	3
US	R3U77Q149CGGVT	0385472951	Books	5	0
US	R1K4FRJVN74KI7	0679735909	Books	5	0
US	R7D5XKBWH4N90	0131103628	Books	5	0
US	R1ZKAATWI1ZO0T	0345373243	Books	4	4
US	R2FHV5W9ULF9OQ	0425132153	Books	5	0
US	R8YMYSI2SDG71	0345315227	Books	1	1
US	R2JJ6GFXRTW1MU	0345315227	Books	2	1
US	R3N4HDE45UK2CH	0440133688	Books	5	0
US	R1QSYCNLYM3SU1	0140072187	Books	5	6
US	R14I3ZTB6GP77B	0027000303	Books	5	0
US	RD3FE1RTIM55E	0385472951	Books	1	0
US	R26KAKXVK8OGSX	0374119171	Books	5	2
US	R2SYP444PAFIWT	0670813028	Books	5	0
US	R39YMWRKWKWQS1	006097625X	Books	5	6
US	RIBCTQGLL86Z8	0385472951	Books	5	0
US	R2VZBEYARS2GPH	0131101633	Books	5	0
US	RMYPP1FX359CG	1573225517	Books	5	0
US	R12RW3WLCJQPP	0887307876	Books	1	3
US	RG5ZWSAVRA0OI	0679745203	Books	5	0
US	R2KOZF28B3Q8B1	0312932081	Books	5	0
US	R3GVS76MOXT89M	0517702967	Books	3	0
US	R3D09HBA603FMK	0812548094	Books	5	0
US	RJQULF9LEY0Y8	089845865X	Books	5	0
US	RZESZUK1EPGV3	0131103628	Books	5	1
US	R23P1ROJ1HAFSH	0553277472	Books	5	1
US	RKV5308RIG6OA	0872860175	Books	5	1
US	R2ADTX5SQ7E5ZP	0385485786	Books	3	0
US	R15MPG95T6XYVK	0679745203	Books	2	4
US	R14OUHPVORRRW2	0060920386	Books	4	1
US	R33SVR9F8QVHGO	0441003257	Books	5	0
US	R2TDT4LY4ZGVTY	0316921173	Books	5	1
US	R2HPRIC3V746S9	0312853238	Books	5	0
US	R30RPD7MDO5HRT	0453008801	Books	5	0
US	R2MONJB3K1WC3T	0553288105	Books	5	1
US	R1TARDS0PODK1T	1573225517	Books	4	0
US	RCC36Q5DIINWW	094113086X	Books	5	1
US	R36JHUFOW8XXU3	0441003257	Books	5	0
US	R1RYD3MHHEBDTK	0440133688	Books	5	0
US	R6WIAS6LZ9ESI	0679405496	Books	5	2
US	R15LAFY19R7JXT	0385472951	Books	5	0
US	R2M0RRL53KQLFF	0345315227	Books	3	0
US	RBQ5J2QJM048K	0345315227	Books	4	1
US	R16VMKDMD89U2S	0802130208	Books	5	0
US	R2VOO1XGHVG28H	1563523302	Books	4	1
US	R2QQXWJWF0GER3	0684874350	Books	5	0
US	R1TR02Q9BNMA5K	0553277472	Books	5	2
US	R3D4UZJNJPX7NO	067942850X	Books	5	0
US	R2DE2YEWS3Q4DF	0553573411	Books	5	0
US	R1TGUQ0R4DHX8	0553266306	Books	5	1
US	R2AQF6MWEUH0SI	0679441018	Books	2	0
US	R2PP7F9CRLRZ5B	0024181900	Books	5	0
US	RNR9QMG8NNLXC	0385472951	Books	4	0
US	R39MYW3J4OMDUO	0385311400	Books	5	0
US	R2DGU0ZC8RFS6R	0440213525	Books	5	0
US	RATK6GUFEND9W	0345315227	Books	3	0
US	R1NXE6OESUOV2C	0517702967	Books	1	0
US	R38XOJBWTZ9HY7	0385472951	Books	4	0
US	R1L3DO5OO0CSXH	1573225517	Books	5	0
US	RUNIJR4VAX1N9	0385485786	Books	5	0
US	R21NO4FPYH7KR	0060975768	Books	5	1
US	R1XY7Z36OC2MKX	0385472951	Books	1	0
US	R2X5M13HT18CPM	0684803356	Books	4	0
US	R32B1RXEBRL5B5	0446520950	Books	2	0
US	R379OFMRJKEWII	0345315227	Books	1	1
US	R3SEW44202NDXU	0887307876	Books	4	1
US	R2P22JEDCN21PM	1559723505	Books	5	12
US	R28BRDF50UT3CG	0451450523	Books	5	2
US	RG0085SIOFL0X	0553260111	Books	2	1
US	RMNH7A0BAQKEE	0394573552	Books	5	1
US	R3M776PSVKZ1SU	0446520950	Books	4	0
US	R3LGL4OOQ21PN	0440178002	Books	4	1
US	R2N3KPMG5T1J0H	044022165X	Books	4	0
US	R3AFXPWLUMPZK3	0345350499	Books	5	0
US	R2G1VE88GR0JY7	0385472951	Books	4	0
US	R16S4D761CCIIY	0899666930	Books	5	0
US	R1FRA5MAATTVGN	0451169514	Books	5	0
US	R3P2QC3Y4KJBOE	0385485786	Books	4	0
US	RUKD3761RRV3W	0385472951	Books	4	1
US	R3638HA7J3999A	0345315227	Books	5	1
US	RXSGJ7WMU2NUJ	0872860175	Books	5	0
US	RHJ9DCQHFMPS8	0140013997	Books	5	0
US	R2I80LMPTWI13C	0385424736	Books	5	0
US	R1AK0R5TBL4BEA	0316921173	Books	5	0
US	R5WG8WZ6YUXWG	0451193881	Books	5	0
US	ROAX22JSYYR9N	0385424736	Books	5	0
US	R2T8J34C96Q0AG	0684874350	Books	5	0
US	R1261213FI2798	0385486804	Books	4	0
US	R2ND76E22O75MW	0394533054	Books	5	0
US	R2X5AGGF6ZF18R	0684102501	Books	5	0
US	R3MBYHJYG8E6M5	0385472951	Books	4	0
US	RG2LPO8GDQGBJ	0140379851	Books	5	0
US	RUFCOQH806WT7	0345404475	Books	5	0
US	R2D8XB67UTC9SS	0899662293	Books	5	0
US	R9BSLHE6IFNLX	1881273156	Books	5	2
US	R2S5UMM5F309O	0930073193	Books	5	2
US	R1M8GBNH0PFZBB	0679735909	Books	5	1
US	R2RCVFDKFVUV14	0345315227	Books	5	0
US	R3ML3U9EO7LI0Y	0385472951	Books	4	0
US	R1PV8J4DK87SE4	0670215821	Books	4	6
US	R2WYE1HIEGT0YT	0553260111	Books	5	0
US	R1SZ5WIPOXQ8QL	0023305401	Books	5	3
US	R2JRTOMCWQHJ1J	0679735909	Books	2	5
US	R2QFELZQL05A7Q	0812548094	Books	5	0
US	R3R4BMF2HYOT94	0345315227	Books	2	0
US	R1U0DP6D1PV4CZ	1570424632	Books	5	0
US	R3FCCDZNLK1QJJ	1559211407	Books	5	8
US	R35D84SUCEWX4G	1562827693	Books	5	3
US	R2IFME5P5W81QG	0345403959	Books	5	0
US	R3N1N3GH1I0ZBQ	0385485786	Books	4	0
US	RQRZCYTJTHFCB	0385485786	Books	5	0
US	R15F5NOLBC9Y8N	0812550706	Books	5	0
US	R1VDKQF6M0Q6Z7	0425152251	Books	3	0
US	R3EKNERII9AHZW	0880381736	Books	5	0
US	R3BOLS18F1RLGV	0679405372	Books	5	3
US	R1AQ8M1Z7PCIFG	0679745203	Books	1	16
US	R3S1KSHFXNHPU5	0385486804	Books	3	1
US	R28UNWKXY2AFLA	0802130208	Books	4	1
US	R2DNVS368FX8YF	0553280325	Books	5	1
US	R39X8KHVX7GUNV	0385474547	Books	5	0
US	R306TMZT1A6WM7	0345315227	Books	4	1
US	R9B1006ZXMXOG	0679735259	Books	5	1
US	RHD3EO3AL5B55	0385485786	Books	5	0
US	R1NX0XO4K2JFBN	0345403959	Books	4	0
US	RNDSIWK6M9FN1	0451452739	Books	4	0
US	R1JR5UPKQEX2LN	0140157352	Books	5	1
US	R1TWJHM5IHB7B4	094113086X	Books	5	1
US	R3DS9F5HC575PL	1573220167	Books	5	0
US	R2NI7FVJKNZDQI	0812550706	Books	5	0
US	RRS0HQ3H2W3PQ	0887307396	Books	5	0
US	R1W3YMN0OYQEF8	0140135154	Books	5	11
US	RUXZCS8RGQQ57	0385474547	Books	5	0
US	R1AC6B4JP97W9L	0385421982	Books	1	1
US	RNYB11ZZ5AZI0	0399128964	Books	5	0
US	R2R0DKDNQOT2OB	0553103547	Books	5	1
US	RNAGSHKSCYIF6	0399128964	Books	5	0
US	R30GPA8T6OGGUU	0385472951	Books	3	0
US	RM7W64YALPDD8	0345315227	Books	2	0
US	R2E7PHXY1USW9M	0679745203	Books	2	7
US	R2U82LAJ5WVA0O	0312962118	Books	5	0
US	R33H0JINKVQ4A3	0451169514	Books	5	0
US	R200ZI1KFZ1TKN	0446520950	Books	3	0
US	R20IC86SAHCTAK	0440211727	Books	5	0
US	R38FTPFMQJHN05	0140049975	Books	5	0
US	RCFIX4WWKBH0G	0385471483	Books	5	4
US	R3IL1XNP9WBOI4	0385472951	Books	2	0
US	R3TIU1YV64K9X3	0060926317	Books	4	51
US	R2LB7R0MO5VDEU	0312962118	Books	2	0
US	R3G4VRZOWZYPZ2	0553103547	Books	5	2
US	R33FQMIHQWP2KY	0385472951	Books	5	0
US	R31X5HZJ63TXV6	0446520950	Books	2	0
US	R24EZRL9ZKE3DB	1878574590	Books	5	1
US	R3DQ33NW46C5OA	0345404475	Books	5	0
US	R3A1IS3WLPQU6D	0679745203	Books	5	0
US	R1UNDAGUG0PO2P	0802130208	Books	5	0
US	RC38N1VQWXJDK	0679736646	Books	5	0
US	R2H6UB19MU72BP	0027000303	Books	5	0
US	R2DPIFZ1MMEXQS	0345350499	Books	5	1
US	R3USYB2JN3U3VI	0425152251	Books	3	0
US	R1AN2554M4HI1U	0679735909	Books	5	1
US	R1U8VUU15FT6XJ	4789004546	Books	5	3
US	R9EI0OFXR2GEA	0671701800	Books	2	6
US	R3PMX4TGD5ITBX	1878424114	Books	5	1
US	R2LZ2HEE4R9W6R	0345315227	Books	4	0
US	RZRCSYLJFF5EF	0451169514	Books	4	0
US	R1SPO9LICJLYXM	0385302320	Books	5	0
US	R233HOX8UJL1A4	0385485786	Books	3	0
US	R3ITCVDNMMR75M	0679441018	Books	2	0
US	RX8E0453PU436	0671867369	Books	5	0
US	R3MJUA5I34VY0P	1563523302	Books	3	0
US	R2TB98I4L0SBGY	0606050647	Books	4	0
US	R2X63V9T8M9N4Y	0385311400	Books	3	0
US	R3PN7PXFETE0MZ	0679720200	Books	5	0
US	R1HZE2HEHGVHRR	044651652X	Books	1	1
US	R1S2LWOAFZDVJM	0688052304	Books	5	1
US	R3O1DF154T8DX3	0553284347	Books	4	6
US	RD8ZJ9TLGYL13	1567184855	Books	5	0
US	R35XSEA6BCBCK6	0517702967	Books	2	0
US	R20IHDDKS11R81	0385470819	Books	5	0
US	RJMMZPUDED209	0345377370	Books	4	0
US	RSR4LEN57E9NW	1573220167	Books	5	0
US	R1OJDGI3EAL1RW	0446520950	Books	4	0
US	R3DVHCFEN5B7M6	0345315227	Books	5	1
US	RZW9CBAODBK6B	0517702967	Books	1	0
US	R3RV96T09XWBOF	0679745203	Books	5	0
US	R25A4MAE2GGKN4	0385424736	Books	5	1
US	R2F45NN05T5JEN	0345315227	Books	1	2
US	R30XGC38R67R92	0061053147	Books	5	1
US	R2LO2JRM73NR53	0385176228	Books	5	0
US	R1ZRBNCPXRXRKX	067166736X	Books	5	2
US	R3DXE6S9YSDCE5	0451169514	Books	5	0
US	R2ZIW9SKX3EO4S	0684874350	Books	5	0
US	R2IK4OT18K1TS2	0684874350	Books	2	0
US	RKGKDFGYX9WF9	0451160916	Books	5	1
US	R2BWQMF5SB7JRM	0671891634	Books	5	3
US	R35DBEFJV7BEUQ	0345403959	Books	5	0
US	R3NYS82JMYWIX4	0553375636	Books	4	0
US	R2LAUP2FPFLNWU	0312954468	Books	5	0
US	R2UM7Q60REXFZ0	1563523302	Books	5	0
US	R3C01O1CBMGZAH	0451169514	Books	5	0
US	R3BWGEJZY78Z8Q	0694516929	Books	2	2
US	R16PHNOKPLML0H	0896594289	Books	5	113
US	R1A202NN669R5L	0399128964	Books	5	0
US	R36ADZZ0G3FZ89	0679735909	Books	5	1
US	R3BDSSEXHC099T	0399103422	Books	5	0
US	R2BQMV4LFYS71C	0684874350	Books	5	0
US	R15ZYG1RVI5HEJ	0679731725	Books	5	2
US	R22VUMPZI385M4	067942850X	Books	5	0
US	R6W27PEXYG9NJ	0440133688	Books	5	0
US	R2FHRYQ0MWEZ3B	0345315227	Books	1	1
US	R12V4KTEQS9OCO	0385470819	Books	5	0
US	RSHACEWOT018A	0140195076	Books	5	3
US	R1TTRN45GRVWUC	0316921173	Books	2	22
US	R2TDH6TKW4EKRV	039428013X	Books	5	0
US	RNOEPNOQ18HXK	0783811950	Books	5	2
US	R379EA61DZ3AYS	0553577123	Books	5	0
US	RPDBHO5HK0MV1	0684874350	Books	5	2
US	R3VMO1VUSXO124	0345350499	Books	5	0
US	RXXBTX3939FXT	0385470819	Books	5	0
US	R2IMV66HD6QX6J	0374266425	Books	5	0
US	R714TJI86YFPJ	0385421982	Books	5	0
US	R2185IP3NV8PHX	0446520950	Books	3	0
US	R38XTFCLY9NVRJ	0679452729	Books	2	0
US	RJJSPNPVTEMCV	0671559850	Books	5	5
US	R3VSN4U1Q3Y1H0	0136879721	Books	5	11
US	R2Z2OG2NOHVOW4	0451169514	Books	5	0
US	R3FR7C8OL9BIWD	0679745653	Books	5	27
US	R2OMWYPW92DYR3	0671673009	Books	1	65
US	R38NJG0KUMVHLN	0380705273	Books	5	123
US	R3FOW32DKDL7SW	015670160X	Books	5	2
US	RM1TK0W3CRC78	0440180295	Books	5	0
US	R2P3SLLUT4M1SG	0425156842	Books	4	0
US	RKY8TO4IBLYV7	0345315227	Books	3	0
US	R3B6AXOX67A075	0870119435	Books	5	2
US	RJBZM0A3FLKO6	0316743003	Books	5	1
US	RHUY2N62NX457	0345315227	Books	2	1
US	R1NS9VXWKWSSR5	0812550706	Books	5	0
US	RP7BJ6Y5JE1IY	0385485786	Books	3	1
US	R233XWMD7ZOA7Z	0131103709	Books	5	1
US	R1ZWJ4NISXZBMT	0886461251	Books	5	0
US	RS5VP7NPDDVVG	0679745203	Books	3	1
US	R181YKB3JFCWOC	0812550706	Books	5	0
US	R3UVCIOCVF3WVG	0385485786	Books	2	0
US	R3AJ3EPS607AM6	0316920045	Books	4	0
US	R3FVWTL0TEBRE	0440111498	Books	5	0
US	R22QI1D14GLKI9	0385121679	Books	5	1
US	R1GKQ5XGWZ3Z0J	0671721720	Books	5	0
US	R1GJ549CE0DB0L	006097625X	Books	5	3
US	R2MKDAC8YM2LPQ	0395860210	Books	5	0
US	R3GOYSQ6C1YI0P	0385486804	Books	5	1
US	R263H7TAW6QV4U	0451167716	Books	5	0
US	R2NC3CPDVM4ETU	0812550706	Books	5	0
US	RGYTE9VGFBYO0	0156482339	Books	5	39
US	R1UEFRTAJWTK08	0812550706	Books	5	1
US	RBI7FQ5F4OALN	0679720200	Books	5	0
US	R1KJU7W6PDET3E	0195067142	Books	5	1
US	R1P5B2HG6EZCQK	0385121679	Books	5	1
US	R244UYJY4H9LY6	0679745203	Books	5	0
US	R1FPZ6RAUKXW22	0553473328	Books	5	0
US	R19WRC86BXHP33	0449911357	Books	5	0
US	R33YCADG9W647G	0345315227	Books	2	4
US	RT6SCXFDRNI2S	0884271536	Books	5	1
US	R3S43BFUHAVNRT	0002730162	Books	4	0
US	R31VD34S9TDC46	0930289455	Books	5	1
US	R1Y3A3ZU3P9GKZ	0393039765	Books	4	1
US	R1O8HJYYY2ZU5Z	0345403959	Books	4	0
US	R3P1S3HIJKJUO4	1563523302	Books	3	2
US	R1MHQ0WQ01YJSM	0440180295	Books	5	0
US	R1G460SEJLIF5T	0316921173	Books	2	2
US	R21N2VTPG23IBO	0385485786	Books	2	0
US	R380TM9KDDOLLM	0062502182	Books	3	13
US	R1GQ0P4521D9MC	0380973634	Books	5	0
US	R2D5Z0NDQTB0ZT	0884271536	Books	5	4
US	R3MQR0B9A5VY1	0553472666	Books	5	0
US	R2S106KMFM4S15	0451169514	Books	5	0
US	R3TFVDFHX8J0UV	0385471483	Books	5	0
US	R1MZ56XRWZVLJO	0679735259	Books	5	2
US	R1JYUIZWBGZS4E	0802130208	Books	5	7
US	R27JRSOW5J13Q8	0553565915	Books	4	0
US	R306FGACAG0MIK	0385472951	Books	5	0
US	R396Y2EUAVGEVK	0060187557	Books	1	1
US	R13J15GUDE6GGO	0451169514	Books	5	0
US	R7UOONPWWVQX8	0385472951	Books	2	0
US	R2973RIVSWY8JP	0451175123	Books	5	0
US	RFGKZBU7L6LUC	0385472951	Books	3	0
US	R1BYFHVF6ALVWC	0345315227	Books	1	2
US	R278XDPTQHVC1W	0393038912	Books	5	2
US	R2BQAOMQP9QJRG	0688021492	Books	4	16
US	R5JA85WK23TZ	1563523302	Books	5	2
US	R172JR4ZOC5NCO	0060175184	Books	2	0
US	R1G24OCSW2D05	0887307280	Books	5	1
US	R1J1Y9FP19WQ9D	0385472951	Books	4	0
US	RP87VB04K72KE	0393038912	Books	5	2
US	R1RS2S1S7CWU8F	0812550757	Books	5	44
US	R116NJ12X3G7DG	0452277752	Books	5	0
US	RW14TEF5473O	0380002930	Books	5	0
US	R3K7A5S94HL6V9	1563523302	Books	4	0
US	R4Q7WE019JELG	0887307280	Books	5	0
US	R2RO34V08OICE0	006017322X	Books	5	1
US	R3TDI2WR61UTTD	0441003257	Books	5	0
US	R3UEAHRQLCR4RV	0812550706	Books	5	0
US	R3BLSQBCNS2ORX	0385121679	Books	5	0
US	RO8GHCWH0OTR0	0684874350	Books	5	1
US	REM1V38QY0MT3	0385486804	Books	4	6
US	R32PT081GHE8I9	0553062182	Books	5	8
US	R3S6GAU77U7X70	0385472951	Books	4	0
US	R1XFCYJG412AB3	0345404475	Books	3	0
US	REPOTXV3Y2XOT	0446364495	Books	5	1
US	R19J2WEB5Y1ARR	1563523302	Books	4	0
US	RQ73LWQFW667X	0060187557	Books	2	1
US	R2PTAJ8QP7B4D2	0517548232	Books	5	1
US	R326VMHIMJVKX6	0060925000	Books	3	10
US	R27DRJX8RC6CAU	0380973634	Books	4	0
US	R3N08LOC7LE5R	0312932081	Books	5	0
US	R2X3VAHS6ZMSAB	0060975768	Books	5	2
US	R1189FZDK6WW1G	0930289234	Books	5	0
US	RHWZ9E4GGHNTZ	0553477838	Books	3	0
US	R29EB93WZ373YE	0385472951	Books	2	0
US	R1A6CHEA9TTWOZ	0807106577	Books	5	0
US	RC98DFA9C1HW4	0060925000	Books	5	0
US	R37FS5ZR1H21B4	0385472951	Books	2	0
US	R2FDJWCUVAQZT6	0684800713	Books	5	0
US	R2PAYCHT95J3KK	0553266306	Books	3	1
US	R1N9DHFLDVZ2AP	0312932081	Books	5	0
US	R3U5Z4EB8C4591	0345350472	Books	4	3
US	RKXQTD1PC0DDG	0345315227	Books	3	0
US	R17OOQCYOLL5O3	0877739587	Books	2	6
US	R280IRYD0TC2OQ	0887307280	Books	5	0
US	R10WD0C02CNIWC	0446520950	Books	2	0
US	RX23WX63GYRVV	0399128964	Books	5	0
US	R2CWUJLHYO310Y	0312853254	Books	1	14
US	R152QVG3XG3MS8	0312932081	Books	2	25
US	R2P4D508BPBEU1	0151001820	Books	5	1
US	R2E640C9YME8F8	0590413872	Books	4	2
US	R3LFBVPP01N01L	067082187X	Books	2	3
US	R3T0GSOS80IT76	0385472951	Books	4	0
US	R12H9OTPMFYS2Y	0451452739	Books	5	0
US	RJNJHJO90HU5Q	0425156842	Books	4	6
US	R3TJLJS2ZCF26Z	1573225517	Books	5	0
US	RVI1AZVU3V2XD	0385486804	Books	5	1
US	R2WAWLKD967RG8	0553103547	Books	5	1
US	RU4Z34XKLOJ6G	0380002930	Books	5	1
US	REDXO416I9Z29	0140009345	Books	5	4
US	R13JX4P2BI3KOB	0345315227	Books	1	1
US	R16NZCKBV6OSVG	0553473328	Books	5	0
US	R1IOLE5QFE15WK	0451160916	Books	5	1
US	R3H9BQOTVVQMGP	0440111498	Books	5	0
US	R1WMQHT9GKPI45	0679457313	Books	4	1
US	R30K8VMF2YJA0F	0812550706	Books	5	0
US	R31W3E72LLTI50	0582084865	Books	5	0
US	RLHXW93BY6NPC	0553477838	Books	5	0
US	R375UHRN66FKTI	0440111498	Books	5	1
US	R2DVO1XGMCYSXL	0671701800	Books	5	1
US	R29BXI7WEVC875	0517543052	Books	5	8
US	R16BPXQN1C1H3E	0451169514	Books	5	0
US	RGM6X3JF60543	094113086X	Books	5	3
US	R9OSEHS4WKPNT	0060920084	Books	3	2
US	R1WG90J2OJYZX4	0553280325	Books	5	4
US	R2KJLHPSUWYTNU	0380002930	Books	5	0
US	R1R9PHQ3RIN16Q	0812505085	Books	5	0
US	R37OYP71B21AGE	044651506X	Books	5	0
US	R2FKJU3UNQNRYT	044651506X	Books	5	0
US	R1TEFPGMYNIEJ9	0684874350	Books	5	0
US	RBHPQVUCWLKV8	0553477838	Books	5	1
US	RKF89HTROKCN1	1556154844	Books	5	0
US	R2Y4WZSPBFL1CL	0894808532	Books	5	6
US	R395DMQJMQTNGH	9997699629	Books	5	3
US	R180V5AQNJ1BBG	0062513990	Books	1	3
US	R3IY0E104A4Q7N	0679745203	Books	2	2
US	R26GLCRJB183AO	0684874350	Books	5	0
US	R1A4K1P2H83EZC	0671004611	Books	3	2
US	R2JPXJ7FIXZFDH	0876855583	Books	5	0
US	R1NODVYUZ53NWO	0380778556	Books	5	1
US	R3GLSTETVS6KX9	1556154844	Books	5	0
US	R1OPMVOPPE4OZX	1561007420	Books	5	1
US	RSXCKCBF58C5W	0060922583	Books	1	16
US	R3JVOFUDSJLWJR	0684874350	Books	5	1
US	R32RIHIUKQJYAH	0345349571	Books	5	1
US	R3IFMBX91QL61K	1556154844	Books	5	0
US	R2OSWB7KXNGGJP	0385472951	Books	4	0
US	R39RXZ98T796UO	0440213525	Books	3	0
US	R32LXXRHTQY6T4	0451163532	Books	5	0
US	R115K160206A6H	0812034465	Books	5	1
US	RK55T5X4BJW6T	0060926317	Books	5	1
US	R26Z6HSDC6USCN	0425156842	Books	5	0
US	R3RG3LYSKS6CAD	0553573403	Books	5	0
US	R30991Y52RLQ1R	0395860210	Books	4	0
US	R2LBED8RYCW8PQ	0451169514	Books	4	0
US	R2Z4PVEOJ474ZM	1878424114	Books	5	0
US	R1373FXL3IAMBK	0684874350	Books	5	0
US	R2YNZ8NC766P11	0679745203	Books	5	0
US	R3LHOGJAPPS2AB	0553266306	Books	5	0
US	R3VBQRFTM6T6GK	0440117658	Books	5	0
US	RB6BKEK7LGZLB	0440539811	Books	5	0
US	R34C7BHWUHYN1X	0671004611	Books	2	13
US	R1WW03DMAW4XGT	0345404475	Books	5	1
US	RK5DJESQJRXL9	0060926317	Books	4	2
US	R7JV1NBUZ3HGP	0399128964	Books	5	0
US	R2TK8Y36KZI9UB	044651506X	Books	4	3
US	RBPDEHNPHLOE0	1573225517	Books	5	0
US	RCJ922R0FUIXA	0425152251	Books	5	0
US	R22ATB18AN8CEH	0884271536	Books	4	2
US	R39Q6KI5ZQ54D9	0395860210	Books	5	0
US	RLFND3DL5WOSD	0684874350	Books	5	0
US	R3E7BQITSQXOIM	0684874350	Books	5	0
US	REQ29DDPDXN9T	0451452739	Books	4	0
US	R3PF5IJ0DIOUFL	0345389409	Books	2	0
US	R1E2HEPXG765DJ	0713717068	Books	5	14
US	R395ZXLBAGJJ10	0930289234	Books	5	7
US	R1NTB07WC0DT4K	1573220485	Books	4	0
US	R3M7WDV3M3OMX5	044651506X	Books	5	0
US	R53DYIY69HJ46	0345315227	Books	3	0
US	R16Q2DFTVEJBH0	044651506X	Books	5	0
US	R3DFMCRUFS5LYP	1558820108	Books	4	15
US	R2234VY80USNB	0393038912	Books	4	0
US	R3PQTOZ3S3ZQA4	0060920084	Books	5	0
US	R1GZS5AH1T7PTR	0316920045	Books	2	4
US	RDOJOGAQX498A	0316926345	Books	5	0
US	R96AE5B0ONG8Q	0385121679	Books	5	0
US	R3D9QQYCAYE54Q	0316926345	Books	5	0
US	R7TVSNK5C2PB	0446310786	Books	5	1
US	R3A3WZ4ZYUU45V	0385472951	Books	5	0
US	R3HPKYRRMLLS63	4789004546	Books	4	3
US	RE0I28WYO9EI3	044651506X	Books	5	3
US	RSA7JXO7SZS08	0451163486	Books	5	4
US	R2CWYLTR0ZJXSI	0553266306	Books	4	1
US	R1CHZ69Y8P4CVF	0385486804	Books	5	0
US	R254K0IZ52ZSHI	015626224X	Books	5	2
US	RR6QDOTRA0QWV	0385472951	Books	5	0
US	R2KBRP60623HOY	0385311400	Books	4	7
US	R272C4COH4KV2G	0671004611	Books	3	2
US	R1O9I20ENL24E5	0385486804	Books	5	0
US	R267USW9AM5KZG	0385472951	Books	4	0
US	R651YXVQY97C6	0385311400	Books	2	5
US	R1WP2OLX0X1HJZ	0804106304	Books	5	0
US	RMZRQ4TH9U1PG	0553278398	Books	4	3
US	R3KL65M2YDZ0NV	0060920386	Books	4	4
US	R2OC78NS6X59KZ	0812550706	Books	4	1
US	R1VWUFVJIG8MKM	0380973634	Books	5	0
US	R1AF095V9CEPEG	0671004611	Books	5	1
US	R2HZ4OJDLIA8IU	0684874350	Books	5	0
US	R1OTDXP32T9ASJ	0385312083	Books	5	0
US	R30YBVB1NERR2H	0440111498	Books	5	0
US	R60OMFUMF49JY	0440117658	Books	4	0
US	R2QQUDKVLNCFXR	0876852630	Books	3	5
US	R1OZY4J359OP89	0440111498	Books	4	0
US	R2Y1KMQ33ITIWQ	0385486804	Books	4	0
US	R285QKACRJQBZA	0440131480	Books	4	0
US	R3PX1VBQC15MPQ	0312853238	Books	5	1
US	R1BXPJU97DVN1W	0679457313	Books	5	0
US	RZKK5C3S4WBEU	0440111498	Books	5	0
US	RZXUCJK7NT8A	0671004611	Books	4	2
US	R1QANYMB4MTHJT	0394505344	Books	5	4
US	R1O8C2L0Q4HS2M	0374266425	Books	3	0
US	R1GU9L4B1OOXGA	0684874350	Books	5	0
US	RNIL7UOSZSS37	0385472951	Books	4	0
US	RVAO37YHAO1L0	0671004611	Books	5	2
US	R1BN5G1HCMFP0V	0783811950	Books	5	1
US	R2MOOKJEVCJ1W1	0671004611	Books	5	2
US	R3OOMBHVK153E	0394586077	Books	5	0
US	R3SC55OKQPBDE1	0140072187	Books	5	2
US	RZ1A2DS2UQCKG	0449911357	Books	5	0
US	R8ZNDKBTESDCL	0441003257	Books	5	0
US	R2RJ7RITAVMIYG	1563523302	Books	5	0
US	R2GZC6SIP45K9E	0451191153	Books	5	0
US	R13IYWPVYHZ08Y	0684874350	Books	5	0
US	RH1BHTX740XU2	0393038912	Books	3	3
US	R2Y15VETYGL7JG	0553293397	Books	5	0
US	R3LKJJGSSSE38A	0393314804	Books	5	0
US	R1EZOYG9XQAHNV	044651506X	Books	2	2
US	R1SWV2FZ1UQ7XE	0441172717	Books	5	0
US	R2IGGAJJALD3GY	044651506X	Books	5	0
US	R1Y0HC6X394XQ	0380973634	Books	4	4
US	R2XQH8J35MVTA	0449227421	Books	1	3
US	R1YGA9AOH82469	0385472951	Books	4	0
US	R3C7DE1AFDK65E	0688152023	Books	5	0
US	R1VVLBKLGFDDGX	0345315227	Books	1	3
US	RN8PT9247CBP5	0345315227	Books	2	1
US	RL6DLS4O4ONNE	1563523302	Books	4	11
US	R2C2HQZ7SZW2BK	0425152251	Books	5	0
US	RJIZ0SOXMR5RY	0812550757	Books	5	0
US	R1P3417XRYNB59	0684874350	Books	4	0
US	RURZCLURYPC5Z	0671721720	Books	5	1
US	R3H5SWSVWYFRP9	0679735909	Books	5	6
US	R3C2ZK9VO8QBOM	0671004611	Books	5	2
US	R1L5GL2BPG1ZOD	0679457313	Books	4	6
US	R2PFAKWBVNX3YG	0425156842	Books	3	0
US	RS9GZFBSTNXV3	0425107469	Books	5	0
US	R3QPI7RBJEFT6Q	086140324X	Books	5	0
US	R2LK8OYZYWE7RH	0440211727	Books	5	0
US	R2CI6QE54VTR9K	0451169514	Books	5	0
US	R32MGSXMT9HPXZ	0451450523	Books	5	0
US	RZNP743YDUXUV	0812550706	Books	4	0
US	R29GE4C5QZAU09	0684874350	Books	5	1
US	R2K3GJPHD8B6SN	067942850X	Books	3	0
US	R8Q0XAY9ODF73	0716703440	Books	5	3
US	R244LMLBGA1DIF	0451452739	Books	5	0
US	RWIEJIFFCMDPY	0061002860	Books	5	0
US	RZ55M2WTMWHBX	0385472951	Books	4	0
US	R1N0KAXOP6NGK9	0679457313	Books	4	0
US	R1SZZ7E4V5WJRM	0380713802	Books	3	7
US	RJZ8OAWX0U10K	0440178002	Books	5	0
US	R3LRS8562H8K4B	0345403959	Books	5	0
US	R1V27Z4M5WBFVL	0679731377	Books	4	1
US	R641KSTT52V0T	044651506X	Books	4	0
US	RQ8JOB38RQS8M	0671004107	Books	5	1
US	R1LX2H2CPGUQMW	0684874350	Books	5	0
US	R3MWLYTP28Z998	0451193881	Books	5	0
US	R33RFXSUACA54	0684833395	Books	5	0
US	R2J5GM4DO8FCMB	0399128964	Books	5	0
US	R3D6WLLSUGN72H	0151001820	Books	2	3
US	RDKBHRGUNBXEN	0812550706	Books	5	0
US	R28M2AZM259CDI	0694517208	Books	4	0
US	R3K5XIB18DBUZY	1563523302	Books	4	0
US	R3AJC9XU20KGGX	0345350499	Books	2	23
US	R24TYQK50IZ0KP	0553260111	Books	5	0
US	R2222JXX96M90N	0399142851	Books	5	0
US	R1XT3Q4TCK1QDR	0061002747	Books	5	1
US	R31RA3MGDR3N7Y	0684874350	Books	2	0
US	R38L3S2V34RGM7	0684874350	Books	5	0
US	RNB0XIXEHRVXG	0399142851	Books	2	0
US	R3PEI8VOO80E9E	0694517208	Books	4	1
US	R2HDEFC7LYRN9Z	044651506X	Books	5	1
US	R11HDP64K896RR	0345315227	Books	4	1
US	R33HOBM9MTAEP4	0812524586	Books	4	0
US	R3P3J5UBD5UUHI	0380002930	Books	5	1
US	R2T4D6W5EYLFOQ	0385472951	Books	2	0
US	R2SPE9XF0IGPOF	0316920045	Books	5	0
US	R2B51RH4EL5Y5T	1556154844	Books	5	17
US	R3VYE0O5BX1YDD	0880381736	Books	5	0
US	RF1ZPO873RON8	094113086X	Books	5	21
US	R2Q6809OWZHDGW	0684874350	Books	5	0
US	R8CZN1JY1Q4EA	0517591812	Books	1	1
US	R3KCFSHV52QKSK	0887306667	Books	5	1
US	R9YN9XP6I0PMJ	0345403959	Books	2	1
US	R8GNTA7S8KG71	0671799320	Books	5	1
US	R2H01MVB1LRLGP	0345350499	Books	5	0
US	RTKI1U95D4W0Z	0399142851	Books	3	0
US	R3DXPGR5FTZ3JL	068484267X	Books	5	0
US	R3ULTIQZN8SPFS	0684874350	Books	5	0
US	R2LGH2DC7I4FJ4	0684874350	Books	5	0
US	R2B71RL5CX0DTW	0395078016	Books	5	22
US	R3KEE01CX2A1KD	0930289234	Books	5	0
US	R2Y7V5GUZQTZ0M	0385472951	Books	4	0
US	R21H6TCYEAPZPL	1878424114	Books	5	0
US	R3HDRA44WZF6AC	0399142851	Books	4	0
US	R1KOB5QQ7YKQVZ	0140143505	Books	5	6
US	R2NT4B3DBYE8CQ	0399142851	Books	4	0
US	R3QT9PCZ3FK0VG	0060920432	Books	5	2
US	R3RNHDQXYE6R3C	0399103422	Books	5	0
US	R1G1E9YCG49MOL	0899662439	Books	5	0
US	ROVME4XXWFDY5	0385472951	Books	4	0
US	R3MAYIEU40NEMC	0787103063	Books	5	0
US	R132Q2VKSJE5DT	0671004107	Books	4	0
US	R39GTMHXB660VM	0684874350	Books	5	0
US	R2OS1XHD532CIE	0671004107	Books	4	0
US	R2HYJSRB9KX7AH	0671004611	Books	5	1
US	RM6EYGZ0KIZOW	0385472951	Books	2	0
US	RPJXOVYWV1OW8	0440539811	Books	5	1
US	R1T2DAR4N5MN9Y	0385472951	Books	2	0
US	R1K3CPPOOCQW7F	0451169514	Books	5	0
US	R3UBQONN11JPNF	0399142851	Books	5	0
US	R32T73ICEHZ88F	0394586735	Books	5	0
US	RIGL1R71RO6YJ	0887308589	Books	5	1
US	R3T2J02SFEZKVE	0385472951	Books	4	0
US	R2LRDTQ4RR6B08	0140057242	Books	5	0
US	RCZUX7NEBYPIS	0399142851	Books	2	0
US	R287LQTI47ANI8	0679745203	Books	2	2
US	R241XQ0Y1MWNB9	0679445099	Books	5	0
US	R2X7UDWH61HIYE	0393316041	Books	5	0
US	R2EFCDU6Q06OU6	0673999963	Books	5	6
US	RB9091XCRCSJ9	0553208845	Books	5	0
US	R2U7TX8BU9CX6C	0345315227	Books	1	1
US	R1WOCGKUC6BKIW	0345377370	Books	4	1
US	RXVMOFX4T88BW	0684874350	Books	4	0
US	R1W1BUOX3HAGPI	0060175184	Books	4	0
US	R3MGXSEBVYVJDZ	0517591812	Books	5	0
US	R1BV2P6ZQNSCD5	0440131480	Books	5	0
US	R7VINXZ7EMLV8	0679745203	Books	5	0
US	R316J432732ZN9	0440131480	Books	5	0
US	R34K13ICHPE9VD	044651506X	Books	4	0
US	R3671KZP3ZLO3M	0312955006	Books	5	1
US	R263K3HDFNGCGQ	0887307396	Books	5	138
US	R37IOSDAWJLKGM	0399142851	Books	4	0
US	R44EKKUORL4D7	0684874350	Books	2	1
US	R1RMS4TZORZ2I	0380002930	Books	5	0
US	R2BYGDDK5QHCN1	0553577123	Books	4	2
US	R3FJTG7M7LTKPH	0684874350	Books	5	1
US	R2YYZ795WFAZCF	0886461251	Books	5	0
US	R15T3ZUH5SHYFQ	0684874350	Books	5	0
US	R36E1EI9OIL455	0553277472	Books	5	2
US	R165VB7EY89TV8	0399142851	Books	5	0
US	RBGFSIRQKOFIM	0061092037	Books	3	0
US	RZ1ROJH397WV7	1573225517	Books	5	0
US	R20LHZ2F0GJUVX	0399142851	Books	2	0
US	R2L44OE96E0DBE	0393039765	Books	5	1
US	R248B9QJS8UWWK	0679445099	Books	4	0
US	R3UBX09CJEIXW8	0671004107	Books	5	1
US	R2HWC1S8ED0S02	0425152251	Books	5	0
US	R260KKV2S3ZQO0	155800145X	Books	5	0
US	R1D8EQND85PSCU	0399142851	Books	5	0
US	R2R7C55573KVLY	0345350499	Books	5	0
US	R3UEHYWQC8PBRA	0451163486	Books	5	1
US	R19FULOH6YCPEV	1567184855	Books	5	0
US	R2Q6PIUXPAUFR4	0684874350	Books	5	0
US	R23ZN20Y2BC34K	0671004107	Books	5	1
US	R145MYWCRB4SJK	0345389409	Books	1	1
US	RJEZ0ULMFE1LO	0671004611	Books	5	3
US	R3RUEIZSYGRZFI	0446347949	Books	5	2
US	RWE5S8ZBK0EZ4	0385472951	Books	4	0
US	R3P1NGK3ACN24H	0399142851	Books	4	0
US	RZS7X134JW2LS	0812034465	Books	5	1
US	R183AW15LUC9BQ	0684874350	Books	5	0
US	R3EDEM6TMEWLNZ	0679735909	Books	5	8
US	R2UQRSA0UZS9	0684833395	Books	5	1
US	R33YAB3KOUFTL2	0385311400	Books	5	0
US	R2A1U58DGJWZ16	0679460063	Books	4	0
US	R2LDOEZLVVHCJY	0517122707	Books	2	5
US	R3A00QPOOAZ3C4	0679745203	Books	5	1
US	R22V3PXGEECZFA	0345404475	Books	5	3
US	R23Y38FLKIVRXQ	2070364232	Books	5	5
US	R2F9FNAPKBSA12	0380778556	Books	5	3
US	R14E7MJMM1CDUI	0374119198	Books	5	2
US	RHE5H4UK4DAR	0671004611	Books	5	0
US	R64SRH5OJXBP	0385472951	Books	5	0
US	R1FHJYCW9CCCM3	0930289234	Books	5	2
US	RLOZIYTYDMZOQ	0140042393	Books	5	0
US	ROLMCSFCUN7Q4	0684874350	Books	5	0
US	R11OGMPJSV42ZB	0385121679	Books	4	6
US	R1EH06WEBDJDO0	0899666930	Books	5	0
US	R1YTOW7Q9U2KNQ	0679445099	Books	5	0
US	R3BK3JAD4L35BK	0671004107	Books	4	0
US	R7RYDSFFI9FYJ	0688101364	Books	5	0
US	RIRN3WNRK6IYQ	0887307280	Books	5	0
US	RGOT6XC88ZQFE	0679457313	Books	4	0
US	R1T1FM76YV59G9	0385472951	Books	4	0
US	R1JBDVBFLZ2XB4	0679736646	Books	5	1
US	R351PLMZYQ3K34	0140187650	Books	5	57
US	R2SU7UCLHSCVRL	0679445099	Books	4	0
US	RDNMORBC7TW1O	0192123181	Books	5	1
US	R2FF8GB3XFQ8CY	0385121679	Books	5	0
US	R3DBF2AF8ZEV09	044651506X	Books	4	0
US	RM6UZKVZNEW96	0671004107	Books	5	1
US	R3BS96QSI6TRIE	0517122707	Books	4	0
US	R3G4JQXJ925DUT	0385472951	Books	4	0
US	RTMTIED3F44TK	0887307280	Books	5	0
US	R2IE86036SA0P1	0385486804	Books	3	2
US	R1MA68EGL6F96M	1568491581	Books	4	0
US	R1Z6B7Q01L3GS6	0312932081	Books	4	1
US	R32PVVMONI4NYT	0140185232	Books	5	0
US	R1ZVDGKXISOB	0385473788	Books	5	0
US	R1H0C0LD8F6379	0399142851	Books	5	0
US	R10WJAREM221J3	0684874350	Books	5	0
US	R1Q2D8FJ0JIYHU	0679460063	Books	4	0
US	R3TB3NOIDIE1YD	0679429247	Books	1	9
US	R36LRLKQQY4987	068483605X	Books	5	0
US	R3LV4D4757JA9T	0060920432	Books	5	16
US	R1KXD33XYVIG3E	0684874350	Books	5	0
US	R2J4H6PEWSOGXD	0553565915	Books	5	0
US	R28ZOM15WSOXSY	0385312083	Books	5	0
US	R314PO3XA5OQIF	0783815484	Books	4	0
US	R2L9FW2FD8Z2XB	0385486804	Books	5	0
US	R2JR4OQ9SI7F3T	0553103547	Books	5	0
US	R3D1JURNQIROWW	0870119435	Books	5	0
US	R1WI1FIQ29H79Y	0399142851	Books	2	0
US	R7GYJP0HQDNW8	1563523302	Books	5	0
US	RIP01YBQVDCZA	0385486804	Books	5	0
US	R1U98BFM7R75PX	0440213525	Books	4	0
US	R2OO54UL9EN7O6	0385472951	Books	4	0
US	R1LI5S02TDBU83	0062502182	Books	3	11
US	R2O9WPA8TQ7CQN	0553328255	Books	5	0
US	R29FIQVT3IDYYJ	067031255X	Books	5	5
US	RNMDR5JEAW8WF	0140042393	Books	5	0
US	R34DKYGKRLSHQ5	0345389409	Books	1	4
US	RGKMHFJWPRP7L	0671004107	Books	5	1
US	R1MIHGUT37H62Q	0385311400	Books	5	0
US	R3HG7LU97TB1RV	0345349571	Books	4	1
US	R3MFGPZ5S9LJ0V	0679745203	Books	5	0
US	R289462ZHXGQKE	0671004611	Books	1	1
US	R7KCJEVXQV5VR	0345350499	Books	5	0
US	RKHCX1T91VZE0	0440211727	Books	5	0
US	R35YY912OLX03X	0140187650	Books	5	3
US	R260XA6ZY4UQKG	0440217563	Books	5	0
US	R3K4CINRX52EDW	0385486804	Books	5	0
US	R3N4583DWB2FNE	0671747665	Books	4	4
US	R1DYCH82F08Z4K	0446310786	Books	5	1
US	R3RCW4W2KD4BLE	0684874350	Books	5	0
US	R4OSTLO3N39VL	0425129586	Books	5	0
US	R2MNYM7UQB3JLP	0385486804	Books	5	0
US	R1THOY8F7SVOHL	0380713802	Books	5	0
US	R1L7V1RQQB9G37	0930289234	Books	5	1
US	R2KMCSOCGBJ97K	0060920386	Books	5	1
US	R3NQWKXMYTE2JA	1563523302	Books	5	0
US	R1YAIMHSXOJOOH	0679457313	Books	3	0
US	R3PP61I0VIY2MK	0385472951	Books	2	1
US	R3AMR44BMUS7X0	0679722610	Books	5	7
US	R2HTQGSD43LIGT	0671004107	Books	3	0
US	R2AFDPQ5D9E2UZ	0452273331	Books	1	15
US	R21PLEARSLTRFW	0060801263	Books	5	0
US	R2TH5X9JRRXPL5	0812550706	Books	4	0
US	R158YFYDMGO17N	0446347949	Books	5	0
US	RZZFEKSGJSUFX	0312954468	Books	5	1
US	REVKGCO41BEVS	0671004107	Books	5	1
US	R307H5G4YXHZQP	0312955006	Books	5	1
US	RIPN424GSRN9H	0385472951	Books	4	0
US	R3ASWOQDXIRSCC	0684874350	Books	5	0
US	R34IWZ2KAW43EV	0312853238	Books	5	0
US	RRCG9KD01KXME	0684874350	Books	5	0
US	R3S532FD0QCPXC	0385472951	Books	3	16
US	ROOV5URKMQID8	0786209798	Books	1	20
US	R3JI0CM4RXNP47	0684874350	Books	5	0
US	R13CTXEDHJF51N	0517591812	Books	4	0
US	R1TDWDD1831ACH	0451191935	Books	5	0
US	R2XJ45EY32LGRZ	0684874350	Books	4	0
US	R2KWR3ZMMWZZ42	0899663036	Books	5	1
US	R3FDKEQ7WA6TU3	0394583892	Books	5	0
US	R26HHBRPI2KCXS	044651506X	Books	5	0
US	R8C6AULGQW9TG	0684874350	Books	5	0
US	R29ZNBD2A8CP4A	0385482582	Books	4	0
US	R1N7Y52FRBXY7H	060600680X	Books	5	2
US	RZEVYIMGP988F	0345315227	Books	1	3
US	R177YW9T1MQATW	0399128964	Books	5	0
US	R23LWAFXPRDZYZ	0394583892	Books	5	1
US	R1ZPTUNZ6FAHGW	044651506X	Books	3	1
US	RO1JIWJSQEMD0	0399142851	Books	1	1
US	R2U22FY6GEU8CH	1563523302	Books	5	4
US	R1DMG9YS0K5VXR	0312955006	Books	5	0
US	R1VRRXYFPABCMP	0446520950	Books	4	1
US	RBM1SMJQGVHSK	1556154844	Books	5	0
US	R2FFVGEJR63SY9	0399142851	Books	2	0
US	R2Z3FT3C312LU9	1878574590	Books	5	0
US	R2PL6ZO4IG7SI7	006017322X	Books	5	1
US	R2OJ6A6TMWJOJK	0395860210	Books	5	6
US	R1A9NPJN92C984	0345389409	Books	5	0
US	RHT94XFZTJRPI	0446310786	Books	5	1
US	RA7GU4Y0JTJQS	0425107469	Books	5	0
US	R3VQE5IZTUN37R	0385484518	Books	5	1
US	R2E9G9B87QLS60	1563523302	Books	4	0
US	R1934P7T8K2VMO	0517591812	Books	2	1
US	R3Q1K33Y3MHBV2	0399128964	Books	5	0
US	R3BPLXRXRPZI5R	0684874350	Books	4	0
US	R2SMAPUF6W0TAN	0517122707	Books	5	0
US	RUOPC4QDZOK2J	0345363132	Books	5	2
US	R2DVCVYZKKLPRJ	0671004107	Books	4	0
US	RA0R2O1YA4X72	0451163516	Books	5	4
US	R18TEG61A1SKKW	0451163486	Books	5	6
US	R1M14RB2I04J2W	0312853238	Books	5	0
US	R14SBLCC0LI3JU	0060175184	Books	4	0
US	RQSBK94OSBXLD	0060976624	Books	5	2
US	R1390FNX1QDAIF	0060801263	Books	5	0
US	R2LAJ5VF0IXOMZ	0553278223	Books	5	0
US	R11FRSO35SLR3T	0312853238	Books	5	0
US	R3GNKN4XX5908I	0553377906	Books	5	1
US	R1YAMCHEDS32X9	1884822312	Books	5	4
US	RD3RG86SOLJ5N	0446310786	Books	5	1
US	R34SHLBLD3CFU5	0446520950	Books	1	4
US	RROAHS60TMB77	0440539811	Books	5	0
US	R19YQQKNK8WVFY	0449227421	Books	4	0
US	R2W4L0UCH0SQJX	0783815484	Books	5	2
US	R1E8LDMESK8G6U	0553093029	Books	5	1
US	R3U9EETHZSGHXI	0399142851	Books	4	0
US	R3TOCM11Y2N6S9	0441003257	Books	5	0
US	RGW8R0NYQ2MFZ	0449227421	Books	4	0
US	R2UMM409MWVREZ	0385470819	Books	5	0
US	R9L73OT12A0XS	0385484518	Books	5	2
US	R3BXCNUMP1AX1Y	0399142851	Books	3	0
US	R2MPL1FY59KGD9	0671004107	Books	3	0
US	R11IIIJVZCNTE7	0684874350	Books	5	0
US	RS1XVOZ0GQC57	0553103547	Books	5	0
US	R33XOA1P79P830	0399142851	Books	1	0
US	R2B8TTYX7JFPAC	0812034465	Books	5	1
US	R1DTBA8RKZQA0S	0312853238	Books	5	0
US	R363TY9DD3DWP5	0451169514	Books	5	0
US	R1JYHBYGGTUBL3	0671004107	Books	4	0
US	R2QFRU5OPN9POG	0385470819	Books	5	0
US	R3FXDV8XD27D82	0671004107	Books	5	1
US	R2A1A9UH51BLO1	0451183770	Books	5	1
US	R2791C4CIYXFJ	038542471X	Books	5	0
US	RLVGPGGHG7JXA	0449227421	Books	1	3
US	R3GPCXNRV2RCCX	0899669433	Books	5	20
US	R2JLYEH097NMRN	0060920084	Books	5	1
US	R2SI055CW4BL63	0385486804	Books	2	1
US	RWKGFNUX9VABG	0553208845	Books	5	0
US	RKXGB5ON1P3TE	0061092037	Books	2	1
US	R3V8OGU7TU71Z4	0553573403	Books	5	7
US	R1IY18RPD08I9E	0671004611	Books	1	8
US	RDNP7LDINI4GV	0156141647	Books	5	19
US	R265K8BEHKMV0X	0345350499	Books	5	1
US	R2Z52SZM40OK51	044651506X	Books	3	0
US	R2FLWF6UWS5XZS	0684874350	Books	5	0
US	R1HYDGFY1CDIZ2	0385311400	Books	3	2
US	R1LAVQMO7K54QC	0345357116	Books	5	1
US	R18DQTRUGJORHX	0684874350	Books	5	0
US	RXF4O1W2UCZPQ	0684874350	Books	5	0
US	R1H2H2OZNDNHG3	0399142851	Books	2	0
US	R3KCWNLPNI4RS2	0316926345	Books	4	1
US	R2JK4H3E95K6KZ	0679457313	Books	5	1
US	R2YAPO0QS5VZFJ	0671683888	Books	5	5
US	R1CY3UZ4ICE4TY	0553260111	Books	4	0
US	R2TICYETEOA3NN	0380973634	Books	4	0
US	R3IIB24ZKZX9NG	0671004107	Books	4	2
US	RABKYNHNS297E	0679442790	Books	5	1
US	R2RWR7JNFYRBAX	068484267X	Books	4	0
US	R7BJHU4VV7ZMI	0451160916	Books	5	0
US	R150XXEH9B8I3V	0385472951	Books	4	2
US	ROEHIJTW8EB7G	0451169514	Books	5	0
US	R3L2AOYVGJVJG9	0553573403	Books	4	0
US	RLXTYWJWTN524	044651506X	Books	5	0
US	R1GZ0PVAYWOER5	0553103547	Books	5	0
US	RNU3UJVLCCBMV	0192815792	Books	3	4
US	R15U217I88DYTR	0451169514	Books	5	0
US	R2FZJ7TG3QDMJN	0345403959	Books	2	1
US	RNTV01755KDOB	0679443819	Books	5	0
US	R2D7F9SIY2D90J	0440117658	Books	5	1
US	R3O60RUB3PPZ3O	0671004107	Books	5	1
US	R3ULIXZJ6HC29H	0553573403	Books	5	1
US	R1FZA3TP5MQG2P	0399142851	Books	3	0
US	R18U1Y19AE6AIJ	0380973634	Books	5	12
US	R2HS8A3J5EMYZH	0679416781	Books	4	0
US	RYFPPUPL4NYR2	1568953968	Books	5	0
US	R2ME49P1UX6USR	044651506X	Books	5	0
US	R2LPZEFSUVV1SY	0451452739	Books	5	0
US	R2YMDP22OZ80IF	1859849296	Books	5	14
US	R29C1L619GX4Z2	0441003257	Books	5	0
US	R2FK7YAWUVSUMV	1563523302	Books	3	0
US	R3JS80QCB0BYBJ	0684874350	Books	5	0
US	R2KV6ZPUGLWC2G	0517702967	Books	1	0
US	R5DQXYIC7WDYN	0385311400	Books	3	3
US	R34QGV1M2X91EC	0451169514	Books	5	0
US	R320OUS44XZMOF	0684874350	Books	5	0
US	R385WID0ERYBPH	067942850X	Books	5	0
US	RV7I2TEZN0YX7	185984054X	Books	5	6
US	R18UYFFQ2N5SVI	0393314804	Books	5	0
US	R2AD452N6D85QJ	0380730405	Books	5	0
US	R1T59OUPMLZOF1	1563523302	Books	4	0
US	R2EY8731AOIYMK	0884271137	Books	4	1
US	R7L7E8OH6SFX4	0399142851	Books	2	0
US	R2CP6HU1Q7W9DT	0679457313	Books	5	0
US	R33WRGYZSMDPS3	0385472951	Books	3	1
US	R1EROWE95FS0I8	0606118667	Books	5	0
US	RGPIRJCTGDZLD	006016848X	Books	1	22
US	R2JGXP78EY50QI	1563523302	Books	5	0
US	R2GS5JE15FVHHS	0679758976	Books	2	0
US	R1M8WYHZ5AD6GG	0880389052	Books	5	1
US	R3GKISPXRK5PZ	0671004107	Books	5	1
US	R3MWUHWVGIE9FT	0553573403	Books	5	0
US	R1J96IBYL31942	0886461251	Books	5	0
US	RYII0FFB5AKF4	0684874350	Books	5	0
US	R1WR63UX1VMU2P	0671004107	Books	3	0
US	R2M3V58D7Q4LPK	0380973634	Books	4	0
US	R21R1W3GCZJQEG	0553502077	Books	2	0
US	R15ZICAYW1PTYF	1856957071	Books	4	0
US	R1O6SFMDPU6JNB	0877207534	Books	5	0
US	R2EL1NIRQAV5UG	0899668380	Books	5	0
US	R3MQAY5Z5N0NAX	0140072187	Books	5	0
US	R2OZ3E4MAKTCLL	0802130208	Books	5	0
US	R3L16XZXBIVGEE	0446364495	Books	1	0
US	R2WQT0T0K9J5Z8	0679452729	Books	1	5
US	RJNZMJR7DL5WB	0684874350	Books	5	0
US	R4MDOHXV5SO9R	0679442790	Books	5	0
US	R2UMTENEV13PQN	0684833395	Books	5	0
US	R2JCCVN4WKSFW	0399142851	Books	4	0
US	R1QAVHM2CEJXOK	0061092037	Books	4	0
US	R1RJT93WRBPQ3H	0812550706	Books	4	0
US	R1VVQZ17TFL7JK	0451526384	Books	5	6
US	R2NS7DNRROON2I	0449227421	Books	5	1
US	R2C6YQ99T2K20Z	0399142851	Books	1	0
US	R2B2E9JGIBP2IP	0385486804	Books	4	0
US	R1W3QJN5CIO7DR	0393314804	Books	5	0
US	R22N7Y90RWNGUG	044651652X	Books	5	0
US	R1O72I6C6PO83N	1573225517	Books	5	0
US	R3NHKHZBBC6SLN	1559948671	Books	5	2
US	R1F2DKUTC53C6L	0679442790	Books	4	0
US	R15BM0NNITPYS5	0517591812	Books	5	0
US	RY643M75H7MGP	0151001820	Books	4	0
US	RX6WRUYRKD7XY	0380973634	Books	5	0
US	R3AIBMZM6CDMZ3	0893815187	Books	4	2
US	RGGL9ZIT9411H	0060900075	Books	5	2
US	R1NIQYHWK00W1U	0062513346	Books	1	1
US	R3RTP0T9116YI1	0385486804	Books	5	0
US	R1KY0QWZ8AFTXI	0787105465	Books	1	6
US	R1GDS6BWGRKJ7B	0060920084	Books	5	0
US	R2HVCEAYSE6UST	0399142851	Books	1	0
US	R1YVXB416BG4JN	0026009102	Books	5	0
US	R3M11914T644RH	0061002747	Books	5	1
US	R2R4XBKM2IW7N3	0399142851	Books	2	0
US	R1ANPBG4BKFY9R	0553573403	Books	5	1
US	R2Z5S4SDQFJRKJ	0802130208	Books	5	0
US	R1WRVYD4VMRN72	0671688782	Books	1	11
US	R3F2Q3V5NZCUHV	0671891634	Books	1	10
US	R2O4GT93PYKCKZ	0060922583	Books	5	1
US	R1P8RL45QJ9HTF	0688002307	Books	5	1
US	R3DR0YGLVF6JB	0380002930	Books	5	0
US	R2HKXMW00PI30X	0140432051	Books	5	10
US	RCM6CVJWCG0QD	0151001820	Books	4	0
US	R1XM3SESBGU0FO	1556154844	Books	5	0
US	R1NE1IB6EW537A	0151001820	Books	4	0
US	RWGD713YVHH8D	0679731377	Books	5	1
US	R28U14VDHYYTL9	0679735909	Books	5	7
US	R2I74JGOLTQPXR	0451450523	Books	5	0
US	R21P1MXNMWIPM7	0684874350	Books	5	0
US	R3VZ7GZ3TBEZ6Z	0553476580	Books	5	1
US	R23HWR4J3OYAOL	0425129586	Books	5	0
US	R1CDNBUEHFTBXR	0380973634	Books	5	0
US	R1F8VB6Q6PUNVQ	068484267X	Books	5	1
US	R211FUIAJIPDD7	0345350499	Books	5	0
US	R2OM5DCNJRMOXQ	0399142851	Books	1	0
US	R2R72P10IM7YF9	0374266425	Books	5	0
US	R1UGKBELFFAQ4E	006017322X	Books	5	1
US	R2UUHCBXWMA1ZK	0671004107	Books	4	0
US	R3V845Y622CGM2	0374266425	Books	4	0
US	R39JGPRGM82RP	0684874350	Books	5	0
US	R16YS54MP4W5SH	044651506X	Books	3	1
US	RS3WBT1REAWXD	0880389052	Books	5	1
US	R12AZ4KL2XR5I4	0345350472	Books	5	1
US	RG3UBRTTAZQN9	1563523302	Books	5	0
US	R1KVMKTPU25WTV	0517122707	Books	5	0
US	R1OH4PGK8A7Q07	0930289234	Books	5	2
US	R14LTUJB89BEZM	0345315227	Books	3	0
US	R1MRYO56JINTT8	0872860175	Books	5	1
US	R8ENSI5M11MA4	0679735909	Books	4	0
US	R30O949TK27YTA	044651506X	Books	1	3
US	R12RSSSUTJJNGZ	0425152251	Books	5	0
US	R4DR6PXQEVBG4	0451169514	Books	5	0
US	R3MGMLNXW1Y1OG	0060925000	Books	5	0
US	R3SFATD1CF7MSW	0312955006	Books	5	0
US	R2DUZP352LL5LI	0787105465	Books	5	0
US	R1U54TMK1MRAOW	0446310786	Books	5	1
US	R2J13XN89JLZP9	0679745203	Books	5	0
US	RV3FQFMI0AL56	0060916540	Books	5	1
US	R13NKCRRMESYMW	0399142851	Books	1	0
US	RRPVM47YPG8N	0684874350	Books	5	1
US	R2ATUSSB8QHGNZ	0399142851	Books	2	0
US	R2NLHITNIJ78GI	0393314804	Books	5	1
US	RVNGEKQHZMUDW	0140131558	Books	5	0
US	R15449G1KBBPIX	0399142851	Books	2	0
US	R1M820IO66HBHS	0140001115	Books	5	0
US	R27TBOZFTLQ248	0441003257	Books	5	0
US	RQQZ7IPYI6VK9	094113086X	Books	4	4
US	R1QRKFQEWEF4EU	0385472951	Books	4	0
US	R2XTO7O0YQ3P6K	0451191153	Books	5	0
US	R2U8JQ1GNBJERB	0440111498	Books	3	1
US	R1V5FQPI8PVUIY	0399142851	Books	4	0
US	RWGBQ16XD4VNA	0380002930	Books	5	0
US	R2J8Y0BDUH5GF2	0345315227	Books	2	0
US	R37S0IPOP6ICRK	0380002930	Books	4	0
US	R2WMSH37DDZ026	0440131480	Books	5	0
US	R3ANXYUFQ31V2Q	0452270073	Books	5	1
US	R35T6F3X3CBCRI	0060916540	Books	5	1
US	RA7ASSF3KM1XG	0140042520	Books	5	0
US	R10HZK9793O2HV	0553573403	Books	5	0
US	RHIOBRUNC4B4W	0380973634	Books	5	0
US	RGOYBT0JQGFPN	0679745203	Books	5	0
US	R3OC7VC33MY0C0	0802130208	Books	5	0
US	R2UD036HHAUDJ1	044651506X	Books	5	0
US	R1C3ROBPXJDD16	0671004107	Books	5	1
US	R74XT533DYMFL	0385121679	Books	5	0
US	R2WGT6EGM8ZNTU	0140143505	Books	5	1
US	RTEVF2ZFLAW4K	079271735X	Books	5	2
US	R1DM606H6KE8W9	0441003257	Books	5	0
US	R3QGWUU4RVZX2S	0679745203	Books	5	0
US	R2HE8L438GRW3G	0679735909	Books	5	1
US	R3DSP258U8VT5M	044651506X	Books	4	0
US	R2TLYOO26XCQPD	0449000729	Books	5	1
US	R3K2SLHKEUBBG9	0684874350	Books	5	0
US	R292HWLZXNLPJU	0345363132	Books	5	0
US	R3TTCO72T1U7Z1	0875845851	Books	5	0
US	ROXJILEDGIPH7	0380002930	Books	5	2
US	R2GPSJY2SO8T8F	0441172717	Books	5	0
US	RFK0YR7UYL2WC	0062502182	Books	5	1
US	RSMJXI5SXOAPR	0451452739	Books	5	0
US	R1IRH7C0Y8MYZL	0345389409	Books	5	0
US	R20IMCG7LXOVJB	0684874350	Books	5	0
US	R1IR20I68C48M9	0679409866	Books	5	0
US	RH0O5FQEVB67X	0876852630	Books	5	0
US	RZWFQ6CEGDAOA	0345350499	Books	5	0
US	R1Z3XSZLKWR5W2	044651506X	Books	4	0
US	R2TZVKIV5Q6J03	0893815187	Books	3	11
US	R193BPKTUP7WWP	0425107469	Books	5	0
US	R39ND00QBWDRHM	0807029181	Books	5	2
US	RLABKJ1AWTFK6	1573225517	Books	5	0
US	R1ODT3E9D08CRH	1881273156	Books	5	2
US	R3R1HIW1TV6BVV	0385424736	Books	4	0
US	RCS89AF56SP2H	0451160916	Books	5	0
US	R3PWT0SSAGEO6V	0684874350	Books	5	0
US	R2CRXGR26U7PAT	0679735909	Books	5	0
US	R3UYE6KJFXUWNJ	0140049975	Books	5	2
US	R2RF8OJW616VNR	0684803356	Books	5	4
US	R3SII2XCQNTURV	0671004107	Books	4	1
US	R3C3FVD2SPRDOC	0393314804	Books	4	0
US	R17FK3OIKUXP04	0812548094	Books	4	0
US	R1OCDHH72434KY	0812550757	Books	5	0
US	R73HK9MGDVCVE	0060801263	Books	5	1
US	R3U7ZF1YLVT49B	0140011749	Books	5	2
US	R1Y7QKQ0SRK9C3	0345389409	Books	5	0
US	R2IW2CSOWGZPYT	0140185232	Books	5	0
US	R13899PF7KPHF9	0425132153	Books	5	0
US	R196M6FNMWKGM	0553278398	Books	5	0
US	R1I2ETYOK8KROS	0812548094	Books	3	1
US	RB6783LVS2YC0	1563523302	Books	5	0
US	R28Z8Z2878PSDO	0671570439	Books	4	0
US	R1WS1KOV6WDLPV	0380715430	Books	5	4
US	R1GM7GFR2GME6	0385474547	Books	5	0
US	R3A71O3INE1IDC	0441003257	Books	5	0
US	R266Y7UBS4TH9R	0684800713	Books	5	0
US	R1VUQS8MPVXB31	1567184855	Books	5	1
US	R28FF8JCSUOEKW	0671004611	Books	5	2
US	RCOGSN03G3O8T	0440133688	Books	5	0
US	ROGFO6EY8FTYO	0380002930	Books	5	0
US	R19E3FKVSVBTGB	0140049975	Books	3	2
US	R3CWB81A4KDRG6	0345286200	Books	5	0
US	R3KI34N48NR1OJ	0312932081	Books	5	0
US	R19O8AIULPS0VR	0393038912	Books	4	0
US	R1NX35GGKWD3ZQ	0451169514	Books	5	0
US	R2OBUIFU7RHUS4	0312962118	Books	5	1
US	R28ZUZMQ1AMS2F	0312854021	Books	5	0
US	R3F3IAEO4JFUJK	0425107469	Books	5	0
US	R39VOJJFDF9IFY	0399128964	Books	5	0
US	REY1GMKJN86N6	0553472836	Books	5	0
US	R2ZLBZMYLQ9YPY	0393307050	Books	5	2
US	R149KT97BE7QTG	0679735259	Books	5	0
US	R2GJNOTXR688DB	0679457313	Books	2	0
US	R17RJ67NYWWFNW	0451160916	Books	2	3
US	R2LHZIAL06AH64	0140143505	Books	5	1
US	R4CTP27JFZ4GF	0399128964	Books	5	0
US	R3G56SEMBZ5IND	0553573403	Books	4	0
US	R1VTYI8YQ3JTT7	0446364495	Books	1	1
US	RW2YNH3Z4U5EG	1853715085	Books	5	0
US	RBZRP9IELS4VH	0393038912	Books	5	0
US	R3OYBTS1RK6P4E	0517702967	Books	3	0
US	R2F55X17YUFMF7	0887307396	Books	5	0
US	RFD4CZ2HGZ5J6	0393038912	Books	5	0
US	R149VK6XKF66UD	044651506X	Books	2	1
US	R2GSKWV4J6KD7V	0060925000	Books	5	0
US	R3N64BIJSO8XWW	0787105465	Books	2	0
US	R2RQCSTHY41AP7	0446364495	Books	3	0
US	R2UPOEHG68K8HM	0787105465	Books	2	0
US	R9YCT1HQ6AA6W	0553573403	Books	5	0
US	R1Y16QCYBDJK2V	086140324X	Books	5	0
US	R25CXF83I6QBTY	0385484518	Books	5	1
US	RNH1TXTTO587J	0848812077	Books	5	0
US	R2DZWIEU6G775K	0679457313	Books	5	0
US	R1ZFJ0XDAGES5A	0385482582	Books	5	1
US	R1SVM2XPZGV4V7	0812550706	Books	5	0
US	R1DNXVCT4IHSAC	0783814127	Books	5	0
US	R24Z8Y3C9G998B	0060926317	Books	3	0
US	R207IBWCVEUPRR	0812550706	Books	5	0
US	R2AUOKDDI7U6GS	1573225517	Books	5	0
US	R2IC9Y0R0377CW	0679731725	Books	5	3
US	RDUH5R9O8P4VM	0679457313	Books	5	0
US	RH3NO1CLLK5BF	0802130208	Books	4	2
US	R1M4V07JZ3HHPM	0684874350	Books	3	0
US	R3AJU0A1XFV4ZW	0399142851	Books	3	0
US	R1UJAJY9DM97R3	0316286869	Books	5	0
US	R11BN0MMYOHNGL	0385311400	Books	5	0
US	R34B8F2QPIRWAW	0194314227	Books	5	1
US	R1ZOZ4E4B4P7V1	031286504X	Books	4	1
US	R3QMG365GBI12X	0449227421	Books	4	0
US	R265LLHSCYBJDY	0316921173	Books	5	0
US	R1MF0JLAG01P7T	0451167716	Books	5	0
US	RLU3E9CLFQ97H	0399142533	Books	5	1
US	R10ZU9ERBH0GJE	068484267X	Books	5	0
US	R1T51455VK109D	0880389052	Books	5	1
US	R1OX0AZJVUFTTW	0070511136	Books	5	0
US	R9A3DBXBYSMX6	0393312836	Books	5	1
US	R2VPSPXKFFGTPX	0553565915	Books	5	18
US	R365RVYQAY544Y	0140072187	Books	5	3
US	R2V9MOMQ5S47UT	0312857063	Books	5	0
US	R1S8PP9IJFEEM9	0679457313	Books	2	6
US	RJGX6HQEWONPG	0385486804	Books	5	1
US	R1O3Q84QIHTZ9V	0679450254	Books	5	0
US	R2MW83RU24EA1T	0786101970	Books	5	1
US	R2D5Q8E2I78HGA	044651506X	Books	4	0
US	RNQ5JU0R3HSO7	0812550706	Books	5	0
US	R2SQRW3W46R9HI	0684874350	Books	5	0
US	RLSXVO8UDASRM	0201633612	Books	5	0
US	R1C1PUOE8IZ7IW	0425156842	Books	3	0
US	R1XGWZFTB3U8AD	0440131480	Books	5	1
US	R289VPQ76PQKKV	185984054X	Books	5	8
US	RE5UO92MZ71DC	0671688782	Books	5	17
US	R18J405HKINTFF	0205191584	Books	5	2
US	R2ABE8TF2V0DPZ	0345350499	Books	5	0
US	R36OHMCSK04R79	0385486804	Books	2	16
US	RHADN4DDRW5XY	0893815187	Books	5	10
US	R2NHSNNEIQN78C	0671004107	Books	4	0
US	RMPQZNOORNLJM	0425152251	Books	5	0
US	R2FC772RJ44IB5	0553573403	Books	5	0
US	R1P2638QXR5DH3	0880381736	Books	2	4
US	R9AIIHKNTPPS3	0312932081	Books	5	0
US	R30DZ7UDBAMR9U	0553573403	Books	5	0
US	R1KMBS5INRANE1	0385486804	Books	5	0
US	RP9ZUU05KFY59	0553266306	Books	5	0
US	R2QRXVK9G7WA02	0452277752	Books	5	4
US	RLVFP4YHQXKCT	0425156842	Books	2	0
US	RID3SLTOKWAYU	0930289234	Books	5	2
US	RXVKPXW2O0UWZ	0679457313	Books	4	0
US	R1C2P6WGXI1S1D	0345389409	Books	3	0
US	R1JG0K1399271T	0380778556	Books	5	0
US	R2MSN2JWJXQMV8	0136879721	Books	5	8
US	R3DZXDBXUVNFKZ	0880793589	Books	5	27
US	R1XD92H5US91QM	0515071439	Books	5	1
US	R23YRZP8EQ9GTB	0345315227	Books	1	2
US	R1MDRQGVLP5XWT	155800145X	Books	5	0
US	RC3P1MIAJSX8O	006016848X	Books	4	1
US	R3QMI3AETANJHI	0679441018	Books	1	4
US	REVXCSZ1MO925	006109594X	Books	4	6
US	RZ68X9UNKJS3K	0385424736	Books	4	0
US	R1FVAZNQN6M27S	0316381357	Books	5	30
US	R2W6J5JQYBTJHL	0553269704	Books	5	1
US	RQJBP933PV13M	0671004107	Books	5	1
US	R2L29RGXX301R2	0380002930	Books	1	5
US	R2GZSRHH6M6ALW	0679457313	Books	4	0
US	R3TDK5BVZTP16G	0151001820	Books	5	1
US	R3M5X2TW1PJYVA	044651506X	Books	5	0
US	RLROEDDRCZ6T5	0316920045	Books	3	17
US	R1GY1SA3GOPZ0O	0812550757	Books	2	2
US	R1V2A8X9C374DU	0671004611	Books	5	2
US	RBLYHHNOG50D5	006016848X	Books	5	1
US	R1734PB8OFEHKG	0446310786	Books	5	1
US	R3UMFMGJIZZXSU	0316920045	Books	1	16
US	RXX54X0Q6S0LK	0812550706	Books	5	0
US	R2SN8LA2VBZ4JK	0345350499	Books	5	0
US	R1RK4UIGT7R2KP	0517591812	Books	2	1
US	R3L3IUIPUAOCUS	0395078016	Books	3	6
US	R2V4HF20OWIIVD	0553573403	Books	5	31
US	R2JXAPM2EEVRF3	0671559850	Books	5	1
US	R39RKCHLYQZH8G	0380973634	Books	5	0
US	R351CWR0BQ9NB	0393312836	Books	5	0
US	R3D2F6NYEFYPXT	0385486804	Books	4	0
US	R2F9Q8IY4J2RGE	0451169514	Books	5	0
US	R308TIADLJ0810	0684833395	Books	5	1
US	R1FZ8Y8JN2XNX2	0688101364	Books	5	3
US	R3C8W585EB8YKO	0451160916	Books	5	0
US	R2SLMNSLR8WZWW	044651506X	Books	2	20
US	R1OK4B8HZ4LA7Y	0399142851	Books	5	0
US	R2Z9TJ9P5SB43N	0131103628	Books	5	2
US	R2MFJ7VNG018O2	0312932081	Books	5	0
US	R2H9F9MY229ZTE	1563523302	Books	4	0
US	R36DMIAL38WYPE	0060976624	Books	4	1
US	R147AC3C38507M	006017322X	Books	5	1
US	R3QSWLLLLZ37BS	0316779989	Books	5	0
US	R22RYGYV8NN372	006017322X	Books	5	1
US	RPR3N1G4H45RW	0440539811	Books	1	1
US	R1PJN82RUOB6UJ	0812550706	Books	5	0
US	R1EMFRPZHVLTAM	068484267X	Books	5	0
US	R3LESKVN8I75A6	0553573403	Books	5	0
US	R3T2VZTT830A5G	0380002930	Books	5	0
US	R33D476VTI9RRA	0399142851	Books	2	0
US	RLRNH99UVS6R8	0553476580	Books	1	13
US	R3KLUEA82UT46W	0671570439	Books	5	1
US	RUEHZEU0D25RN	0899664474	Books	5	0
US	R10FRJ8D85OEK6	0679457313	Books	1	2
US	R303PHLI0KUEZD	0441003257	Books	5	0
US	R3MBJSYESSVUO4	0316920045	Books	5	3
US	R1OFNU886WHYHH	0151001820	Books	4	0
US	R1V41L0LDD3R36	0802130208	Books	5	2
US	ROLUOHAEBL3R7	006016848X	Books	3	3
US	R2E8DDFO2L5ZSH	0385472951	Books	5	0
US	R1A3XA1CLA06H0	067182161X	Books	5	0
US	R1G1VFUDEVEFT6	044651506X	Books	2	2
US	R288PN0LVT603W	0684874350	Books	5	0
US	R3DLBUNAQ5KVGJ	0385470819	Books	5	0
US	RHAUH1VYOI5C1	0451191153	Books	5	0
US	R2UZEHTMGUULSJ	0899668585	Books	5	1
US	R1UBOH4JTXBN4Z	0399142533	Books	5	0
US	RF63TS6DPXBBD	0060924160	Books	1	15
US	R2220YBZMBMRMI	0131103628	Books	5	140
US	R3HT11T8LMHAQ	006017322X	Books	5	5
US	R27VB00G2DXMHD	006017322X	Books	5	1
US	R2INW6ZKUS9978	0553103547	Books	5	8
US	R1B1IQFK7BSYUJ	0679457313	Books	5	0
US	RJUQTGMJSJRAC	1573225517	Books	5	0
US	R33YIO0RXKYOVG	0152438203	Books	5	0
US	RW6GJ0LEDFNRE	0553472836	Books	5	0
US	RWH74DUJL7ZCV	0553573403	Books	5	0
US	R14GX2CBBZGZME	0446310786	Books	5	1
US	RIIN08HMXNDKH	0440539811	Books	5	0
US	R1BDK8DY2GCHSA	0553573403	Books	5	0
US	R16NRVQ60ZJ966	1573225517	Books	5	0
US	R3LLP4N2UMQQRY	0452270073	Books	5	14
US	RS7GQOKRX44PM	0312932081	Books	5	0
US	R2LRLG3NME9SNI	0679429247	Books	5	0
US	R2KXIYJNQBLEE9	0060919760	Books	5	3
US	R3RE2094B4AWI3	0553278223	Books	5	0
US	R20RNG355540RG	3822884979	Books	4	33
US	R23IMSNGXP3AB0	0812550706	Books	5	0
US	R3EKM7WWQE45JP	0553277472	Books	5	2
US	R28WZOZNJ7AI8L	0380973634	Books	5	3
US	R3CUUYV528XZE3	0345403959	Books	5	0
US	R2FWAZMRKFGQ6B	0671688782	Books	1	23
US	R48XH53B6V1PL	006100166X	Books	5	6
US	R2T54FU00WQBVR	006016848X	Books	2	1
US	R3S44VDAMZDQZY	0684800713	Books	4	2
US	R13WDBJODODR0H	0345389409	Books	1	3
US	R2FEI0X4KRYTRP	0205191584	Books	5	1
US	R1Z820ZP9CFONE	006091307X	Books	4	1
US	R3NCWZ8KBH171J	1563523302	Books	3	0
US	RQX33U942G89K	0671646788	Books	5	11
US	R1X6AY6DPY1FI4	1563523302	Books	3	0
US	R3KWYW96LCJ5C2	067158037X	Books	5	0
US	RQTGNC8NS1F8G	1560100842	Books	5	1
US	RII0HNRFTRHX0	0671891634	Books	3	0
US	R324DUS54V5Q1S	0425107469	Books	5	0
US	R1OMQXJVZ8E3SX	0606029818	Books	5	21
US	R2GBOPULE2JR05	0312932081	Books	5	0
US	R3F97FLYV7G6C8	0385424736	Books	5	0
US	R3NGRS0SSQ3IN7	1563523302	Books	5	0
US	R2V832FLLLYTM6	0812550706	Books	5	0
US	RIN1XFJNH2BTO	0312932081	Books	4	0
US	RR9VVSGWQOFY1	0446310786	Books	5	0
US	R1L7NRAI7EKP5Y	0553267787	Books	5	5
US	R3VVCY9L3BXH25	0716703440	Books	5	1
US	R1VYJ09S6CVAU4	0374119171	Books	5	2
US	R23J3D8GU8ZIR9	0385486804	Books	5	0
US	R3GZW0XJ0N0HCK	0684874350	Books	3	1
US	R2URHLU03WNXCF	0684874350	Books	5	0
US	R2S46T8NTQEY42	0316921173	Books	5	1
US	R2JPY85M3JD1PQ	0891902236	Books	5	0
US	R2U27HF7VB5TJB	0679442790	Books	4	58
US	R2MQSTGXXW6UOU	044651506X	Books	2	2
US	R1ZA0U90D2WW9E	0345389409	Books	4	0
US	R1IMC6PSEZO8BH	0553573403	Books	5	0
US	RHKVI7H4SCG4G	0671004611	Books	5	2
US	R11BNN5PFRMUWL	0151001820	Books	4	0
US	R3IBATKJF58L06	0899668380	Books	5	5
US	R5XNNFBX4M78F	0671004107	Books	5	1
US	R21RZZZHOC4B05	0684874350	Books	5	0
US	R1YEQY399LV5HA	0688052304	Books	5	0
US	R2DI4BMI3JDTGU	0441003257	Books	5	0
US	R1BY31ILLMW3QW	0812548094	Books	4	2
US	R4ZJ780W0V4BF	0316921173	Books	5	34
US	R3J2C1AY65AYA9	0316286869	Books	5	0
US	RO37VJMJ28KRS	1556154844	Books	5	0
US	R1DB8IZJJA4NDN	0807106577	Books	4	0
US	R2HUNY1V86C3WF	0553277472	Books	5	0
US	RWC429C97RMNO	0553502077	Books	1	0
US	RTHJH4OFZY0ZD	0140013997	Books	4	1
US	R2SLAO3CONOVM4	089845865X	Books	5	0
US	RYVZTO9WFWQRX	0312932081	Books	5	0
US	R2XTZ4PMLBNM0U	0684874350	Books	5	0
US	R21WHP1HPQWVVD	1556154844	Books	5	0
US	R1XY9DZ578H47P	0440111498	Books	5	0
US	R2TJSOM5FF02DW	0345350499	Books	5	0
US	RS0QLOLEQYGEI	0684874350	Books	5	0
US	RF7SA6NK3HR87	0425129586	Books	5	0
US	R2EM8CHIO3S0TO	0679429247	Books	5	0
US	R2LEUI5ZNWHP2K	0205191584	Books	5	0
US	R9E7A7WKLDAYO	0451169514	Books	5	0
US	R122KR32ZJBT3Y	0425156842	Books	2	0
US	RW9WTHGVHCNCR	0195067142	Books	5	31
US	R1GOL04TKDCKCH	0425156842	Books	5	2
US	R2EG129KT35QOI	0876855575	Books	5	0
US	R1JFKHWUM4R01I	0679745203	Books	3	2
US	R1Q6N4EVVW7FSF	0316921173	Books	5	0
US	R18XDKWZMZYUG2	0156907399	Books	3	0
US	R30H31HITF97R4	0062502174	Books	5	1
US	RARHIZ0L4VCME	0679438327	Books	1	3
US	RE4CH39ONBCMR	0679731377	Books	5	1
US	R1YTROFO1ZA553	0679445099	Books	2	1
US	R3ORZFZOIQ5XN3	0060975768	Books	5	2
US	R3R33LAQEC511I	0140185232	Books	5	1
US	R27ABDCMBNNWPR	0679720200	Books	4	0
US	R3VSTNU1KEVA20	0312962118	Books	5	0
US	R36TRAYGGDW8UM	0316920045	Books	4	4
US	RSJP8U9FFE4BP	0062502174	Books	5	1
US	R1YN2QNANL1MZ6	0816174865	Books	5	0
US	RX5ZNDK7KU7JO	0684874350	Books	3	0
US	R2Z5MT7ERN6U8W	0553103547	Books	5	0
US	R2ZCS4Z76D36P6	094113086X	Books	5	0
US	RHH1U8HLYVU0P	0060975768	Books	4	2
US	R347FERXVVR3MQ	0273617109	Books	1	10
US	RD2OW1L5JWHOI	0451191153	Books	5	0
US	RCDDJSRLBQH8K	0684874350	Books	5	0
US	R22LLH2DSM35GW	0517543052	Books	5	2
US	R13OXT1X4HX80I	094113086X	Books	5	2
US	RDECCQ2AK9TKS	0061002860	Books	5	0
US	R2P6QOBZM9LQPG	0446604844	Books	2	2
US	RD4RVGYOIJ7KD	0399142851	Books	4	0
US	RO9HMGE8J34V9	0452279178	Books	2	1
US	R2IQ48KT2NGFN0	0451169514	Books	5	0
US	R1K3E1EAO6BRN6	044651506X	Books	5	0
US	RSYHVKGJ7MGI0	0679735909	Books	5	1
US	R3B5PRZ3BU30MK	0316920045	Books	5	0
US	R7556HE99VT1I	0060976624	Books	5	2
US	R3392V4EWG2MPM	0679457313	Books	4	0
US	RE7YJ76DVJNLD	0606049134	Books	4	0
US	R1IJOQGV32MOK1	0316920045	Books	5	0
US	R2ZX1935YYPGB6	0345350472	Books	3	0
US	R1WCS0QLGEC7RC	0441003257	Books	5	0
US	R1CFLX897M3ZB6	0131103628	Books	5	1
US	R2VPDG423HFXGQ	0273617109	Books	4	6
US	RAI161J37FMUA	0345350499	Books	5	0
US	R3IWZYBB8YGV7M	0671891634	Books	5	1
US	R3LTVGJG1TQ75Q	0440217563	Books	5	0
US	RHAG7R26R72HH	0679442790	Books	4	0
US	R696AYI0QHDPL	0679442790	Books	5	0
US	R27ELA20VFCD6E	067158037X	Books	5	0
US	R1P7L94J628EIO	0679457313	Books	2	5
US	R1FRRIKS3FWD1Y	0345389409	Books	1	1
US	R2CEKPTKOMUXDR	0312954468	Books	5	0
US	R1AJ0MODKDTIMZ	0060924160	Books	2	2
US	R38H334Z542TAV	0312144210	Books	5	0
US	R11JFC3JDPFIIF	0679731725	Books	5	1
US	R135LFVFZRRSK7	067166736X	Books	5	0
US	RL4JTJQRSIRJM	0880381736	Books	5	0
US	R3TAXIAFQJL6VX	0060975768	Books	5	1
US	R1WGKY5PQ419R2	0385472951	Books	3	0
US	R2YHV863LF8ETP	0312955006	Books	5	0
US	R2FA2F4MSI0YF1	0440111498	Books	5	0
US	R22K7I7IU5FH5K	0140186395	Books	5	0
US	RZ6RXINDDP8J8	0553573403	Books	5	0
US	R36F9D1GTTWWLS	0452270073	Books	5	1
US	R2IWZVLTSFHAIQ	0553455532	Books	4	0
US	R2JITEPWKJBHFP	1559948671	Books	5	3
US	R3SA057C3KYIN1	0440133688	Books	3	1
US	R3G1R4Z6LVSW21	044651652X	Books	1	8
US	R1QIF3HZLXJ74M	044022165X	Books	5	0
US	R1JUO6QCWO91I	0684801558	Books	5	2
US	R6EQG43QKD5U	0385311400	Books	5	0
US	R5GK0DG431LUG	0345315227	Books	2	0
US	R30UU3WZH0WJ56	015626224X	Books	5	0
US	R3RBB4EFJDZI9O	0060975768	Books	5	2
US	R24NJM1WR44FTE	0345389409	Books	1	6
US	R1CK0CWV1RQ3T5	006091307X	Books	5	0
US	RYFQA7ZZVOX3U	0671004107	Books	4	0
US	R6A1ZP7U35NYU	0060273232	Books	5	0
US	R1UPHULNZUNPD8	0446310786	Books	5	1
US	R3UZE7DNVVER2T	0451191935	Books	5	0
US	RQTIVPU8CYASN	0962344702	Books	3	47
US	R11ESYFER60PNP	0679457313	Books	5	0
US	R13CYDA7U1P5X8	0312955006	Books	3	2
US	R1BZOA05T6SQR8	014032870X	Books	4	1
US	R1NKDN5653ZSDL	0553573403	Books	5	0
US	R3582JGIDCZC3C	0451191153	Books	5	0
US	RL8HVV89TMOII	0804102988	Books	5	1
US	R3RUD4EKLX70W7	0440111498	Books	4	0
US	R34MAP6VJNRIOT	067158037X	Books	5	0
US	RATXV4SF1C6JY	1568491581	Books	5	0
US	R2MXK9TM396AXA	0688101364	Books	5	4
US	RHWS9EDB4EXI8	0394573439	Books	5	1
US	R1MZWZBRWAZY0T	0393314804	Books	5	0
US	R2U2A5H3Y9F4SV	0061008079	Books	5	6
US	ROCRP3Y2W03N3	0070511136	Books	5	7
US	R4QOM7Q0UFRO5	0517591812	Books	2	1
US	R25D8KDOCWN9NY	0060174900	Books	5	0
US	RWZNLU4QGUDF	0451191153	Books	2	1
US	R21ZHG3JQ54W8N	1563523302	Books	4	0
US	R22WE1RDT80UN1	1563523302	Books	5	14
US	R1N0QAOUQIF7W5	006017322X	Books	5	0
US	R2FVDD7NWRM28T	067158037X	Books	5	1
US	R32S51HYTXOG5O	0061092037	Books	5	0
US	R2AFPNHQTQ0O2	1563523302	Books	5	0
US	R1V8SICVAAGTVT	0451167716	Books	5	0
US	R3HD7U5782JJPT	0802713319	Books	5	0
US	R3KN8FLB0ES836	0446604844	Books	4	0
US	R35VAEUHJXFNAQ	0393312836	Books	5	0
US	RP2CVV6CWZJHI	0440217563	Books	5	0
US	RRMDM99W0RRVF	0060171936	Books	5	0
US	R3SVHV8OFJSU16	0802130208	Books	5	5
US	RTL258MR3MDUH	0385311400	Books	5	0
US	R2MMW0527JEGU6	0679745203	Books	1	7
US	R2I34UU5WW4X9P	0312853238	Books	5	0
US	R3PGT4QLVTQKHT	0446310786	Books	5	0
US	R21XZQLEV1JUSH	0345404475	Books	5	192
US	RWE28PC897B7W	0440213525	Books	4	0
US	RG7RMK8YCYMYM	0964385619	Books	5	2
US	R1FM7UT7J1EDSJ	0684874350	Books	5	0
US	R1U4POP5HHQ1EF	0679720200	Books	5	1
US	R2IBBSZ17GVM81	0345350499	Books	5	0
US	R1071L9Z4T1D0K	0802713319	Books	5	0
US	R34P142VVDZIBE	0140177396	Books	5	1
US	R2KWWT1HW4KVR5	0553284347	Books	5	5
US	R2F83I2TG3RIR3	0679416781	Books	5	5
US	RQ837SYZQXNCQ	0452273331	Books	5	0
US	R8I3C3HDNMX17	0385472951	Books	3	0
US	R36J3G5NF99BET	0812550706	Books	5	0
US	RNF1TWWP40VTO	0385040253	Books	5	0
US	R1HBYMNQ6869LH	0446520950	Books	2	3
US	R2FSUG3DUWQ337	1884822312	Books	5	1
US	R2YFH9GXVVPX3V	0393038912	Books	5	12
US	R3O1ZPMB6OO1A2	0517122707	Books	5	0
US	R3JHIWKVR7CP4C	067942850X	Books	5	6
US	R31BNNCPW1C03O	0451167716	Books	5	0
US	R3R7JBX1PN5GU5	0312853238	Books	5	0
US	R256N8YAKK2WXS	0425152251	Books	5	0
US	R1U78S14S80M19	0679735909	Books	5	1
US	R3V0EURXIJRCLF	0671721720	Books	4	1
US	R169F8A7WAQ7DK	0671004107	Books	2	1
US	R2Z6Y6M6SMEA8I	0812550706	Books	5	0
US	R2VBP5V2MF94M	0060925000	Books	5	0
US	R3DKN35P6SBCPI	0679457313	Books	4	0
US	R14IMSV69PWOE1	067158037X	Books	5	0
US	R1TDKFBQYXMQZO	0886461251	Books	5	0
US	R34JJZT61ZWF3Q	0451169514	Books	5	0
US	R2QJ11HROS35RH	0684874350	Books	4	1
US	R1B1VQW2ZBHWIE	0140186409	Books	5	0
US	RUS7FENJHFP6L	0684874350	Books	5	0
US	R2BB13MH1ERO6H	0679457313	Books	5	0
US	R1ZJYPOVO03L09	0812550706	Books	5	0
US	RBQ7AKV04C46R	0679457313	Books	5	0
US	R3RKU6RQ7W1QZR	156100572X	Books	5	0
US	R24CM62RK39WN7	0451169514	Books	5	0
US	R2NQBHJM9C8YBC	0553103547	Books	5	0
US	R10GF1SYE1BFVL	0679457313	Books	5	1
US	RKJX7KNY39ELF	0684874350	Books	5	0
US	R261V58OMILS3V	0316548189	Books	5	3
US	R23UQWSEM4IU9U	0553278398	Books	5	6
US	R16BX83EB1IR8D	0880793082	Books	5	0
US	RNW798S0FZPYF	0140072187	Books	5	2
US	R1D48JLBG1G42S	0345389409	Books	5	0
US	R2YN3JT3W34VTZ	0887307280	Books	5	0
US	R1ZMHJ0G1PME95	0060976624	Books	5	2
US	R1XGVE0F9OK1D7	0553103547	Books	4	0
US	R5U24O69O1TRC	0345373243	Books	5	0
US	R2WNLPQZA2ST5Y	0316779989	Books	3	2
US	R1PSGH007G6DKD	0812550706	Books	1	40
US	R2RB657YRUXK8D	044022165X	Books	4	0
US	R323F6Z42AQVC4	0316743003	Books	5	0
US	RNO7TX0ZCYRMW	0671004107	Books	4	0
US	RMVBZHO0NA7OT	0684800713	Books	4	0
US	RK78LH6WSM3CS	0465068359	Books	5	17
US	R615KNTKVLXD5	0312853238	Books	5	0
US	RS5QLG4JGE4CR	0449215644	Books	5	1
US	R1V66HNNYIGZHN	0399103422	Books	5	0
US	R3Q0330ON1R3U	0684874350	Books	5	0
US	R3VTNFZUXWE2VJ	0385472951	Books	4	0
US	R2V06K8F8USNYF	0345350499	Books	5	0
US	RJBEJB193FZ4O	0060925000	Books	5	0
US	R6EWR3L10VP5J	0517591812	Books	2	0
US	R2SW1USOUM2I8U	0684833395	Books	4	0
US	R2HY9DIW5RJEP3	0671570439	Books	5	1
US	R3LQ4O5T9PWWSE	0896760839	Books	5	6
US	R258JWYN9ZBC7T	0441172717	Books	5	0
US	R3AU593RNPAYH6	0451191153	Books	5	1
US	R2N90HRCIIQ6WC	0440214041	Books	3	0
US	RTFFUMCD5YGSH	0393312836	Books	5	0
US	R35U41W3VH3N1O	0465068359	Books	5	17
US	RM392DAWKVK77	0060926317	Books	1	33
US	R2QO0DN0EEND9J	0684833395	Books	5	0
US	R3MEH16JGK5ZCZ	0451525884	Books	5	0
US	R1U5FQKUP0EXIW	0312932081	Books	5	0
US	R39MY1PXGJE7NR	1567407757	Books	5	2
US	R2EWSDEPVYK1IA	0553476580	Books	2	6
US	R2K4HHWW73Z1JB	0385486804	Books	5	0
US	R12I8CRAZIS68L	0880381736	Books	5	0
US	R2P9F4S9DGCO6O	031286504X	Books	5	0
US	R1B5Y38ZAPFVL7	0446310786	Books	5	0
US	R1ESAEJI605BNV	0671004611	Books	4	2
US	RGGROCUDSSY7Q	0671867369	Books	5	0
US	R2C12U8X0M5LN7	0140018603	Books	4	1
US	RXUATISVOR450	0553573403	Books	5	0
US	R1QS6JD9T3CARG	0385472951	Books	5	0
US	R31DLBRG4TV1N2	0893860220	Books	5	6
US	R3EU31IYG65P2W	0812550706	Books	5	0
US	R1NN8C15NAJ9MH	067158037X	Books	5	0
US	R18DKHJKDK99N5	067631743X	Books	5	0
US	R1KTNGZZL6GMYT	0380002930	Books	5	0
US	R2OQD6D0XXY8VP	0393316041	Books	5	10
US	R36PBRQ0LHIQC9	0345404475	Books	5	0
US	R3UUL8SERUR13E	1573225517	Books	5	0
US	R2XIYB28EQMQFS	1561005533	Books	5	0
US	R15QRWXTNLTQH2	0696019973	Books	5	7
US	RH6Y8LMEBVA1I	0345404475	Books	5	2
US	R2E6D2EZJ59ZJS	0553471392	Books	1	4
US	R3VVO2AAIE7LIZ	0316921173	Books	5	0
US	RYA2LAMHKPHJQ	067631743X	Books	5	0
US	R1V2X6CRDN3A73	0553577123	Books	5	0
US	R1L3BZ1BQBBZ9T	0140131558	Books	5	0
US	R1TGOIRBL7EW78	0312853254	Books	5	0
US	R2K83LN2I9R1T3	0393038912	Books	4	0
US	R305S4AX5O8HH	0679457313	Books	5	0
US	R24DZ2RI94L7EV	0385486804	Books	4	0
US	ROJJZIME80V10	1563523302	Books	2	2
US	R2VKXUM8OMAVVU	0887306128	Books	5	1
US	R14QLUINPJQOWX	0802130208	Books	5	0
US	RLLA33ZKS10C4	0684874350	Books	5	0
US	ROOO1WIS8SZD5	0553260111	Books	4	1
US	RKT74OAU900Q7	0553473050	Books	4	0
US	R2XSM8PQRETC6C	0380973634	Books	4	0
US	R2U6QTVUTK79UZ	0679441018	Books	5	0
US	R16X4H00RQKRK4	044651506X	Books	2	3
US	R7BATVBHIYL5E	1563523302	Books	5	1
US	R3K3V8AJX0R827	0684874350	Books	5	0
US	R22JO5G8KK3L2Q	0553103547	Books	4	0
US	RK757V1RRWVTR	0345350499	Books	5	0
US	R34PUUM4B0O1L8	0345363132	Books	5	0
US	R3A5R2Y4GGW72B	0140072187	Books	5	1
US	R1NYI4G0M3LQP1	0440539811	Books	5	1
US	R193AUU2LB8H21	0385472951	Books	2	0
US	R3FEOVLQ5BXKAU	0553288105	Books	5	1
US	RRX7FHNDCR8CY	0140158766	Books	5	4
US	R26B0VZB16I5MG	0553288105	Books	4	0
US	R3GOYGWJCJIJI5	0060801263	Books	5	1
US	R2LKV9XS1RM80N	0884271536	Books	3	0
US	RMAGQ4J2B5YLT	0684874350	Books	5	0
US	R3F6M1UYPE4CC3	0385486804	Books	5	1
US	RTVWS8FWPJ211	0399128964	Books	5	0
US	R3OAVTENG4QHO7	0684874350	Books	2	1
US	R2T14RT260FU7T	0553277472	Books	5	0
US	R1UGUA4W2HMJ5A	1573220485	Books	2	2
US	RS79Y7G8I6KPP	0804102988	Books	5	1
US	R3IKBYIPX4Y3GE	1563523302	Books	5	0
US	R5OUB31H2IB5Q	1563523302	Books	5	0
US	R4XEQ11RJSC6M	1563523302	Books	3	0
US	RZS6FASJRJ487	0312853238	Books	4	0
US	R2WBQMPNZYWR95	0446310786	Books	5	1
US	RSXIWCAI4UANQ	0345350499	Books	5	0
US	RIE8F5JNIO598	0606045740	Books	5	0
US	R552LORUZ55HD	0440539811	Books	5	0
US	R12JC72J290DYV	0345423496	Books	2	1
US	REJG24WDO6E16	0684874350	Books	4	7
US	R1OG01LTU0BGT2	0385121679	Books	5	0
US	R36VBU0AZ7QU1J	0812548094	Books	4	0
US	R282BIN5XHXQDT	0802130208	Books	5	0
US	R3MMW2R8AHOGQX	0140049975	Books	5	0
US	R2WGVW5S697ICV	0671004107	Books	3	7
US	R20613KJ06LC5Y	0385474547	Books	4	0
US	R2NW7ZCZLWNID9	0684874350	Books	5	0
US	R2AKE53Y1JV9T3	0684874350	Books	5	0
US	R3EF90Z6L1EEE5	0684874350	Books	5	0
US	RKWNO1S37NYTQ	0893815187	Books	5	15
US	R3OOWDETFGM8K4	0553208845	Books	5	11
US	R30DY4FR1J5WFU	0312932081	Books	5	0
US	RQMF5Y7BYFKSM	0802130208	Books	5	1
US	R2U1GYFVNP0G4R	0517122707	Books	5	0
US	R1JOB9R8GOLHYM	0887307396	Books	5	0
US	R1GVZAWX19Q0I8	0393312836	Books	5	0
US	RGRM3D4IMTA2J	0440111498	Books	5	0
US	R1F8APYDYVY7FV	0452273331	Books	5	0
US	RT1V27OOHZ1M7	0451169514	Books	5	36
US	R1KUAZ3OI9PURY	0345350499	Books	1	13
US	RNCWEY3XHGY6P	0345363132	Books	5	1
US	R20708T5D7G21V	0812034465	Books	5	1
US	R1M66K0VT4JDS0	0517591812	Books	2	3
US	RIWMKCOF9AYHZ	0380018179	Books	5	0
US	R379CIFDN5ZLK1	0872860175	Books	1	17
US	R284WKO4Q3NTPR	0380730405	Books	5	0
US	R1M0C1NUL25D0Q	0385311400	Books	3	9
US	R2B388JLFGVZU	0679459529	Books	2	1
US	R3BFF29BDIM66S	155800145X	Books	2	2
US	R1BVS5917LY8KZ	0345403959	Books	3	5
US	RKHX4LGKL4WXT	0425129586	Books	5	0
US	R2CAAUR6DH73FQ	0446310786	Books	5	1
US	R1AY8XL5LHJRNV	0060975768	Books	5	8
US	R2OWPBYUR5176J	0345315227	Books	2	2
US	R3DXUPJRAITTKA	0345350499	Books	5	0
US	R3F738HFCDGB45	0684874350	Books	5	0
US	R3E6DEOOTVSXZE	0679759328	Books	5	18
US	R3RRNETS243RMU	0380018179	Books	5	0
US	RTR869PJ4RB2U	0399142851	Books	1	2
US	RO1K8MISJDDS0	0786880708	Books	5	0
US	R3RU6SBTROPYBN	0446364495	Books	1	1
US	RHKJ4NDCKQB74	0679457313	Books	1	5
US	R8400T28G3VUE	0812523334	Books	4	0
US	R81F2JZQFF8HE	0061002860	Books	5	0
US	RLA2VMYWD6ACA	0425152251	Books	5	0
US	RMTO43KFZNSZG	0679457313	Books	4	0
US	R281FO2EQBYQK7	0140157352	Books	5	142
US	RAOKWGM3ULL7R	0380002930	Books	5	3
US	R10BO4AS4CGQFA	0552137030	Books	5	0
US	R2CJR506GVIW4J	0380002930	Books	5	1
US	R1666DX6PHWPTN	0312932081	Books	5	3
US	RPF5TQC6URAEF	0425129586	Books	5	0
US	R2END2UHQP0S6E	0140177396	Books	5	1
US	R3KQVUOVL3DRMX	038542471X	Books	4	0
US	R3SGXY6V01U2ZV	0848801571	Books	5	0
US	R3DS1GDOIKO7Q4	0465068359	Books	5	15
US	R25R8RA2QLBYUT	0446310786	Books	5	1
US	R1BCOM7VATY6NH	0679457313	Books	4	0
US	R3PO6AN693VJ1X	0061053147	Books	5	8
US	RRMOGCH12UNRQ	0440224764	Books	2	0
US	R371FCOK91U80W	089845915X	Books	5	1
US	R316NKZLYR7J2M	0671004107	Books	4	0
US	R9BXLPNXESHR2	0385486804	Books	5	0
US	RA7VHJVDKTA3E	0880381736	Books	5	0
US	R374P3CYG511VH	0307010856	Books	5	3
US	RYSSM7E7UUB0H	0393038912	Books	2	1
US	R1L1WKSRKWJWN4	0399208534	Books	5	1
US	R1DZ7ZJVFF90HZ	0440539811	Books	2	0
US	RX7GO2ANWAUI7	0553277472	Books	5	0
US	R28Q9KWNZC7NXK	0684874350	Books	5	0
US	RPNZ5AQJGXGYR	0440227275	Books	5	0
US	R2VSC5E4QXDV7V	0793518326	Books	5	1
US	R3O1FNGDOUPBFS	0399128964	Books	5	0
US	R380WMTSCW3LJD	0140049975	Books	5	0
US	R2D871789OETTM	0553573403	Books	5	0
US	RST9RS47AU8RH	0440219078	Books	5	0
US	R1DWLS40QOK9AV	0684874350	Books	4	0
US	R3TOX4FP10BELH	0812524586	Books	5	0
US	R1216SO9R4Y3D7	0679720200	Books	2	2
US	RRNVLMWL9F80T	0684874350	Books	5	0
US	RZJ0H8P8SBU8N	1558002065	Books	5	0
US	RPHPXE11XGPLW	0312853238	Books	5	0
US	R23E6A32QBKDO7	0385040253	Books	5	5
US	R1Z3OF0ZPZDVF8	0446364495	Books	5	0
US	R2LUXNIBXYJPAD	0380973634	Books	4	0
US	R16HLJ0NUEQ37J	0345315227	Books	2	1
US	R11K07WS5O44WU	0345403959	Books	5	0
US	R17A41VNYX48KB	0440213525	Books	5	0
US	R1AYBLIMIQ1FIW	044022425X	Books	5	0
US	R3UPGQV01HB657	0553573403	Books	5	0
US	R12KG4A1THLLRY	0399134204	Books	2	17
US	R23SWXSVD59GKY	0694517208	Books	4	1
US	R1M3X0U7XCW0LB	0060920084	Books	5	0
US	R2CUPGMDC47UM2	0679416781	Books	4	0
US	R1VZYXY0H0QCFG	0446604844	Books	5	0
US	R3QR61F8GTQLUB	0451169514	Books	4	0
US	R2QN9JL0XFBU2M	0316286869	Books	5	0
US	RASVHLL5ATNKA	0440211727	Books	5	0
US	R3U5CHCQSZIDTS	0553277472	Books	5	0
US	R1FX7R3YJ4UC8C	0679735909	Books	5	3
US	RO8RO9MUU1E7A	0679457313	Books	5	0
US	R1BSD3ML57U344	0679457313	Books	5	0
US	RX54ZZT0DWUYA	1567184855	Books	5	14
US	R2W5JYK32GJCBV	0679731725	Books	5	2
US	R3DL6EGS8O4KH6	1567407757	Books	4	1
US	R2547GYWC9Z2I9	044022425X	Books	5	0
US	R1TP9DTVP82ND7	0152438203	Books	5	5
US	R2DO43HJT1Z3WN	0440539811	Books	5	0
US	R32VOESB47PP8V	0345350499	Books	5	0
US	RFO6BJ7CHOXH3	0802713319	Books	5	0
US	R1ABILMIL113I2	0679457313	Books	4	0
US	RP78PCTHDBGIN	1573225517	Books	5	0
US	R2CHVTYB3J32XY	0553062182	Books	5	7
US	R1IH8L72ZTVORE	0812550706	Books	5	0
US	R2LKB2YF997JMX	067158037X	Books	5	0
US	R1VFWT5YII5XAT	0553260111	Books	5	2
US	R2P61HTK8XN6BJ	0553278223	Books	5	0
US	R2ALOPKGJ03OB6	0140195076	Books	5	7
US	R1IV4SAP7I82SX	0451187903	Books	5	1
US	R1I4EZYXA11TX7	0553280325	Books	3	0
US	R1JIM1M4RS1P3	0399142851	Books	3	0
US	R2C65FMYVU5CBO	0451160916	Books	5	0
US	R3GNVJQGUJIZ15	0553573403	Books	5	0
US	R37AZZM7OV3BAL	044022425X	Books	5	0
US	R21NV8HE965CUN	0694517208	Books	1	14
US	R1XA8B1I2ORKGC	1559948671	Books	5	2
US	R3H44WA1Q1PPYP	0805054375	Books	5	1
US	R21JKOHNRXWNHB	0451151224	Books	5	0
US	R7DYJAARWRU0D	0060925000	Books	5	0
US	R20I506FFN2B96	0030853222	Books	5	3
US	R19A6BH1NMMG50	0671004107	Books	4	0
US	R11YGBG60IXDX8	0345350499	Books	5	0
US	R34YDBLPEMKU7H	0451169514	Books	5	0
US	R3M5D5F9MSVI2V	0385484518	Books	3	3
US	R1BSLI0WSSQLQG	0553573403	Books	5	0
US	R1XC2N4ZY7FF30	0553573403	Books	5	0
US	R21JMC0R1HBWGY	0140186395	Books	5	1
US	R2BR1ZDKMBJPN0	155800145X	Books	1	6
US	R3O4LAF1FUJJBK	0312965788	Books	5	1
US	RE3QL6XJTHGPW	0345315227	Books	5	1
US	R9CSIAXQY4J0B	0684874350	Books	5	0
US	R2RXAZX8CR8O7T	0553573403	Books	5	0
US	R2QUULEGGSQ3TL	0451160916	Books	5	0
US	R156H1KTPNVEN5	0451450523	Books	5	1
US	R3O0MCE89CX5CH	0679745203	Books	5	0
US	R1OTIZUY16H4LO	0684874350	Books	5	0
US	R22ZRXJJUFPYBU	0880381736	Books	5	0
US	R2LDVPHEZLLQVN	0393039765	Books	5	1
US	RI04XOE0AAOOF	1563523302	Books	4	0
US	R2UDFZRKT0WQTC	0688156819	Books	5	0
US	R25MO00SKP8TCL	0679457313	Books	2	0
US	R2WQVD3RVYDI4D	1559946954	Books	1	1
US	R6HD45426ZIXH	0395860210	Books	4	1
US	R3PHD3N4GOFUUY	0449911357	Books	5	2
US	RLDLX20LTHRT8	9997470036	Books	5	15
US	RIBUJ3INWQLOB	0425107469	Books	5	0
US	R1IJUL3TLO8SCV	0440224764	Books	4	0
US	R32OPAO6IOVYEF	0679720200	Books	5	1
US	R2I3TZ97SMCKAR	0399128964	Books	5	0
US	R34URWSOZGXDCQ	0553108034	Books	5	0
US	RON9849NE4FXC	0316920045	Books	5	1
US	R1TJPMZR4WMT6Y	0385484518	Books	5	0
US	RQBG1KED65IZ9	0060925000	Books	4	0
US	RNJ1MHH6DUUH	0380002930	Books	5	0
US	R3U0FG07S3M5Z6	0671559850	Books	5	1
US	R14JBAXEQVVN21	0684874350	Books	5	0
US	R1IIM65YDVK1Y9	0812550706	Books	5	0
US	R1R7J8AEJNVAL9	0440178002	Books	5	0
US	R1GU24JVOB656R	0449227421	Books	4	0
US	R12FBXZR56HNCB	0517122707	Books	5	0
US	RA2MEI2M44R60	0312932081	Books	5	0
US	R2LURZ85L1S6NX	0140049975	Books	5	4
US	R1W3ZRE6BTYDW6	0312962118	Books	1	2
US	R1K4C840ZBFID3	0679735259	Books	5	0
US	R21R0FTVRQTBW2	0385472951	Books	4	0
US	R1H153OCECZ8DD	0684823454	Books	5	42
US	R1YS5HDEY0V06B	0446310786	Books	5	4
US	R1FWK79Q5RL3VZ	0380973634	Books	4	0
US	R2BFHJSJ1EB8ML	0440131480	Books	5	0
US	R1HIALBND09FB1	0440111498	Books	4	0
US	RIDNE09BFM49Y	0140049975	Books	5	1
US	R3UWMBZ6C8TSEC	0380973634	Books	4	0
US	RXRPNMZSD1YBW	0380713802	Books	2	5
US	R2J1J65GFMLHAS	0684874350	Books	5	0
US	R361BZMEJL7KR	0679745203	Books	2	2
US	R2CLRJJT723HBF	0440131480	Books	5	0
US	R1N9CCOM7M6U6L	0446386898	Books	5	2
US	R1WYWZERVZ349J	0553062182	Books	5	5
US	RVJ7G0R1R7V96	0061092037	Books	5	2
US	R3MH8E5ND4JNRW	0399142851	Books	4	0
US	R2D7J47OGTBUVY	0553274503	Books	5	0
US	R2TNHH7BSWJS2W	0345347951	Books	5	0
US	R24RVC8LG6N7IX	0151001820	Books	4	0
US	R1NPQ2DU1CGYNS	0395389496	Books	5	0
US	R34GO5DO3NP3YA	0385484518	Books	4	1
US	R3624M7P747ICC	0517591812	Books	2	7
US	RSMXPIRGKJCT6	0684874350	Books	5	0
US	R3T6UH5OGHPR99	006016848X	Books	1	17
US	R1V3A71QXOCDYO	0345308239	Books	2	2
US	R38OTTH425KS9P	0140186409	Books	5	0
US	R3N135X3RX14E9	0140143505	Books	5	3
US	R20AYSJD1RIERS	006016848X	Books	5	1
US	R2M5BZY6AIQJUC	1573220485	Books	1	3
US	R3NEA6QBB5K4YN	1573225517	Books	5	0
US	RV1JVWFMJDPZE	0394720288	Books	5	3
US	R235JAHYAQPUQN	0446520950	Books	1	1
US	R3QT6ZGU7GFOHK	1561007773	Books	4	0
US	RPSL3VKKQ5N07	1568493207	Books	5	0
US	R11W973WI1J47R	0671004107	Books	5	3
US	R1H3JTQP7EFAT	0684874350	Books	5	0
US	R1KHH3VLM2SSAS	1563523302	Books	1	7
US	R2I8J4OCY8G3I1	0553103547	Books	5	0
US	R1WWKE1W6HVCWI	0679460063	Books	5	0
US	R9NIUKAQ4HF0B	044651652X	Books	1	2
US	R1YUKGB44ZHWKF	0517122707	Books	5	0
US	R2DJJXROYGIL14	0446605409	Books	4	0
US	R3H027K9J0QQJE	067158037X	Books	5	0
US	R2ZSKSAR1LDAHY	0679441018	Books	5	0
US	R1PXKYO6K3GCSY	0553573411	Books	5	0
US	R3HG1LGDUEO7Y3	0812550706	Books	5	0
US	R18P67C8LNZ4Q6	0060922583	Books	5	1
US	R2NENFOLDB9EJ5	185984054X	Books	2	42
US	RV7L7KMA9XF2W	031218087X	Books	5	1
US	R10NCAZM4UFP4O	0465068359	Books	5	63
US	RRKMLPVLE7RSM	1853715085	Books	5	0
US	R3VC166A0FO754	0345389409	Books	4	0
US	R2MOFJ82SA4OAK	0679459529	Books	3	0
US	RSYCDTNI4Y07C	0440211727	Books	5	0
US	R1OW5H6UZ7OMI2	0440224764	Books	2	0
US	R1NIXLHIA4NVQL	0312962118	Books	4	2
US	R1DNYXXK2CVGKA	0440213525	Books	5	0
US	R25CCI8ODQKWF2	1559948671	Books	4	3
US	REB6DBUMPBBRH	067158037X	Books	5	0
US	R3V3XHQKIEAN9O	0060926317	Books	1	2
US	R5A5QEY6IWANF	078388088X	Books	1	1
US	R31HJJJ83IXKSQ	0899664474	Books	5	1
US	R1HZBMXACL58D	031218087X	Books	5	0
US	R2QW3XY2Z7OMJ6	0399128964	Books	5	0
US	R23P8A587PER59	0446364495	Books	5	1
US	R33XJ4U7ZEN6MT	0060801263	Books	1	12
US	R2FOUU2IIYPOBX	0440539811	Books	5	0
US	R3MCFHADLWP7I0	1573225517	Books	5	0
US	R2X45QBKRAGHD	0802713319	Books	4	0
US	RW3VH76D59OG1	0887306101	Books	4	0
US	R2AERBMHLHX86U	0606045740	Books	5	0
US	R2EGQV1HPCKLQJ	0440213525	Books	1	3
US	R3AZYR7J1VQULK	0440219078	Books	5	0
US	R1ZF8I2P3Z2KC5	0385472951	Books	5	0
US	R1Y6IZIIEY1954	0140185232	Books	5	0
US	R1NK13ZZ5AUJCO	0812034465	Books	5	0
US	R3CROM9FBG7SV5	0465068359	Books	3	11
US	R1DWK1AWK2NIF1	0060926317	Books	3	2
US	R3OT6GPA2EHBKG	0446604844	Books	5	0
US	R3JIH1OJBKYY5B	044022425X	Books	2	20
US	R39H5AK77VEYVM	0446364495	Books	4	0
US	R28KG8Y6KG7059	044651652X	Books	1	1
US	RQV1AJ927KTKU	0451191935	Books	4	0
US	R1YXXOTNWPJGON	0440224764	Books	1	0
US	R3H017F6HS5203	0345315227	Books	5	1
US	R17WZGD2106GXW	0141301074	Books	5	0
US	R2NY1PE9RGCE6I	0553108034	Books	5	0
US	R1NKS0SQO59JB3	0884271536	Books	3	3
US	R1NCDDMWIK7TOF	0440227275	Books	5	0
US	RFE48X4LVTN1U	0449911357	Books	5	0
US	R2PST0HURHXEHX	0440213525	Books	1	5
US	R3UZB6WE5VR1ZF	0205191584	Books	5	1
US	R2GH09JV0HJZU	0385472951	Books	4	0
US	R140ZXR8YYD2W4	0553573411	Books	5	0
US	R33WPVOLGR9EAG	0745144780	Books	5	1
US	RUWERESHIR7W0	1567184855	Books	5	16
US	R12W9SCJNVZOOY	0465068359	Books	5	9
US	RQMZ7J3YVXW29	0440224764	Books	5	0
US	R5ET9F8CBIRFC	0679457313	Books	3	0
US	R14JUDYIOU8KL9	044651506X	Books	4	0
US	R302V3T1NCZHJH	0688062334	Books	5	1
US	R1OXS7F90SMWE1	0679457313	Books	5	0
US	R83F8VHGBRV54	0399128964	Books	5	0
US	R331Z9LJBCRAYQ	0140430962	Books	5	5
US	R2YS46OLEJ1VR0	0385040253	Books	5	1
US	RK24QSQEDKAGE	0553328255	Books	5	6
US	R1Z4090ULMK6RK	0440224764	Books	4	0
US	R15AKPV6QDUPZZ	0679745203	Books	1	14
US	R786ENS93DIQL	0446364495	Books	1	5
US	R39K7GCVAL1SS7	0316286869	Books	5	0
US	RCMHDWNGVR0KK	0385311400	Books	4	1
US	R21EP72UTI9EZU	0440224764	Books	4	0
US	R64NOQWZF93NA	0553573403	Books	5	0
US	R35QSPNHL4EC90	0399128964	Books	5	0
US	RRMC5JJ6RV3D3	0380002930	Books	5	0
US	R128WSWHX1UPKY	0312854021	Books	5	0
US	R27OTXPTXVOWGP	0679457313	Books	5	0
US	R3DKE8K27FNDA	0671004107	Books	5	2
US	R2N7EKX9K4F9LR	0060187557	Books	1	1
US	R1YEGF9RSQHSHK	0385472951	Books	4	0
US	R1LD2B38EMBKHE	0812550706	Books	5	0
US	R1L800F7CK6O65	067158037X	Books	3	0
US	RHH2UKH8K7BUD	0553573403	Books	5	0
US	R3G02B5RAW2UFF	0805017305	Books	4	2
US	R34GB0QRRKQ8UG	0385484518	Books	5	0
US	R1BM5XMQNOC58H	0553108034	Books	4	1
US	RG14FT86HF3EF	0140187537	Books	5	0
US	R13WU46PPCD7V8	0453009115	Books	5	0
US	R2KTXLK4C7JTWE	0399142851	Books	5	0
US	RL9UO5G465WBV	0345350472	Books	5	0
US	R2UK5P43DKG0PW	0385484518	Books	5	1
US	RM43LXF7V9N23	0679457313	Books	4	2
US	R3FEC1E3R2BVA0	0440217563	Books	5	0
US	RQH0ENFYPRQQU	1558216847	Books	1	28
US	R17L0MT1TITN30	0394573439	Books	5	2
US	RZSI33BACXTZO	0694515302	Books	5	0
US	R2XEBWRBG8J8VU	0899664474	Books	5	0
US	R1SITJD4AQFEZJ	0553103547	Books	5	0
US	R16CK8IWP5SLHD	0684803356	Books	5	0
US	RJT69ONUYIUSJ	1573226521	Books	4	0
US	R3KAKH82HHAWF7	0316381357	Books	5	41
US	R3GKZKAXN082A2	0893815500	Books	5	4
US	R2XVXD4JFRLBF2	031218087X	Books	5	0
US	R24VLN9VIECGZL	0393316041	Books	5	0
US	R221D60URYQEVS	0606045740	Books	5	0
US	R1PRW5IJGFRTPI	0385482582	Books	5	0
US	R2DKHN0MOHW9RM	0446364495	Books	1	2
US	R145LVAAOIXVXI	0684874350	Books	5	1
US	R308L1MRD30R1N	0375701427	Books	3	1
US	RDGXEL389XE9R	031218087X	Books	5	0
US	R393CMNDCP41OP	0679410503	Books	5	0
US	R32PNTYQT1O9KR	0425152251	Books	5	1
US	R2FGECCSV01JC1	0394720288	Books	5	5
US	R1J8IY3SIG9NHF	0517122707	Books	5	0
US	R1ADD2G19X31SE	0453009115	Books	5	0
US	RVCT21YJAY07R	0399142851	Books	2	0
US	R3SHVXVFHWSHG0	0465068359	Books	3	8
US	RT819C1GVM8EH	0876855575	Books	5	0
US	R163E8EBQHIB0A	0140187650	Books	4	9
US	R1EBTSH6QP6TOJ	0679441018	Books	1	8
US	R3W56WDC3GIUB5	0517591812	Books	5	0
US	R2O67YIZDXS64E	0399128964	Books	5	0
US	RSFXIRCP6OOPU	0440133688	Books	5	2
US	RJ3W1E3VVDVF5	0393307050	Books	5	0
US	R2VG9NSWKFX07I	006016848X	Books	5	1
US	R29UNW35GALYE9	0671721720	Books	5	0
US	R3TWMYMOYRHPWT	0440224764	Books	5	0
US	R3T88NDTT4R828	031218087X	Books	5	0
US	R1BSHP3THTLXTA	0671867369	Books	5	0
US	RXVP82XO9NF9C	0688052304	Books	2	2
US	R33X5M37H01PRU	0679457313	Books	4	0
US	R4SGAYQD761K0	0440219078	Books	5	0
US	R2Y2QL02RCUE0M	0385311400	Books	4	0
US	R3U815ECR48H7A	0312854021	Books	5	0
US	R2XILY5KJNJAHV	0812523369	Books	5	0
US	R3EFOO3R7CMRA	0140434267	Books	5	0
US	R3L6RXFNBF3LO6	0385486804	Books	5	0
US	R1ITE00JMMZENP	0061053430	Books	5	1
US	R2P3QBFPMCVOY7	0553573403	Books	5	0
US	R112UQTKVV6A9H	0385482582	Books	5	0
US	RCQT34S6VZTZK	0812550706	Books	5	0
US	R14VD12RJ0BCQY	0684874350	Books	2	0
US	R1FSR7DY9SDM4W	0345389409	Books	5	0
US	R32QJTS0TBB43T	006016848X	Books	1	65
US	RGWW72EKOIJWZ	1567312373	Books	2	1
US	RRO5A1ICUUQLW	0553573403	Books	5	0
US	RJ356LVBA0C54	0553062182	Books	5	3
US	R15RNZGZ3ZMAVC	0684833395	Books	4	0
US	R20WKTQOD013NM	068484267X	Books	5	0
US	R3CAI0VOA2I5FY	0385486804	Books	5	0
US	RC2JA0RW2SC58	0440227275	Books	5	0
US	R31M6UEGZGIYAJ	0446604844	Books	2	3
US	R1F9N1OXXJBUOM	0440211727	Books	5	0
US	R3N5EU5E0DST61	0385424736	Books	3	0
US	RFKON1CEQM7QH	0060801263	Books	5	2
US	R9QHCVRZL13CW	0440219078	Books	2	1
US	R3N4M0LIJNJDVF	0553472836	Books	4	0
US	R3KC3MI33WGJ0E	0812550706	Books	1	2
US	R2KQY9QOPRSIIZ	0679442790	Books	4	1
US	RSQ6E94X5N0EE	0060916540	Books	5	0
US	R1BBSSM8D89JZG	067158037X	Books	5	0
US	R2VK1EKYVRFTY8	0517122707	Books	5	0
US	R1N3YUAR1Z6T95	0393314804	Books	5	0
US	R3RCEDZPGIMF7C	044022165X	Books	5	0
US	R2ME7TXHXB26X4	0880381736	Books	4	0
US	R443VMZ9UKQNH	0060926317	Books	5	0
US	R1Z6B3WUY2B2D8	0061002747	Books	5	9
US	R3D6NA189FAG0O	0812550706	Books	5	0
US	R377SII9RC7A87	0316545856	Books	5	1
US	R2XM35UZWTM9OI	0684874350	Books	5	0
US	R3FCI73XT6BXJI	0316236551	Books	5	14
US	RPBGIO8DMSG31	031218087X	Books	5	0
US	RNBXX6E0KR75J	0446605409	Books	2	1
US	RBDESRXJCQ7T3	0887306667	Books	5	16
US	R3RVSAFJOFZEGF	031218087X	Books	5	10
US	R200NNS8VP8ANA	0688002307	Books	5	0
US	R375LLCQE61GCO	031218087X	Books	3	1
US	R2BTKY3Q3VSUEL	0684874350	Books	2	0
US	R14SXDJS1MMVSY	0345403959	Books	4	0
US	R3I0GU00LLOIN6	0671004107	Books	5	1
US	R1EEZK89DP2987	0877284520	Books	5	17
US	RHXSAG1EDJBLM	044022425X	Books	4	0
US	R1XHOHGPVOH2ST	031218087X	Books	5	8
US	RV5PP77IE3E8J	0380778556	Books	5	0
US	R3VT9DZMQ635NT	031218087X	Books	5	0
US	R11ECXZQ68I5M8	0425107469	Books	5	0
US	R1BSLZOP5OJD0G	0385472951	Books	5	0
US	R1COALVSF3B6OE	0140074317	Books	4	0
US	RHMV24KYLOA1M	0899681069	Books	5	1
US	R3IQEJT1O46DUN	0316921173	Books	5	0
US	R1NJDOEAI6WXPX	031286504X	Books	5	3
US	R1AWU1J75LVQ1A	0060801263	Books	5	1
US	R3BWSPV1U8SUJS	044022425X	Books	5	0
US	R1FA47R684K14S	0452277752	Books	3	0
US	R2WSYYMROQQKA5	0385486804	Books	5	0
US	R3VQEVBPQDHWTY	0060392584	Books	5	2
US	RUPNMS68WVWNY	031218087X	Books	5	0
US	R1SMRN5UUS7RO6	0395645662	Books	5	0
US	R3H9NZLQ8L3S0E	044651652X	Books	4	0
US	R1H89UDOJTENML	0671510991	Books	5	0
US	R3MX07WYQ3EYI7	1563523302	Books	5	0
US	RFETZSC47I3Z4	0891902236	Books	5	0
US	RBOUJ5DED851V	0446364495	Books	1	1
US	R2MOQVP6CAYJWQ	044022425X	Books	4	4
US	RX3W134RZH7Y0	0440224764	Books	3	0
US	R21EJOZUIH607P	0060392584	Books	5	0
US	R33RC90U6MDV6G	1570422052	Books	5	0
US	RFE5QAZ5ILWWO	0425107469	Books	5	0
US	R12DRGH99WXBQO	0688158129	Books	5	0
US	RKY38E0LPE2WW	0891902236	Books	5	0
US	R18FY7B0IS54G3	0684833395	Books	5	1
US	R1KFLATXTBN5YU	0425107469	Books	5	0
US	R1E66O5G0XH67J	0553573403	Books	5	1
US	R1BWWEAOV7I07C	0671502484	Books	5	0
US	R7O5HKDTT0KR2	0465068359	Books	5	6
US	R1UEE0BNY7JTZK	0446364495	Books	1	1
US	R1TVW1Q8YOI6S0	1573226521	Books	1	3
US	R1KU07AHSCCU2M	0965295230	Books	3	0
US	R1ZCEDG0731SSX	0440224764	Books	3	0
US	R1SUEW8TNIPYZX	0060392584	Books	5	0
US	R3MD0TITV8BHPM	0440211727	Books	2	2
US	R369U2WR1XF9K	0684803356	Books	5	0
US	R17IHL5R6MTTB4	0670880728	Books	5	1
US	R2M8HVOAQYLXBZ	0451452739	Books	4	0
US	R16HFUNIPD80V9	0553103547	Books	5	0
US	R1U9KA8LUVUBG8	0671004107	Books	3	1
US	R1Z1QUQHB565XP	0440224764	Books	5	0
US	RWBKRG1R6E9R5	0446520950	Books	4	0
US	RMZOATAFARNT3	0446364495	Books	1	2
US	R12VOQMTITG63G	0440224764	Books	5	0
US	RZQ5I9RCXZK9F	0679457313	Books	5	0
US	R1D6DFVALPLYU4	0060925000	Books	4	0
US	R2XLWNXZ55SREI	0380799006	Books	5	1
US	R3BD4YQ8CXBXD1	0812034465	Books	5	0
US	RKN9WABO4LBJ	0671886231	Books	5	0
US	R3PJVRLTOG5JHP	0385421982	Books	1	11
US	R13V6JQ424R10V	0679457313	Books	4	0
US	R1F2KRHT0A4XM3	0679420401	Books	5	0
US	R5Q3XQP7BYS9L	0553476580	Books	5	1
US	R1KO79C296ALDS	0394548442	Books	5	1
US	R15DUHNANW6076	0380729407	Books	5	1
US	RYZYPZ0LOYRG	0070511136	Books	5	1
US	R1SNY97LJ599NC	0060920084	Books	5	0
US	R3PB3KRGMWECX3	0345315227	Books	1	0
US	R2PF9SHQKXNH8F	0553213105	Books	5	0
US	R1C8WYOMLSYPXX	1563523302	Books	4	0
US	RPICVRRSK1HKA	0451526295	Books	3	1
US	R1XQIWMWXWY44	0688052304	Books	5	0
US	R1JSRXSVZXZFW2	1561001988	Books	5	0
US	R1ZLJ6LZUO5HHA	0785407057	Books	5	1
US	R30QV4U4WZD4WR	1562827693	Books	5	1
US	R23KQOEOGW205Q	0201633612	Books	3	9
US	R8HG3MQU3VFIN	0140177396	Books	5	0
US	R2FRLT6S7FLHX	0156528207	Books	5	0
US	R2SVPVTMLDY9LX	031218087X	Books	5	24
US	R3M68GH3VOTZVN	0345423496	Books	2	0
US	R2YJEIUMR1DLJT	0345350472	Books	4	7
US	R2P93M3ZH8PCDP	0440539811	Books	1	20
US	RRZRMN0I1EBOS	0440180295	Books	5	0
US	R2GUGEHKU0TJPC	0345403959	Books	5	0
US	R24E2NLW8J5Z2T	0395860210	Books	2	1
US	RMX22ADAM9QXO	0440224764	Books	4	0
US	R1LX6UOD01IBCJ	0380002930	Books	5	1
US	R3CQPU1U1418PV	0440224764	Books	3	0
US	RQ8LXZ7XNYUML	055347359X	Books	5	1
US	R12UUL1EO2OSFF	0380713802	Books	5	0
US	R7FKCEJDHBRIJ	0553213105	Books	5	13
US	RSLU5X60IPGW	0440111498	Books	5	0
US	R2B89A91VUVZNS	0061092037	Books	4	0
US	R32HD6LP4AWQ8Q	0345423496	Books	2	0
US	R2VSHGKRW21XLM	0804106304	Books	5	0
US	RC5F2QE7ANZE0	0020442203	Books	5	0
US	R6QF8EBBXZFHG	044022425X	Books	5	0
US	R1F3K31DUOKUGX	0684874350	Books	5	0
US	RTI5E7JERSU54	068484267X	Books	5	0
US	R3M0154ODINNTO	0679405631	Books	5	5
US	R468MECO8RR5O	0887306101	Books	5	3
US	R3TLXLT9A7SD09	0385485921	Books	4	0
US	R2470BJQPVDPW3	0802713319	Books	4	0
US	R1YA5A6FRTU23S	0670880728	Books	5	0
US	R17JDHLQAI25GH	0385491026	Books	4	0
US	R1ESHVQXZ5IH9H	0140131558	Books	5	0
US	R2S9JHUSS4686I	0380002930	Books	5	0
US	R1M8GZXC7YV1NT	044651506X	Books	5	0
US	RFRKOWPRTGUDA	0316236446	Books	5	6
US	R36Z1ZXCRCBHUW	0395645662	Books	5	0
US	R3LYP9DL3WKT87	0441172717	Books	5	0
US	R1T25WB0OXEFAF	0679457313	Books	4	0
US	R1NUSEYPTUBPNA	0517122707	Books	5	1
US	R1XEQGLKNOIM9A	0060920432	Books	4	6
US	R24MQ3SGTBX8X7	0060925000	Books	5	0
US	RHFS9AKV214H7	0688052304	Books	4	1
US	R1B0K3NLDDPJ9T	0425107469	Books	5	0
US	RU2G4ON7SHLC5	0312853238	Books	5	0
US	R3GUR8RCDQ7RVU	0670880728	Books	5	1
US	RVXUTOB7PSVG5	0440224764	Books	4	0
US	R2QCVJUKQ0J67E	0316236446	Books	5	14
US	R2VUXP12FLC8SV	0425107469	Books	2	2
US	R185DX4DJ5GEA5	031218087X	Books	4	0
US	R3RVRL7QURLULA	0060925000	Books	5	1
US	R3H8Z60I56PQIE	0425107469	Books	5	0
US	R1198LJIU9956K	0804106304	Books	5	0
US	RGM4CO07CO6DN	0446310786	Books	5	0
US	R1OY1EKUKFC8YA	0446520950	Books	5	0
US	RJEY99GLWKAT3	0920236162	Books	5	2
US	R3V6C6DUNJP1NX	0060229357	Books	5	38
US	REVU59FE98BWZ	0679457313	Books	1	3
US	R2L6GPLFWJVWHW	0446520950	Books	5	0
US	RLST9UO5FJDKT	0451450523	Books	5	1
US	R7PRYHQUUH0UD	1573226521	Books	4	0
US	R2JTB233W8RDDA	0553502077	Books	2	0
US	R1JXEJ0OEO0EHW	0060975768	Books	5	2
US	R17YIPZDVYV7QM	0375701427	Books	4	1
US	R1LAREZWRLH1AP	0553573403	Books	5	0
US	R3HWDBNLY3VXZ5	0425152251	Books	5	2
US	R3BO17OK80L80K	031218087X	Books	5	0
US	R3JCAEN7E97SDF	0060916540	Books	5	0
US	RF8QW0GE82AX0	067942850X	Books	5	0
US	R15BX5HCJXY8LL	0679450254	Books	5	0
US	RF8VH2W3ZB01N	0452277752	Books	5	0
US	R1P6LYWEJOUAIU	0465068359	Books	3	14
US	R3EDSL1GZDOC92	0517122707	Books	5	0
US	R34HUDTNN6R8PX	0525244581	Books	5	1
US	R1JZ0Y0DWUMV2H	0140317937	Books	5	0
US	R2O6XPR59BNYFW	0812550706	Books	5	0
US	R2611MQSGAVAMM	0897500482	Books	5	1
US	R38REZCZK1LZVO	0451187903	Books	5	1
US	RRCLPV0WIIMS2	0517122707	Books	5	0
US	R34ENXWMW51120	031218087X	Books	3	1
US	R16KHJYR1ZFN3	0899668380	Books	5	2
US	R1HS6P03UKD0F	0140131558	Books	5	0
US	R1416R7VW72RLR	0671043013	Books	5	0
US	R2XJ7PG2SVWGO7	0385121679	Books	5	0
US	RL684SUQQW74H	0385121679	Books	5	0
US	RALF1434EVO2N	044651506X	Books	5	0
US	R2GED0VZOOFHGS	0812034465	Books	5	0
US	R5U9FHA2EHQN4	0140182829	Books	5	0
US	RUY8YOSMDS21P	0061092037	Books	1	1
US	R2CXTN80T3XQRL	067158037X	Books	5	0
US	R1KJD0DD2HKYBX	0679457313	Books	1	26
US	R2DRCOC5XE2TCP	0194314227	Books	5	0
US	R38DX3JHVIMUUP	044022425X	Books	5	0
US	R2QJUS3AZBB1QD	0060187557	Books	1	2
US	R1N0XTSCPE1RDN	068483605X	Books	5	0
US	R39L4I9G1HD1J0	0679746048	Books	5	0
US	R2X8SKSOGPOBNK	006109594X	Books	3	0
US	R3DCWMHQCKFHVA	0395860210	Books	4	4
US	R18VZ4BLRXWCA5	0152465030	Books	5	0
US	R32AZKVVY7579S	0064440346	Books	5	1
US	R3190WULRM5KPP	0060392584	Books	5	0
US	R1803L95BBNGXY	1564029654	Books	5	1
US	R3NRH19R9Q9CR1	0393314804	Books	5	0
US	R2M79QXP0XFTF2	0684874350	Books	3	0
US	RP6DYGX09PZIP	0553274503	Books	5	0
US	R1EH9N3XKCF8VI	0060168366	Books	5	2
US	R13XNW8O3L9VAG	0451188470	Books	5	0
US	RDZ28FUZZ94QQ	0345349571	Books	2	10
US	R3TI2J1IMWA3B1	031218087X	Books	5	0
US	R2N4LQ6444P7F	0312853238	Books	5	0
US	RLGKSWQ2PU2HO	0451191153	Books	4	0
US	R1Y2X7XOKXWKPP	0812550706	Books	3	0
US	R2JFAOO3BW6G9R	0440224764	Books	4	0
US	R1YHJK9Z3P4Y86	1560100842	Books	5	1
US	R1PZDWKT6RNHK0	031218087X	Books	5	0
US	R3P5HGNEMNVDAP	044651506X	Books	5	0
US	RDN0CR6SR6X6N	0446604844	Books	1	1
US	R283QOUS6C6PTR	0804102988	Books	4	1
US	RNKS01PC7YP89	1568493207	Books	5	2
US	R380ZWGK7ZAOFY	0345315227	Books	1	0
US	R2J0OUYNILSDNZ	0394800184	Books	5	0
US	R1IXL77YKB56ME	0802130208	Books	5	1
US	RDGB8LBFBZL0O	0517122707	Books	5	0
US	R2JLE7ENYKS52J	0446364495	Books	3	0
US	RPU0J0H437SHR	0684874350	Books	5	0
US	R32K7H89OL4DXG	038542471X	Books	5	0
US	R2JZ9BYKWAXAKY	0802713319	Books	5	0
US	R3IZIAMKB73UP1	0517053616	Books	5	0
US	R2ME0DS7MMU6A1	0679745203	Books	5	1
US	R1D037MCYXPWFT	0812550706	Books	5	0
US	R2CAOH5P6RTKG6	0380973634	Books	4	0
US	R3E06HGL13RRXN	067158037X	Books	5	0
US	R3JLJF9YL9ZR6I	0812550706	Books	5	0
US	R1PCSLWWGOD9BH	0393307050	Books	3	0
US	R1P2044T73AFA9	0345373243	Books	4	0
US	R3TAM5E6RJIW69	0140177396	Books	5	1
US	R2ICR4V8FEBBQS	0714837180	Books	5	4
US	RYQNFV8V0YNLU	0446604844	Books	1	2
US	R2GLG4SF1OA1LC	0451191935	Books	5	0
US	R10XDIG6SXCUS5	1573225517	Books	5	0
US	RBK2MBFIRNMJ	0679746048	Books	5	0
US	RM2CCXFFVQ6B9	0394800389	Books	4	0
US	RZI1TSHQD2QXT	0880381736	Books	5	0
US	R21YBMMKF8CU4L	031218087X	Books	4	0
US	R3OVPCCORNPP3W	0679457313	Books	5	0
US	R3UIQHGPYMRFKM	0517053616	Books	5	2
US	RMZEEKP7OJOTI	0140013997	Books	5	0
US	R2QOO26ZB0R1JU	0440224764	Books	5	0
US	R3QCMYWU6QH6LL	0880389052	Books	5	1
US	R3KGXW41W06NWM	0517053616	Books	5	0
US	R2PYXEH76GBV9G	0679735909	Books	1	9
US	ROKAWIXC1PWGW	0425132153	Books	5	0
US	R1460ZB78WGE5N	0062502182	Books	5	1
US	R1VG75SGK7IS5S	0060392584	Books	5	0
US	R13J2Q0MRQH06G	031218087X	Books	4	0
US	R1PXCAZEL5YHDS	0694515302	Books	4	1
US	R1I5JA7EJZ7H5L	1853715085	Books	5	0
US	RVRT5ESP9FFFE	0688052304	Books	5	0
US	R2JR8XVAHSJCCK	0887306667	Books	5	0
US	R1N7KIZDF4GZE8	1883011159	Books	5	30
US	RVBGBL25YSQJS	0205191584	Books	5	3
US	R3HL6AF490B6SY	0316920045	Books	3	10
US	R10R57BLSZBP49	0399230033	Books	5	1
US	R20E41CDBZAWY7	0684874350	Books	5	0
US	R1HCWNDRAKUT5I	0060392584	Books	4	0
US	R3LEZVXR2K08NC	0679745203	Books	5	0
US	R2YGTVS1X5QRTT	0440224764	Books	5	0
US	R2M5QW0JF1DPQI	0920668372	Books	5	1
US	R23Z2CNB6AJQD8	0517053616	Books	5	2
US	R203QPT8Z8E6HR	0060392584	Books	5	0
US	R2BUNH5OP501W5	0451450523	Books	5	1
US	R1JVQVD34MI5DX	0465068359	Books	3	8
US	RQ3IW9GWZAFB1	0875845851	Books	5	0
US	R20XUYYKPHYGP8	0425129616	Books	3	2
US	ROI72AT9S8HB1	1883011159	Books	5	14
US	R10IEFMTKP2I32	1883011159	Books	5	30
US	R3MALWKVMFADXZ	0440224764	Books	4	0
US	R2SS563KA4K1SX	0446310786	Books	4	0
US	R1YOC2MUL231PO	0140177396	Books	5	0
US	R2QRSW94YMLWGC	0060925000	Books	5	0
US	R3FPLF6VHAIMV9	0345423496	Books	1	0
US	R28MTGBVAKJSW4	0060392584	Books	5	0
US	R3PMH7QYSUB74X	0446310786	Books	5	0
US	R20WD2NMQTU47Y	0061053147	Books	5	3
US	R3MADOMJAJOGDC	0394800389	Books	5	2
US	R3HSY3OSTW0AG7	0205191584	Books	5	1
US	R1X6A813ES95YC	0345350499	Books	5	0
US	R272UOWZWUUI0A	0394800389	Books	5	0
US	RD5PRXPACETCE	031218087X	Books	4	0
US	R3FCAMUQVEIS7M	0670880728	Books	5	0
US	RHFH4WA3HRGES	0679720200	Books	4	0
US	R3V8JFWJ6GDV0P	0465068359	Books	5	5
US	R2QDJU3XID8X4R	0394800389	Books	5	48
US	RYFZ59GZPQ8YS	0441172717	Books	5	0
US	R2RP5TXZ5W3FSW	0451169514	Books	5	0
US	R10VH19K4UOLSF	0385486804	Books	5	0
US	RSACVPBRZ29HV	0195067142	Books	5	0
US	R23WWQG8E48BLN	0441003257	Books	5	0
US	R1TGOWLH2CP1MD	1567312373	Books	4	0
US	R3EZLGIIVMXMFG	0671004107	Books	5	1
US	R27O77VP5UQNLC	0802713319	Books	5	0
US	R1NSV2JUNPVJ94	1563523302	Books	5	7
US	RVHMDU47DDMBI	0060168366	Books	5	5
US	R1BBMZ5RKBZB5X	0517118297	Books	5	126
US	R13A2Q2BC7MN9C	0393316041	Books	5	0
US	R16OQBMLBD2CF2	055321263X	Books	5	1
US	RAWWNYIJ3D5TS	0553214624	Books	5	1
US	R1U8KTDX648H9H	0517118297	Books	5	1
US	R1AYW67H439KA8	0385486804	Books	4	0
US	R2WI9V7CUWVRIX	0684874350	Books	5	0
US	R2AA4PL4121TSI	0374266425	Books	5	0
US	R1YZ0DYPFSSXTE	0694003611	Books	5	0
US	RY6HN1N5PIL8C	0385486804	Books	5	0
US	R2UO8KGG0OU7OE	0440217563	Books	5	1
US	R1INASVL5KABK0	0385486804	Books	4	0
US	R3LB51F5VPMRXT	0385486804	Books	4	0
US	R16CO8IQXI6YWL	0380725398	Books	3	5
US	R3IT6MBQX54LBL	0805241183	Books	5	2
US	R18ZPOYGAY89ZN	0140186395	Books	5	0
US	R1W6A6HOQVCZSI	0385486804	Books	3	2
US	RWGCM8Q2YUH7B	0385485786	Books	4	0
US	RRVLTJGSS127T	0060392584	Books	4	0
US	RE9WKYH0AXCJJ	0385486804	Books	4	0
US	R1T6XDX5IIC3YI	0195067142	Books	4	18
US	R1YVDRGOYDG2VG	0553328255	Books	5	0
US	R1SXB3KOSI49EZ	0930289234	Books	5	2
US	R2ESKV3BBSMFIN	0887307396	Books	5	0
US	R1OSDEAWE4NSMV	0425107469	Books	5	0
US	R31YFFIEVJU75X	0843178140	Books	5	11
US	R2ZLO5V6L3Q9G6	1567312373	Books	5	0
US	R3GTVHMBZOTBQ1	0606045740	Books	5	1
US	R1WBOQTSLVYOLL	0380002930	Books	5	0
US	ROOWBV50VWBLD	0064471837	Books	4	0
US	R3R1N60CAMIRQG	0786108673	Books	5	0
US	R282HBU0F27WYO	0723244049	Books	5	5
US	R19ULATPOW8W5P	0553573403	Books	5	0
US	RNU1RXZ61FMK8	0385472951	Books	5	0
US	R31KBWRRK46QP2	0517118297	Books	5	1
US	R20W5Q9V1NN77S	156511129X	Books	3	6
US	R3CHHXUNWGL25E	0517118297	Books	5	3
US	RXVPNB7MDPMLA	0061002747	Books	5	0
US	R21DTVLPCU4UT4	0399142851	Books	1	2
US	R2VQQYT5P0PZI4	0316920045	Books	5	1
US	R10TLZWIFHEOLZ	0553573403	Books	5	0
US	R2FYMQVMFDM37R	0316153834	Books	5	0
US	R2USO6IONJ429M	0684833395	Books	5	0
US	RMMA0CIRBW346	0553278223	Books	2	1
US	R37M0H3ZB9XG5V	0312962118	Books	5	0
US	R1DCPJLB7DQNJI	088708026X	Books	4	1
US	R3IOUD9IPR8N2U	0140072187	Books	5	1
US	RH93HWYQAPLO2	0887306667	Books	3	1
US	RUOTDMBEVO0AO	0151003084	Books	5	0
US	R3AXG2JQDR3MOY	0385472951	Books	3	0
US	R3V1Z10RYWJRGH	0517591812	Books	2	4
US	R1D4XOMRD51XQ7	0451191153	Books	5	0
US	R3IJ3BP2X1MY7Z	0517118297	Books	5	15
US	R1BLZ2OIOPVSVR	0151001820	Books	3	0
US	RWBW4OML7YDI3	0679457313	Books	4	0
US	R5H48UYAFWGN3	0440211727	Books	2	2
US	R8B1GX7KVVU5	0425156842	Books	4	0
US	R2CP3EL5NSOX52	0395645662	Books	4	0
US	R3VBYMBDFNAAG	0679735909	Books	4	1
US	R36MTZQ69PCZ40	006109594X	Books	4	1
US	R324KZCD5BC5SY	0273617109	Books	4	2
US	R2QXKHH9N50CX7	0688062334	Books	5	0
US	R2ATDONHVPK6LX	006017322X	Books	5	0
US	RAL7ICLUU0AH5	0517118297	Books	5	5
US	R2V5JHZ8XO427X	1556154844	Books	5	1
US	R1GW4ELUG8W8L3	0670880728	Books	5	1
US	RZ6YM45H5592L	0670880728	Books	5	0
US	RQTO5OLCMLV51	0688002307	Books	1	35
US	R1OJSGY38I791Z	0684833395	Books	5	0
US	R1776FN7P3UHGS	1558216847	Books	5	0
US	R20YL77PMW6N79	0812550706	Books	4	0
US	R29FPBX0QA02K5	0553208845	Books	1	6
US	R2NHNZXYFDOTE8	0345389409	Books	2	0
US	R1PQOSE657R1D9	0805241183	Books	5	3
US	R38G6UQFY6CFKX	0876855575	Books	4	0
US	RH9G2XQCQ44J8	0140177396	Books	5	0
US	R3IKWML7BQZNPB	0451167716	Books	5	0
US	RLM5O6N4WI2IR	0679437223	Books	5	0
US	RQWO2PF45ISMD	0679457313	Books	3	0
US	RQQCCKQ7XARJU	031218087X	Books	5	0
US	R2ACMCZ86O2KB3	0553278355	Books	5	1
US	R3QGU4JIZKP59H	0679441018	Books	4	0
US	RWTGGXT4R9JWN	0399128964	Books	5	0
US	R18KS0XXOSEGH6	0312932081	Books	5	0
US	R2DG8WP2INOL2J	0316545856	Books	5	2
US	R3IQYD368YAM8P	0553274503	Books	5	0
US	R22PKDIZ9WABX5	0064431789	Books	5	1
US	R2WWFYFZ67ILWF	0517118297	Books	5	11
US	R1CC3EOG0MHDTE	1568494157	Books	5	0
US	R3V1S80GAUVVCQ	0393038912	Books	5	0
US	R1F3NR5Y4GWUKX	006016848X	Books	1	22
US	R16JD81MKPDL76	1573225517	Books	4	0
US	RMOOVWJ2IVS2	0446310786	Books	5	0
US	R3CGG4DUJRDXPH	0679457313	Books	3	0
US	R3JPZUGNOF6K1U	038097617X	Books	4	0
US	R5UZXMD4HLCC3	0440219078	Books	5	0
US	RX9UEZ1GE2H4E	0684800713	Books	5	0
US	R31ZGH7C70TZ06	0440214041	Books	3	0
US	R1UA3VPC3S2S9H	0896760839	Books	5	7
US	R25SXOEHWSN5U8	006091307X	Books	4	5
US	R208ILGLK51JXK	0060392584	Books	4	0
US	R24Z0I8YYIG2JK	0060916540	Books	5	0
US	R3757KPKX6GVL2	0553573403	Books	5	0
US	R1JQI0TQQW7GRR	0060263857	Books	5	0
US	R2HBB2F75W7ABL	0440224764	Books	3	0
US	R3PR7H8VPBL5DX	0552131067	Books	5	0
US	R1VXQO6YXIVIV7	0425107469	Books	5	0
US	R5XMCJT8HSI9W	0440219078	Books	5	0
US	R1XBEXZELPS7AB	1563523302	Books	5	1
US	RU0V6MWOZVS78	0201633612	Books	5	0
US	R3N4ZQLETIYST4	0002171856	Books	5	3
US	RDP82NZGS2FKS	0440180295	Books	4	0
US	RF5CB8EDEGZPQ	0802713319	Books	5	0
US	R1R51ZJL0TZPSU	0394810112	Books	5	0
US	R3DB5UOR8GDV0B	0345423496	Books	2	0
US	R3QGGINE457V4U	0380018179	Books	5	0
US	R2G6ISRS1ZL5LJ	1558216340	Books	4	0
US	R182RWD5PTRFGF	0060916540	Books	5	1
US	R1AU5W7W9YS2DX	0061002747	Books	5	0
US	R3LWN6R4MXIT7G	1563523302	Books	3	0
US	R3LFVYZETIDK5P	0440219078	Books	4	14
US	R31VEQN4KUHWL1	0374119171	Books	5	3
US	RHII1MUL4HMSD	0060168366	Books	1	8
US	R4UYIX0I51DVU	0440224764	Books	5	0
US	R3BBXS179T95RP	044651506X	Books	5	0
US	R9K9G0JPOAQDD	1561387053	Books	3	2
US	R3VDWZEBPKR8Q3	055321277X	Books	3	0
US	R2R21B2MYB383B	0679457313	Books	2	0
US	R3PUJJJMKUJD2S	0385484518	Books	5	0
US	R3PMYB7ATLZMWF	0441172717	Books	5	0
US	R2778IJ9CQMBTS	0553573403	Books	4	0
US	R2G8FODE9YYDUK	0684874350	Books	2	0
US	R1KQSMO7A2ZBEQ	0385484518	Books	1	9
US	R19QQHW2D9FB1U	0425156842	Books	4	0
US	R3EH8YG9QTS0T0	0679446230	Books	4	1
US	R1LOX499G6FY9N	0679457313	Books	5	0
US	R23MFC2A11H8WJ	0380002930	Books	5	0
US	R30CFC09S2DQUY	0312952813	Books	5	1
US	R3AJOOXVGOO9DZ	0804106304	Books	5	0
US	R1C8FOFMN9O0RC	0812550706	Books	5	0
US	R276TWMX1S3YWD	1573225517	Books	5	0
US	R3EAC1TXN2BP61	0684135051	Books	4	4
US	R3O86B4MMXQ77H	0887307876	Books	5	0
US	R25H78CHGPGF2R	0393038912	Books	5	1
US	R3IZ9F66WFLD2E	038097617X	Books	4	0
US	R1JKZ0PXBVBRY6	0553278355	Books	5	0
US	R2WOWTC6RZMO5Y	0151001820	Books	2	1
US	R13910RALK2OJQ	0451191935	Books	5	0
US	RL78JQ6E9A6HA	0064400557	Books	5	0
US	R3H9QDY0H2S7KI	0399128964	Books	5	1
US	R38HJQF569WWQ5	0156907399	Books	5	0
US	R2MKF23MC9495O	0890090572	Books	5	6
US	RZ6SQEPYEDSUJ	0345349571	Books	5	3
US	R19KS3EPMGB1JR	0723236186	Books	4	17
US	R1CBV6PH4CDGA6	044022165X	Books	4	0
US	R26B3AJ0XG2ELZ	0899661351	Books	4	2
US	R1NF8BR55K7ZF4	0553108034	Books	5	0
US	RVRDRHKDDJ53R	0553108034	Books	5	0
US	R2V9JAPXKTPIE5	0671004107	Books	5	1
US	R31BKAC0OVZYGZ	0694517992	Books	1	2
US	R3AMGF6SVJD61V	1563523302	Books	4	6
US	R9X76EZIK0HLO	0156528207	Books	5	31
US	RAH4DNNJ7CE09	0446310786	Books	5	0
US	R2Q2AQ0RGWQM9B	0553284347	Books	5	4
US	R2CE790D6CFT38	0399128964	Books	5	0
US	R2F8UGZ6LQ11VY	0451191153	Books	4	0
US	R3D3J5HCAB2WKX	0060392584	Books	5	0
US	RLC4VZH8Y30SV	0394810112	Books	3	0
US	R2TW1DO01WU21P	0887306667	Books	4	0
US	R3CN56H3G5YCNI	0345409671	Books	2	0
US	R2WFW1NJ7MPZT3	1568491581	Books	5	5
US	R2UVQJTZFYABA1	0684874350	Books	5	0
US	R27AYU5NYWZS0D	0060168366	Books	4	1
US	R3QSNKUD748MV5	031218087X	Books	5	0
US	R3UI6LKOJBRH9B	0679457313	Books	4	5
US	R202014LL6CZYT	0140187650	Books	5	9
US	R9LF77XULCUB1	0517122707	Books	5	0
US	R14WY7E075C940	0440224764	Books	4	0
US	R22WUSSM16IXDZ	0679731725	Books	4	12
US	R1EA6TR90QQW0F	1574530011	Books	4	0
US	R2PX4LCLTNM5UF	0060392584	Books	5	0
US	R1LX3S19MPIUFS	0679416781	Books	5	0
US	RIKV0OQX47TY	0451191153	Books	1	1
US	R16QMLNITCOZ6V	0812550757	Books	5	0
US	R2WPVRQTL3OWGO	0060168366	Books	4	0
US	R34A9BYW47AK98	0030839939	Books	4	10
US	R2F4MV62D3X1YE	0385486804	Books	4	0
US	R18KPF6X22AQL1	0060392584	Books	5	0
US	R1RYMBFV7VGQ5L	0316518565	Books	3	0
US	R1RRESG54WANA2	1573225517	Books	4	0
US	R3PRMKT3FA98R4	0684800713	Books	5	1
US	R3RXUAVD4QY6AT	031218087X	Books	5	0
US	R3HXNEPQTQZW0D	0452277752	Books	5	0
US	R23HLZHWKZAKRZ	1573225517	Books	5	0
US	R3R8GHQD6P7JD4	0606118144	Books	5	0
US	R3ET8SMQMOUQZH	0679416781	Books	5	1
US	R3Q01UU0UZY3GH	1563890119	Books	5	0
US	R2FN8C4WLB2CQR	0449002632	Books	4	0
US	RHZ7T8369BRUN	0385484518	Books	5	0
US	R3PSQRJH5BB3B0	0060920432	Books	5	56
US	R2WOSI8KHZSUK	0451169514	Books	5	0
US	R3T6Z75OHQABD	0880381736	Books	5	0
US	R2VW320BW5O3LD	0792722264	Books	4	0
US	R6JM9SROJUGLP	0141301074	Books	5	0
US	R2JZMIDJPA4RG0	0670880728	Books	5	0
US	R1DG7U1C3KUG0O	0345347951	Books	5	0
US	R2I91KI556LOZW	0395645662	Books	5	0
US	R67VP6N7TILY	0312853238	Books	5	0
US	R334ICZZ08W0P5	0884271536	Books	2	2
US	R1II6OTRWW31HN	0684874350	Books	5	0
US	R11MG6XKJTRJ8	0425074811	Books	4	1
US	R36M7HBFHWWH1K	0684135051	Books	5	1
US	R2R5VEJ4CK1XH8	0060920084	Books	5	0
US	R1JDFZBBRRXHQ5	0375701427	Books	2	3
US	R3SIRGCL8237XR	0451191153	Books	5	0
US	R28BRG3BK3SH7M	068484267X	Books	5	0
US	R3TGWWWMBIHSPU	0060263857	Books	5	0
US	RPO66BD7TP78F	0887307396	Books	5	0
US	RFUEBCJSDOC3X	0553212478	Books	5	2
US	R2DHAL97IEQMU	006017322X	Books	5	0
US	R1UG88YSCOVSCC	0345315227	Books	4	0
US	R3SLRSKLJD9JGV	0899662439	Books	5	0
US	R246RQLMN46X5W	006017322X	Books	5	0
US	R2WA3FZ5PASPCQ	044022165X	Books	5	0
US	R2SC7HU8CR76H	0670824399	Books	5	0
US	R1ZVC7NFNQEAC1	0553108034	Books	5	1
US	R3NVWBPKZQR34N	0892563508	Books	5	2
US	R3RYNKLEK76TM1	0425107469	Books	5	0
US	R20K4TWKP1ET9W	1567312373	Books	5	0
US	R1VSPIFVXRBL2K	0812523369	Books	5	0
US	R25OXKW3I0ITWD	0553573403	Books	5	0
US	R3VKEB2PZ7JYX	0671004107	Books	5	2
US	R1C2XMCGW5F08L	0964385619	Books	4	0
US	R29SE3DT9227N2	0380973634	Books	5	0
US	R1ZC9ST93VWP6I	0446605409	Books	4	0
US	R2V16892HRRNAA	156511129X	Books	5	1
US	R2TGU4YE4RUC1	0553573403	Books	5	0
US	R22WGMU79R3VTB	0465068359	Books	5	4
US	R1EAE1FG9ATAZ9	0394818237	Books	5	2
US	R1Y08LILGJFK0K	0515123447	Books	5	2
US	RBGM7QHUH079F	0385484518	Books	3	0
US	R2MSRGAWOXK1NF	0812034465	Books	5	1
US	R2C1S3UULV1A9Z	1573225517	Books	5	0
US	R3SVAI4RZZU28S	0307155102	Books	5	0
US	R2FIEPKMBO0MQC	0451169514	Books	5	0
US	R15XYEPQEJE50H	0312958455	Books	4	0
US	RE6R40WNO5SXD	0553108034	Books	5	1
US	R3T6W8JP0Q2MLE	0671004611	Books	1	19
US	RAFAANTI25WJ6	0694003611	Books	5	0
US	R17CT2WYURD99L	0440117658	Books	4	0
US	R2KDGBVBEC8M2W	0446604844	Books	3	1
US	R3P8PMFTT6FH2S	0140187650	Books	5	16
US	RYM16LOFKI0M7	0380002930	Books	5	0
US	R3IMO7U1IZAC18	0446604844	Books	1	1
US	R2XBXT9W78R84I	0140379851	Books	5	0
US	RMYMWTS397JS6	0307155102	Books	5	72
US	R2AU22EB6BYDM8	0312954468	Books	5	0
US	R16SHX4ZXHCJWG	0812550706	Books	5	0
US	R14HXWQJT24UON	0307155102	Books	5	10
US	R1VSGYRG2VYB6U	0399230033	Books	5	0
US	R1YMM6U7EMTV7I	0964385619	Books	5	1
US	R21IAU2O9ZXDHO	0345389409	Books	4	0
US	R26ZXW5741DNCQ	0385121679	Books	5	0
US	R14Q7WG5VY087R	0385472951	Books	5	1
US	R9CX8VSTHXRNV	0385311400	Books	4	0
US	R1TOUZRCWPZSN2	068483605X	Books	5	0
US	R25C2OQU9OX7FO	0380002930	Books	5	0
US	R2QMRMGS0JFM9E	0061008079	Books	5	1
US	R1I0VI9UWUTT3E	0679457313	Books	4	0
US	R2EOS84RHBOTEA	0880381736	Books	5	0
US	R268VXO5ZCUWQ0	0312962118	Books	1	1
US	RATSSTFGN2P5O	0440224764	Books	4	0
US	R16Y7C0FDGUSQU	0399128964	Books	3	2
US	RK81GXDXCYEAF	0786209631	Books	2	0
US	R1N5NDWN41WJF8	0679731725	Books	5	2
US	R3LER58Y0HLQBN	0465068359	Books	5	2
US	R5EXJOEEO1JCN	0307155102	Books	4	0
US	R3PA5L9YTVZCD9	0380002930	Books	5	0
US	R3QYJN72JVXI04	0679720200	Books	5	0
US	RT8F3NE8BX6H6	1570424632	Books	3	0
US	REM96Y9E9QF0W	1567312373	Books	5	1
US	R36V3TA3VNTU7N	0399128964	Books	5	0
US	R3P2D6EIXPWJD	0671004107	Books	5	1
US	R3PTBVUKB12K70	0440111498	Books	5	0
US	R3FH2F5ZVXNB57	0345350499	Books	5	0
US	R3EZGT3OFR0YJU	0060235152	Books	5	1
US	RN7O2LWNN8ASH	0451169514	Books	5	0
US	RXR4D05T451V7	0201633612	Books	5	0
US	R6N894S1SN5JX	0027164403	Books	5	1
US	R2DOZREQ9AVS9J	0553108034	Books	5	0
US	R2OLPMUTNGZK86	0385421982	Books	1	12
US	R163MERTU9YS54	0395754100	Books	5	3
US	R1SLCVHXC43906	0517122707	Books	4	0
US	R10D4W6FDDWM1J	0694518018	Books	1	18
US	RITFM32TM1CIN	0606030573	Books	5	0
US	RKZFZ76EWBUAZ	0395645662	Books	5	0
US	R2VP4JEH7PTIWT	0684874350	Books	5	0
US	R1OAPP5JV8PIGE	0440224764	Books	5	0
US	R1ROR5D4EM48AD	0425156842	Books	5	1
US	R1N88DOIPEAX1S	0440224764	Books	5	0
US	R380QXPKIN6FEW	0465068359	Books	3	10
US	RPG3FTI9SLMKX	0140042520	Books	5	0
US	R1WE4RWQWEF0EO	0872860175	Books	5	0
US	R25TQSSQG5L4Z5	0679434194	Books	5	0
US	RJI4SVPY6IJ32	0060926317	Books	1	0
US	R2C1E49WWFYYFK	0345350499	Books	5	0
US	R347J7C8TXX9RF	0399134204	Books	1	50
US	R2CZQ3Y29Y5451	0679720200	Books	5	0
US	R270NJ762RBQ89	1567184855	Books	5	0
US	R17CVFLLK53HHS	0307010856	Books	5	1
US	R2Q144MP3DQRI5	0517543052	Books	2	10
US	RKKMJQ1HEKX3J	0553277472	Books	4	3
US	R3CUAR6RBBG9YC	0440224764	Books	4	0
US	R192MCYWWKSJ3C	0875845851	Books	5	10
US	R2KGTINKE67ED1	0446604844	Books	5	0
US	R5N3FPRRUOVNR	0440217563	Books	4	0
US	R231QPIVLAZD6E	0679882820	Books	5	2
US	R3H5R2W57EGGM8	0684803356	Books	4	0
US	R3HOU2W2QY92RH	0515123447	Books	5	0
US	R22P6HI8K3PPNF	0671004107	Books	5	1
US	R3P26Q94GLQ99E	0395645662	Books	5	0
US	RVQGUNYNA0D5P	067144901X	Books	5	0
US	R120ZHNH9K1A9Y	0449002632	Books	5	0
US	R2Y5NH70SCK327	0679731377	Books	5	0
US	R1GAJDADT974EO	0393038912	Books	3	1
US	R2WBUYMYDF805	0446604844	Books	4	0
US	R3EODDGXQ102KO	0880381736	Books	5	0
US	R3C40I1L1TSQ6Y	0440131480	Books	5	0
US	R1KW3GZDVM5KXX	0679442790	Books	5	1
US	RNEISZJXCF09R	1558216847	Books	1	10
US	R17AJCNW6M27LE	0451452739	Books	5	3
US	RIRYSYPDHHQ9	0684874350	Books	5	0
US	R3K2XUJEG8WH9R	0198534477	Books	5	10
US	R3SW4UYE6ZD5YW	044651506X	Books	4	0
US	R16OXLT6RA74I7	0812550757	Books	5	0
US	R11E4YE6QOJPKC	031286504X	Books	5	0
US	RWA9C7CBOMC8I	0394492196	Books	5	1
US	R1PEQBMGJ7VY2C	0060801263	Books	5	1
US	R2PNNSJRAYNWG4	0380002930	Books	5	0
US	R3C0D3B6CGFO3K	0060801263	Books	5	1
US	R366KPWGY34GLP	006016848X	Books	5	1
US	RLD3VQWFRXDDN	0898159156	Books	5	1
US	R3MY5GHRE73CVK	0060925000	Books	5	2
US	R1YSF9AMMBX3RY	0812548094	Books	2	0
US	RV22PS7EPZOWD	0553378384	Books	5	33
US	R15BBWD3OL3RE2	0899663036	Books	5	0
US	R3GC0MNDY2S95A	0375701427	Books	5	1
US	R69J4ACBGM35C	0804106304	Books	1	15
US	R35Z9415HW0WZ9	0385311400	Books	2	13
US	R174AJ0HFKRJ8O	0679736646	Books	5	0
US	RIH9M5H1Y5GC9	0684874350	Books	5	0
US	R34NFRL41WKROV	0060392584	Books	5	0
US	RCKII9SWWV6B3	0684833395	Books	5	1
US	RXJET5SFKL2YT	0060392584	Books	5	0
US	R3DFGSKFB8AOGS	031218087X	Books	4	0
US	R1J26PBVZORJK8	0451163486	Books	5	1
US	R3AVI98XISPEY2	0553108034	Books	5	0
US	R2MZFCYR1HNLA2	1853260002	Books	5	0
US	R1CKUGX9LARMWQ	0465068359	Books	5	3
US	R3MX4B4FK0SNL9	0060174900	Books	5	0
US	R3PDOPVE5UAOHH	0380713802	Books	5	0
US	R3N2YFFVB2O69O	0684874350	Books	5	0
US	R2MYVXY6YMY3WK	0684874350	Books	4	0
US	R3TSXFKPLE9SFN	0449227421	Books	2	4
US	R1ZPDOGH7HQ9R4	0399128964	Books	5	8
US	R1GM0DV1ZNAEWB	0399128964	Books	1	4
US	R3EXK8R78C8ESZ	0395860210	Books	4	1
US	R29CEKBCQ7V5LY	0684874350	Books	5	0
US	RFNFCHEEEL8NS	0345403959	Books	5	0
US	R3UV9RLP5HAHN7	0671004107	Books	3	6
US	R1WR0EIM393B5J	044651506X	Books	5	0
US	R2OQ034DELIDMD	0385474547	Books	4	0
US	R3JM17N25EQEB8	1563523302	Books	3	0
US	RFUD0OYYZ04HF	0375701427	Books	5	2
US	R24EBS0L062DYF	1565111702	Books	5	2
US	R37FATACXRKDOS	1567184855	Books	5	0
US	R1HR5JMLKA7QFA	1573225517	Books	5	1
US	RRP0DPSVM0SL	0670880728	Books	4	0
US	R2XSWKUDFV1Z4C	0440178002	Books	5	0
US	R165KJZOELBUT4	031218087X	Books	5	0
US	R1WXGHZD77N8DR	0440131480	Books	5	1
US	RUG8T3561LWBG	0201633612	Books	5	1
US	R23FNMAK39SL15	0465068359	Books	4	3
US	RZXA9D0LYKIR8	044651506X	Books	5	0
US	R3M508WZKA1KKK	0679420401	Books	5	0
US	R2MUON302OHSQ2	0553573403	Books	5	0
US	R33LS8MPUG22Y0	0312932081	Books	5	0
US	R2SVWBWEOI3NWH	0679720200	Books	5	1
US	R2CPUM8M76OV4F	0345350499	Books	5	0
US	RN2K6USEDS8JU	0451167716	Books	5	0
US	R2BVX6SVP9XSHD	0446605409	Books	4	0
US	R3GO9DQU88G274	0312932081	Books	5	0
US	RXUNN7K5VXJSR	0441172717	Books	5	0
US	R29K1BWMHSK7CS	0679410503	Books	5	0
US	RB1ELOZK49DNV	0684874350	Books	5	0
US	R3J8TVVGSPWX3P	0312932081	Books	5	0
US	R3H2YU1S79EYAI	0517122707	Books	5	2
US	R1OOBQS7DECLF9	0385484518	Books	5	0
US	R3P33C2QS9CR1I	0440217563	Books	5	1
US	R1B9Z2D7C4I7NV	0380973634	Books	4	0
US	RLDC0712HM2O0	0312937385	Books	3	1
US	RRZAISUXW3K9D	0151001820	Books	3	0
US	RUUSTQ3FSFI1V	044651506X	Books	5	1
US	R3A0G4MG3JVTX6	0684833395	Books	5	0
US	R2VQ1BPOZNFWI5	0425152251	Books	4	0
US	RAG6H0MZGIKEY	0684823454	Books	5	6
US	R6DPI4I612SLV	006016848X	Books	5	0
US	R1B0B3KYM9CWOP	0880389052	Books	5	1
US	R3FCZVHSMVZ997	067942850X	Books	5	0
US	R1SX1PD691IVI8	0385491026	Books	5	2
US	RV06QFPWFWWPH	0399128964	Books	1	3
US	RZLDAKKCBUNXW	0345403959	Books	5	0
US	R2W93KJ92N4BP3	0553347845	Books	5	5
US	R2I03Z876ZP6O8	0440111498	Books	5	0
US	R2UQ6J8J2F6O2O	0060801263	Books	5	0
US	R1WFK9VZH9AN5E	1573221023	Books	5	0
US	R2ETQZEJF4OQ2W	0393038912	Books	5	0
US	RWZCVND2R0URP	0451169514	Books	5	0
US	R3RGS3GV6L77W3	0679735259	Books	5	0
US	R2BKKYT9BJI21M	0345350499	Books	5	0
US	R1TTZRJEJHJNA9	0679721037	Books	5	0
US	R3QYL735X8GXLL	0385473788	Books	5	0
US	R30DFZ0NMA5A23	0671004611	Books	1	2
US	R1FOTEKQCJZYAD	0345347951	Books	4	0
US	RW6RBXAXH7LJA	0393316041	Books	5	0
US	R3SGE7W9L491F6	0553573403	Books	4	0
US	R2WDP1WS2YIT73	0670880728	Books	5	0
US	R2352IPDE15BMD	0887307280	Books	5	8
US	R3L9WNHJNRQYTG	0345389409	Books	2	0
US	R23DYKGBPEPBFQ	0385486804	Books	4	0
US	R29LMQPI7KS4Z6	0553108034	Books	5	0
US	R2THD89KJS5U3H	0812550706	Books	5	0
US	R1MUXOS1PENWVT	1558216340	Books	5	0
US	R28EPW6ILJWSZC	0446310786	Books	5	1
US	R2ER1C2PZXE8NQ	0380715430	Books	5	2
US	RB5BIFSR4JZXT	0440224764	Books	5	0
US	R24T9MIYJ6AWL3	0679445099	Books	5	3
US	RO477YDBXB9W4	0515123447	Books	4	1
US	R2M903M71QDEAM	0679720200	Books	3	1
US	R3JNIET5UUBB5O	0385491026	Books	3	0
US	R3ABP016S9YW4	044651506X	Books	5	1
US	RUMGVR3OXUML4	0875428940	Books	5	3
US	R15WPMZJ6IFDBG	0446364495	Books	1	6
US	R3MXKET0I6FA3S	0446605409	Books	2	5
US	R13UD1XPO7654U	0345350499	Books	5	0
US	R23AA7A2R6XLZ5	0136879721	Books	5	8
US	R3N2E8F5GX88RK	0553288105	Books	4	0
US	R1F7EHPNJQP84C	0671004611	Books	3	2
US	R3O0APATKTQ89H	0553573411	Books	4	0
US	R1PZHEY46I6BS8	0812550706	Books	5	0
US	R2XZ64IBNGME8M	044651506X	Books	3	0
US	R3JBDHCGBU2BFV	0440224764	Books	4	0
US	R2WS23H2QPOV1U	0385484518	Books	4	1
US	R1CRCCTRHE7K3L	0887306667	Books	4	0
US	R2L7VGQ7MXH426	0887307280	Books	5	0
US	R3AV8XI47GA38T	0930289528	Books	5	6
US	R2PPQACAVHBB5U	1573226521	Books	5	0
US	RM91IKO1RM9HJ	0553108034	Books	4	0
US	RPBX4MSQ3RMI4	0517122707	Books	5	0
US	R22H96F5R7W0MJ	0671001256	Books	5	1
US	RLSSQWHU57C86	0451452739	Books	5	0
US	R2N1TJPLCYEVSD	0451167716	Books	5	0
US	RQ0ZCOR676CRH	0553278355	Books	5	0
US	R369I98Z9BVYL9	0684874350	Books	5	0
US	RMTUFZ8GWCAKU	0446310786	Books	5	2
US	R2IJ6AJFRLJC6D	0140013997	Books	5	1
US	R2RM42IGWW447F	0060977493	Books	5	0
US	R36IF7FUUINH3A	0385484518	Books	5	5
US	R1NWPKZ1X95K04	1573225517	Books	5	0
US	RUYV8O069MZMM	0060392584	Books	5	1
US	R3USQ1X4XP0055	1556154844	Books	5	28
US	RW7DO4RQ848AD	067158037X	Books	5	0
US	R1B4ELFUZL8YR9	067158037X	Books	5	0
US	R387M946A8140C	0440111498	Books	5	388
US	R3139C8DQHXOXL	0140177396	Books	5	0
US	R1248GKAWOH3DK	0441172717	Books	5	0
US	RJ0KQHKD9AL1H	031286504X	Books	3	4
US	R2KQIVTP8DC4YF	0517053616	Books	5	1
US	R2ZF6JXD1VIA5D	067158037X	Books	5	0
US	RKL1QSZ5C4BZ6	0380799006	Books	5	2
US	R3YQCWXKV9G6A	0812548094	Books	5	0
US	R2XUWKLNLUJ2J9	0553213105	Books	5	0
US	R2ATXZAO20HUSU	0061002747	Books	5	0
US	R18LGB532B33W4	0670880728	Books	5	0
US	R1MBWHK44T5Z5O	0385484518	Books	5	0
US	R3KU9LQH6UNJKV	0465068359	Books	5	5
US	R356Z3LUKNDNF0	0679442790	Books	5	0
US	R3RN0EII4NM5JV	0515123447	Books	5	14
US	R29IPAZCVJ74OO	0571179924	Books	5	0
US	R17P9U4TYEW8NL	0670880728	Books	5	0
US	R38Q9MEFUYAV44	0385484518	Books	5	0
US	R3O1WS2RCBTK7U	0446604844	Books	3	0
US	R2V38E1NUISYY2	0385472951	Books	5	0
US	R2KRS4ESPUHV06	0060975768	Books	5	14
US	R362KUW77Y315S	0812034430	Books	5	1
US	R1KC9D4FD8B1PZ	0312954468	Books	4	0
US	R361QX6E2FECDS	0345350499	Books	5	0
US	R3YYW5EQCVT00	0446604844	Books	5	0
US	RQ33GR6YLBKVS	0345315227	Books	2	0
US	RVNG06P2DO6XE	0151001820	Books	4	0
US	RKPIJ0C1GZG6M	0449227421	Books	4	0
US	R3D6XVOSQWG0EZ	0684874350	Books	4	0
US	R10VBCR2NCNZWQ	038097617X	Books	5	0
US	R25BSEE8QAUATU	0131103628	Books	2	6
US	R2UKHNT821T8FP	0446605409	Books	2	2
US	RCNKXM1EFHTT2	0670880728	Books	5	0
US	R2NE99GFYSDMN5	0679457313	Books	5	0
US	R30OM1TDSL0E01	0425132153	Books	5	0
US	R27QZX5OCS9RF	0345403959	Books	5	0
US	R2EK1T7EDDB0DL	1567312373	Books	5	0
US	RASO992LKN1E9	1573226521	Books	1	2
US	R6Q96GZE05ONN	0446604844	Books	2	0
US	R1IIBSRAQW0QU2	0201633612	Books	5	0
US	RY3XMFLHGPHUW	060612439X	Books	5	0
US	R3R7FMV7XVPS03	1559723505	Books	5	4
US	R3401I0VHPJMHK	0399128964	Books	5	0
US	RJ6XGM3D1CINA	0345423496	Books	4	0
US	RYADPB9T69OAG	0688152023	Books	5	10
US	R1NB4L9SGGFFN5	0553266306	Books	5	0
US	R1U15WWEVS6HKU	0517591812	Books	2	7
US	R13MSKRMWL0CK8	0060977493	Books	5	0
US	R2ADY7H3A2G7T4	031218087X	Books	3	0
US	RA6LIE5V6IPD3	1568495110	Books	5	0
US	R90ODIOKO91C9	0446605409	Books	3	0
US	R1I4ERUB8DBALZ	0452277752	Books	4	0
US	R2KYJNP1UKUE7X	0716703440	Books	4	3
US	R3B5QCI8HV6I9W	0812550706	Books	5	0
US	R3A7J1241UQ1BF	0393316041	Books	5	0
US	R1TCU99KS27XX8	0345363132	Books	5	8
US	R2VUVHEXEUMGR1	0451160916	Books	5	0
US	RWUL0W8H0ND4B	0684874350	Books	5	0
US	R3QB8PYMV4AYPA	0812035062	Books	5	1
US	R1MBGJAT3DPWP6	0152163220	Books	5	7
US	R13KDLPC5KNAZ	0440111498	Books	5	0
US	RQ1OXCW7PJK3S	0385255853	Books	5	0
US	R20NMRECRIJHKO	0786860707	Books	5	2
US	R2N0RNLDO5ZNVS	006016848X	Books	2	5
US	RCE76XYIQ969Y	0553062182	Books	5	5
US	R2KVECQVZC5M7K	0606017526	Books	5	0
US	R2FVWEESLLNO2O	0525244581	Books	5	1
US	R1CD2CE5VNRUVT	0452273331	Books	5	1
US	R2HHE2DHUWUQPX	0060977493	Books	4	0
US	RRZ0YPV5OC4QF	0380002930	Books	5	0
US	R1HCE8BCHO4EYU	0385472951	Books	5	0
US	R1138Y9H9WXDYD	0060920084	Books	1	8
US	R2CY09RPCTJQE4	0345423496	Books	2	0
US	RDU65MONDROCJ	0425152251	Books	4	0
US	R3PPCV25SM4GHM	089845915X	Books	5	1
US	R3VNARR20PPGDR	0380002930	Books	5	0
US	R4G7QDTKNDOKP	068480025X	Books	5	5
US	R3Q6RBSQ0ZA3I9	0807106577	Books	5	7
US	RDGBJRSKR11KP	0684874350	Books	5	0
US	R3LSH4TDNWY5Z7	0062502182	Books	5	1
US	RWWNRM6GQ3HH6	0517548232	Books	5	1
US	R2D601JFLOGNY	0694515159	Books	3	0
US	RQAUN7003LGXJ	0151001820	Books	2	1
US	R2QAVDNRM5LWLG	0345389409	Books	5	1
US	R255F9MSB7H6A6	0399128964	Books	5	0
US	R3TTPPR8DYBRP2	0884271536	Books	4	0
US	R2Q67VZHEGIYQI	006091307X	Books	4	7
US	R27KYF4CQKI529	0440539811	Books	4	1
US	R1ER5LXWLAT4SA	0930289455	Books	5	2
US	R1UNIRFOEELCQ7	0425129586	Books	5	0
US	R1N1CKDR7Q1WTE	0060920084	Books	5	1
US	RF7Y82MRKJPM	0465068359	Books	5	11
US	R1DIYQ5SK9GBT7	0440539811	Books	5	1
US	R14XEFQTHJEDCF	0060801263	Books	5	8
US	RNUH6A09BZPMH	006017322X	Books	5	1
US	R3ILCRBJGE540U	0553573411	Books	5	0
US	RRSDG8W9VZ9D8	0385470819	Books	5	0
US	R22RIL11CGHEN1	0517122707	Books	5	0
US	R1UIU7ECD5JDG6	0684830485	Books	3	2
US	RAZVLUK3KRR1M	0060977493	Books	1	5
US	R2IXTX36N7EQ5I	0684833395	Books	5	0
US	R216QWISKLNXOZ	0446605409	Books	1	2
US	R1C7KFT5MDJBQ2	0783880812	Books	5	12
US	R1VUCOMM800WAN	0060977493	Books	5	0
US	R3VAGQVNECE9OY	0671646788	Books	5	1
US	R2XKVNYSHYW333	0385484518	Books	5	0
US	RGOOH68LDFD76	031218087X	Books	3	23
US	R5ND971QYRFU4	0891903313	Books	5	0
US	R32BSE8SR9OE36	0553296981	Books	5	0
US	R2T47QY9I5QN4J	0385484518	Books	5	0
US	R2DDMS8477XZ18	0893860220	Books	5	14
US	R1K26AJSAQTLB5	0449227421	Books	4	1
US	R3MDZFZ5Z12SCH	0062502182	Books	3	14
US	R34VUEMN8ZVKKS	0553108034	Books	5	0
US	R2OMGFR0X0QOZQ	0898159156	Books	5	3
US	RRT6RMTDE6IB7	0451169514	Books	5	0
US	R3L4BZ6M2EELGN	0399128964	Books	5	3
US	R3C4JVHB0KGYV0	0451160916	Books	5	0
US	RW3TJRPNWS8HE	0425152251	Books	4	0
US	RHOREBPFXI511	0451169514	Books	5	0
US	RA7H9851DYQU	0684830515	Books	5	0
US	R4TF654S7F3CD	0671004611	Books	1	3
US	RVT9AM3PPN4AW	0451169514	Books	5	0
US	RIPTCMV4YV7I7	1563523302	Books	5	0
US	RYPTHECAXYIF0	0684800713	Books	4	1
US	R3F75Q26WYUBZ5	0385484518	Books	5	0
US	R1FVFK0JBQYDAM	0679777547	Books	5	0
US	R3E6RJ95ZV54U2	0131103628	Books	5	0
US	R3C1K1RPCZPJ1G	0440217563	Books	5	1
US	RKT37Z26POL1F	038542471X	Books	5	0
US	R3A2LFZGCQ1W1I	0679442790	Books	4	0
US	R7IWOP2BZA31Y	0671004107	Books	5	1
US	RDTVNUHQHKPIM	006016848X	Books	2	10
US	R36Z1EBTZMZ0FG	0345350499	Books	5	0
US	R39CVQSH7I23YB	0440224764	Books	5	0
US	R1B9C6R2ZWBT7X	0812550706	Books	5	0
US	R3142MJZ952BJ9	0679416781	Books	4	0
US	RF7NJ84UWCDPH	0812550757	Books	5	0
US	R14MW1JI9HT6ZJ	0312954468	Books	5	0
US	R3PEWTKWWUHAEV	0812550706	Books	3	0
US	R2EDKW6MRIW0SC	1881273563	Books	5	41
US	R1DO9EWYOXLZNY	006016848X	Books	3	1
US	R1QQJJD1GCXZAJ	0553573403	Books	5	0
US	R1EWLY3U183Q99	0670880728	Books	3	0
US	R1ZA28LI6AJ3NE	0446364495	Books	5	0
US	R12OFNJQ2PWC14	0679457313	Books	5	0
US	R2IB89WE8FQ0FP	0449002632	Books	5	0
US	R13Q2MYA5UJMYG	0670880728	Books	2	0
US	RTG6TGA60HW9T	0312932081	Books	5	0
US	R3PKZOUA8383Y6	0140430350	Books	5	0
US	R39QLZJ9VLOWOG	0670880728	Books	5	0
US	R2VDXM0N587AER	0151001820	Books	2	3
US	R1WA2JWFLFAIBE	0688052304	Books	3	0
US	R6XDXMR7ROP8V	0380973839	Books	5	0
US	R38M8SITTEH7R8	0517122707	Books	5	0
US	R29MSHTIAS18KC	0151001820	Books	5	0
US	R1Q8Q8P2FIACO2	0385484518	Books	5	0
US	R1OWT9JUIOHF2V	0140861823	Books	1	3
US	RNLVTMP6V0RKZ	0465068359	Books	5	5
US	R1HAPSMJ3EN5W6	0451169514	Books	5	0
US	R159GLMVSAHIYG	0898159156	Books	5	1
US	R2J065OZDV0CBW	0553278355	Books	5	0
US	RH06KKWHCA342	0553093029	Books	5	2
US	R1K604H15I2AQ6	0563214546	Books	5	33
US	R2GXLZ60XTNC0V	0553278223	Books	5	0
US	R29LBXUA40SOL6	0688052304	Books	4	0
US	R2VA2E947ZSSC2	044651652X	Books	3	1
US	R396RK7BC45J1A	0515123447	Books	4	2
US	R3K6V5XDGA9AUN	B00004THO3	Books	3	0
US	R32NAPA1CBOFPS	1573225517	Books	4	0
US	R1CXBCQVA2I7SK	0060977493	Books	5	1
US	R1LZBQTIN76ULF	0345350472	Books	5	0
US	RBBDZL9LPEDA3	0679433740	Books	5	0
US	R1KPAWRWOXJWT1	0670880728	Books	5	0
US	RGRKMWTSCWGBY	0312853238	Books	5	0
US	RB40T3RAI13VL	1563523302	Books	5	0
US	RFKJC6YL3TVLX	031218087X	Books	4	0
US	R3UFCJUGCH3I4	0553573403	Books	5	0
US	R242JV4P498UQF	0553208845	Books	5	0
US	R2R6PU579TQGEF	0670880728	Books	4	0
US	RFKARBYEJIAAT	0670880728	Books	5	0
US	R2EQM6R19YYDPU	1563523302	Books	5	0
US	R2UIF0NQGDDDK	0385473788	Books	5	0
US	R29ENSVLMLNSSL	0140430350	Books	5	0
US	R25CARITVWS0XJ	006017322X	Books	5	1
US	R1QODT7D0T14B	0451169514	Books	5	0
US	R1HG68GGXK74GW	0517702967	Books	3	0
US	R1R12D30913A92	0684874350	Books	4	0
US	RU9HVNTUSY54M	0812550706	Books	5	0
US	R2S0S99IAVRBQU	0312962118	Books	1	2
US	R3OA5OXD2A82W5	0385484518	Books	5	0
US	R1JRMKG1VS7BYL	0688158129	Books	5	0
US	R1RYM5A13T8CXU	0449227421	Books	1	0
US	R1AKHIZFU8CAJ1	0451191153	Books	3	0
US	R1ARVTWQU8DF49	0670880728	Books	4	0
US	R3BQRP7LQFSJGJ	0812550706	Books	5	0
US	RS7SPDYTC4AR1	0670880728	Books	5	0
US	R3OGGS4LZ63PPS	067158037X	Books	5	0
US	R4P1A1JKCGJXU	0440224764	Books	2	2
US	R2HVTHMVUFD1UB	0684874350	Books	1	7
US	R2XNMPRZHKZMJ8	0670880728	Books	4	0
US	R2QSG72EXOW17I	0316920045	Books	4	5
US	R3ZKOOSDPDWFI	0395860210	Books	4	11
US	R2OO3XT7TBD3W	0385486804	Books	3	1
US	R2RRAY94LKM57V	0670880728	Books	3	0
US	R293VNR7OB3W7P	006091307X	Books	5	0
US	R2277JOYDUJ6A6	0441003257	Books	5	0
US	R3HEO0OODLJQVG	0345404475	Books	5	5
US	R27VFCRORPCN9N	0385486804	Books	5	0
US	RTUTTZPC5RPCT	0060801263	Books	5	0
US	R1BHV0575YEOBZ	0670880728	Books	5	0
US	R28T7F0PIUHGQ8	0060187557	Books	1	3
US	RJAEKQMSWJ5AD	0812550757	Books	3	1
US	R1RYNEFGRKDBDF	0385311400	Books	5	0
US	R2AXYAZ662LML6	006016848X	Books	1	18
US	R29QY2N8UWZFMQ	044651506X	Books	2	4
US	R3E0IDIJT81V84	0316286869	Books	5	0
US	R1GCM4UQIJUDON	0812550706	Books	5	0
US	R35KZ6LEYG1GJ4	044022425X	Books	5	0
US	R30P2XONHNYWIH	0312932081	Books	5	0
US	R26WGPGPLHI0DT	0670880728	Books	4	0
US	R4M6RG19UDV52	0812550757	Books	5	0
US	R3R6D3MDKZ5DTH	0553212737	Books	5	2
US	R3AOGPU31JK2UZ	0061002860	Books	3	1
US	R1FJGHAZEYL0FG	0345350499	Books	4	30
US	R3UJEDBS3NJ6CT	006017322X	Books	4	0
US	R20WY2V10JBFOY	0812550706	Books	5	0
US	R3J7TTC564IETR	0385486804	Books	4	0
US	R2YL8P7I1HM8GJ	0893759953	Books	5	0
US	R3VB3ISAEGPA8D	0446364495	Books	1	1
US	RHFUS6ZR9X9KK	0446310786	Books	5	1
US	R1JZUKA43Y8CQF	0930289234	Books	5	0
US	R1U9ID4LJO0W5J	0446605409	Books	4	0
US	R32GRK2JNYDRMQ	0465068359	Books	5	4
US	R2D7LXE66YC3G8	031286504X	Books	4	0
US	RQMNEKX84G6CE	1568494157	Books	5	0
US	R1E8EC0SSJFHZX	0606001948	Books	4	0
US	R36ZFS0K4T6NGI	0670880728	Books	5	0
US	R1KE16JYZG8AAY	0385484518	Books	5	0
US	R625NTMM1QNGV	006017322X	Books	5	1
US	R17OXTK9N3KDMF	0425129608	Books	5	1
US	R37XM39RTPMTZU	0517591812	Books	2	1
US	R13WAJDEM91F1R	0887308589	Books	5	1
US	R10KCWRUXUPC4D	0385484518	Books	5	0
US	R199M7VR1KNOIC	0440539811	Books	5	0
US	R32ALGKKLYLN3	0553277472	Books	5	15
US	R31VB6DPV7W2U9	0553565915	Books	5	3
US	RES4VYT2IBZ9O	0440111498	Books	4	0
US	R2W411B0AC7D15	0312954468	Books	5	0
US	RPU7DVX8FUDJ4	1567407757	Books	5	0
US	R27B6C36OG3ITW	0060925000	Books	5	0
US	R3LPSNK5DTCXXN	0553062182	Books	5	530
US	R3M1Q24JYSL6FJ	0140187537	Books	5	2
US	R1VO4CUZF1Y5KV	0670880728	Books	5	0
US	R1M6TS0VQODMZ4	067158037X	Books	4	0
US	R30JTLVQTSMBGB	0385484518	Books	4	0
US	R23QFMSQXXPR5E	0440224764	Books	5	0
US	R1LY5KV61TYQC7	0425098478	Books	5	0
US	R32LJFRJV12TBV	0425129586	Books	5	0
US	R1Q1SQPRCM8CUY	0140177396	Books	5	0
US	R18JJL61FS0SC2	0553277472	Books	5	2
US	R39GWZAWSLT3N1	0446310786	Books	5	1
US	RXVJENXA49JZ0	0060976624	Books	5	3
US	R1S9744RLZX3D9	067101756X	Books	5	1
US	R24V7C7OJPUDHL	0606045740	Books	5	0
US	R3QL4OCM41MID0	0440111498	Books	5	0
US	R3BKG7XCHD18BF	0670880728	Books	5	0
US	R4VEZE201TNAN	0553275976	Books	5	0
US	R1IX31IN85R2II	0345350499	Books	5	0
US	R9KA8B8RLHJX9	0440217563	Books	5	0
US	R2RWF982O4RSYY	0671510991	Books	5	0
US	RG7UI8LWQ1Y9Q	0060976624	Books	5	1
US	R3JQQYLCSZHAMO	0140186409	Books	4	0
US	R3QKQ1TA45V4FH	0670880728	Books	5	0
US	R2OM3MH2HUTI5U	0380002930	Books	4	0
US	R2LNLP5B5I7QFX	0684874350	Books	5	0
US	R1TDL7PBVB5E26	0553565915	Books	5	0
US	RX20J5AG8LX5H	0156528207	Books	5	0
US	RMLZBV5T4THIA	0812550706	Books	5	0
US	R168WA6WHEP4WH	0451160916	Books	5	0
US	RZ724N8E8QRY4	0345347951	Books	5	0
US	RMSJWPN9TQ328	1561001791	Books	5	0
US	R1UM7AA2R4XNKV	0385486804	Books	5	0
US	R2PG7YEOAATFNK	0670880728	Books	1	2
US	R2YOR4VV0P6WML	0812550706	Books	5	0
US	R1HCATYCOWPV4W	0880381736	Books	5	0
US	R1C9URTCRLSK3T	0786209801	Books	5	0
US	R3AT37RDXXU4I4	0899669433	Books	4	106
US	R134P06WKRJ1R7	0345363132	Books	5	1
US	R2GD4ISCFS6TNU	0553062182	Books	5	4
US	R318K46JBV821B	0385484518	Books	5	1
US	R1NQVI5E3TAKX4	0451167716	Books	5	1
US	R10CJK91C33AM7	0060977493	Books	5	1
US	R2LVH5H8GS44XS	0375701427	Books	5	0
US	R1FPYF3G12UXGD	0446310786	Books	5	1
US	R1PJXVIWH7BQZ0	0312853238	Books	5	0
US	R2UVMCAE4BJ702	0399128964	Books	5	0
US	R3324W582CI28G	0679441018	Books	5	0
US	R1A88B653TRP65	0440224764	Books	4	0
US	R3FBS2AKPRTNX9	0440111498	Books	5	0
US	RID6VWR3AN7YE	0812550706	Books	4	0
US	R1JPQETBBX3VR9	0670880728	Books	1	3
US	R2LUY9195C85YF	0671004107	Books	1	8
US	RAXFUFBONRQ5M	0823016285	Books	5	12
US	RFLWVITBJL3OE	015626224X	Books	3	0
US	R2I6T3Q9LDLMJ8	0345363132	Books	5	0
US	RW9CIFZCWHLOF	0553208845	Books	5	0
US	R2OXFGJD1BEYDU	0899663036	Books	5	1
US	R2KUY2Z7I2Z4E0	0385472951	Books	4	0
US	RX42SWK1IAV2N	0670880728	Books	5	0
US	R25XY03BJW0DY4	044022165X	Books	5	0
US	R2ACI1I45MOBWL	0140187537	Books	5	0
US	RCQG1AFD8EQU4	0802713319	Books	5	5
US	R3PDQLDBGB7K4V	0440224764	Books	4	0
US	R28YCE32TKDUHB	0684874350	Books	4	0
US	R6DY6NVEN1HYJ	0316921173	Books	5	0
US	R2AYJH8PB16RAI	0062502182	Books	1	64
US	R3S4NZFIGK67TL	0062502182	Books	4	1
US	R2YJ87GRDZZDSA	0670880728	Books	3	0
US	R1C8PWVVEVYCH9	0670880728	Books	5	0
US	R1VF4IUUR8ESWV	0812550706	Books	5	0
US	R2U8EFZWG91A9Y	0060977493	Books	4	0
US	R2BVA8NOMAC9SE	0451167716	Books	5	0
US	R3W1IR7SXHVMM7	0441172717	Books	5	0
US	R2PYB0F7R07OCA	0140379851	Books	5	0
US	RSHINRV6J759V	0679446230	Books	5	0
US	R3AM0VFOKKA6PZ	0812550757	Books	5	0
US	R1B9JLQLYJRPVM	0345363132	Books	5	1
US	R3VGCAYAT69HU7	0671004611	Books	2	0
US	R1JFELQRN9PIEL	0060925000	Books	4	13
US	R1REDT4CU5WPTT	1556706480	Books	5	4
US	RLFRQQTQNFQMQ	0451160916	Books	5	0
US	R1DP3OMYMSYKY8	0553266306	Books	5	0
US	RU87CQDU7KQC8	0451169514	Books	5	0
US	R184I8XGSFST	0679745203	Books	3	0
US	R1DGM79GYPHTBB	0670880728	Books	4	0
US	R2S50MJ5DB51Q0	0553208845	Books	4	0
US	R2K0WA0LJ50JGR	0385484518	Books	5	0
US	R2INBK9A6VAI9S	0393038912	Books	4	0
US	R3BZ8D09ZWISN6	0060926317	Books	5	0
US	R3OGFI9FC0ZR21	0312853238	Books	5	0
US	R1HROW6BY7PFOU	0060392584	Books	4	0
US	R3PE0CDRBEV8UV	0060977493	Books	5	0
US	R1CBZQSWUX06GC	0385484518	Books	2	1
US	R2D100DTPEMC0D	031218087X	Books	2	3
US	R2STGKSG932VAP	0312958455	Books	4	1
US	RBOZQCW29JRWE	0452277752	Books	4	0
US	R3BDSYJ1CYTU4A	0884271536	Books	4	1
US	RRF89L38MV3D1	0345389409	Books	1	0
US	R1ROWXCE2VB2TI	0375404783	Books	5	3
US	R10PSF23HKBBMB	1573225517	Books	5	0
US	R2T0521QVDYTUS	0345350499	Books	3	16
US	R7XYZU2U9UDU	0441003257	Books	5	0
US	R1EKBVBCRCJ4IM	0060392584	Books	4	0
US	R2ZTWIYPC9PYIP	1568493207	Books	5	0
US	R1NMJI2NK742WN	0449227421	Books	2	0
US	R2CKQITQSJI074	0552137030	Books	5	0
US	RMLXF0AL9BB42	0060920084	Books	5	0
US	R1R23L3CYBTE2O	0848801571	Books	5	0
US	R2I5EGELLMTM0X	0515123447	Books	4	0
US	R278LOU369M0JV	0060976624	Books	5	1
US	RE4SL8Y99DJ48	0670880728	Books	5	0
US	R1VDC2G2ZBOLTS	0893860220	Books	5	7
US	R2U7OEVFQULSHB	067101756X	Books	3	2
US	R3HD3P7VNV3EA9	0679720200	Books	5	0
US	R1UCIA3M7JQ3A1	0446605409	Books	5	0
US	R1LT36FW26LG3K	0316921173	Books	1	7
US	R2HKQZ1LDR4UZ1	0024181900	Books	5	1
US	R2NGXHGKREPJM4	0553347845	Books	5	0
US	R71VASS5061FZ	0679777547	Books	5	0
US	R9ADZWRN3P0B1	0553296981	Books	5	0
US	R2CU6DGV8UVY66	0894808532	Books	5	1
US	R1W1LYC3H4OGVG	1573225517	Books	4	6
US	RW21G1L9M9EEQ	0425156842	Books	5	0
US	R388WQ8YBP36S4	0886461251	Books	5	0
US	R2YKF2WAW331P0	0553573403	Books	5	1
US	R26JDHI7859B59	0451191153	Books	5	0
US	R2GTXO5YXOYWW4	0964385619	Books	5	1
US	R33V4FTEFBSTT2	0451169514	Books	4	0
US	R30BLXYOUYMKHX	0804106304	Books	1	5
US	R3UROUQ6S9XPGB	0060977493	Books	5	0
US	R20MJCST3ZAFQL	0060977493	Books	4	0
US	R2TYOA9GI1P4C4	0517122707	Books	2	3
US	R1YNP0UDNJX3K	0684800713	Books	5	0
US	R1KNE6LK94PWFY	0312853238	Books	4	0
US	RXOHYMPZRR54E	0553573403	Books	3	5
US	R21FIZ19Q1WS2	067101756X	Books	5	3
US	R30507SXDS2QY4	156100572X	Books	3	0
US	R1NO6HCMWLTCM6	0385484518	Books	5	0
US	RY53SVZU85QK3	0884271536	Books	4	1
US	R2JNN1NGB7X0W1	0425107469	Books	5	0
US	RDRMUQBYXH812	0553573411	Books	4	0
US	RAXGNTBPLAGV3	0312853238	Books	3	0
US	R1RWE1AED3ZXBZ	0441003257	Books	1	11
US	R3DZUDFQL0ZKMV	0446605409	Books	4	0
US	R20925TAZ6ZY2W	0061002860	Books	5	0
US	R2YA9J60LRQBK1	0140379851	Books	1	8
US	R1JU18S474684N	0399128964	Books	5	0
US	R25MIYSUNPEJPR	0670880728	Books	5	0
US	R3UGM2XBWT320J	0393312836	Books	5	0
US	R1WTLF0P95SVSR	0140042520	Books	5	0
US	R3S9QLAZZSC2ER	0670880728	Books	4	0
US	R5VQ0DPO10P8U	0399128964	Books	5	0
US	R1DICWCZLMLG78	0670880728	Books	5	0
US	R1G9ZPP4K0UKCF	0446604844	Books	5	1
US	RPN4608QWW1DG	0399128964	Books	5	0
US	R1L37IMV81TOEC	0679731725	Books	5	2
US	RVC69UGLYYQGK	0393038912	Books	5	1
US	RIVJHWSQQCI2N	0684874350	Books	5	0
US	R3B03DGADMK10Z	0553288105	Books	1	7
US	R1U8EJ4HPUT6A6	0670880728	Books	4	0
US	R1SJSB3RY9PMSQ	156511129X	Books	5	1
US	R3B1KCZ73G2QZR	0606118144	Books	5	0
US	R386IL2CSPVZV8	006109594X	Books	3	0
US	R1W6JENNL5RX3V	0385484518	Books	5	0
US	R32F1W3LSKZICQ	0517122707	Books	2	2
US	RPFCEJWPYABIH	0451169514	Books	5	1
US	R26AU4JMATPLR6	0671673009	Books	5	2
US	RADI50ZY40H9N	0679442790	Books	5	0
US	R1H3XO9MGPFQL3	0670880728	Books	5	0
US	R1SS8FOP4NUVOX	0449002632	Books	5	1
US	R16XJCPJYC1TCJ	0061002747	Books	5	0
US	RRZQUICZERVR7	0385486804	Books	5	0
US	RXFY1IWSJVT7V	0425105709	Books	5	1
US	R2PZD0TAVI1175	0679720200	Books	5	0
US	R2KJ7F4VJU6AZH	0425163407	Books	1	1
US	R12RL0G8OPVU7T	0440224764	Books	5	0
US	R2JFH5TQU7MKX2	0316743003	Books	5	2
US	R3H1OJZQ1X7F07	0393038912	Books	5	1
US	R2Z8VLJY892NXO	0823016285	Books	4	34
US	R1XKWNS867SJWE	0375404783	Books	5	0
US	R2XWC9L9TOTIFH	0393316041	Books	5	0
US	R1QO35K211TQAT	0060920386	Books	5	0
US	R34RC9CBW1ABQ7	0380729407	Books	5	2
US	R2L1KB0XG9RCLQ	0451169514	Books	4	0
US	ROOUIYS73R7DK	0345350499	Books	5	2
US	R21B1IXDSDMVX3	0553108034	Books	5	0
US	R2VCGILCIJAWFY	0671867369	Books	5	0
US	RI9NONN63QRLF	0345389409	Books	4	0
US	R3PSWIIYYD2D3X	0425129608	Books	2	2
US	R3QOL2SA22I9GZ	0061002747	Books	5	0
US	R1L01B0XCG1MIS	0061003646	Books	1	3
US	R1Z663NZO7QD46	0399142851	Books	3	0
US	R6VZBF7P4S4GN	0899668585	Books	5	0
US	R26QBJFTWD9WAD	0684830515	Books	5	8
US	R2XGCESYS75C4W	0451169514	Books	5	0
US	R17GDX7ZYPCCOI	0812548094	Books	5	0
US	R2VY3P2I542B4L	0440224764	Books	4	0
US	RGJT0MWDY0OCS	0306801515	Books	4	8
US	R3068DOPH0T55K	0684874350	Books	3	0
US	R2BAH2BQ4B75C7	0670880728	Books	5	0
US	R3QFMVTR29I19A	0140177396	Books	5	0
US	R28Q2Q81JZ8OLB	0451169514	Books	5	1
US	R3TM072JTTLFAK	0684874350	Books	5	0
US	R1MX4UV0RCMZXA	0385484518	Books	5	0
US	R2BMEOQFQIKPJB	0441172717	Books	5	0
US	RF3ZVWKO5W30N	0385484518	Books	5	0
US	R2WMQIYYIK5ORH	0517122707	Books	5	0
US	R192CHM2IKWR07	0671004107	Books	5	1
US	R5N5OYFIDVWM7	0312954468	Books	5	0
US	R2RSDHK64DLO0P	0812550706	Books	5	0
US	R1L57KTK0F3PVW	389508459X	Books	5	3
US	R35DFCNJ6GIOV1	0446605409	Books	1	4
US	R3LE6U3ZI10AH2	0140186409	Books	5	0
US	R12HLV8T2XW773	0441172717	Books	5	0
US	RBP4X3OBQZHN4	0195067142	Books	5	1
US	RCQXW2YBE9U9G	0670880728	Books	5	0
US	R7OMYJICVXSNC	1573225517	Books	5	0
US	R3E1EIG539GNTF	0679720200	Books	5	0
US	R34CET846MMS3O	1556154844	Books	5	0
US	R3SGD994GUJF9P	0875845851	Books	5	0
US	RKRJYWKWVTCKU	0553108034	Books	5	0
US	R2583EBJ9BHVBZ	0385472951	Books	3	0
US	R2IVVFGLITHXLD	0440213525	Books	5	0
US	RU5PPW0RJY0E	0446310786	Books	1	14
US	RAF3PD9QMKK15	1563523302	Books	3	1
US	RMFBTVTT6JM8A	0553280325	Books	5	1
US	R857LCNAXTRI9	0393317552	Books	5	1
US	R3CW5GFIR88WRN	0446310786	Books	1	15
US	R3GK3KBFKEAOSI	0446605409	Books	4	0
US	R37X0TCO0BVODU	0671646788	Books	5	5
US	R26BTYIEZIQYUW	086140324X	Books	5	0
US	RFTKNY9U7MPEO	1563523302	Books	2	2
US	R9ETBAUYI4K6J	0062502174	Books	5	0
US	R3I45WR88YT1YT	0793518326	Books	5	0
US	R38XAEJ35FN0FG	0140186395	Books	3	5
US	R36OBT2ES3JWEO	0312853238	Books	5	0
US	R2B2UR8UPEQ1UV	0887308589	Books	5	1
US	R2Z1Y48ZHA5R2C	0670880728	Books	5	0
US	R3JF9Z8LP0CTSW	0375701427	Books	5	0
US	R2LPV455HR0BJQ	0553260111	Books	5	0
US	R3GL5ZTN4NCED8	0894808532	Books	5	0
US	R1U4J1AHCH2SK9	044022165X	Books	2	1
US	R3ANINXIBS5BZJ	0316286869	Books	4	0
US	R5TY6U0DP4ADV	0140131558	Books	5	0
US	R1IIEPJVG28H39	0140001115	Books	4	0
US	R2XYPEXL0VJ76C	0395078016	Books	2	1
US	R2BLNM1LXE2IMC	0385473788	Books	5	0
US	RW4S7KTI0MRK7	0441003257	Books	3	4
US	REMP2JEBSCVDJ	0385484518	Books	5	0
US	R9KQD3975LX4A	0425129608	Books	1	2
US	R3RS8MZ1TCI3Z8	0440203856	Books	5	14
US	R1Q39SNJTMLK95	0553573403	Books	5	0
US	R2BEVPNSVXX6ZP	0679735259	Books	5	3
US	R1XUTUMETCM0FR	1556154844	Books	5	1
US	RJMQ65KIHCERV	0451191153	Books	5	0
US	R12ARMIBKNQBZI	0670880728	Books	1	4
US	R3HOIAECLVZ8IF	0385484518	Books	5	0
US	R3JQS8NUGE1UT9	0446364495	Books	1	6
US	RACRB0CUTUIYN	0812548094	Books	5	0
US	R16BJPMEIMTU0V	006017322X	Books	5	0
US	R5QOL7YQ2DYV9	0399142851	Books	3	0
US	R1Y08DNW4FYRQ4	0670813028	Books	5	0
US	RISA5KFL1RDRI	0062513346	Books	1	5
US	R1DQAYS49110XR	0688052304	Books	5	0
US	RVW2BFHIIQRRD	0375701427	Books	4	1
US	R2R3BSRR0HUEJL	0345350499	Books	1	24
US	R1QOJVPLN8KY95	0316545856	Books	5	1
US	RO3A946FH3Q2H	0793518326	Books	5	0
US	R1ST02X16DX068	0670880728	Books	5	0
US	R3FT4S3VWJR84D	0446605409	Books	3	0
US	R346AOB5WV821T	0679442790	Books	5	0
US	RZ9AN4X4YR3Z1	0385484518	Books	5	0
US	R2PMTC3CDAZKDP	0670880728	Books	5	0
US	R1ZJRGN4RID7Y7	0805054375	Books	3	3
US	R2YEN5N2XQ40L8	0375404783	Books	5	0
US	R3L36N1TAMTZBR	0345389409	Books	5	0
US	R3W0QZWQWRJ3JZ	0060926317	Books	5	0
US	R31JEATG355CXM	0890090572	Books	5	71
US	RCPIYC8PRCCE1	0385006896	Books	5	39
US	R12SHWARY9Q3R2	0312955006	Books	4	0
US	R30PTMP0WJFB2E	0446364495	Books	1	6
US	R2WOPSQARFC3ZB	0375404783	Books	5	0
US	R2BF50B584B3FJ	0517122707	Books	5	0
US	R3Q5GOOCUFEBS6	0679457313	Books	5	0
US	R1GYPSCNIMDCB8	0696019973	Books	5	21
US	RH2YELD7WDWMM	0440203856	Books	5	0
US	RDMANKEMBZ7WE	006017322X	Books	5	0
US	R3TJ2T9NRHO6O8	0670880728	Books	2	1
US	RPZUAGHLIGKB	0552137030	Books	5	0
US	R2AZ08QYQBADVV	0060977493	Books	5	0
US	RA0CWWUPSNS24	0880389052	Books	5	1
US	R3C2YYXIT6YPGB	0385484518	Books	5	0
US	R21FGR5EXXCMK4	0440203856	Books	3	1
US	R2D0560139NX77	0517702967	Books	5	0
US	RQSQEITHUDEFT	0201633612	Books	4	29
US	RSESLGXK4GEIY	006109594X	Books	3	1
US	RF0B3FRTMX16D	0345350499	Books	4	0
US	R3DIPQOME0MXJ5	0670880728	Books	5	0
US	R1Q5DKWC562CHK	0671004107	Books	5	1
US	R2F8B5Z7DDAQ63	0930289234	Books	5	1
US	R3BIWHGNT2UPKJ	0345350499	Books	5	0
US	R1Y9JVQQ9EHBC7	0385486804	Books	5	0
US	R1Q5O0A1VOW3DJ	0449002632	Books	4	0
US	RJHEFBBUXK6H2	0897500482	Books	5	2
US	R14KGNL2H32FWJ	0446364495	Books	3	0
US	R2J27O0PA0G5I0	0441003257	Books	5	0
US	R2V3L5J0WFYAKD	0553328255	Books	5	1
US	R1ARW5TMFMMO1M	0441003257	Books	5	0
US	R18OU2GFJL76Q2	0812550706	Books	5	0
US	R3PRMG8EZ71CGI	0670880728	Books	5	0
US	RZTJX0UZ7OXKW	0553455311	Books	5	1
US	R1TZ1XZFUC7X3F	0316921173	Books	5	1
US	R2URZDDONLBZQU	0345409671	Books	1	2
US	R3CWGWUNE6RWSF	0156528207	Books	5	0
US	R1XKE9B7AYA91L	0060392584	Books	4	2
US	R3H2PO3ICU3RHW	0553275569	Books	5	0
US	R24I8RNVRP1LCT	0062513346	Books	5	2
US	RSA2JEELGLP84	0553208845	Books	5	0
US	RSXY94RKACEKM	0345418336	Books	5	2
US	R6GC2YSGTK9Z3	0812550706	Books	5	0
US	R1LNQ1CK7AM4FO	0385486804	Books	5	0
US	RPRQZ8AL4EB6I	006017322X	Books	5	0
US	R28U96D9CP82F0	0062515608	Books	2	17
US	RHVXMHFWZ3A0J	0553108034	Books	5	0
US	R3HK03XNAZA78Q	044022165X	Books	3	0
US	R2WMU4VQV0OBI4	0425163407	Books	5	0
US	R18QZC284119BQ	0552131067	Books	5	0
US	R7YQ4CZPQ4XGD	0440539811	Books	5	0
US	R1YJZ8IQCIC4JH	0385255853	Books	5	0
US	RA6WCSH9ADJKI	0670880728	Books	4	0
US	R2GRTK2P06NQR9	0195067142	Books	5	65
US	R1C5A724E9H73N	0140177396	Books	5	0
US	RFULUOF1PBPL0	0670880728	Books	5	1
US	R1J1J2QUB6787O	0553266306	Books	5	1
US	R2VO8X0D0YZ8YW	0684874350	Books	5	0
US	R3BGRSOA3M4IU	1563523302	Books	2	1
US	R2A8RANE1R1V1C	0374525153	Books	5	5
US	R332TI98S97LUY	0425129608	Books	4	1
US	R1J5BWPNHD7CAS	0393038912	Books	5	0
US	R3ON99H3217O2J	0670880728	Books	5	0
US	R318UIJITIF7KZ	0671004107	Books	5	1
US	R1P4NBC63KJ0O0	0679416781	Books	5	1
US	R3I58LHM296MBX	0887306101	Books	5	6
US	R1L7UM3NTA2P3X	0345389409	Books	3	0
US	R2OGK2TNKSS0S2	0061092037	Books	3	1
US	R22N6WK48D2PRX	0425163407	Books	2	0
US	R1IX3E7ONY3FNJ	0061007137	Books	5	4
US	RK1JPQ3EZG24E	0201633612	Books	5	0
US	R1DDCKQ4JRRSPN	0393307050	Books	5	5
US	RVNYF0YZH5ATM	0345350499	Books	5	0
US	RYZNFY49XBWVH	0553502077	Books	1	0
US	R3IYSPGCORVM6Y	0684874350	Books	5	0
US	R1CSFG6SIDMN7B	0345389409	Books	2	1
US	R3UEIG1QXR7ED5	0670880728	Books	4	9
US	RS5ASQSNFS007	0345363132	Books	5	0
US	R21ZC558GPPO2H	0312932081	Books	5	0
US	R25ZEI8HC7RYTR	0399128964	Books	3	0
US	RMWS9526AAJNG	0151001820	Books	3	0
US	R2W9DA68EPF0FV	0679433740	Books	3	0
US	R2PQMUNTNC11BT	0670880728	Books	5	1
US	R1H3J29NUX6YV0	0060920084	Books	3	5
US	R16TBQZL8TQTO2	0553208845	Books	5	0
US	RL790PTSRIVWA	0783880871	Books	1	0
US	R2FEX1S8FAHSDZ	0887306667	Books	4	1
US	R14XRBOBQQVZ5W	0375404783	Books	5	1
US	R34A683H6HIC8W	1563523302	Books	4	0
US	R1RQ8YIBRU13YU	0393038912	Books	5	0
US	R1KW5S1DEL8GEM	0553108034	Books	5	0
US	R12Q6MGKFT87CF	0345350499	Books	5	0
US	R31KWJF66TN7YP	0553278398	Books	5	0
US	R2I81AXD11KPQ4	0316920045	Books	2	1
US	R38UCL4N4NXV2F	0060974176	Books	5	3
US	RXB3VKAGL3ZRY	0670880728	Books	5	0
US	R6KWG6UH3ZK8S	0060801263	Books	5	0
US	R2X4HRVV6FV7AW	0425129586	Books	5	0
US	R244E200K6BGEF	0446364495	Books	1	9
US	R2C78VFN5JR3XS	0812550706	Books	5	0
US	R3K5QOFGHDW0XZ	0446310786	Books	5	1
US	R3DUWD1G2YH1QL	006017322X	Books	5	1
US	R3A2S81F3A3P6U	0345360338	Books	1	5
US	R1UFG72FCYULX7	0517591812	Books	5	0
US	R5L4YJQGECWVL	0440224764	Books	5	0
US	R1FOXFSQ2LC2TL	0804106304	Books	5	0
US	R1N8GUX280REIB	0684874350	Books	1	3
US	R192PHP4J33T95	0670880728	Books	2	1
US	R15X6SQFG44LJI	0140186395	Books	5	0
US	R1JJX2413LSYGV	0312954468	Books	5	0
US	R39HU2BS3SRRC4	0671004107	Books	5	1
US	R30NDA0SZZ601E	0140067477	Books	3	1
US	R1RSN9Q8RB9FNE	0393307050	Books	4	6
US	R3B6NFDVVILDJU	0060926317	Books	4	0
US	R2WVFEVG2177OM	0451169514	Books	5	0
US	R2ZNAGSKEVBK4X	0553269631	Books	5	0
US	R3MTA7ZV1WV2D4	0316921173	Books	5	0
US	R1W218UQRP88NM	0060977493	Books	5	6
US	R95MD1DLTN4WT	0679460055	Books	3	0
US	R1HF7K2N6379W8	155927378X	Books	5	0
US	RXV8YEJY419GN	006017322X	Books	5	1
US	R38SPCCUWZI35G	0440224764	Books	4	0
US	R2LXRJUMNWX9P6	0060975768	Books	5	23
US	R19LET9HVJMQDO	0452273331	Books	5	0
US	R30IC0SLRVY7FE	0446364495	Books	1	1
US	R3RB3PEOUN8BIS	0670880728	Books	5	0
US	R2LPX7RUTN0TVY	0140186409	Books	5	0
US	R3K2403CAOWVTP	0440224764	Books	4	0
US	R18GZOZ3ROHE75	0201634988	Books	4	17
US	RD69PMI3TLZQA	0679735909	Books	5	2
US	R37DEJQOFFCPWE	0688152023	Books	5	1
US	R2N945JCV7T6O9	0131103628	Books	5	0
US	R17JZRJDP845W1	0385484518	Books	5	0
US	R34SQASPDSIETA	0440224764	Books	4	0
US	RH8U3H77BYCMY	0670880728	Books	2	0
US	R2Q8O8UN1LOC1S	0451191153	Books	5	1
US	RT0WM35N02Q9O	0451191153	Books	5	0
US	R3DEOOMRRBP3SB	0898705525	Books	5	238
US	R2C4E0VQOTBWXG	0670880728	Books	5	0
US	R1S8HADLZ8WSDW	0441003257	Books	5	0
US	R97SA813ME56	0385485786	Books	5	0
US	R2FRAVP72L1ASL	0425098478	Books	1	17
US	R13Z1TLULGUIWE	0394533992	Books	5	21
US	R2RRHEBIV9YSC4	0887307396	Books	5	0
US	R2VCMLALF6LBMX	0553573403	Books	5	1
US	R36P7W4S5JO3KL	0812550706	Books	4	0
US	RI13GZHR26Y7C	0553277472	Books	5	18
US	R2LL97UYE3KEA3	0061008079	Books	5	0
US	R2IGBHV36A30AB	1563523302	Books	2	2
US	R19522WGHWK0HC	1573225517	Books	5	0
US	RUFQUN11VWLEL	0440224764	Books	4	1
US	RN12SM5HQB7MG	0679721037	Books	5	1
US	R13GYPS6SLWH61	0316921173	Books	5	0
US	R13PZG2D7XFVQ4	0345350499	Books	5	0
US	R3S2LP3I8XPLEH	0440213525	Books	3	0
US	RXDG237KS9JPY	0440211727	Books	4	0
US	R1GOA1WCALLOKQ	1563523302	Books	2	3
US	RLHVFMR4I3X7Q	006016848X	Books	1	8
US	RFPE779OXL4MO	0679735909	Books	5	6
US	R2P6LQXYI3QV5	0804106304	Books	5	0
US	R1IVKXCLZAPPBM	0786108673	Books	5	1
US	RRAOTDSRVL3CP	0451160916	Books	5	23
US	R122SH0S2U1EN2	0553260111	Books	5	0
US	R3JQNDTC1T2AV3	0553573403	Books	5	0
US	R3UU1VQGCJ9MGS	0374525153	Books	5	26
US	R2ZTXCBOZ6QVDU	0449002632	Books	4	0
US	R15ZPCYH2TNM7O	067101756X	Books	5	4
US	R1YQB02RAJC33L	0451160916	Books	5	0
US	R3OO1FI3Q6X72M	0062502182	Books	5	0
US	R1L2KYOXNH1043	0679405496	Books	5	2
US	R8RCJTVWBADAV	0061003646	Books	4	2
US	R2E70SKG4GL24E	0517122707	Books	5	0
US	R3FL8SIXQIGG41	0061003697	Books	5	3
US	RGGGVAALDXUZF	1559211407	Books	5	0
US	R2I1SUHY7J5VVH	0345350499	Books	5	0
US	R46NP37HMD9A5	0441003257	Books	5	0
US	R2P04ACQEHTO4S	0848801571	Books	5	0
US	R16JDOIU7VBIE3	1563523302	Books	5	0
US	R2A9U119C7H4KJ	4789004546	Books	5	2
US	RXYUR89PMQM8A	0440214041	Books	5	0
US	R33EQCRRUONW88	0670880728	Books	5	0
US	R176UIBI8W7BHJ	0679416781	Books	5	1
US	R1G9N8K3QAVXG5	0385472951	Books	5	0
US	RYPS4CP45SEK1	0553573403	Books	4	0
US	R3DZRM7UCZFQ6E	0679441018	Books	4	0
US	R3SCTIMZ0G255V	0465068359	Books	5	3
US	R7AKBY7DQKDWY	0812550757	Books	5	0
US	RHMU50NCLVZ4	0312965788	Books	5	1
US	R30Q07MK9UHL1S	0451169514	Books	5	0
US	R1PWE6WO4W0WGN	0375701427	Books	5	1
US	R3RELA285Y1ZG	0553260111	Books	5	0
US	R4IZKZA03N238	0380002930	Books	5	0
US	RRT2296CB9Q2W	0804102988	Books	5	1
US	R1XDQG5DP58ATU	1878424165	Books	5	1
US	R12PGA9IE37W3E	1573225517	Books	5	0
US	RIZC9ZJ4LU8PE	0679777547	Books	2	4
US	R2570IEINC1KTE	0062502182	Books	5	5
US	R3RVBITT2UEUEO	0316743003	Books	4	1
US	RC74CHK9EJDGJ	0060977493	Books	4	0
US	RFQHSLZSHPDZ2	0451160916	Books	5	0
US	RJM05RVUEJVCY	0441003257	Books	5	0
US	RYC1OFIWDW061	0553277472	Books	5	0
US	RB2VB8Z2BPCVB	0670880728	Books	5	0
US	R3J8QC7GWH54UN	0451160916	Books	2	6
US	R2NN5A9NYVZ9FD	0061002860	Books	3	2
US	RWXNLL9BOVQ79	0451191153	Books	3	0
US	REATNL3DOBOPJ	0688158129	Books	5	0
US	RO5DBCLZHKZPI	0385484518	Books	5	0
US	R1WGTD68H3BG6Y	0060392584	Books	5	0
US	R2EBLA79P6A4VH	0140042520	Books	5	0
US	R27GY65IRN5O06	0446343129	Books	5	3
US	R3UB3OO3NWHBHB	0425163407	Books	5	0
US	R49AKP70RKTTP	0812550706	Books	5	0
US	R3VNBZR3C2UJYV	0385484518	Books	4	0
US	RJ1N0E4DXMQCD	0553573411	Books	2	1
US	R10CJKNT8QBBB1	0679735909	Books	5	2
US	R1JYC233PVZTKW	0553275569	Books	5	0
US	RR9LX5IY4WKQG	006017322X	Books	5	1
US	R37H6WIV4PLHEX	038097617X	Books	5	0
US	R11KXJT6YDCOZ	0880793082	Books	5	2
US	R3V7NTP2JZMBZP	0380002930	Books	5	0
US	RQJV8LUSC79YC	0553278355	Books	5	1
US	R1LKYT0G3BC5CB	044651652X	Books	1	1
US	R1V1DESY8U25XG	0451163540	Books	4	1
US	R31ZH0AAOC55AL	0670880728	Books	5	0
US	R1RNLBZE64YAAT	0688052304	Books	1	4
US	R1URPM3DVRS5QU	0380973634	Books	2	4
US	RTSNC4ZMGMASO	0393307050	Books	5	2
US	R1AP9TTXL3JXG3	0440224764	Books	4	0
US	R99XRKDN3BPH1	0060977493	Books	3	4
US	R3UQRGMJUFZPFW	0385484518	Books	4	0
US	R2HOD7GMLYNK03	0802713319	Books	2	1
US	R1BCEYKCU4A4TN	0897500482	Books	5	7
US	R2X2LJ9WXHXAY8	0446343129	Books	5	2
US	R6KJVLVDYK313	067942850X	Books	5	0
US	RZEJDPKRONT3K	0844230006	Books	5	25
US	R39FA29D16CBM6	0446605409	Books	5	0
US	RHO28XQX2OCEA	0312954468	Books	5	0
US	R1KJ8VT1UP8NPM	0670880728	Books	5	1
US	R12QGQ00GB4OQ1	B00004THO3	Books	5	0
US	R3P2YGU3GHBNAC	0345403959	Books	5	0
US	R19Q289BFOI30D	044651652X	Books	5	0
US	RIXOCXQZ61BCO	0517543052	Books	5	2
US	R2TJCUH0PMWVC9	0446343129	Books	5	2
US	R1AYW16J4ZD9AI	0060392584	Books	5	0
US	RNZKHNB45DGFX	0670880728	Books	4	0
US	R35IGTN741DHKC	0345350499	Books	5	0
US	R3HR9O17QA4434	0140013997	Books	5	2
US	R269C8DP0VE8EG	0312853238	Books	5	6
US	R2L86VP2I6GBBN	0786889284	Books	5	1
US	R35A2D0L5FO5B3	1569564426	Books	5	1
US	RGA3D0U4YO0A4	089845915X	Books	1	4
US	RY3SSYDRMX6OS	0671015206	Books	3	1
US	R391VTAG58EMG	0385484518	Books	5	0
US	RGJ85W6UJ5IWG	0875845851	Books	4	0
US	R3SIDI5JN50FT9	0399128964	Books	5	0
US	R32ZZRJC35MMOX	0453007902	Books	5	0
US	R3E0SGJZHNYZA3	0345350499	Books	5	0
US	R1FFSRRLGF6N4R	0684847248	Books	5	5
US	R2LHM17C2ICF75	0345350499	Books	1	6
US	R2E2GMYZKX6DTY	0670880728	Books	1	3
US	RCW1Y3MQKK9BO	0441003257	Books	5	0
US	R1T7HRHV8E8NNA	0525244581	Books	5	1
US	RFIE53BEA238A	0964385619	Books	5	1
US	R2NYLW2QUVCLQW	0385484518	Books	5	0
US	R1Q2J1HHUA53H1	0385484518	Books	2	1
US	R2AOQJLIQ93IVY	0451450523	Books	5	2
US	R3MGADL7ISS5I9	0670880728	Books	4	0
US	R3N0VG2TA5766V	0898159156	Books	5	22
US	RRGM8MWGXOWGE	0425107469	Books	2	8
US	R364SK0JEXN6MS	0679722610	Books	4	0
US	R2DLMNAXN4AS5G	0688052304	Books	4	0
US	R1ANBSIR4W1YZ0	0684833395	Books	5	0
US	R2MN69A2IRAM2O	0380002930	Books	5	0
US	RJT0YZBH4BRG8	0312117337	Books	5	1
US	R3U5LQSMKS9SCJ	0425107469	Books	5	0
US	ROCOP3A9NWOVD	0062502174	Books	5	0
US	R3HKQTBUARZA72	0375701427	Books	5	1
US	R3POCXJ461RTVG	0060977493	Books	4	0
US	R2DSD82SG2HMSJ	068484267X	Books	4	0
US	R2ML2MA63NQ3SF	0679416781	Books	4	1
US	RYMV3EDHEZZ86	0553266306	Books	1	7
US	R1HMILTTOK00FC	0062513346	Books	2	1
US	R2L52QN2YMPGNK	067158037X	Books	5	0
US	R18SIKSEM50DGH	0060168366	Books	2	49
US	R2SXM95M9X3LQQ	0131103628	Books	5	0
US	R26Q8DWF5YZTTL	0684874350	Books	5	1
US	R7WUVES9I2U5H	0670880728	Books	4	0
US	R2AHZ4H9OWGYH6	0440211727	Books	5	0
US	R3R5TTIFPH9EG1	067101756X	Books	5	2
US	R3NM739G1HKC0Q	0449002632	Books	2	3
US	R1UTYLP16Q03Y9	0385474547	Books	5	0
US	R16FNUSGU53KRG	0140186409	Books	5	0
US	R2X7DA90NW4R0V	0696204800	Books	5	3
US	R3BQTIBI6686UA	0553573403	Books	5	42
US	RXRW2U4U8L4SA	067960085X	Books	5	0
US	R1ROFFUAHRQ0NG	0345350499	Books	5	0
US	R3JXGU5H1IZ135	0451451120	Books	4	0
US	R3N5F56AEO4HA0	0553266306	Books	5	0
US	R2GY0OFDR5T0ID	0060168366	Books	5	1
US	R2GVRV13BNP4ZJ	0606040439	Books	5	0
US	R15L3EVA5VLSFE	0061002860	Books	5	0
US	R2FEV4FPAB1O8V	0393312836	Books	5	0
US	R3TEOWSNPS0LXJ	0802130208	Books	5	0
US	R2N4WNIX9J38Y0	0385493622	Books	5	0
US	RJCU2ZE8TUM55	0679735909	Books	5	3
US	R2ZSSN93KYH3OO	0440224764	Books	4	0
US	RAHOB7H9H1PY6	0062511408	Books	5	1
US	RLHGRRZI8W7FA	067942850X	Books	5	6
US	RQMOPJQUAVNEU	0446605409	Books	2	1
US	RBPSYMTP9HUA0	0671867369	Books	5	0
US	R24DDE228K1B6Q	0670880728	Books	1	9
US	R2TTLFRV7ZAVUD	068484267X	Books	5	0
US	R2W1TK5CJXKH5U	0670880728	Books	2	0
US	R35SC5YZJ4Y1PG	0425163407	Books	2	0
US	RKXIZADQX0S89	0385484518	Books	3	0
US	RVIJITRJG3I94	0205191584	Books	4	0
US	R2J6RX6LVSZZT2	0679720200	Books	5	0
US	RZT0LSEX8EIHL	0553573403	Books	5	11
US	R28CGKPDBYB9LC	0060187557	Books	2	3
US	R3GV27IGD3VOKC	0393038912	Books	5	0
US	R2NXYXOM1G86DC	0670880728	Books	4	0
US	R29G8QKAAMCAT4	0060392584	Books	1	11
US	R15NLHONYJNLJT	0440111498	Books	5	0
US	R3C5OT7Q5VX9GC	0449002632	Books	3	0
US	R1ZCDGR8GJMEIT	0060920084	Books	3	3
US	R1PKX16VC49K0R	0670880728	Books	5	0
US	R20SGTJ2M8OZEB	0451169514	Books	5	0
US	ROHVGNVO107LO	0964385619	Books	5	0
US	R33HPMG4LMWU1D	0440131480	Books	5	0
US	R3IG6ZGZ3I4SGI	0380973634	Books	5	0
US	R18TQYQEEZSRZB	0446605409	Books	2	1
US	R3LBH09Q1C4GPN	006016848X	Books	2	4
US	R37O1O4GLM4WCJ	0670880728	Books	5	0
US	R1FTQH889E1LI8	0671004611	Books	5	2
US	RY1TJDJPU2LQ5	067101756X	Books	5	2
US	RQDMVG8XZIVP	0131103628	Books	5	0
US	R37VW80J03M661	0812550706	Books	5	0
US	R379LN23ANLXDR	0399142851	Books	2	0
US	RF7DQNI2SY4HE	0060168366	Books	5	10
US	R2SYS0K9H1VJSZ	0465068359	Books	5	2
US	R1AWA7HRILP078	0060168366	Books	5	0
US	R2PM65OV3LKEJ6	0131103628	Books	5	0
US	R22HNYU3G7Z546	0425129586	Books	4	0
US	R1W9192DQ7SMEZ	0060977493	Books	4	0
US	R20KR7HETA9ZAM	0670880728	Books	5	0
US	R15I5QMCAIWDVE	0802713319	Books	5	0
US	R3E2V1JP3FIW9T	0670880728	Books	5	0
US	R103CMODTSUEND	0446520950	Books	2	2
US	R1LG7THKXS2WJV	1573220485	Books	5	0
US	R1LI2WIL7SZAVE	0517122707	Books	5	0
US	R34SO2A3QSWSKR	0425152251	Books	4	0
US	R1LGE20ULGH6JN	0688052304	Books	4	0
US	RR0W635LTMIB5	0812550757	Books	5	0
US	R1RXULVNBG4CLX	0385491026	Books	4	0
US	RV7HO15CCPHPS	0425163407	Books	2	0
US	RA49MKK9J4CW1	0451524373	Books	5	1
US	R3M59Z56ZG09G8	0451160916	Books	5	0
US	R1IBL3QA8QX880	0399143904	Books	5	0
US	R200AKFAD7DENU	0385484518	Books	5	0
US	R1S8ZWMZDCY147	0887307280	Books	5	0
US	R88J4GP14KIKN	0897500482	Books	5	1
US	RC5UNC1BQKSKV	0440203856	Books	1	1
US	R2XBAD2WEA6C30	0375404783	Books	5	1
US	R2BS5T12XTR7ER	0440111498	Books	5	0
US	R1ZZFTI4NQ9L79	0812550757	Books	5	0
US	R2M868CJCNQPPV	0399142533	Books	5	0
US	R36S6I3N7DZVP4	0060920084	Books	1	8
US	R3TNL00OOXRUF8	0394720288	Books	5	0
US	R16YGRECVL86CP	0451191153	Books	5	0
US	RD2QS9X1DT9WJ	0441172717	Books	5	0
US	R3DYNW06OV5DY2	1570424632	Books	4	0
US	R1RP4GZ0VSDZH5	0393307050	Books	5	1
US	R3ILLKLTUMFQJW	0786889284	Books	5	2
US	R2LAFNCVYJZ8L8	0670880728	Books	4	0
US	R325GYUSGAWOO9	0679745203	Books	2	2
US	R1VI83VVRFPMLQ	0060977493	Books	4	1
US	R354VJMTOIIUVQ	0385484518	Books	4	0
US	R3MJKVODD68DW9	0062502182	Books	5	0
US	R2FBIO1GC3SNNC	0671004107	Books	5	1
US	R2L7L6LZV9TIM3	0446310786	Books	5	1
US	RMC542SYDWVA8	0449227421	Books	5	0
US	R3SFUU36IQ53EP	0393037010	Books	5	36
US	R26P47Y22SKY6W	0425152251	Books	5	0
US	R19IR493CRHS3G	044022165X	Books	5	0
US	R1RWVEN0S4ZQ3U	067942850X	Books	5	0
US	R288DFI43BIONY	0385484518	Books	5	0
US	R17ZHNJ1AJYFYZ	0446310786	Books	5	1
US	R28EAPWNPE3ZIH	0877739587	Books	5	7
US	R23DG0KPASKZKJ	1573225517	Books	5	0
US	R8L2HHLWGP4ON	0553577123	Books	4	0
US	R9HE5R12X93RN	0691023565	Books	5	14
US	R38V8K361URWIK	0670880728	Books	5	0
US	R378H2ADEK4BSU	0670880728	Books	2	0
US	RYW67A6DSDVEB	0140187537	Books	4	0
US	R3NNJLCKPV71RS	0425156842	Books	4	0
US	R1UJQ0XQF1PRRQ	006109594X	Books	2	2
US	R1DQHQ356VJD4V	0151003084	Books	5	1
US	R2B88WJY9FIG93	0345350499	Books	4	0
US	R3CWTKVTGXLZM8	0886461251	Books	4	0
US	R1YETQFFR72TKL	0060977493	Books	5	0
US	R3SW7VWULSO0HD	0385474547	Books	5	0
US	RDV1LIBKTCOPY	0060977493	Books	1	38
US	RQP1GON9Q22Z5	0375751513	Books	2	4
US	R2F7J51YXHLVBU	0899683452	Books	5	0
US	R2IKJKJ99XO35G	0449002632	Books	5	0
US	R1ZMWJ2T9HOJ02	0812550706	Books	5	0
US	R3CLPICPVK1SLT	0688002307	Books	5	0
US	ROD5E1DO8HXZX	0385474547	Books	5	0
US	R29QH8EZZKAE0I	0380973634	Books	5	0
US	R367XDYMC7Z23C	0140157352	Books	5	1
US	R14338PLRPRX8H	0671015206	Books	4	0
US	R3K6RMVAO4KS4M	0684874350	Books	2	1
US	R3P5C4C1OHZTDU	0399142851	Books	4	0
US	R3NWKXI0D31S11	1568493207	Books	4	0
US	R2EJCLDKHJ39IA	0451191153	Books	5	0
US	R9SHMTCQU0CYP	0802130208	Books	5	0
US	R19JO9GCPEN63W	1573226521	Books	5	0
US	RV5213LRNM3HB	1573225517	Books	4	0
US	R3K0UHS7NTO669	0875845851	Books	5	0
US	R1VFCRJCNN3IGZ	0131103628	Books	5	0
US	RGRC0FNVZCX8S	0679729895	Books	4	2
US	R19SCZ6UEFC10Q	1878574590	Books	5	0
US	R1JYC4NSXIKZBE	0670880728	Books	5	0
US	R3EVCZWLUN0ILQ	067942850X	Books	5	0
US	RZLU5LLG2SK8G	0140001115	Books	5	0
US	R3P7BMGZWN2RO4	0451450523	Books	5	2
US	RWEW47YSPNQOV	0671015206	Books	4	0
US	R225E34DUMRQBC	0345350499	Books	5	0
US	R3MQEOEE1JDQ39	1573225517	Books	5	0
US	R2J7NAH25RP0DA	0380018179	Books	4	0
US	R1I0OCD7KHORY5	0670880728	Books	3	2
US	R3LVFE2YW30R60	0316920045	Books	5	0
US	R2VCCN3WHEQLZF	0679729895	Books	3	2
US	RK7ILULNORX8A	0425163407	Books	5	0
US	R1L3G5X5XGC8OO	0679460063	Books	2	0
US	R1P1F6GGDC3N1W	0802130208	Books	1	8
US	R192NZ91CCT5D3	0449227421	Books	4	0
US	RD1RZQD7AUQID	0679460063	Books	3	0
US	R1TMUC9D570Q00	0425107469	Books	4	0
US	R1ZG9UWCJCKWV1	0684800713	Books	5	0
US	R2Z36YE59KRBE7	0465068359	Books	4	2
US	R2QTFYNWY6R3FA	0440224764	Books	4	0
US	R3S4EHGB1KB72U	0684833395	Books	5	0
US	RDMPZAUXII9P6	0399143793	Books	5	0
US	R3TU9QKVAJCJX1	0812046625	Books	4	0
US	R1Q3WOLIF7U5K9	006091307X	Books	5	0
US	R2B6PHNAKZ6LE6	0451183770	Books	1	4
US	R2FCG7WKMZ3DSI	0887308589	Books	5	1
US	R8VXHXYR8829T	0517122707	Books	5	1
US	R1MNCSLFDAODPA	0679457313	Books	4	0
US	R3TDE9BM731NX	0670880728	Books	1	3
US	R2QZQ173AKNNBH	0440211727	Books	1	11
US	R1LRTD44EBIP1B	0553278398	Books	5	0
US	R2GYZNYSXTD03A	0451191153	Books	5	0
US	R239H0QWSL2825	0716703440	Books	5	14
US	R3HANP0G866NEU	0887307280	Books	5	0
US	R1GX397EV8LIOQ	0517548232	Books	5	0
US	R2542KVA8N8LZZ	0385484518	Books	5	0
US	R1IZ77VIFFK0K7	0812550706	Books	5	0
US	RHK58YMSL2V47	067942850X	Books	5	0
US	R2TUM5Q9QZ2HZH	0060392584	Books	5	0
US	R2PVYW1A7V9HX0	0553573403	Books	5	0
US	RPR235LKBK2XX	0425163407	Books	1	0
US	R1PVVYFOU9GBNC	0679720200	Books	5	0
US	R2T2RMW1ZUCUL1	031218087X	Books	3	3
US	R3ADUZ1MBMZTBM	068484267X	Books	5	0
US	R3QWI7MO2LSTNV	0684874350	Books	5	0
US	R3OTU29MC2I66R	0446310786	Books	2	3
US	R2U6XEWS82LXJD	0393314804	Books	5	0
US	RAIR3TOL15XRJ	0684874350	Books	5	0
US	R3R4PHEWZTGQEW	0393038912	Books	3	5
US	R309CB8OHQS5JL	1567184855	Books	5	0
US	RZ7IK8SKAZ9JN	1878424114	Books	5	1
US	R2Y5I3R701DPOD	0060977493	Books	3	1
US	R3JTFGB9M581IA	0060977493	Books	5	0
US	R264O319HWKW1I	0440178002	Books	5	0
US	R22S6Z1Z6JSPN3	0060925000	Books	5	0
US	R3TU2E7LKQ2FYM	0385484518	Books	5	0
US	R1HUSRK8B64CRS	0688002307	Books	5	0
US	RXYQRQIK6HBBT	0060977493	Books	3	0
US	R1A9W3LBKIV1KO	1565112601	Books	3	3
US	ROVKJA82SAA4R	0060977493	Books	4	0
US	R2XSNB0SX8JHCJ	006017322X	Books	5	1
US	R34PQOUD7EZ4TK	0821221841	Books	5	46
US	R2550SKC5FP00W	044022165X	Books	3	0
US	R3C606JEXIZ4H1	0060926317	Books	1	16
US	R103NIGIL0EGII	067942850X	Books	5	0
US	RSPRXBZBCEMEA	0135560934	Books	5	0
US	R12GCXYQ2I1ZJP	0345363132	Books	5	2
US	R18T3JGTFW6CXG	0465068359	Books	4	4
US	RLPS8HP1LPN7W	0446364495	Books	1	4
US	RJSFAMPDMQLJ3	0449227421	Books	2	0
US	R1IQDU1Y4QTDY3	0671502336	Books	5	0
US	R2IFQJZZU2W2V4	0140379851	Books	5	0
US	RUXOZIVXPG2AR	0394716787	Books	5	0
US	R3ADGLBE0RQ6UA	0385484518	Books	5	0
US	R2PYP9FM0MJIDV	031286504X	Books	4	0
US	R2HT9WMFS55BQ9	038097617X	Books	5	0
US	R1RKQC9O9FWHLE	0060801263	Books	5	1
US	R3DUXBOFGYHXAR	0451191935	Books	5	1
US	R2URJDB8I9KNZU	0399143793	Books	2	5
US	RSKJS9PC5X5AY	0441172717	Books	5	0
US	RTG7HIFZ9TUI7	1573226521	Books	2	1
US	R329HRTQ8WCCV8	0425152251	Books	4	1
US	R2LDWFQD8022OG	0684833395	Books	5	0
US	R1F5OUDXEWZYSU	0446310786	Books	5	0
US	R16BEPELYS88XU	0670880728	Books	5	0
US	RBTBJJL5RTAV0	0875428940	Books	5	1
US	R3PMY352IFRANJ	0670880728	Books	2	0
US	R3G32VXOIT4JAQ	1567405568	Books	5	1
US	R3F0AWG08TFWO4	0670880728	Books	5	0
US	R19TEYCFP2CNNM	0684874350	Books	5	0
US	RC10QNQLT1LM8	0425152251	Books	5	0
US	R1C2FK5NMKDNSP	0553573403	Books	5	0
US	R2W1A4UGAYRWMT	0553573403	Books	5	0
US	R97EZCVF2TOET	0670880728	Books	5	0
US	R13T67XZRP5LMG	0440224764	Books	5	0
US	R1ANNWPF1BM118	0345347951	Books	5	1
US	RMMVW0EQ4XHY3	0345349571	Books	5	1
US	R1QKWPU41GF196	0425129586	Books	5	0
US	R2CG7UJZ5HW4TM	0201626632	Books	3	10
US	R7LON9KKT3S1J	0140186409	Books	5	0
US	R1JWYIJE0Y8M67	0684874350	Books	5	0
US	RRCR5NJZWLPMH	0802713319	Books	5	5
US	RPY9XAO52XNG1	0517548232	Books	5	1
US	R12TS8DO2Q33PC	1558216340	Books	5	0
US	R1LB8K276NSPRD	0060168366	Books	1	37
US	R145VLMSDAD5B8	031218087X	Books	2	2
US	R39OT1NU5WQ4TL	0425163407	Books	2	0
US	R5RKYBA3D1QNW	0425129616	Books	5	4
US	R35N2AJRKJD29P	006016848X	Books	1	12
US	R1FMU6XKMKH5IX	0679720200	Books	4	3
US	R21R5SG1NWIP0N	0451191153	Books	3	0
US	RUNVZZ9G0LYBM	0553573403	Books	5	0
US	RW1GVXJ8VTK0B	0385482582	Books	1	1
US	R1EHLHWAWF4G3Y	013216292X	Books	5	1
US	RWTECOUG4K18O	0385472951	Books	5	0
US	R384F11KVLYDPW	0399143904	Books	4	0
US	R3JQ1UG3OL6WJH	0684803356	Books	5	1
US	RF9GPQKT7IT9K	044022425X	Books	4	0
US	R3BNG6KI8C1MVP	1563523302	Books	3	0
US	R2IXIZZC7RWW9Q	0684874350	Books	5	0
US	RF1Q0HST7WHRE	0688002307	Books	5	0
US	R1MNR1B38JKS0B	0385486804	Books	3	0
US	R1Q1IP0QTLX8Y1	0964385619	Books	5	0
US	R2J3CYFVIFKTNZ	0060920084	Books	5	0
US	R6ARD684PWJ3	0684874350	Books	5	0
US	R3QR35MBKRJEH0	0670880728	Books	4	0
US	R1MMLIN0OOXQWE	0393038912	Books	3	6
US	R13O3LP17WWWDE	0688052304	Books	1	7
US	R2VZVERFM55DYI	0380973634	Books	5	4
US	R1RPBIQ3PB3W95	0679721037	Books	1	22
US	R2QC2I3OBNF4TE	0440111498	Books	5	0
US	R1K6GUL4Z2OEEK	0425163407	Books	3	0
US	R1FABWN01HBSB1	0671646788	Books	5	4
US	R1R7XE2C61LOOT	0684833395	Books	5	0
US	R1MBB099U4RN4J	0440180295	Books	4	0
US	R2DUZA3M4Y9AR	0451191153	Books	5	0
US	RZHBJYWX1CQAY	0312117337	Books	5	3
US	R21L1LXX4JFYHH	044651506X	Books	5	0
US	R1KLLH68VCRIJ8	0451452739	Books	5	0
US	R3D3L0GONI48FE	0671721720	Books	5	0
US	R34HZ5W2AKDAQT	0399143904	Books	5	0
US	R2Y9QHKWEY3IMH	1573226521	Books	1	2
US	R30EH53Y32NUTT	0786889284	Books	4	0
US	R2GTS3NXQEJ51O	0060977493	Books	4	0
US	R2TAKU14E1CMXU	0440180295	Books	5	0
US	R1SLWCJO68Y6MD	0345298349	Books	5	0
US	R2FBCEYAUB3DE9	0440111498	Books	5	0
US	RHLBP79CJN74S	1853260444	Books	5	0
US	R2NPWVH5700FFC	0399143904	Books	3	3
US	R2UQRIPLJDUNYL	0399143904	Books	5	0
US	R2FWS94S0738C	0380002930	Books	5	0
US	R2Z8E7LKLNGRNB	0553208845	Books	5	0
US	R1OBMGLQMDTXSN	0425163407	Books	5	0
US	R2GEQ99O65D5CG	0875428940	Books	5	5
US	RXHR9L9W3ETLJ	0441003257	Books	5	0
US	R3ULL50SJ9T80S	0399143904	Books	2	0
US	RWGP5HSC6QFWR	0399143904	Books	4	0
US	R1GP6S1DFKMKX9	0446310786	Books	3	0
US	R2Q6CR3OE7UBX8	0440224764	Books	5	0
US	R2JMBQC0NQFV4Y	1573226521	Books	5	0
US	R3BZ80TFY87FRH	0684833395	Books	5	1
US	RZQ7F5943PBTV	0670880728	Books	5	0
US	R37NA6G5EQNEHH	0399143904	Books	4	0
US	R2O3RAGGKOQ6M9	0440224764	Books	5	0
US	R2B2FI62UYJHK3	0385484518	Books	5	0
US	R1X5BEERRQ4NQ0	0399143904	Books	5	0
US	R28PGZ3KWXD1LN	0060977493	Books	4	0
US	R29NFNTWU7T9LU	006109594X	Books	5	1
US	RYAXQ6M7KXS77	0679735909	Books	1	9
US	R1SQCPIGETY7PH	0812550706	Books	5	0
US	R2B89OCLYS7487	1573225517	Books	4	0
US	R3NB2LBNDBPUT9	0345315227	Books	1	1
US	RTFR07YBQ5G49	0060926317	Books	2	0
US	R1YXKJSUAPLZNW	0451191153	Books	5	0
US	R3SC5T0XYEZXVG	0452273331	Books	5	0
US	R1LIVO3LUNHYYF	0399143904	Books	5	0
US	R3ROZLPQVU00IK	0345350499	Books	5	0
US	R15C0YD3P7RAAY	0385484518	Books	5	0
US	RMJOCV6C9NBN1	0446364495	Books	1	2
US	RWU927HHCEOMW	0399143904	Books	1	0
US	RLNB9GL2TPRBP	0440178002	Books	5	0
US	R147MCB5OV8D4L	0786112581	Books	1	63
US	R2VJLJU4O13B3B	0395860210	Books	5	1
US	RP8H2YGEXCUPD	0880389052	Books	5	1
US	R1WS3ZSNZRP435	0897500482	Books	5	1
US	R1C792GSVYX4KD	0399143904	Books	5	0
US	R3HVENAU3XNONE	0399143904	Books	5	0
US	R2B023PDPS15ZC	0670880728	Books	3	0
US	R249AM1JBQ3NQ	0964385619	Books	5	0
US	R2UHO8JTTV0XCR	1563523302	Books	5	0
US	R258XKQERS8J70	0140186395	Books	5	0
US	R3TH1L0F1MHNDI	0670880728	Books	5	0
US	R6344NWKBAU35	0425152251	Books	5	0
US	R2ARZ2DPG77ZB7	0195067142	Books	5	1
US	R9T4WD78RZ55Q	0156711427	Books	4	10
US	R15ZE19GJ4RTD3	0515123447	Books	5	0
US	RG3SIKMGOG12A	0140131558	Books	5	0
US	R3OBKDUG8ARM7Y	156849114X	Books	5	1
US	R2M5MGC8OR76C7	0688158129	Books	5	0
US	RC4NES53R6NNJ	0380729407	Books	4	0
US	R3DRRZQXBHXHC8	0446605409	Books	4	0
US	RRDEOZXGTECXB	0399128964	Books	5	0
US	R23DZQB2OKB9X1	031218087X	Books	5	0
US	RCC7167Q395AH	0900652985	Books	5	14
US	R16I5Z2M6ZBRSR	0131099507	Books	5	1
US	R1PXCVLUXMJ2UC	0399143904	Books	4	0
US	RS7QI40B0ZWOV	0399143904	Books	5	0
US	R268MNXW9CT0IN	0440131480	Books	5	0
US	R3Q6N7K0UBVXSQ	0517122707	Books	1	11
US	R2ZEUIDTBCXVPO	0399143904	Books	1	1
US	R2GXF7G5E67J23	0451191153	Books	3	0
US	R1JDQUBSEE89WQ	0060174900	Books	5	0
US	R1JENY4CO27O7O	0399143904	Books	4	0
US	R3154CX8OKYPRN	0425163407	Books	1	1
US	R336EJY1AESWXV	0399143904	Books	4	0
US	R1XH96FFH74KFH	067942850X	Books	5	0
US	RG2FI9YWNFFJZ	0140157352	Books	5	0
US	RRHP3RH62KKBU	0679457313	Books	5	0
US	R109JAERLOK3GM	0802130208	Books	5	0
US	R12OA9CGSOZ3DN	0684833395	Books	3	2
US	REQCFQVC9B6H5	006016848X	Books	5	0
US	R3TTSDSJ962TII	0517591812	Books	4	0
US	R3L2LCIMVI42HJ	0465068359	Books	5	2
US	R3FMKWXBG97JWW	0449002632	Books	4	1
US	R3UZD9NYYAT2RQ	0399143904	Books	3	0
US	R35JFOBYVBI81N	0393317552	Books	4	1
US	R18IPLSNNPNB1X	0399143904	Books	3	0
US	R3O8GR83WKZP5E	0446310786	Books	5	0
US	RNY3D1MDVU40U	0688158129	Books	5	0
US	R2UHWHKBEP7F0F	0553573403	Books	5	0
US	R2THDZFOGD3Q1F	0875845851	Books	4	144
US	R2AJ869QXMHAMU	0399143904	Books	3	0
US	R1519E74IBEZUD	0670880728	Books	4	0
US	RXH4SQQCZBHWQ	0399143904	Books	5	0
US	R30T54XIB6PSV6	0399128964	Books	5	0
US	R13HNJN3QX69QA	0060168366	Books	4	0
US	R29S1I3BPPBS49	0399143904	Books	3	0
US	RIVYQEC73A8PW	0399143904	Books	5	0
US	RE8SMZD6FB3JI	0679720200	Books	3	0
US	RNMJ3ZRAB6IOB	0553573403	Books	5	0
US	R208CY06MHCVAF	0440214041	Books	4	0
US	R31I6OQ6XQK7BH	0380778556	Books	5	1
US	R1K7QOU0LKU2YX	B00004THO3	Books	5	0
US	R28SW4MEKOLC13	044651652X	Books	5	0
US	R2O0QNHFSSHZWA	0812550706	Books	5	0
US	R3HLSW97KE04N	0399143904	Books	5	0
US	RCAVKK3F3515C	0670880728	Books	5	0
US	RFLCNY20M2AC3	0060977493	Books	4	0
US	R3GFZK4BKI2KVP	1573226521	Books	5	0
US	R2S0QPNWJBG6J0	0399143904	Books	4	0
US	R2OQS3GARVZSBH	0399143904	Books	2	0
US	R39FKDFYE840AL	0848813065	Books	5	0
US	R2Q4G14900BS2Y	0553573403	Books	5	2
US	RQBNNNGMYOQK8	0440214041	Books	4	0
US	RN5F2ESL756VV	0345350499	Books	5	2
US	R2UH4IZMF0SMZO	0316921173	Books	4	0
US	R1RZ1VNWMPIJG8	0140177396	Books	2	0
US	RQF75VTYPWA99	0060975768	Books	5	1
US	R22OTHVNVOOTC2	0312954468	Books	5	0
US	R2PL3ZH1H1TK1K	0553573403	Books	5	0
US	R1JLCWRW099BQR	0553275569	Books	4	1
US	R3SQC1IHT5U8XG	0399143904	Books	4	0
US	R1NEE3NORRCXKZ	0679457313	Books	5	0
US	R3QM0K4OYODAA5	0399143904	Books	5	0
US	R3QZMGH05B186C	0553573403	Books	5	0
US	R250W61EE0D6R5	0399143904	Books	2	0
US	R3RY4SF585GGY2	0380778556	Books	4	0
US	R5N1JUZFO1RC7	0345409671	Books	4	0
US	R2DY5R15JJLX73	0393312836	Books	5	0
US	R14VICBNCR17TJ	0399143904	Books	2	0
US	R1GLV65PH2FJD6	0399143904	Books	4	0
US	R25OB0KDGA71ML	0062502182	Books	5	0
US	R3680QQJ07TZBB	0399143904	Books	1	0
US	R2ACJ6J4F8KKDM	0399143904	Books	5	0
US	R3DSIHZDGZUAQX	0802130208	Books	5	0
US	R61JPPYDICG3D	1573225517	Books	5	0
US	R21E00NN3RSND7	0684874350	Books	5	0
US	R2L8C68S9JNZ59	0440180295	Books	5	0
US	R25R0NMOJG840H	0385471483	Books	5	0
US	R135UBQ3SVQKHF	006017322X	Books	5	0
US	R19BUO4KYS2057	0684800713	Books	5	0
US	R2TNVN8NC6HT1S	0399143904	Books	1	1
US	R1XBN9WXSZ3850	0140177396	Books	5	0
US	R1B4KESKQ94FQ1	044022425X	Books	5	0
US	R1QL2HWA4BAG1S	0399143904	Books	4	0
US	R1UUB7M1ODR7FQ	0399143904	Books	4	0
US	R2LS65S4WENSQ9	0385311400	Books	5	0
US	R3TRAKM0XVQGIZ	0399143793	Books	5	0
US	RG1YDM8BJ8JRE	0375701427	Books	5	1
US	RHURKDQ39L7TK	0380789019	Books	5	0
US	R2OBNSCJCI4WMC	0399143904	Books	4	0
US	R3DAXYACPXVCRF	0671867369	Books	5	0
US	RPNZ8LHIE9FPF	0553565915	Books	5	1
US	R3HL5ST8NXOEKC	044022165X	Books	5	0
US	R11H2MLX6RBO3H	0807029181	Books	5	1
US	R2QSRB47EG0ETK	0393038912	Books	2	1
US	R2F46HT3AG82FW	1563523302	Books	5	0
US	R3QHT7LHB7OHJM	0385491026	Books	4	1
US	R3TOX1YCQAHXQO	0399143904	Books	3	0
US	R3VBZ3TNMM19OL	1556154844	Books	5	2
US	R1X4X0Q0X1MX7G	0385040253	Books	5	2
US	RD114QT0ZWYL0	0670880728	Books	4	0
US	R5AWKDZBBTKS2	0399143904	Books	4	0
US	R2DKYXF9JN3KF5	0385484518	Books	5	0
US	R29AFR4VBY5V6F	0399143904	Books	3	0
US	R2SA5D7ZDTQ1JD	0399143904	Books	1	0
US	R1NCUPPKDSLRY5	0887307396	Books	5	0
US	R2XYX32CVKBE2U	0399143904	Books	1	0
US	RJWM8FE8ZF1WD	3895084581	Books	4	0
US	R2RJYS9ULNH49A	048629823X	Books	5	25
US	R1SOZZF37PFA70	0486282147	Books	5	0
US	RR4Q1T8CLOLEE	0440214041	Books	3	0
US	R2E9RS7740XORI	068484267X	Books	5	0
US	R1QL1T71GN00KF	0399143904	Books	1	0
US	R1YY5JRMW4ROWP	0399143904	Books	1	0
US	R10UGYW1AP7CFJ	0679720200	Books	3	0
US	R156FLBK61DA7T	0399143904	Books	1	0
US	R5Z4DE87HS9JY	0345350499	Books	4	0
US	R2WX704X4JGQ1Y	156740118X	Books	5	0
US	RQQKSTPSV0PZL	0440180295	Books	5	0
US	RDGW9V1BHOHZ2	0385491026	Books	5	5
US	R30RXHQWTLYSD	0440217563	Books	5	22
US	R5HL1A0BBQ6KI	067942850X	Books	4	5
US	R3IOYLPO8VD5OW	0679745203	Books	5	2
US	R5K4VJRX0GC8P	0553108034	Books	4	0
US	R3QTJOIFACUKN9	0696204800	Books	5	11
US	R2ECIWD8RLSOJ1	0399143904	Books	2	0
US	R1IOF3Z1YAQU90	0670880728	Books	4	0
US	RQJH37U38PUD8	0060977493	Books	2	1
US	RNA0J0R0P4GJQ	0553296981	Books	5	2
US	R3ETCJ4FTY4ZML	0671015206	Books	5	0
US	RILRY6ZJNC5HZ	039608575X	Books	5	0
US	RZ4KNSJG7L1BZ	0312119038	Books	5	6
US	R3MTP8WPU6EC18	0684874350	Books	5	2
US	R3HIRSTCX7K052	0425074811	Books	1	9
US	R3T98PZA58Z6ME	0399143904	Books	1	0
US	R3D7GTNM9KF24D	0399143904	Books	1	0
US	R1IR2CB2EXSDRD	0517122707	Books	5	0
US	R33OA82WZ1VOU4	0385482582	Books	3	2
US	RYXCQHQ5NBMCZ	0060977493	Books	3	1
US	R3AIOVJ36KC0TC	0670880728	Books	5	0
US	R3VNLV53TO4YLK	0399143904	Books	4	0
US	R31G82Z01AYDRD	0802130208	Books	5	0
US	R35KD8HC9NVNWV	0805017305	Books	5	3
US	R3GDKSGFWLQ4C2	0399143904	Books	3	0
US	R1NPZR5A4Z8648	0802130208	Books	2	0
US	R1N2XGWXDUMUAU	1567312373	Books	5	0
US	R2WXIGI8ESFMJZ	0802130208	Books	5	0
US	RP3488THINEAG	0399143904	Books	5	0
US	RL27AZY1ERQ6B	0312954468	Books	5	0
US	RD9MBH1HJ1V24	0684874350	Books	5	0
US	R25SDFPDSZKOEX	0399143904	Books	4	0
US	R2I9908HWES4D5	0553296981	Books	5	0
US	R3V2PQ6YAEUHX8	0425129586	Books	5	0
US	R2Q6F5O79ETKA3	0399143904	Books	1	0
US	R11VGS2Y4EB5LI	0395066360	Books	5	3
US	R1APTGCKVD1JKT	006017322X	Books	5	1
US	RRSO7Y7S57PE7	0399143904	Books	2	0
US	ROMT1SBS3Q5S9	0399143904	Books	5	0
US	R3SPA4BLZQC3D1	0399143904	Books	4	0
US	RQ9QCSWPBX0NJ	0880381736	Books	5	0
US	R3HNX260FQ0WPV	0684874350	Books	5	0
US	R3GYLGLRI8NBBU	0553062182	Books	4	19
US	R1W0D0ZCT719C7	0399143904	Books	5	0
US	R21QRA31ARF26R	0060916540	Books	5	2
US	R3PCPPITJDRSXF	0440117658	Books	5	0
US	R1S4SYKEUH52HM	1573226521	Books	5	0
US	R2N5ZQF6G7VZHY	0684874350	Books	5	0
US	R1JRJFPLI7OIFX	0671646788	Books	5	5
US	RM1BZMBXPW43W	0812550706	Books	5	0
US	R1PM7XOMI1X8OF	0451169514	Books	5	0
US	R2YSKV7MSBT2PG	044022425X	Books	4	0
US	R3JHUV8K6X9FK9	0684803356	Books	5	0
US	RL1BF9V3LZ6U7	0385421982	Books	2	1
US	R2C7CKS3FWW9TC	0399143904	Books	2	0
US	R2ZU2C9C94JVZ4	0140187863	Books	5	2
US	R1AB2RD3VO5T8A	0684801558	Books	3	0
US	R2MXRBZZVLC5LK	0399143904	Books	4	0
US	R1ES1VP624KWBM	0399143904	Books	2	0
US	R22ZO9YBZMPZFA	0316926345	Books	5	9
US	R2TJOWWIDCEV2P	0345350499	Books	5	0
US	RLVGTGW45RLM8	0451191153	Books	5	0
US	R3LQFGZYPZSC76	0684874350	Books	5	0
US	R3JSYGTI36CWN4	0399143904	Books	2	1
US	R16YM45ECR29FW	0399143904	Books	2	0
US	R1GRO23FCVSTS2	0345409671	Books	2	0
US	R29D7LTDDC1HRM	0446310786	Books	5	1
US	R1PVJK5F6ZQ4AO	0670880728	Books	2	0
US	R1TL814S3RDCZN	0060926317	Books	4	3
US	R3J5U457HKVS5C	1568495110	Books	5	0
US	RNNAP4LRVFKYB	0441003257	Books	1	5
US	R3KKT2N6QWXIZV	0451160916	Books	5	0
US	R12AJAFNC7HPR9	1568495110	Books	5	0
US	R2XNEGHPP45M47	006016848X	Books	1	14
US	R2SGWBHAH55S3Y	B00004THO3	Books	1	1
US	R19R6T0CALXSHP	044651652X	Books	1	3
US	RE2KQED36BBFI	0670880728	Books	2	0
US	R2CNOG3FFUE77M	0393038912	Books	5	1
US	RN6PBT8Y8KF1X	0399143904	Books	4	0
US	R2IDGNMW3M2XWO	0679442790	Books	5	0
US	R4RS1RFMJ7UKB	0440211727	Books	5	0
US	R397UJABAEZN5Z	1573226521	Books	5	0
US	R3NHX0N1RGZSEO	0385484518	Books	4	0
US	R23L39UD36YO8F	0060392584	Books	5	12
US	R2UGPF7ON4UOBJ	0399143904	Books	1	0
US	RCLVOY5MKWG4N	0399143904	Books	2	0
US	R2AQYKE89X38TM	0385121679	Books	5	0
US	R14WTND4K48UNS	0399143904	Books	3	0
US	R3K58ILX2LWDHR	0345315227	Books	1	7
US	R8FJL22716763	0060168366	Books	5	0
US	R3D98VIW4GM4XL	0399143904	Books	5	0
US	R1BRWBF7VEG0EK	0394401786	Books	5	103
US	R2SIIO2EGCNG	0812550706	Books	5	0
US	R282K26FRL07W8	0688158129	Books	5	0
US	RUU0F7OKGUGZT	0399143904	Books	3	0
US	R26VA3IQZSJW15	0394586077	Books	5	0
US	RZ4689W4K3I8X	0812550706	Books	5	0
US	R2FHUYKBW1KYR7	0399143904	Books	3	0
US	RLUW6Q3F4104A	0671867369	Books	5	6
US	R3DTO5BIIX4RYR	1573220485	Books	5	0
US	R22B7YTGFX0K3	0399128964	Books	5	0
US	R3CUES03B4OFTT	0897500482	Books	5	1
US	R2XQ05IMSYNLOM	0026009102	Books	4	0
US	R3R7LI9FFNNMQI	0399143904	Books	1	1
US	R223R2JB0SSPTY	0679735909	Books	5	2
US	R3MO6N9M8TKOGP	0399143904	Books	5	0
US	R2D452KNH3HTL	0399143904	Books	2	0
US	R1BBXA38EM99P6	1563523302	Books	4	0
US	R16ZW623661RAV	0446364495	Books	5	0
US	R244JT6WCY5W0X	0915811774	Books	5	21
US	RE0MRXN3R8KM2	0399143904	Books	3	0
US	R3CJOGPS087AIG	0399143904	Books	5	0
US	R4QOH0QDFKLG6	0451167716	Books	5	1
US	R35SGR9CBXPQHU	0399143904	Books	5	0
US	R10YUPRYF41D2M	0140862455	Books	5	0
US	RBFW3T4BJXHPC	0553573403	Books	5	0
US	R2N5CPO99D1XHB	0553573403	Books	5	0
US	R2UWHG3CUSTLDZ	0515123447	Books	4	0
US	RF34PI92TUY3V	0440224764	Books	5	0
US	R12I2D5BD14BH4	0399143904	Books	3	0
US	R2TU0J4HWF1PU9	0671576089	Books	5	0
US	RMAKB6K0SEW9U	0897500482	Books	4	1
US	RQWGSIS5IFGR	0802713319	Books	4	0
US	RVMH94ET5A00X	0441172717	Books	5	0
US	R14K0ZKOPTKKTP	0399143904	Books	1	0
US	R18O1GS0N6FT42	0312853238	Books	5	0
US	R2W8Z28O14Q1WM	0399143904	Books	4	0
US	REFE4UQSTXH5R	0060801263	Books	5	0
US	R2KF3IXFUCI7GG	0688152023	Books	5	2
US	R193RSGIYO1Q39	0385484518	Books	5	0
US	R3GFJ5MPIS4PWX	0345350499	Books	5	0
US	RXKHIC0DU3FPL	0449002632	Books	5	5
US	R1L50ZFD6UN24S	0399143904	Books	3	0
US	R3D0Z9FLATC5RI	0399143904	Books	5	0
US	R23MPMCZJZ8XSN	0060977493	Books	5	0
US	R5T8F8XCP8X7J	0399143904	Books	5	0
US	R2Y90C2EP0WA6X	0440211727	Books	5	0
US	R2PRGDNHJZTQAL	0399143904	Books	3	0
US	R2ROYEX6ZI21TO	0399143904	Books	5	0
US	R2IFHLZR4FQKUI	0393312836	Books	5	1
US	RC0RA8ZJ48V3	0345360338	Books	5	1
US	R3NXGO0HXX2FFJ	0060925000	Books	5	0
US	R3UIKHLTS7T68	0399143904	Books	4	0
US	R2J3J3MGAEKHJD	089845915X	Books	1	4
US	RI0LMCX4M2A11	0399143904	Books	2	0
US	R2ZTYXMG1WXGD7	0670880728	Books	2	0
US	RISCQE7G20NT1	0425152251	Books	5	0
US	R247GF6OE3L7IN	0399143904	Books	5	0
US	RRO31VEPFAOGT	0452270073	Books	5	2
US	R1SXK8YE4855QM	0399143904	Books	1	0
US	R1492TPCUUQGGS	0399143904	Books	3	0
US	R1ZTO5XEONSUFY	0816158134	Books	5	0
US	R2CQRZHOQE9XYC	0385472951	Books	3	0
US	R1RHI1OUKP4S1	0399143793	Books	5	1
US	R13ICJUMGLMFDF	0446605409	Books	3	2
US	R2GXGRUM9DNTV4	0060923989	Books	5	1
US	R16XXXL9GCLND6	0399143904	Books	3	0
US	R2ZAEPL68P5OBD	1556154844	Books	5	1
US	RZEQOCIUAQ0VB	0451191153	Books	5	0
US	R2GY9S90Q90L0Y	0517122707	Books	5	0
US	R2AE0PAXVKKHQO	0449002632	Books	4	0
US	R2H5K81Z26HO0V	0399143793	Books	4	0
US	R1TF0WMWXE91T6	0887306713	Books	4	1
US	R2P792RK9JM02V	0671799320	Books	5	1
US	RQIKYY1YC617J	0887306128	Books	5	0
US	R325G5UAPXYIUT	0399143904	Books	4	0
US	R1RIMP05Q2M80S	0553212478	Books	2	2
US	RZR7VQGFJM2DF	0399143904	Books	2	0
US	R1YT7ZF0WZ0CI7	0399143904	Books	2	0
US	R3S874M3XLMIP8	0399143904	Books	1	0
US	RC8KADZNV3K3Z	0807106577	Books	3	7
US	R3NBJ335T8GQKL	0812550706	Books	5	0
US	R2REW3027VM064	0670880728	Books	5	0
US	RAUXILB9IH99F	0399143904	Books	1	0
US	RR5R6P3ZCZTCA	0385484518	Books	5	0
US	R1XP72RKKMMXH0	0812504488	Books	5	1
US	R2FFNEISSFD36E	1563523302	Books	5	0
US	R3FWDKH2T8SIDD	0670880728	Books	2	0
US	R15T8SPLN0WF69	0060977493	Books	3	0
US	R2XWGK2J5GCL1T	0670880728	Books	5	0
US	R3HHRYLQGYBKUT	0399143904	Books	1	0
US	R5DFXP0HW7OOK	0399143904	Books	1	0
US	RFLVAVSCM2TUN	0060976624	Books	5	2
US	R1VNZ643BQ3FMQ	0380799006	Books	5	2
US	R2TGVKEDY3DF5L	0802130208	Books	5	0
US	R3OFNO69V0L7WP	0451169514	Books	5	0
US	R3CTBPF3OQYAH8	0375751513	Books	5	0
US	R1X61EPZ8NHE8A	0787105686	Books	1	5
US	R1529Z61G7JTN4	0679745203	Books	5	1
US	RJX2L5X1QYJI1	0679745203	Books	5	2
US	R328LL8IFIY7HB	0061092037	Books	2	0
US	R2Z57CMS4HWFMA	0385474547	Books	4	0
US	R2POQ1QH3MZFA5	0670880728	Books	5	0
US	R216HHGSAFX3XV	1573226521	Books	5	0
US	RRTVYV498VU0L	0062502174	Books	5	0
US	R38X2P6PN827F7	0684874350	Books	5	0
US	R23FJXVIADQZ2R	0399143904	Books	3	0
US	R3A5PNYGAGY68G	0440180295	Books	5	1
US	R3JGR2XQAVI5Z1	0451169514	Books	5	0
US	R3CH5QVIHGGLE5	0393317552	Books	5	1
US	R2PU83ZEXSZ5AC	0380002930	Books	5	0
US	RO0MGDRACLP94	0553562355	Books	4	1
US	R142N24OI7ZPTP	0812550706	Books	5	0
US	R1RBT9XRAOQBOX	0670880728	Books	5	0
US	R27EMP0TH7SU3T	0679731369	Books	5	2
US	R3SDH820L639X4	0399142533	Books	4	0
US	R3HP35EUE3HKFK	0451183770	Books	4	0
US	RN0QOL3ZQB06Q	0385484518	Books	5	0
US	R35BFM4JFPFVN3	0399143904	Books	2	0
US	R1M8K4D21NMG7P	0399143904	Books	5	0
US	RSTYC8C0QPLCM	0670880728	Books	5	0
US	R31PXYZ4BEGHQ3	0684833395	Books	5	0
US	R1T6GXDMHPL33L	0399143904	Books	4	0
US	R3NEUMG4ZPC5M9	0399143904	Books	1	0
US	R1NE3J1EMV4N4Z	0679736646	Books	5	0
US	R3HU7A18PZ8JRV	0446310786	Books	5	1
US	R1X6J5YC3FNQ2W	0446605409	Books	2	9
US	R28DKUDCB9FGF1	0684874350	Books	5	0
US	R2BN3PDM4ZTY2B	067082187X	Books	5	5
US	RXANWBKH1R68M	0802713319	Books	5	0
US	R3TGOPZ1ML81YH	0440213525	Books	4	0
US	RUYLDXIOXXXK2	0192827650	Books	5	1
US	R2Z77N4HEMW4BB	068483605X	Books	5	0
US	R20EZPT4GKUVHY	0345350499	Books	5	0
US	R160QHC5494II7	0399143904	Books	3	0
US	R14J6TKITLKXWP	1570425671	Books	5	0
US	R3P0F3KDA94NJ2	0670880728	Books	4	0
US	R3H1QG00PY4NU7	0060174900	Books	5	0
US	R3O6TU3VEF1FCV	0140177396	Books	4	0
US	RMU268FQQGGCV	0684874350	Books	5	0
US	RZFUGMSOUQKV4	1563523302	Books	5	0
US	R32HOPOSBGA4KG	0670880728	Books	1	3
US	R3DSEP9SA6JK83	0684135051	Books	5	12
US	R3AAECVXPDMYUU	0399143904	Books	5	0
US	R21CT5ENN9W4X	0062502182	Books	5	0
US	RZTMVORI9IIJ3	0399143904	Books	4	0
US	R10D4NCLU9ZVOJ	0486278077	Books	5	0
US	R2WHDLV44JWE9U	0440224764	Books	5	0
US	RV789I3WKBKZ2	0899662439	Books	5	0
US	R227V1QYALACF4	0380018179	Books	5	0
US	R1YV1QIVTLBTYM	0399143904	Books	1	0
US	R34BJFV1KJWG3P	0517702967	Books	4	0
US	RFDX6FG73YY2W	1573225517	Books	5	0
US	R3F87AJ73YSOCV	0151001820	Books	3	0
US	R1XRZ7YFA5LYAP	0399143904	Books	1	0
US	RAJIVXE16BD3R	0713717068	Books	5	35
US	R10DDGIYM444KL	0345347951	Books	4	1
US	R2EEV0OW7MU9MR	0194314219	Books	5	0
US	R8F70CWRG6O3D	0140072187	Books	5	1
US	R27Z0MFZ6ESJC7	0194314227	Books	5	0
US	R15Y4W6HA376QF	0393316041	Books	5	0
US	R2SA73CYI1LQLR	0446310786	Books	5	1
US	R1ZN4S4QIOPXA8	0316286869	Books	5	64
US	R2VBZG2BAPTMFY	0452277752	Books	5	1
US	R2DCLJJU2ZVLV2	0553213105	Books	3	1
US	R1AKC1P4H88KJO	0375701427	Books	5	1
US	R3UZX2LSOCXLGG	0399143904	Books	4	0
US	R1OG9H2HL7YWUB	0451191153	Books	2	1
US	R33AG8GBWW5M9D	0380002930	Books	5	0
US	R2E6VP3HUHTXA7	0060801263	Books	5	0
US	R34OKLNLR8PKSD	0684830515	Books	2	1
US	R1BTKGTJCBAT4X	0804106304	Books	5	0
US	R1W24Q2HZ0JQAG	0679720200	Books	4	0
US	R10AIXJG4F26K9	0060976624	Books	5	2
US	R2U6BXG5H53N7O	0399143904	Books	4	0
US	R1E1UGAPM5YFQC	0446310786	Books	5	1
US	R1SWNWN41CDPQ1	0399143904	Books	4	0
US	R326D6PXSWBAPF	006017322X	Books	5	1
US	R3MU411J5XSZGP	0399143904	Books	2	0
US	R2UHO7DUVTK5HM	0812550706	Books	5	0
US	R17IP8UZAKSYSF	0553378384	Books	5	2
US	R29C7X9WV294L8	0140186395	Books	5	0
US	R1R5FIPGUKDLHC	0140187537	Books	5	0
US	R35XUVMSDDMPIY	0375751513	Books	5	0
US	R2Q4H45AVR14DL	0399143904	Books	3	0
US	R27XI5KYQXTAYM	0684874350	Books	5	0
US	RXYCVNSXIJT76	0449002632	Books	3	0
US	R4XHYC83VMXML	0380002930	Books	5	0
US	R3VSHERZNT2YHK	068484267X	Books	2	0
US	R3CMIT8G77R08A	0805210393	Books	5	8
US	R26YVGTR8DHA08	0679441018	Books	5	7
US	RJQPE1BOZ50J3	0201633612	Books	5	0
US	R1H67CRT0ME6Q0	0553275976	Books	4	0
US	RYLMA7TQE3BKP	0399143904	Books	1	0
US	R19XAH642S1KYU	0452277752	Books	5	0
US	R27Q667HACNVLE	0380713802	Books	4	10
US	R646LK4KAXI4E	0380778556	Books	5	0
US	R1YAZB3X5WNGAJ	0425105709	Books	3	0
US	R6MZJRXCE5T8H	0399128964	Books	5	0
US	R1QZYGYYLKI6N3	0395282659	Books	5	0
US	RXRLA2LDAMY47	2218717166	Books	5	12
US	R2W5H81AXQ9WM4	0671510991	Books	4	0
US	RPKK8DGX6EF7S	0517053616	Books	5	2
US	RB3JFLUJQZ5KR	0446605409	Books	2	3
US	R1QHPPNYYUBP9J	0805017305	Books	5	5
US	R3Q4BVN8LB9M0	1884822312	Books	5	1
US	R1ZIKVBNFYM9CS	1574530011	Books	5	0
US	R32WLVZKB3SI5V	0804102988	Books	4	8
US	RT0AGKYFR07K0	0062502182	Books	5	1
US	R174I9IT3KWPME	0451160916	Books	5	0
US	R1SGZRMSSAW4US	0399143904	Books	5	0
US	R1HKED62HQYFON	0446364495	Books	4	0
US	R3D0I1ZME7Q9B6	0670880728	Books	1	3
US	R3N38G6T110QSS	0812931017	Books	5	1
US	RRG7GUT0AYC54	0552124753	Books	5	0
US	RMJM7YKBWXS8R	0062502182	Books	5	1
US	R2B7TQI02SZEOQ	1573220485	Books	4	0
US	R1SOJD2VJ8JFXE	0345308239	Books	1	24
US	R1RYA66003Q797	0816158134	Books	5	0
US	R1QJAAD080SBR6	0399143904	Books	1	0
US	R2M5DZVE2X8HGZ	0553296981	Books	5	1
US	RXU31S2706O9W	0375402675	Books	5	0
US	R35WGYTSVA7FLE	0385484518	Books	5	0
US	R8E8GYRCFZ9AU	0399143904	Books	1	0
US	R2HB3AMVVBFWMF	0060926317	Books	1	30
US	R1WF1PMO1MRIQY	0812550706	Books	5	0
US	R9JM4834VDLA4	044651506X	Books	1	10
US	R25PZ7G2OGNID4	0399143904	Books	2	0
US	R2IN8USPUHD835	0399128964	Books	5	0
US	R225BHVOY10EL4	0140186395	Books	5	4
US	R182UGUZPS72OV	0553288105	Books	5	0
US	R1Y9PROKU3X0YZ	0688152023	Books	5	4
US	R257AVL1GNDXNM	0670880728	Books	5	0
US	R1ZKX984B6ZG0H	0399143904	Books	2	0
US	R14TW95YQ7VT9M	067960085X	Books	5	2
US	R16GUEOGHBIYR2	0060920084	Books	2	1
US	R2G052WDRKHCP2	0670880728	Books	5	0
US	RZAXIYQRC9FWC	0688052304	Books	5	0
US	R3BI143PDDGDXK	0399143904	Books	4	0
US	R3T32WD42HE0R9	0399143904	Books	1	0
US	R3KBMK743HT04N	0670880728	Books	4	0
US	RJWCVBOTVBZQJ	0679781307	Books	5	0
US	R2GNFOFURV6UDH	0393314804	Books	5	0
US	R1GX08J39Y41O4	0399143904	Books	2	0
US	R2BAAS76GGE5ML	0451191153	Books	3	0
US	R3KNZZKY3GI86R	0804106304	Books	1	19
US	R1AO5EWJW7BLHY	0399143904	Books	3	0
US	R2CIXES8W0PCMS	0688158129	Books	3	0
US	R3G5MUBED7C9W3	0679438327	Books	5	0
US	R2ZXDLFM0XTZMB	0399143904	Books	2	0
US	R244QAAVD2WJR8	0393307050	Books	5	0
US	R3E29D5NPSCJY9	006091307X	Books	5	0
US	R2IUJX3AVG6KHI	015626224X	Books	4	0
US	R2UISWCPMUVYEU	0312952813	Books	5	0
US	R3MEOGL0XNTZSI	0553278355	Books	5	0
US	R2OSGDA0429P5L	1878424319	Books	5	3
US	RYC1GGJKOS8ND	0385486804	Books	5	0
US	R1NGF3CTQBKV4H	0399143904	Books	5	0
US	R290QPU7DJTNK1	0385484518	Books	5	0
US	R3R129OUWWXO7I	0812550706	Books	5	0
US	RWYI0IMFPQPWQ	0399143904	Books	3	0
US	R1HDTZF2D1IZS7	0553260111	Books	5	0
US	R3LLDW1W1TM62C	0060168366	Books	4	0
US	R2A7WWQ5VB1K5C	0380002930	Books	4	0
US	R2YK8GU0BLGUKK	0192831631	Books	5	2
US	R3JEMZ9UA2YYG1	0399143904	Books	1	0
US	R2YSFVJSI95T3C	0880389052	Books	4	2
US	RT0GTMCD3D5YE	006091307X	Books	2	2
US	R1Y80M5NZ2F6K5	0345350499	Books	5	3
US	R1XFCFCS0VKEKL	0452270073	Books	4	1
US	R2MJFDPGTAQZ9J	0688158129	Books	4	0
US	R1IC323B1NE2NC	0517122707	Books	5	0
US	R2GVH72P6YAL2I	0399143904	Books	4	0
US	RU5I8A5HGAN8P	0517548232	Books	5	1
US	R2XEQ6GWUXV2DH	0670880728	Books	5	0
US	R3CEZ80EUVMQOM	0385484518	Books	5	0
US	R1FJWZ62J0G8G5	0899663036	Books	5	0
US	RUC71HRYTMTUG	0684803356	Books	5	0
US	RFHBC9WJF19ZN	0440180295	Books	5	0
US	R3M55W260PBRVM	0399143904	Books	5	0
US	R1G3NBZS36FQAO	0399143904	Books	5	0
US	RARI0YCCNQC55	0061003646	Books	2	1
US	R2QNJ1VEXMULVV	0893860220	Books	5	6
US	R1ZADUN8C6496F	156849114X	Books	5	2
US	R39GH9FSSHMGAF	0441172717	Books	5	0
US	R1FIKO2XB5NIFG	0441172717	Books	5	0
US	R32I03IKH38MIH	0679457313	Books	5	0
US	R1K72PTBL48ZVQ	0679745203	Books	5	1
US	R1NRG34EK70C3F	0515123447	Books	5	2
US	RD3VASUOMAUOI	0694520500	Books	5	1
US	R3G08HT8UZKEX0	0590373587	Books	5	0
US	RVVGEF43NJCSK	0679735909	Books	5	1
US	R3KESOFIPLAP9G	0688158234	Books	5	2
US	R57JUJPIFDBQE	0345345061	Books	5	3
US	R15MCCBHB8FTK	0802713319	Books	5	0
US	RY5EQ5ZHZ48JQ	0393316041	Books	5	0
US	RYACYAKEXQZFW	0553278223	Books	5	0
US	R3TN5PFKDJF841	0684874350	Books	5	0
US	R3SJFSWIQG5GHJ	0060977493	Books	4	0
US	R1FPQDVZGMN5GP	0694520500	Books	5	1
US	RY7UJS8TPWYRZ	0679722610	Books	5	0
US	R60YCAN15H9LQ	0385484518	Books	5	0
US	R14L883D33PY03	1573226521	Books	5	0
US	R2XEADC0ETRKEH	0399143904	Books	5	0
US	R5XFAQKYKSK9O	0060392584	Books	2	4
US	R6D32MZJ7KQTF	0684874350	Books	5	0
US	R2TNJQOFLDOLG7	0312954468	Books	5	0
US	R3T41FC6L7L3P4	0399143904	Books	1	0
US	RBI3FHCP57XNC	0440224764	Books	2	0
US	R1L3KOWFA4R3OI	0140186395	Books	5	0
US	R3O5970YIXCFOD	0393316041	Books	5	0
US	RPK3W024NY6ZJ	0316920045	Books	5	0
US	R283GVJ8S68ZTU	0385493622	Books	5	0
US	RD42KZGCXFNOM	0385255853	Books	5	0
US	R2MT3GKTWW9VZT	0399143904	Books	2	0
US	R2ZQFBRBQQ1XDU	0399143904	Books	1	0
US	R1735IG0SG9F93	068483605X	Books	5	0
US	R7E79M3PXO0M5	0451169514	Books	5	0
US	R1NTNTUJPVDOH1	006092988X	Books	5	0
US	R1TN027HW65BAL	0425152251	Books	5	0
US	R3EN2MYQB04Y3A	0679720200	Books	2	4
US	R3DCL0SUQALM2W	0446310786	Books	5	1
US	RXUK3W2KDHO4R	0880389052	Books	5	1
US	R21EC8YT2LTWVK	0385486804	Books	3	2
US	RD805YD4UKOSL	0688101364	Books	5	0
US	RRA9J4Y9K1BWK	0060925000	Books	2	6
US	R1UYJ2KTB946E2	0451188470	Books	2	0
US	RTPIV3OF7JHWF	0446672653	Books	5	75
US	R2XB0BM1LGP8F3	0684874350	Books	5	0
US	R242X5DO80I88Y	0385493622	Books	5	0
US	RKPGQGMIRV8WO	0679745203	Books	5	1
US	R25B3GNWRXCLCO	0684874350	Books	5	0
US	RBN36HFAWB1K7	0399143904	Books	2	5
US	R3C4ACFP88T6QC	0880381736	Books	4	0
US	R2X1WRX6WJ483W	0671004107	Books	5	1
US	RIIQPM7SBCI51	0385486804	Books	1	9
US	R1HPJ3Z15H0H9L	0385486804	Books	4	0
US	R2IMQJ3UFZQGWL	0451191153	Books	3	0
US	R2CJLNP8RHZZ58	0399143904	Books	1	0
US	R26MXEIL80FYGX	0451452739	Books	5	1
US	R8OS2LZR0M542	0425163407	Books	4	0
US	R30TVPKWJ4W7FC	0688152023	Books	5	5
US	R11BUF35GHWSZ2	1563523302	Books	5	0
US	R1M74O3MACB6QZ	0875428940	Books	5	1
US	R3RDE1NDW5WK	0553269631	Books	5	0
US	R2XQEPS2JG7FHD	0060977493	Books	3	1
US	R2S36EZKY7BA9Z	0345350499	Books	5	0
US	R3SN33KMF69XMO	0385484518	Books	5	0
US	R28ELNDDLV38EQ	0964385619	Books	5	0
US	R182TFGZ0XF3V	0802713319	Books	3	17
US	R8R15SZCUWA6C	0451191153	Books	4	0
US	R2X4XSLSO60B2U	0684800713	Books	5	0
US	R2JDFHJCLWC6IX	0451193881	Books	3	0
US	RTM15SSU8FK71	0140186409	Books	5	0
US	R3V7F3CDVI6ZT1	0393312836	Books	5	0
US	R2CW276QSYXFQW	0425156842	Books	1	4
US	R2FLI2PWP3FY46	0140177396	Books	3	0
US	R1NNKCEW6AFSJN	0151001820	Books	4	0
US	R3LL1C1XBDQJU0	0399143904	Books	4	0
US	R1Y2BG14QWQG5Y	0375703241	Books	2	0
US	R13IWUY1ZINYSS	0399143904	Books	1	0
US	R310RF73IOBSKM	0449002632	Books	3	0
US	R1DHN1IZCP9GIX	0446605409	Books	2	11
US	R15GD5427X7W1Q	0688101364	Books	5	3
US	R2AO2B8DEQUKB7	0465068359	Books	4	3
US	R25OGO2S25MCXK	0140195076	Books	5	7
US	R309510HH9WM3	0399143904	Books	2	0
US	RHDU5BC97LGND	0671799320	Books	4	3
US	R2VZ8CQ5ZSN3FP	1573226521	Books	3	0
US	R4Q3S6R3ICXJG	0816158134	Books	5	0
US	RAX7W5YHRILGU	0440224764	Books	4	0
US	RSKLEVTQZIDEI	0399143904	Books	1	0
US	R1O3ZZP2223BB5	0399143904	Books	1	0
US	R3MID0EG6MK2CC	0060926317	Books	5	0
US	R3G7NZ31838DN	1573226521	Books	2	2
US	R2N4KKKPNHSE4D	0399143904	Books	2	0
US	R52GGMZY9IYH9	0399143904	Books	1	1
US	R16Q3SHIKAXJ2L	031218087X	Books	5	0
US	R2CL4OSBPYVZ31	0451452739	Books	5	0
US	RP43PN9Y8SRFP	0688158234	Books	4	1
US	R2JK1S6UW9G52Z	0380778556	Books	5	0
US	RZI01SOVWFZ1Q	0380725398	Books	2	1
US	R3NXX42ZXDUGKD	0060977493	Books	3	0
US	RB395R0VBO0CE	0553108034	Books	5	0
US	R1Q8KWU5M4QYF0	0380725398	Books	5	1
US	R1IH6PW0ZOMSY0	0671510991	Books	5	0
US	R31TUXJ35G9S70	0451160916	Books	4	0
US	RIJGG364HI6II	0399143904	Books	3	0
US	R2Q0K4JDEWM22R	067101756X	Books	1	3
US	R2JJEK2WY3Q7JM	0446343129	Books	5	8
US	RO2ROK7DEOXGQ	0688052304	Books	4	0
US	R3GNVK9J6BI03Z	0399143904	Books	5	0
US	R34TABILAZV1UM	0679457313	Books	4	1
US	R1H9X0C4J7SK4O	0553573403	Books	1	29
US	R16BGXCP897MOG	0812550757	Books	5	0
US	R9H0N5BO5ZR7C	0062502182	Books	5	2
US	R3HEGUAUF6PQV	0061092037	Books	4	0
US	R2P7IMZOU3TWCQ	1556154844	Books	5	1
US	R2JI3J3WH4H1F1	0670880728	Books	5	0
US	R1KL01UVFW03X9	1558216847	Books	5	0
US	RWE6Z31EWSUW7	0451169514	Books	4	0
US	RC12IWQF9TI5D	0553278355	Books	5	0
US	R2YSSULVOLPJX4	0385493622	Books	5	0
US	R1NRNY3Q3S6JAV	0805017305	Books	5	2
US	RIICFABYVC0Z3	0451160916	Books	5	0
US	RLN819TRMNYKT	0345349571	Books	5	2
US	R220XGYWMDAX1E	0671001256	Books	4	0
US	RU9732ZDFEKYV	0446364495	Books	1	5
US	R91MC4K8BGEAZ	0802130208	Books	5	0
US	R2MLJXGV444JFG	031218087X	Books	4	0
US	R3HIG5NP9MSKTV	1573226521	Books	5	0
US	R34U17S43LE1Q4	0812550706	Books	5	0
US	R33UYF2H10HIC7	0804106304	Books	5	0
US	R27ZZ4M7J8MTR4	1559723505	Books	5	5
US	R8U9MP1OA7DPF	0399143904	Books	1	0
US	R23RQLZL5N4AXT	0486281523	Books	5	17
US	R1A6N7SOUQ3KPF	1573226521	Books	4	0
US	R3I3UBXTPMP8BO	0375403477	Books	5	0
US	R2W2TQH6MSJGIY	0399143904	Books	5	0
US	R2DGERVH4SDDXJ	0440224764	Books	4	0
US	R1AGUZSD1WQM9L	0440214041	Books	4	0
US	RWAEG7G65CA6I	0062502182	Books	4	1
US	R216GRH439Y5UY	0060926317	Books	5	0
US	R1HETFKW4YNTNE	0345350499	Books	5	0
US	R35OC1GR1039AP	0441172717	Books	5	0
US	R3G8N9KYY5EMD7	0964385619	Books	5	0
US	R2BWVCSBYME14K	0812550706	Books	5	0
US	R1NR0I1WTMDJUD	0679457313	Books	5	0
US	R3QK8JPYKC5Q4H	1573226521	Books	4	0
US	RBYN0Y6SHXRJ7	0062502174	Books	5	2
US	R2X63OXJ9UDTPZ	067101756X	Books	5	2
US	R1OF5ZIN9OKFEU	0553473328	Books	5	0
US	R18FASXOB9QQQR	1560100842	Books	5	2
US	R153GBO85TY57H	0380778556	Books	4	0
US	RRT30OXENFZ7W	0425163407	Books	3	0
US	R2NYBL13O9GSPW	0399143904	Books	5	0
US	R3XDGGF6UOUIL	0399143904	Books	2	0
US	R2TE0DK3B82RP1	0399143904	Books	2	0
US	R3S5DJHS6EORZD	0395860210	Books	5	1
US	R11X2VMAP6MYDL	0670880728	Books	1	4
US	R1H84S8BG9AZIE	0964385619	Books	5	0
US	R1BF0O68TH961U	0060392584	Books	5	0
US	RGZLOI4S5Y8WV	0679441018	Books	1	6
US	R1ML62TH44M3IR	0345350499	Books	5	0
US	R3RBK9A6I54QKG	0606050809	Books	5	0
US	R36FZH5FNSYFRY	0375402675	Books	4	0
US	RIJZZWURW94TF	0670813028	Books	5	0
US	R14UAWNYA1J272	0786889284	Books	3	1
US	R1O72HQ32CTBLJ	006109594X	Books	2	1
US	R1C0RVG0IK091K	0385484518	Books	5	0
US	ROGOOSQ61JX31	0385493622	Books	5	0
US	R2BBB45ZAE6TEF	0446604844	Books	3	1
US	R1PWXMIK2LZKRI	0486278077	Books	5	0
US	R2WTCETZO9OUEA	0061092037	Books	4	0
US	R3O7Z0YEC8OBVM	0812550706	Books	5	0
US	RYSJEAM3F3L19	0393316041	Books	5	0
US	RJ5DA9L5278V1	0140177396	Books	5	0
US	R3HRZJU9U5ESBC	0201633612	Books	5	0
US	R1ZUGJV8DEXULO	0399128964	Books	5	0
US	R2ZWM4RRKQT55R	0884271536	Books	5	3
US	RK7WEUEPUS9MQ	0446343129	Books	4	3
US	R1SM374NRC3H83	0205191584	Books	5	89
US	R23M76FFZRNFMU	0060977493	Books	4	0
US	R29ARJL6A77T6T	0688158234	Books	5	0
US	RT0H5NO6U7A8B	0375402675	Books	2	0
US	RB3WV3CGY8BEP	0812550706	Books	5	0
US	R1F3N03Z7FVF8H	0385484518	Books	5	0
US	R2CEOHYL1QU8S6	0802130208	Books	5	0
US	R2BDH4V3BVI9LT	0345409671	Books	3	0
US	R3AWAEEZS6MU9B	0399143904	Books	1	0
US	R2EAGP6R8CXK18	0395324416	Books	5	42
US	R2JS3GAK6CF7C4	0399143904	Books	1	0
US	R3LC2XF32B3CR7	0399143904	Books	3	0
US	R3L9E8BT2A8YZL	1573226521	Books	5	0
US	R3EQ0U79DTS0MM	0812550706	Books	5	0
US	R18REM843ET2SH	0316548189	Books	5	1
US	R1KXILTPYIUYKB	034538072X	Books	5	0
US	R16PWKMT9297GC	0393317552	Books	2	0
US	R3F2HSW45K6T4W	0060977493	Books	5	0
US	R2PEYUI84TJ0HN	0688052304	Books	4	1
US	R2K4Z1L9H9006C	0140430148	Books	1	11
US	RFZZHRWA5TZTH	0380778556	Books	5	0
US	R1PBHVL801LE8M	0446343129	Books	5	45
US	R2GFOJ1113EDA6	0812504488	Books	5	0
US	R228NWU0KRBEVP	0062502182	Books	5	1
US	R22ISXG7QO3HJ1	0399143904	Books	2	0
US	R1JEF94738EZ4M	0684874350	Books	5	0
US	R1LVVMDVIY4UV9	0688002307	Books	5	0
US	R1UWX88YO6747H	0451169514	Books	5	0
US	R1S3DZW4CXA2L3	0451160916	Books	5	0
US	R1LKLUU2VKW5G5	0679405429	Books	5	0
US	RJLHAFFU6PHY	0345404475	Books	5	0
US	R3SQ6MJVTL1OCT	0399143904	Books	2	0
US	R3B2XYAEM2O7IP	0451450523	Books	5	64
US	R3F7SAVKDRAJY9	0451163486	Books	5	17
US	R2LEC86CEEQHGN	9993445320	Books	5	0
US	R3U1D9B6FWNWLR	0451450523	Books	5	0
US	R278ZZCTIKK29Q	0609603086	Books	4	11
US	R2SQO52KR808XB	0688152023	Books	5	4
US	R25869IRZSQ46I	0684833395	Books	5	0
US	RTHL2BVYFNEXK	1574531298	Books	5	1
US	R18N2824NG5A7Y	0425156842	Books	5	0
US	RQGK11WCFSP94	0399143904	Books	4	0
US	RF3A2P9RGNFWF	0399143904	Books	3	0
US	R2CGXRM6MULIFT	0684800713	Books	5	0
US	R32QL2L7WQJXIS	0440131480	Books	5	0
US	R293WKA7OSYOWY	0441172717	Books	5	0
US	R26YZZB3VV6F6M	0399143904	Books	2	0
US	R3N2D5YZV6XACU	0440180295	Books	5	0
US	R1XEHTMYKR2Z5L	0385493622	Books	5	0
US	R3JN6V58LZ8HML	0380018179	Books	5	0
US	R2LFYSRW8TB6LH	1573226521	Books	3	0
US	R2ENEB6MY7S29Q	0964385619	Books	5	0
US	R3BRX7S93A88JM	039472903X	Books	5	1
US	R208OYNBBO6E5O	0345298349	Books	5	0
US	R3MXPZV140DDI1	0399143904	Books	1	0
US	R315XQGM218S2G	0131103709	Books	5	0
US	R1C9251F459714	0131101633	Books	5	0
US	RUUIEAM53NJXP	0964385619	Books	5	1
US	REBO798DVRSHJ	0399143904	Books	2	0
US	R2VOR5YYIA0M2G	0195073401	Books	5	0
US	R2WGVS2NVHYQXE	0793518326	Books	5	0
US	R1A6CADLPHGW7M	0964385619	Books	5	0
US	R1K4DMQZR1DZJX	0385493622	Books	5	0
US	RLQ7OD6MDOG8O	0684874350	Books	4	1
US	RWVOOSQ1UUD3P	0140042520	Books	5	0
US	R3NEPDWG5W8ERT	0375403477	Books	2	0
US	R1GK5DLCC8D160	1573220485	Books	5	0
US	RCN39GHEMBM1S	0671867369	Books	5	1
US	R1A4M7UQERLVPZ	0385493622	Books	5	0
US	R4CMLPARTWB84	0131103628	Books	5	0
US	R2YQBPWOV7FOB5	006016848X	Books	4	4
US	R24HRFX8IHNI88	0312853238	Books	5	0
US	R1KK5LAUFRNNE9	0515123447	Books	5	0
US	R26YDD0SZMWQ69	0399143904	Books	3	0
US	R3375JY9N0FNI1	0440180295	Books	1	11
US	R2UQTFIQ0EJ6IJ	0553208845	Books	5	0
US	R16C70DY3ZAGBS	0684800713	Books	5	0
US	R7A0RB022VPSR	0060392584	Books	4	0
US	R2FH5HSLNEEF1F	0399143904	Books	2	0
US	R3Q2VWSB6N8VM7	0812550706	Books	5	0
US	R36URXOI4QRJB	0380002930	Books	5	0
US	R2P12QHAX1IB4E	0517123207	Books	5	39
US	R2MCJ7SFVCLJAL	0671004107	Books	5	1
US	R2VPLNO1DKVQ56	0062502182	Books	5	0
US	R27HTOGX5Q5AUB	0060920084	Books	1	51
US	R37OGSZ6UU528	0399143904	Books	5	0
US	R1HGRR8KPNW0LY	0449002632	Books	5	0
US	R3EQJR8D2I71BX	0671646788	Books	5	1
US	R2Q472SL5576BW	0670880728	Books	3	0
US	R1S57EQY00M163	0679442790	Books	5	1
US	RMOQMLIZ47AUS	0441003257	Books	5	0
US	R2X8IYP90JMSAO	0553260111	Books	5	0
US	R2LNU1T5GQKMEM	0399143904	Books	5	0
US	REOG6OEI6OCUS	0679745203	Books	4	4
US	R3SMQEP966VS8E	0312965788	Books	5	4
US	R2OBIWA9ATKRZ7	0151003084	Books	5	0
US	R2U2L66GRJXHNU	0441003257	Books	5	0
US	R3A9CODD9N89VI	0880790121	Books	5	13
US	RBC2XR4AZGP6C	0968236405	Books	5	13
US	RACTBZZO86TTE	0312857063	Books	4	2
US	R24X8JFKIDC7SS	0060976624	Books	5	1
US	R1OANAT712HDLZ	0553269631	Books	4	2
US	R24IB4FUDCZ9QD	0393314804	Books	5	0
US	R1J4VHB5IXUUB5	0898159156	Books	5	3
US	R7HTY9W7LA4AJ	0517122707	Books	5	2
US	R1495QPZLVAW25	0060977493	Books	5	0
US	R3U27C6ASJ5QSX	0395759242	Books	2	30
US	R2886HJFBCZIWO	0670880728	Books	4	0
US	RHICXINX66VRE	0380778556	Books	5	0
US	R2X26D4GZ2OI02	1572700173	Books	5	4
US	RN9QLGX0AOAEN	0684874350	Books	5	0
US	R27YCCH57UV9GR	1878424114	Books	5	8
US	R2I42MQF2436Y0	0385484518	Books	5	0
US	R3I6ZVNQ5L0TSF	0345347951	Books	5	0
US	R4EA75NNKKBBB	0446604844	Books	5	0
US	RCQ26TE0OHOI1	0385421982	Books	1	6
US	R1T1DQ2ZFCE9I1	0399143904	Books	4	0
US	R3F9JGJGBHZNB	031286504X	Books	5	0
US	R3SNZEK2GL4VIW	0553473476	Books	5	0
US	R10CUZPBV5K5EQ	0684874350	Books	5	0
US	R28OUXU6VK9EZO	0786862408	Books	4	1
US	R14H3JT04XQ1BA	0399143904	Books	1	0
US	RZ4ROFN99Z9LC	0812931017	Books	5	0
US	R1AXHT5ICTCBU7	0783819129	Books	3	2
US	R2J2XTIM8YIOBZ	0553280325	Books	5	1
US	R3AIJSVM1P83IR	0399142851	Books	3	0
US	R386CB4FL407AS	0399143904	Books	3	0
US	R3V8DCWMU3SIFD	0670880728	Books	4	0
US	RY49QLRG7LV78	0671015206	Books	5	0
US	R1NTLAM1ON0O7G	068484267X	Books	5	0
US	R26SVFW1OM2F3K	0345315227	Books	4	1
US	R3S8ST4QQ6ZCZN	0880389052	Books	5	6
US	R11E93K33P1KC5	0399143904	Books	5	0
US	RHUDTBP59S68C	1567184855	Books	5	2
US	R2N0ZTR2W0T3JS	0787105686	Books	5	0
US	R1BME3U2LRF3I4	0812550706	Books	2	3
US	R1JLQZJA0RLS53	0684803356	Books	4	0
US	R1M6IVA8C8ZZM1	0399143904	Books	3	0
US	R1FYCFVSM0WOL5	0399103422	Books	5	0
US	RXQ77XFB6X0CZ	0385484518	Books	4	0
US	RSNAQ723R1VQ4	0812550757	Books	5	0
US	REB1A0ZS6S9RJ	0140177396	Books	5	0
US	R2OHCFFVUPBBPN	0312955006	Books	4	2
US	R23OG8JIR1ZKOE	0440131480	Books	5	0
US	RM7HM5U03VYXX	0671015206	Books	5	1
US	R1V3BMP4E0Z5DR	0930289234	Books	5	2
US	R39YOURX6X2G4W	0786209798	Books	5	0
US	R2429QCA1SME6I	068484267X	Books	5	0
US	R1D3CMFUZVD34L	0425107469	Books	5	0
US	R1GNGHSYH9XSSJ	0385493622	Books	5	0
US	R33MXDA8YMLN8C	0805210393	Books	5	2
US	R16IO2UXKESMC2	0061092037	Books	2	0
US	R1ZS15N25V0IQZ	0380002930	Books	5	0
US	R2TJZG7JZI16LS	006016848X	Books	1	88
US	R2OCGTVGPLF5QK	0449227421	Books	1	0
US	R2UFD46F7L39FZ	0930289234	Books	5	0
US	R3P6YGRBQGNODV	0385484518	Books	5	0
US	RZCOF19J88UMU	0553378384	Books	5	2
US	R1IGEBLLA8NSQJ	0670880728	Books	2	0
US	R8WOEX42JIPS3	0060977493	Books	4	0
US	R3G5GCDFC2ZYW	051788710X	Books	5	11
US	R61CHTGNWDET4	0606040439	Books	5	0
US	R9I5IFGJOF5OE	0140143505	Books	5	3
US	RP6YTYD6TY2JM	0446605409	Books	1	2
US	R1WKXLC6RL8JOW	0345409671	Books	5	0
US	R1YNY8HFJ9QDUH	0345403959	Books	1	9
US	R1VFTZU2AZ5O0P	0399143904	Books	5	0
US	R3HCQJY2A2MJFZ	0399143904	Books	5	0
US	RFHWRVV21ESCL	0393307050	Books	5	1
US	R19U4G6MZJ1MY9	0440937582	Books	5	0
US	R3BGJPUDWCAG34	0441172717	Books	5	0
US	RGPTV683IIDZT	0679441018	Books	5	0
US	R2EXIF7ZB0UMTW	0517591812	Books	4	0
US	R1P8IJZK8QIN3H	0425152251	Books	1	5
US	R30XUE66NKA84	006016848X	Books	5	5
US	R1FCU8MBUQO4YG	0345403959	Books	5	0
US	R1QF1EVHDA5P4I	0380002930	Books	5	0
US	R16I859PGBK8RQ	0453008097	Books	5	0
US	R1GS8VPBK5JY42	0393038912	Books	2	3
US	R1IO1JK8DM1032	0399143904	Books	4	0
US	R22W00B604VKCQ	1563890119	Books	5	0
US	R1U3YGKJU3EUM5	0385484518	Books	5	0
US	R12OAT5BLK8J0P	0517122707	Books	5	0
US	R1K28GUV6ZE66Y	038542471X	Books	4	0
US	RUXI2ARU88PXP	0316779989	Books	5	0
US	R3DAKWC8XZSCN9	0345350499	Books	3	4
US	ROBI5A04U30H4	0393312836	Books	5	0
US	R2JXL1FJ82LAVE	0684833395	Books	5	0
US	R109G5Y04X8V25	0930289331	Books	5	0
US	R17WGI077BL1H0	0136879721	Books	5	2
US	R10J3JKZ4KSXIL	0553213105	Books	5	0
US	R37F9BS5RYYPE6	0446347949	Books	5	22
US	R3FPSJZSZOX7TR	0440211727	Books	5	0
US	R1NGS5PYZKUDWK	0553208845	Books	5	1
US	R1OB9KK5RD4ERS	0688152023	Books	3	0
US	R21HCW33O6B60Q	0192834711	Books	5	23
US	R1ZA5Z5OI2MFVX	0060168366	Books	4	0
US	RXCS65V4YLRWG	0425129586	Books	5	0
US	RW64ZUOX2OCZ3	0061002747	Books	5	0
US	RY9Z6TLL6AGXJ	0679409920	Books	5	3
US	R2VAGRLEIDP47P	0887331939	Books	5	2
US	ROQ3LTB3C05WW	0880389052	Books	5	1
US	R2ULZ02AEOZZA9	0679735909	Books	3	2
US	RD6O0TYYVBBH7	0061002860	Books	5	0
US	RXXCMUJ7BAKJI	3931141802	Books	5	15
US	R1XSD29M5DFBU	0701103019	Books	5	3
US	R2E9YAJMLR9AHD	0345409671	Books	1	2
US	R1MSUI4CCGZMNL	0380778556	Books	5	0
US	RC5UUYCV544UR	0553260111	Books	5	0
US	R16OEPSWTLOB0A	0060920084	Books	1	16
US	R3AB9BHANZEUFB	0393314804	Books	3	4
US	R1ZSQOZSLXRQCE	0553573403	Books	5	0
US	RAG3UYB2A9WGP	0684874350	Books	5	0
US	RUOQVUVB65FV4	0394583892	Books	4	0
US	RU4NYVOTEXX82	0060925000	Books	2	23
US	R2KLWLIIA2N0Y5	0201633612	Books	5	0
US	R12LCP2QCH16YK	0060168366	Books	5	2
US	ROQA9P2YH8TV5	0345350499	Books	5	0
US	R10H9EO1V3163F	0684874350	Books	5	0
US	RRVDUD0KVQ9MP	0399143904	Books	3	0
US	R34GD5GBGM04OY	0060916540	Books	5	0
US	R3W39TRVGMSGKO	0425129586	Books	5	1
US	R2L5Q66UKQN8NQ	0345350499	Books	5	0
US	R3N8Y2MCWXOAJI	0553212478	Books	2	5
US	RX3QZGRGMYL5H	0517122707	Books	5	0
US	R1J7JWTYDKHVTG	0140177396	Books	4	0
US	R325ATH3GCL3E5	0812931017	Books	5	0
US	R2DAQ0FJ0SBKVZ	0399143904	Books	2	0
US	R1RDF6GG8GR627	0140177396	Books	5	0
US	R1X9EU1ZIYFJCG	0812550706	Books	5	0
US	R19NC6TYJUVV3D	0887309372	Books	5	1
US	R29R0K3SPJUHZ8	0345347951	Books	5	0
US	R31O9510W23BAF	0440213525	Books	1	3
US	R1IHXJM9OR7ISH	0385486804	Books	5	0
US	R1M1G533RSOGH6	0441003257	Books	5	0
US	R2QR8ABAH95CMX	0345409671	Books	1	6
US	R26VIM2H852F43	0345423496	Books	1	1
US	R9KK5610ZUTYU	0964385619	Books	5	0
US	R38SYY8DEM5FYV	0399143904	Books	2	0
US	R2L0L1XSR564WR	0783801602	Books	4	0
US	R26IIW3PSM4IBC	0345403959	Books	5	0
US	R3U0HBI4IRILZ5	0553573403	Books	4	0
US	R3M5QMTBVDKS00	0451169514	Books	5	0
US	R1GVG4KVAWZI0P	1573226521	Books	4	0
US	R2RGZEBQ6OJ8AZ	0684833395	Books	5	0
US	RT8DUQXP7M7RW	0140186409	Books	5	0
US	R2W7W1DON20RP3	0060920084	Books	3	0
US	R3N06765H2B2M7	0812931017	Books	5	0
US	R2GWOBD89KAGOH	0679457313	Books	3	0
US	R2UC8GJLSLL0YL	0399143904	Books	1	0
US	R30VMVGBQSF2HM	1567184855	Books	5	1
US	R3D38PN4LWFJEB	044022165X	Books	5	0
US	R1NPO5QTC9RPRG	0688052304	Books	3	4
US	R201Z3DJZVPHIW	0899663036	Books	5	0
US	REF3HV1VMD4GP	0451452739	Books	5	0
US	RFHXF0J2HO6RF	1570422052	Books	1	11
US	R3DQ3SEPVUQL06	044651506X	Books	5	0
US	R3FG323ULCH609	0393317552	Books	5	1
US	R2HR3UQV37TLZ6	0446605409	Books	4	0
US	R14SEZJABSX3XI	0812550706	Books	5	0
US	R1VVXYZGITF9TU	0399142851	Books	1	3
US	RKAOO1106OC8I	1572810408	Books	4	9
US	R2RX24FQOFQWLD	0880794968	Books	4	60
US	R3U6E6Y9BZ2AKV	0679720200	Books	3	0
US	R1BPGEQDPFUUGY	0553270435	Books	5	1
US	R1QCYM6CN8LBE4	0964385619	Books	5	0
US	R21TPHQ3Y0FUQR	0399143904	Books	1	0
US	ROHE2E7Q664JV	0316286869	Books	5	0
US	R1XHKYOJ27K3UD	0002171856	Books	4	1
US	R1KXFG9GZ47ZQZ	0812550706	Books	5	0
US	RYBVFUTUMFJZI	0399143904	Books	5	0
US	R1XR2MZYRRTSM1	0441172717	Books	5	0
US	R1NG55IVY7EVJP	0812550706	Books	4	0
US	R3T69B9FUDTG1X	0446364495	Books	1	9
US	R36WPQN0LJWPYR	0887306101	Books	5	2
US	R2BJM4I7M4CC2H	0451160916	Books	5	0
US	R11XXHTDSO67O5	0694514799	Books	3	2
US	R1TR5G34DSGXM7	0887307396	Books	5	1
US	R3LSM035SKKWM8	0679410503	Books	5	0
US	R2FXQ6SC91BBOI	0451167716	Books	4	0
US	R1M5LPF8AAML7C	0451191153	Books	1	7
US	RBFFEZUFSZTAO	0156141647	Books	5	50
US	RB4NN45ESVW9B	0812548094	Books	5	0
US	R2T5DYILE0AN3T	044022165X	Books	1	3
US	RJ6AUA8WRRLTQ	0451160916	Books	5	0
US	R2UB9RR0TMX8WN	0553573403	Books	5	0
US	R2CYH95JOB7CZ	0194314227	Books	5	25
US	R33VZP6YP12JNG	1573226521	Books	2	1
US	R6276DW26G86Z	047158651X	Books	4	0
US	R1K1VFP05JL9KZ	0425107469	Books	5	0
US	RVK1MB534SOFD	0679457313	Books	5	0
US	R1P9DVLS8XIHU7	0486268659	Books	5	0
US	RHXXE6ZEA9YJ3	0399143904	Books	1	0
US	R1UZ9QKROKK5ZQ	0446605409	Books	4	0
US	R123OPSUJ50SPX	044651652X	Books	3	0
US	R2LL9IWB3UU4RX	0345418336	Books	5	7
US	RHA88ZH1AZG64	B00004THO3	Books	3	0
US	RNMVFG74E9U09	0385484518	Books	4	1
US	RBX6IL00N5L1J	0802130208	Books	1	9
US	R3JN50ZUHKK796	0606001743	Books	5	4
US	R2V2SOUHAXD9GD	0385493622	Books	5	0
US	RFZV4X2X0R88M	0395860210	Books	5	1
US	R2X5NKJ2IKVFHC	0684874350	Books	5	0
US	RQBZ06KLQX4IV	0486650677	Books	5	12
US	R1RM5PHMS7FBM0	0898159156	Books	5	2
US	R2OC8GU6KIHK5K	0679735259	Books	5	0
US	R1NWGJ7O5ELO67	0399128964	Books	5	2
US	R17HID772V1SXB	0812550757	Books	5	0
US	R23EZIHR1FRJ3B	0451450639	Books	5	0
US	R2VGUKB9LW483A	0399143904	Books	5	0
US	R3IQWENKSV5OFP	0887309372	Books	5	1
US	R83VERJENKJOK	0684833395	Books	3	0
US	R1MQB93KYWWWFP	006016848X	Books	5	1
US	R3IOP638GP6G82	0670880728	Books	5	0
US	R11UTLBIAT1ARA	0606001743	Books	5	0
US	R23375HQKBQIL1	0811806405	Books	5	11
US	R3MB5AVILZ3FRT	0812550706	Books	3	0
US	R305G7MPQ5NBSM	0399143904	Books	2	0
US	R258F4DU78SITS	0670880728	Books	5	0
US	R3V3AY5SA1GEEG	0399143904	Books	2	0
US	R18NENRXEPHM2W	0140013997	Books	5	0
US	R39IW1UFRWAVUC	0671867369	Books	4	4
US	R2SSU77UA5ZAFO	0684874350	Books	5	0
US	R9WQN68S2YNU9	0517591812	Books	3	0
US	R1C3C9PQX1FAV	0399143904	Books	5	0
US	RTS85ZJVHIBOH	0679443819	Books	5	0
US	R21SY8Q1ZF6LU1	0671015206	Books	1	4
US	R30CM0SBERTPC	0425152251	Books	4	1
US	R1VVE7FX0I200H	068484267X	Books	5	0
US	R3LKXIH1S55OMQ	0553266306	Books	5	2
US	RQ5LSX7DCCW5R	0553275976	Books	5	3
US	RKHF88HTSDBV5	0399143904	Books	1	0
US	R3V9TZKF0WCGMP	0553573403	Books	4	1
US	REKPGW9MXXH02	0670848352	Books	5	13
US	R38Z6Z9C060VS9	038097617X	Books	5	0
US	R2IQZLFZ129VEY	0811821846	Books	5	2
US	R23DWUN11W7CKE	0896760839	Books	4	35
US	RF1JZ8XQT0M2Y	0609603086	Books	3	0
US	R5CUFUK7YF95J	0684847817	Books	5	0
US	R1CPG4WI9HSYHS	0671015206	Books	5	0
US	R14CFTPQV5PI5W	0380018179	Books	5	0
US	R3VTTARKEMBG7R	0399143904	Books	2	0
US	REOSDBXHFGM44	0802130208	Books	5	1
US	R3DKPRUPU3XRWX	0399143904	Books	1	0
US	R2588HCF0DX9NV	0688152023	Books	5	2
US	R2AZH7OUI0AAP5	0060977493	Books	4	0
US	R16AA2QKVUO28U	0136879721	Books	5	2
US	R1HUTB8MUSOQ99	0385484518	Books	5	0
US	R1FNM0VZPGQ3FR	044022165X	Books	4	0
US	RL2DT29HNQK2Q	0684847817	Books	5	3
US	R316SHZEBWAV6I	0399143904	Books	4	0
US	R2H2EDD596JOTL	0671867369	Books	5	0
US	R1T1U45QSFY2CE	0345347951	Books	4	0
US	R1RBORHVSMKTEQ	0061091669	Books	5	2
US	RK3I6RXTQ9U44	0688052304	Books	4	0
US	R10CIV4WI6FK4C	0812548094	Books	4	0
US	R3RS0B9NB07VN7	0399143904	Books	2	0
US	ROYKYNHT2T5J6	0399143904	Books	5	0
US	R31PSOT62J8AZI	0345409671	Books	5	0
US	R16KGEF5E411Z5	0553573403	Books	4	0
US	R20GWEEYCZYSO9	0380973634	Books	5	0
US	R3QEO4JHDUTMPR	0684833395	Books	4	0
US	R1HKQB8984BTC6	0553573403	Books	5	0
US	RFXM86BE56QVI	0312854021	Books	5	0
US	R3DVMOZSKX24M7	0380799006	Books	5	3
US	R2ZBTE4N66H8R7	0399143904	Books	1	0
US	R15PF5JQE5VOR2	0671646788	Books	5	2
US	ROHR8KTL24TK9	0440224764	Books	5	0
US	R39PXUPOHP5HJB	0399128964	Books	5	0
US	R1WFF01J4DESH4	0399143904	Books	1	0
US	R16O5IUEGJOBW6	0395759242	Books	5	1
US	R3OHDQFV78AVF6	0451169514	Books	4	0
US	R1KKOUSGTACO4W	0195073401	Books	3	4
US	R3JD8BX0N869DM	0451525884	Books	5	0
US	R3HCF66NAYVCUF	0440224764	Books	5	0
US	R1E81HZICSK0YV	0156907399	Books	5	5
US	R8IHWNJSTLL21	0451169514	Books	5	0
US	R11H7DY3FJF18U	1558216847	Books	5	0
US	R16ZQ2FJOI5LIU	0671867369	Books	4	7
US	R1S0W5BYYDUG9K	0399143904	Books	2	0
US	RPYYAKM8D3YJC	0399143904	Books	1	0
US	R1SSCX63Y6F4VB	0140177396	Books	2	1
US	R7IP9LFM1KXDC	0517122707	Books	5	1
US	R22J92NWDYD8GO	0964385619	Books	5	0
US	RRS4SNTUUAGYS	0140441409	Books	3	5
US	R1F0J4UCYGE6D8	0060977493	Books	5	1
US	R2VH7UC76Z3CID	0425129586	Books	5	0
US	R1JKZUCTG4KNGW	0345403959	Books	4	0
US	R36P8EZ7OLZ4DN	0684874350	Books	5	0
US	RJQ52SIVMCBEX	0385484518	Books	5	0
US	RTRYK67G4W0L9	0140177396	Books	2	0
US	R1SLTFYFY1JLZF	0880389052	Books	5	3
US	RSOX7WFXLH830	0684874350	Books	5	0
US	R1IK841KUWFNQY	0679731725	Books	5	1
US	R2RDQQXPZVIW2	0451191153	Books	5	0
US	R2BLDWIJQQRNRE	0606050809	Books	5	0
US	R29BSHCZDZPQ0L	0393307050	Books	5	3
US	R1CLRQRZQ0NEUT	0553573403	Books	4	0
US	R19NUP0ZY55B9P	0380973642	Books	5	0
US	R186RCVYRL1E2C	1878424319	Books	5	3
US	RKUOBHY6SPBNH	0451193881	Books	5	4
US	R217STLUBHYLCI	0812523334	Books	5	0
US	R9TA9ZFQIJIWO	0380973642	Books	5	0
US	R36VHBHU37T0L9	0399143904	Books	1	0
US	R1FCZI0XS0LCKQ	0671876813	Books	5	1
US	R108O9FSCHA74E	0694520470	Books	5	0
US	RMTB34MRJOA2X	0380789019	Books	5	0
US	R373QX74E2ZV49	0393312836	Books	5	0
US	R5FTO1CCBWBVP	1573921394	Books	5	4
US	RKJQLEYHMOHHT	0812550706	Books	4	0
US	R1V4XUT3V14DPA	0553108034	Books	5	0
US	R1TT04QQ7XWJEJ	0395759242	Books	5	8
US	R32WLJV7SH7NOD	0151003084	Books	5	0
US	RKGCAR50XHKPW	0452273331	Books	5	0
US	R163QJR8KLK7WR	0688101364	Books	5	1
US	R14MOJGFZL3PV8	0399143904	Books	3	0
US	R1HJ38NC2IH8AJ	0452277752	Books	5	0
US	RU4NZTCWPZ10S	0060976624	Books	4	1
US	RY0IFS7XP0X2J	0449911357	Books	5	0
US	R1X3UBSEHFKO3C	0804106304	Books	4	0
US	RPPD2CTO5EHD5	0399143904	Books	1	0
US	R7PIFK4QMCZUG	0553573411	Books	5	0
US	R20GNBFRH2LRCI	0553573403	Books	5	0
US	RQGK7SJW0BDQ7	0553213105	Books	5	1
US	R27KI9Q7A11FNR	006097625X	Books	5	2
US	RESL25U7RJSJF	0399143904	Books	1	0
US	R1J3JQF0HA9V5P	0345363132	Books	5	0
US	R21ACFAUHMGHHA	0399143904	Books	2	0
US	R2F1K407MXVNNA	0876855583	Books	5	0
US	R1HD0A9URW4QC1	0887307876	Books	5	1
US	R23S91U0YCGPBQ	0451191153	Books	5	0
US	R3AVDZP4KVF49A	0312962118	Books	5	3
US	R223JAITG7FYDF	0399143904	Books	1	0
US	RG7RSOY57LAW9	0609603086	Books	5	0
US	R25ZKJOID67ZV1	0060392584	Books	4	0
US	R13QRQDHIYZTWL	0671015206	Books	5	0
US	RD7LJRWHKWXTZ	0399143904	Books	4	0
US	R3N4D17O4TWRPW	0380778556	Books	5	0
US	R2IJG6U4R5G3YA	0140182829	Books	5	0
US	RD48KOMC9HD0B	0671004107	Books	5	1
US	R10PA8PVKUCGH3	0399143904	Books	1	0
US	R2WQD90R1S92YH	0804102988	Books	3	2
US	R3MXS31HUDNMVE	0345409671	Books	1	2
US	R26V72XLT3JRDM	0684830515	Books	5	1
US	R3STLSXP43JGZI	0446605409	Books	5	0
US	RAAMW2UPYEVTT	0399143904	Books	1	0
US	R1KSFP7K3VVWQB	0345409671	Books	1	0
US	R3LF2R54BW3DB8	0671886231	Books	5	0
US	R7MG0LGXXAV5U	0345350472	Books	5	0
US	R27BF4QXXWKECX	0553212478	Books	5	0
US	R1FHE0118SRS6G	0802130208	Books	5	0
US	RU7CHWIHZPIEW	0140277447	Books	5	2
US	RX0BPW76MEL0K	0140072187	Books	5	0
US	R2FXVPMZ8L6RBR	0399143904	Books	3	0
US	R2EMU05RC0FXWT	0399143904	Books	2	0
US	RLFVYUKCWXKZV	0399143904	Books	2	0
US	R2BX3RR25EZLT1	0441003257	Books	5	0
US	R3VB1F7UGK6NEF	0385486804	Books	4	0
US	R3896HGFWGJJDE	0061002747	Books	5	10
US	R1KGUFM2ESA4CB	0440217563	Books	5	0
US	RPUD24MLYGNXB	0446364495	Books	1	6
US	R3S0KP5XXSOY9V	0449911357	Books	5	0
US	R1J4G6L46FTS1P	0679600701	Books	5	11
US	R1DZTMJ0E1N84E	0195073401	Books	2	11
US	R27NQXGIE8WQUB	0553573403	Books	5	0
US	R29UAIUZ43GKQF	0609603086	Books	3	0
US	R2LXIQ7Y8WC68C	0449227421	Books	1	2
US	R30HU1PB76KBJ5	0679735259	Books	5	0
US	RKMJ7M2LXOWB9	0553565915	Books	2	21
US	R1TNPQQO64SW2K	0385255853	Books	4	0
US	R336C96ZPZPFHS	0899663036	Books	5	0
US	R3FWUVZZISUUIX	1567407757	Books	2	1
US	ROBXMFERM0HJY	0671646788	Books	5	4
US	R1M6KJXL8Y6MJB	0385043805	Books	4	0
US	R22QP55KS8IBO5	0812550757	Books	2	0
US	R25GHRVJCMKNTO	0884271536	Books	4	1
US	R3OLR7D1BFNNZC	0060245867	Books	5	2
US	R2SQA5GPU01K22	0688101364	Books	5	2
US	R25QDT2KNULNND	0451163516	Books	5	11
US	R3L2OZGLCJOPI8	1573226521	Books	4	0
US	R2FZK4DLL56XVO	0812931017	Books	4	0
US	R1F0ND877C74IH	0399143904	Books	4	0
US	R9RWHTOOPFDXJ	0395759242	Books	5	0
US	RTFW5BZC9GF73	0451452739	Books	5	0
US	R2I3W3J1I5XM40	0312952813	Books	4	0
US	R23SBUAVF1F3D3	0140072187	Books	5	0
US	R2HWLYQ3JZ28S8	0064431789	Books	5	3
US	RIOI28KHHT30O	0684874350	Books	5	0
US	RUV0DSTGO53Z7	0312958455	Books	4	7
US	R20QD7XDOXJCPJ	0679720200	Books	4	0
US	R2BQ0GFXEX675	0140277447	Books	5	2
US	R1591101DXPZC3	0399143904	Books	3	0
US	RP6F7MG0QSLWQ	0385472951	Books	1	0
US	R2EXZILPI4X0UV	0446604844	Books	5	0
US	R30CGU6IUNFXAQ	0385472951	Books	1	1
US	R2O2I6M5AJFPT3	0441172717	Books	5	0
US	R2J61LYI48HZ79	0553565915	Books	5	1
US	R2I2UIWZ0ZMDW4	1558216847	Books	5	0
US	R1ABR4RSD6JQJN	0345409671	Books	2	1
US	R393AIW42HIVPA	0671721720	Books	5	0
US	RHFK67J3EKFZD	0812550706	Books	5	1
US	RX812ALMAF45C	1567184855	Books	5	0
US	R3NDOS3KZNWF1W	0385484518	Books	5	0
US	R3EOCM3QOCNFYN	0684874350	Books	4	0
US	R2G4E3OJQYKBT2	0451191153	Books	4	0
US	RGP6ATG5UIB4L	0440213525	Books	5	0
US	R2FZD5UJPMFLJG	0385487940	Books	2	0
US	R1QUGCMNMX236H	0684833395	Books	5	1
US	RCG0VXMSQB4W0	0440224764	Books	4	0
US	R3P4QIL4SHHAL9	0449002632	Books	5	0
US	R223D0O8UHWC7I	0060235152	Books	5	1
US	R3664FJR2VOFXB	0425152251	Books	4	0
US	R36GFKOQX4C2V3	0517591812	Books	2	1
US	R2ZOCSI38A3Y6F	0679416781	Books	5	1
US	R8Z4ULRGY93A	0425098478	Books	5	0
US	RFNWFLIG1P9YF	0553210246	Books	5	0
US	RRI3IBTHAHNH0	0385486804	Books	5	0
US	R32PEU0SPF0CC1	0060392584	Books	5	1
US	RFVLMCZT8D9QB	067960085X	Books	5	12
US	R3FC0BRE1M4FJJ	0399128964	Books	5	0
US	R2LG0R8DDF02N2	0061002860	Books	4	0
US	R12DFM0484TYOW	0152465030	Books	5	0
US	R2O8KCT5ENDZNE	0425163407	Books	3	0
US	R12JKC16Z4S1DJ	0399143904	Books	3	0
US	RV4FALOJUVIP5	0606040323	Books	5	0
US	R19V42U1O5DGE4	0394533992	Books	5	14
US	R3UXKVDU56CLAX	0684833395	Books	5	4
US	RMZHKSPWD0ZLL	0688152023	Books	5	2
US	R3VSURB1Y84W6W	0399142851	Books	4	0
US	R3SIHXUJJHLZCV	1567184855	Books	5	0
US	R2OIXZULYZF7KT	0385484518	Books	5	0
US	RBZWXT1OU98EG	0399143904	Books	4	0
US	R16GFQO5CFCIRB	0385470819	Books	5	0
US	R3PW79V7O1067V	0060977493	Books	3	0
US	RCINS5DUUA9WP	0380789019	Books	1	17
US	R1MMTW03AYF97N	0679457313	Books	2	2
US	R3VZFSWZMK4D9O	0671015206	Books	1	9
US	RVBTS5TLQB7M3	0385484518	Books	5	0
US	R2S8M213UKYAVM	0451450523	Books	5	0
US	R21ZSZGKY9W6OS	0517122707	Books	5	0
US	R1GH6SWHTYVUW5	0345350499	Books	4	0
US	R1BIUKYFTP5SJ	0930289455	Books	5	7
US	RW4UGP473QBEL	006016848X	Books	3	2
US	R1U8YV3Q7NKPP9	0385484518	Books	5	0
US	R2V66NVCWBPDKC	0688158129	Books	5	0
US	RM5CMVYJJDE6E	0345350499	Books	5	0
US	R9ZZ1Z266VCVS	0399143904	Books	1	0
US	R954CHJCQ3BQ9	0399143904	Books	3	0
US	R2BRHKAYZEXZXL	0884118622	Books	5	0
US	R3GZ2EPO542E2	0060207051	Books	1	13
US	R22MORIXUE94J2	0060254920	Books	5	5
US	R2KSH9OI3ZKNE1	0670878006	Books	3	0
US	RJ3F6QUX1JJZ	0385482582	Books	5	2
US	R2W115JNU3LMM3	0684847248	Books	4	2
US	R3MVK6MTGNR547	0553573403	Books	4	0
US	R3362ZF2P45JFK	0393312836	Books	5	0
US	R333TRY7UX3EJ8	0399143904	Books	2	0
US	R3U9QALJMVZ42G	0375701427	Books	5	1
US	R3899O8QE0BHUQ	0802130208	Books	1	4
US	R16LFC9ONJ64SZ	0553565915	Books	5	1
US	R25QFZIG0QRFOC	1573225517	Books	4	0
US	R3OIN122F7BDQ1	0140186395	Books	5	0
US	R21X3S5A31SDS7	0399143904	Books	2	0
US	R1XVKZ5ZC5PNPM	0345423496	Books	3	0
US	R2KT9JW2DJS65V	0399143904	Books	4	0
US	RRW2ZUAGHTFW4	0684833395	Books	5	0
US	R3D1UVW580EVVR	0553296981	Books	5	0
US	R1RGM8T12TY96B	0399128964	Books	5	0
US	R4P2939L8B934	0425163407	Books	3	0
US	R13700LN59Q0KE	1881273156	Books	5	1
US	R10S0GH5GDMURX	0399143904	Books	1	0
US	R3C4XNZQL1WJLJ	0399143904	Books	1	0
US	RXAC2GIYXE0P1	0002171856	Books	5	0
US	R37HPU3XYKJZC0	0679720200	Books	5	0
US	R127G6Y6SWZ5I1	0062502182	Books	4	1
US	RVPOM6ECV8TA2	0385484518	Books	5	0
US	R1IBE31XXZ9JY4	0745143636	Books	4	3
US	R34U61OWCY1OPU	1573226521	Books	1	2
US	RGH7GPQXQEGK2	0140143505	Books	5	1
US	R53PNB1AG5RDG	0395689961	Books	4	0
US	R329QG2I43KMJQ	0345315227	Books	2	2
US	R1L5E8ZGI875YN	0688156819	Books	5	0
US	R3QG0AJ5J0Y3S7	0807106577	Books	5	0
US	R11GDV9DH1KB9C	0399143904	Books	1	0
US	R2P9NUKBDPYPRR	0553296981	Books	5	1
US	R2KUDVN2SUCLLQ	0385484518	Books	5	0
US	R1WFS3VF5536T0	0345428056	Books	4	0
US	RVABRLDOLAP8Z	0399143904	Books	5	0
US	R3FQ4UDNM9PGL0	0399143904	Books	1	0
US	R222MNBH7EKAMO	0553288105	Books	5	4
US	R270RR74U45UH3	0385484518	Books	4	0
US	R1SSTW8WZ2JHPZ	0380973642	Books	5	0
US	R25OUNVCGHSKY9	0812550706	Books	5	0
US	R3S96TU6U3DTAL	0606025782	Books	5	0
US	R1ML2O3UMJ649Q	0812550757	Books	5	0
US	R2KOZSYK6OUZ6Y	0312853238	Books	5	0
US	R2GT8N832Z7IHV	0887307396	Books	5	0
US	R1MUYLDUP78W2T	0440219078	Books	5	0
US	R37H2P827DEZL8	1563523302	Books	2	2
US	R17EHRJWFYRVP3	0399143904	Books	4	0
US	R164KNBFOSERR1	0385484518	Books	5	0
US	R2WI020SPE356C	0670813028	Books	5	0
US	R2JUH9Y74FTFXN	0393317552	Books	5	2
US	R1JMV1YFSMGHLU	0440219078	Books	5	0
US	RJQ7SAM0FC2G1	0553108034	Books	5	0
US	R2UGGWWWGCTYYL	0345347951	Books	4	1
US	R1002FAEXYJTB	0061002860	Books	4	0
US	RBDJB1FS36VIH	0140177396	Books	5	0
US	R2SH6CBFKVDUKX	0553269631	Books	3	0
US	R124A2111DMEWU	0887306667	Books	5	1
US	R8OSPR27RBQPX	0060977493	Books	1	13
US	R1TUY8RWICGWV2	0684847248	Books	3	20
US	R2303DZGHMYWPZ	0385484518	Books	5	1
US	R10K7K6SLRLOOG	0553573403	Books	5	0
US	R1XVSUT8IW0889	0525457585	Books	5	0
US	R1P413WLRW5UQ2	0385484518	Books	5	0
US	R3FJ1P7ZEUP46T	0517543052	Books	5	1
US	R20UPA2LMB306V	0688158234	Books	5	2
US	R2HR0ZM5K1S263	0920668364	Books	5	1
US	R1KUXI25FM6PQE	0385484518	Books	5	0
US	R3UEJZNBRWRGZI	0684833395	Books	5	1
US	R2DSYP6DR8PIPD	0385484518	Books	5	0
US	R2UQG3CJ03YDZZ	0399143904	Books	1	0
US	R3RBCSUE6JUCKV	0451167716	Books	5	0
US	R1GB1BTOIH1FTF	0449000729	Books	4	1
US	REVBGM1BRJCF5	0060392584	Books	5	0
US	R3AFSKK9VSDZ7L	0345409671	Books	5	0
US	RQFO1XECFJCB6	0062502182	Books	5	0
US	RUT353BIHX1QX	0380799006	Books	5	11
US	R3NZ0GQ7B072AM	0812550706	Books	5	0
US	R1FHNFSHV22ZMZ	0679721037	Books	3	0
US	R3EB4UNLTQGFR7	0060922583	Books	5	0
US	R2WLX2WK5CYMD1	0345389409	Books	4	0
US	R26D4ZRM1HJNQM	0440178002	Books	5	2
US	R3OF30XMMCXFRC	0425107469	Books	5	0
US	R21N55JBSLTIUN	0380789019	Books	5	0
US	RBGP8OYHRBKOB	0140430148	Books	5	4
US	REAVGD9TPJYN1	0896760839	Books	5	12
US	R3UOOZ373O0AHL	0515123447	Books	5	8
US	R172B46YHDVJRR	0385493622	Books	5	0
US	R1ZQ19PH1JD1DP	0812550706	Books	5	0
US	R3JMTV026RJVKL	0812550757	Books	5	0
US	R1S4RJIG5LW4G1	0062502182	Books	5	0
US	R20U9ZKGR9O3WZ	1567184855	Books	5	1
US	RYUTP6T5R91JW	0609603086	Books	1	5
US	R2Q5V68HY1ZFR3	0393312836	Books	5	0
US	R2W447YO5VWFM3	0679428887	Books	4	0
US	RXW4R7B1E1E31	1573226521	Books	1	3
US	RQJ6M9H1ROQOY	0070511136	Books	5	3
US	R2R6W9N6CMGO7D	0440539811	Books	5	0
US	R14CMYDLOT4JKE	0811821846	Books	5	0
US	RME4NL4LWIPA	0684847248	Books	5	3
US	RJFPM3H0K2D0U	0375403477	Books	3	0
US	RCM9I7D14ZF0G	0786889284	Books	1	2
US	R2QS9C05WT71O8	0345350472	Books	2	6
US	R3RS531E5SWRLM	0440178002	Books	5	0
US	R31EQCJPCZU4LA	0553328255	Books	5	1
US	R188706IOTSSNW	0688156819	Books	5	1
US	R2IYA75X8I9BS	0684800713	Books	3	0
US	R7VPPMHX93D5P	0671867369	Books	5	0
US	R1YXO9EF6SSF6R	0671015206	Books	5	0
US	R2VAL0H9MX4WSX	0399143904	Books	3	0
US	R18ODE7D2HSHYV	0380973634	Books	5	1
US	R2VF2HL426DOJY	0708922473	Books	5	1
US	R28HNJUCGHGK68	0440178002	Books	5	0
US	R7TVW2702WC85	0385484518	Books	5	0
US	R209AL7WCC5ZC3	0684874350	Books	5	0
US	R9RMIZE6V68PP	1563523302	Books	5	0
US	R14FH8610T5DJO	0811806405	Books	5	9
US	RMCDFBT8BTFV6	0395645662	Books	5	0
US	RM6TR3GJAXM2C	0609603086	Books	1	0
US	ROYM4HYQGXMMC	0812931017	Books	5	1
US	R1HTENW7O70B58	0694010081	Books	5	4
US	R265IRFWFOH2NX	0380973642	Books	5	0
US	R1FKOSKOXJW3WY	3895086894	Books	5	0
US	RDCQZH49ML5OX	0312965788	Books	5	12
US	R3565UBRZUG4P0	0393038912	Books	5	1
US	R1MC547DAJ544X	0671570439	Books	5	1
US	R26PG1NSRV4AYE	0385484518	Books	5	0
US	R1LI4GISWGDSUN	0802130208	Books	4	0
US	R2BZ4SOCD5ZJNB	0312150849	Books	5	1
US	R11GWAANAF8ID2	0399143904	Books	3	0
US	R3SPSCQSPJTZT6	0393038912	Books	5	1
US	R2M2RJXU6NORQQ	0345286200	Books	5	0
US	R2ELYEKSBRB5VL	0930289528	Books	5	0
US	R27ZDW6IP4Z392	0930289455	Books	5	1
US	R8RF24IWQLWGK	0345404475	Books	5	0
US	R180S97G36QXJX	0345403959	Books	2	1
US	R2C5CPP8FHI3IM	0811821846	Books	5	1
US	R12B2W2JOZ3I6T	0345347951	Books	5	0
US	RKQE38A56GHY6	0671799320	Books	5	0
US	R1EE5RZTDQ24NH	0345315227	Books	1	26
US	R2P4OHB900BE9A	0816158525	Books	5	0
US	RSWOBTBIVSKZJ	0345409671	Books	2	0
US	R35TKYWWRV1WEO	0385484518	Books	5	0
US	R304UT6ISP0ENK	0140277447	Books	4	137
US	R2UCGBDCYT62P7	0812550706	Books	5	0
US	R1VX6V4APTBH8	0606039600	Books	5	0
US	R21MLBMFFJDDFG	0140042520	Books	4	2
US	R2MC5JSPOYUF1J	1558216847	Books	5	0
US	R1M4GZMEG6YT73	0140186395	Books	5	0
US	R1DE86301VBVC	0385484518	Books	1	6
US	R2BTY0VN4KP85B	0385484518	Books	5	0
US	R3QKYFU781YTKU	0385486804	Books	1	61
US	R2IJZ3JBU5OLX1	0385484518	Books	5	5
US	RAZF2B3Y277EU	0553275976	Books	5	0
US	R31FA6IBFC48HB	0671015206	Books	5	0
US	R2HJL2YO5JACKC	0451169514	Books	5	0
US	R1HRMBWJQESIOE	0441172717	Books	5	0
US	R2ODTNHHMHM1LG	0385484518	Books	5	0
US	RRUGA91MVQUBQ	0393316041	Books	5	1
US	R288B1GTPDGQT6	044022165X	Books	5	0
US	RWTBASQPWWRFG	0553212443	Books	5	0
US	R2MLVHAJTVDIU	0395754100	Books	4	3
US	RNA00Q19ANUEC	0345409671	Books	1	5
US	R36F1XRT9E3U9S	067101756X	Books	5	1
US	R1Q6SNPSCASM72	0679405429	Books	5	0
US	R24LQQ8RH70Q09	0192834711	Books	5	3
US	RXUPSHVBIUJMK	0316152196	Books	5	0
US	R1ZOGA08HKPH10	0679781307	Books	5	0
US	R1EJPD2H58HQ5F	0380973634	Books	3	0
US	R3PY238ZT075WM	0375404406	Books	1	0
US	R22EDUKODHWZDC	0140277447	Books	3	10
US	R234E1Y7JR5F6I	0399143904	Books	1	0
US	RRMWSOQUCYYCM	0553108034	Books	5	0
US	RRZ1IC5ASP3VH	0880389052	Books	3	1
US	R334ORBUKKBSM7	0375701427	Books	4	0
US	R2YR2JIJ46SWEG	0380789019	Books	5	0
US	R1MIHM3WWDMUIE	0385484518	Books	5	0
US	R3KXJ1W9A9DKK1	0194313425	Books	5	2
US	R2MQDOLDO2Z0HZ	0380973634	Books	4	0
US	R3BAJZJRY3JEDQ	0694003611	Books	5	0
US	R3IMSGJ9DDO8X4	0553213105	Books	5	0
US	R1DYFKPHXS2K05	0385493622	Books	5	0
US	R1KBSVJG9NMFJJ	0446604844	Books	5	0
US	R1MPMM912OTL0T	0375701427	Books	4	2
US	R2XY6DKO55KW0L	0195073401	Books	2	7
US	R327VLSZQ0ARKE	0930289455	Books	5	0
US	R1STCG8Y4HO2YT	0393312836	Books	5	0
US	R4Y4ZCWP8JXY	0553347845	Books	5	6
US	R147QDMTKIHWBQ	0805017445	Books	5	2
US	R1BW7457XEP995	0679746048	Books	4	0
US	R2HOVH9WGPIDBR	0385484518	Books	5	0
US	R1HVJC76YVAWE9	0688158234	Books	5	1
US	R25Q3R3Z1IJ3XB	0688158129	Books	5	0
US	RXNUD1KR9L368	0553378384	Books	5	1
US	R2W9OYCL3LWOA4	0060977493	Books	3	0
US	R3N152UTGXWCDY	0393964582	Books	4	2
US	R2WLFK2P2G0JU6	0312853254	Books	4	0
US	R10LDUO2OZUJDM	0451191153	Books	5	0
US	R3LXXUEXOCP02V	0609603086	Books	3	0
US	R1O9C6V1S8S1A5	0312954468	Books	5	0
US	R2SE3AME8QCM7	0688158234	Books	5	1
US	R1JFQKK5BFCNG4	068484267X	Books	5	2
US	RZLBLU4MMJM95	0679416781	Books	5	2
US	RK90Y2SQAG9XG	0425098478	Books	5	0
US	R3N7QL6CDASSTN	0679721037	Books	4	1
US	R2T3O5K4I6HE3V	0553270435	Books	5	2
US	R1TIYQGHVZMOTU	0679720200	Books	3	0
US	R30P54QHC7UYWX	0345350499	Books	5	0
US	R3P9IFEZHUMITO	0140067477	Books	5	1
US	RES597D95EHF9	0679457313	Books	5	0
US	R23846A8S5IQNC	0395389496	Books	5	0
US	R3ISBRE2CDECSQ	0684830515	Books	5	0
US	R11MW93BDPJR9I	0061053430	Books	5	6
US	R2LR1P8RN1HI8R	0399103422	Books	5	0
US	R37X3T8CIXKXO3	0694010081	Books	5	2
US	R2Z8GI40PD75WZ	0679442790	Books	5	2
US	R1T003442GPAFH	038097617X	Books	5	0
US	R3AKURF9QFN9B1	0062502182	Books	1	18
US	R3FNMI3XP0SHFC	0399143904	Books	5	0
US	R21TUEQ0OCIOTW	031218087X	Books	3	1
US	RQPSZKFK2QY26	0609603086	Books	2	0
US	R3LC8L8T1UHE0W	0553212478	Books	5	0
US	RF0DTG5IQU0CG	0440180295	Books	5	0
US	R7QGCXQWFQ2YD	0140177396	Books	5	0
US	R2TQWCY0NN4LYO	0684874350	Books	5	0
US	R2QT4TOS62UQ23	0670813028	Books	5	0
US	R2EZ5M503T1EQ9	0930289331	Books	5	0
US	RN07LEMWVYUQN	0812931017	Books	5	0
US	R1S5HWE4VRSE9W	0394716787	Books	5	1
US	R2A9PVU69FSFPN	1573225517	Books	5	0
US	R11YLSBCEPHPEE	0670880728	Books	5	0
US	RNDFJP28DC74E	1573225517	Books	5	0
US	R376H4C5ALEP0G	0385484518	Books	5	0
US	R16SP5TUXW91XL	1556154844	Books	5	2
US	R3KVVIQ9Q60UW8	0380789019	Books	5	0
US	R3O3JMMNZHZFUT	0679722610	Books	5	1
US	RQE9D9248VBFP	1878424114	Books	5	0
US	RNQC6ZDPONXZZ	067960085X	Books	5	2
US	R1U03HXMMMPN57	0393038912	Books	1	6
US	R3K56CU5ZOO644	0062502182	Books	5	0
US	R10DO9UN4KH807	0385484518	Books	1	2
US	R1SVUJB9QMILFK	0679720200	Books	3	0
US	R2TB8CZSMNO0UX	1556154844	Books	5	1
US	R2B1401EPEFSGH	0964385619	Books	5	0
US	R1MWSJNQRPYFC8	0380018179	Books	5	0
US	R2I057GLLX1H4I	1573225517	Books	4	0
US	R1QA7K53C067SI	0684874350	Books	5	0
US	R20U8DS6D6T4WO	0399143904	Books	3	0
US	R1A6B9ZTS45T0O	1568493207	Books	5	0
US	R2D4O81ZQOGZ5O	0440224764	Books	5	0
US	R2I6Y66RLVRR7Y	0307001466	Books	5	3
US	R3787SQRBQQGGW	0449002632	Books	4	0
US	R3EWG7SWIIFSGL	0399143904	Books	5	0
US	R12S2IBPV3QJRF	0156528207	Books	5	0
US	R2PFN1GNGQQSWR	0060925000	Books	5	0
US	R2SJA89LB4HIXN	0441172717	Books	5	0
US	R2OY4UFE0HW2AI	0688052304	Books	3	0
US	R3VOWFT48BE2P6	0964385619	Books	5	0
US	R3J09A4MIX4VPY	0553212737	Books	4	8
US	R1Y9HCGYYE2BJ2	0670878006	Books	3	0
US	R1BH8M5G6T7JNU	0812548094	Books	5	0
US	R13HTC5BZDH2ZI	0670880728	Books	5	0
US	R1EYYRU3S0AYJZ	0553328255	Books	5	0
US	R3P54EFX756Y3Q	0060977493	Books	3	0
US	R2E5SAVECS7QWQ	0553212443	Books	5	0
US	R1DLQ9OO649GID	0385486804	Books	5	0
US	R304KHTM2QBREV	0694009792	Books	5	11
US	R2K0LFO1EY908O	0670880728	Books	4	0
US	R72RT7Q46VBD9	0671576089	Books	2	0
US	R3M3K1QL73S44Z	0385486804	Books	1	35
US	R3L4ON6UI99BTX	0553473050	Books	5	0
US	R54AYD8WYJ6ZG	0964385619	Books	5	0
US	R3A772LSR261PL	0425129608	Books	4	1
US	R2ZBHM9132GENE	0899663036	Books	5	0
US	R2RSEWR9LHQ86H	0385484518	Books	1	1
US	R2CDBMQSHXL4DV	0140544518	Books	5	0
US	R36O46172N6WD9	0062502174	Books	5	5
US	R6XH5QZOPCFSN	0385333846	Books	4	0
US	RDA62FI5UGKE3	0060926317	Books	5	0
US	R2M1R62VDEI7QY	0393316041	Books	5	1
US	R2L458K8L1WQ0U	0887307280	Books	5	0
US	R2LD3E6MZP1LCD	0671891634	Books	3	2
US	R1YRLJ0M41UV0F	0886461251	Books	1	1
US	RZJIHMILOX54Z	038533348X	Books	5	0
US	R2VM9HB50IH8TH	0684800713	Books	4	0
US	R30O1U3295JNRF	0060977493	Books	3	0
US	R3GAFRYNWLM4D2	0316236535	Books	5	11
US	R1T71G8SQHFIP6	0140143505	Books	5	1
US	R1R9HRYHUM85HK	0449911357	Books	5	0
US	R1CIHIT7TS0XW4	0553108034	Books	4	1
US	R3HV78Q9MSADQ8	0375751513	Books	3	0
US	R26FOOXENKC149	1573226521	Books	5	0
US	R15933UHZHL9DW	0451169514	Books	5	0
US	RXVXO35DNLFDB	0064471837	Books	5	0
US	RJ2F5XFOM28VU	0804106304	Books	5	0
US	R19FCT2ESF16JI	0201633612	Books	5	1
US	R36PNMPCGMJD6Q	0964385619	Books	5	0
US	R22QQ9T153DHMA	0064400557	Books	5	2
US	R2DYEY6VKAVB1G	0399143904	Books	1	0
US	RUQ6OKHYWHQPC	0793518326	Books	5	0
US	RYP7QNQP2ZK7D	0553275569	Books	5	0
US	R1PSUV4RYRG185	0393312836	Books	5	0
US	R2SC9JFKNLSU7O	0964385619	Books	5	1
US	R329BFLSJKVU6E	0789302179	Books	4	0
US	R3G0WYYOCRKM03	0399143904	Books	2	0
US	RZJ3DSG80CS1D	0385493622	Books	5	0
US	R1CFGN3YU6BTZ8	0399143904	Books	2	0
US	R15VTPQGNWXESD	0679428887	Books	4	0
US	R3B4ZE2Q3GN0OW	1883217040	Books	5	20
US	R11QYMCD0D0OYW	0399143904	Books	2	0
US	R36I97E8ISFPF2	0679882820	Books	5	7
US	R1WHCBSLFEFQZU	0385424736	Books	4	0
US	R12W7ND480M8LB	0670880728	Books	4	0
US	RVYLZR80I9N57	0446605409	Books	5	0
US	R37LFBS09X3PKG	068483605X	Books	5	0
US	R2SCLHKL8UH1LS	0887308589	Books	5	1
US	RS95KGBNNZ3UV	0609603086	Books	3	4
US	R35MPZ936KTIKX	0517591812	Books	5	0
US	R20VF2PRHKQM7X	0060392584	Books	5	2
US	R34GCG9QWBITRV	0385474547	Books	5	0
US	RP155EFXFR4B1	0684830485	Books	5	2
US	R1PKXW9NW31U51	0930289234	Books	5	2
US	R2E0658YRZ6DOL	0062502174	Books	5	0
US	R3CMNCBU6M7TOP	0671004107	Books	5	2
US	R12ZNNUHJMQA5U	0553260111	Books	5	0
US	R29Z2T17FAHZO3	0393307050	Books	5	13
US	R3FGL8ND3OMX4	0140120416	Books	5	92
US	R1LQEN8OKDL77U	0345409671	Books	5	0
US	R3QX76OQO97RM1	0812550706	Books	3	0
US	R1AJMHW60CA471	0425098532	Books	5	4
US	R356EKPNDUE3J7	039548880X	Books	5	0
US	R3C0M5UVD1CI11	0553275569	Books	3	3
US	R3DZAGVNIZUN58	0140277447	Books	5	1
US	R1FEBUU2IY4TOT	0553573403	Books	5	0
US	R1WV8BYN5SKHZB	0670880728	Books	3	0
US	ROZP0DMEXVBJJ	0671015206	Books	5	0
US	R3F5YS30KOG0PB	0060235152	Books	5	1
US	RJPLFY7IG3T9G	0385484518	Books	5	0
US	R25ODKEBVG4LQ	0670880728	Books	4	0
US	R3C81NLFXVYVSP	0786889284	Books	5	2
US	R1U61S22EKBR5R	0553212737	Books	4	0
US	R2ZB6SRZ6K3POX	1559273992	Books	5	1
US	R1OP42N2TFDBIW	1881273156	Books	5	1
US	R2NNVAZ3XB4KMA	0684833395	Books	1	8
US	R1CFN8HDS3FKQX	0399103422	Books	5	1
US	R2OCYD5FQ2P3YG	0671001256	Books	5	2
US	R1P9SSP103MFMK	0451191153	Books	2	3
US	R20JBZ0P0IXWUS	0684800713	Books	1	6
US	RDYCP7WHVKZS	0393307050	Books	5	1
US	R1ODAL6T9DWZD	1568494157	Books	5	2
US	R27HI7IGQ5O9LY	1573225517	Books	3	0
US	R23UZ8BUB6YLYF	0064471837	Books	5	0
US	R1UPXV1U2CLLFC	0425107469	Books	5	0
US	R31GUMHAOHSB0Y	0425156842	Books	5	502
US	R3AQ8WISRXOKDS	0553278398	Books	5	0
US	RABQJEHMEIEDU	1563523302	Books	5	0
US	RVVTRWBNYQDPU	0553455532	Books	5	0
US	R3E176ORVNYHOF	0446310786	Books	5	0
US	R1XB6VPEU1OZZA	0393038912	Books	1	6
US	R31LF3YI7KNXTP	0486278077	Books	5	6
US	RN16FNEN49CL6	0399128964	Books	5	0
US	RQ6MYKY709HVE	0440180295	Books	5	0
US	RYL8ET2VP8RS	0399128964	Books	5	0
US	R2ZM2I9DBBDSOJ	0385484518	Books	5	0
US	R3GWPVQB4OOB32	048629823X	Books	5	400
US	R1ABX1NVS07TFU	0316743003	Books	5	4
US	R1TJNHSAXB92R0	0894803123	Books	4	182
US	RKVKS8WON8G1Y	0449002632	Books	1	9
US	R3DXO8NLCM7ZWA	0451524373	Books	3	15
US	R2YD4XL2O7RDRP	0440219078	Books	5	0
US	R18TK4XOV5N4JS	0688158234	Books	5	0
US	R1KMLJ1DBMZLOM	0451163540	Books	5	3
US	R2Y71969273RHT	0553210246	Books	5	1
US	R1BJQX7Q9L697M	0891903313	Books	5	0
US	R1MMF4XZE7K3QC	0060168366	Books	2	3
US	R2JPJE0YE7HG76	0786889284	Books	5	1
US	RPUFXMNR0JCUR	0385484518	Books	5	0
US	RBGLKYHPB0TD4	0345409671	Books	5	0
US	R2BQO92OOC6LRV	0374172897	Books	5	3
US	RKJFI8SNJ7QO0	0802133347	Books	5	0
US	R9ZQNGI0QM9MY	0070511136	Books	5	1
US	R307FCV7P8PBV0	030716327X	Books	5	1
US	R34FDE85734MLK	0805047905	Books	5	0
US	R3UVT135K1XF0Z	0062511408	Books	5	4
US	R3D060ARVPYI33	0679721037	Books	4	0
US	R2CGSXGM9W3PIS	006097625X	Books	5	6
US	R1ZXG9LJ02B9EV	0694003611	Books	2	6
US	RVR0EJPY16C6U	0062502174	Books	5	0
US	RM8Q1BBYLY9EM	0684800713	Books	4	1
US	R29V3KC7X6GQHK	0375404414	Books	2	0
US	R3L7CQALN1DB64	0385312083	Books	1	4
US	R2HNDCHWU4M991	0880381736	Books	5	0
US	RJLCYVUIN6UKW	0440539811	Books	5	0
US	R2MH079CZNL6DD	0553284347	Books	5	3
US	R3K6B1RY755ZOR	0393038912	Books	5	0
US	R25GHIY8U335HE	0380713802	Books	4	0
US	R374LFKNAJTIZM	0345350499	Books	4	0
US	R3AB93OGVJ0GNC	0440214041	Books	5	0
US	R1125BNVRI3TOP	0385470819	Books	4	0
US	R1A4NLFY4ZCQTI	0670880728	Books	4	0
US	R34E403QNGNF3V	0385486804	Books	4	0
US	R1VN6YTXXQQ7NA	0380973634	Books	5	0
US	R1RSP1TWRMDAAX	067942850X	Books	5	0
US	R3RW6NCLARGSGJ	0679405429	Books	5	0
US	RBDH3OFVUBSCO	0345350499	Books	5	0
US	R3O6T5KRBDV85L	0399218335	Books	2	29
US	R2N85OVC4E4W2R	0446310786	Books	5	0
US	R2K15T78AJ2SSK	0425107469	Books	5	0
US	R3M2F1E8RKW3RI	0441172717	Books	5	0
US	R33TF0QG1A9P12	0060245867	Books	5	6
US	RC7YRN5USG7TD	0671015206	Books	3	0
US	R137CTWJTX33WF	0440213525	Books	4	0
US	RCA665MXF6EO9	0380973634	Books	4	0
US	R2GC1IDMOXNR3J	0399143904	Books	5	0
US	RBV2T97PWOYOG	0783882963	Books	5	0
US	R1AEV6YA7V4EFZ	0694003611	Books	5	0
US	R2U82NDEEE8AF	0061002747	Books	5	0
US	R31BX6ODZUTL1	0671015206	Books	4	0
US	R10XXSGFXFQDIO	1879557541	Books	5	0
US	R2IDL5VLHN4AON	0679457313	Books	5	0
US	RTY5DW12AY7HP	0679805273	Books	5	1
US	R1PWKZHHZTZKAO	0440213525	Books	4	0
US	R9G514ATY59Z7	0440224764	Books	5	0
US	R2M1DZKO8WSMCJ	0060392584	Books	5	0
US	R74SK8JTASLY5	0140189378	Books	5	14
US	RKOUMEGO6LCR0	0793518326	Books	5	0
US	R2VYYNQ86IE0F	0684874350	Books	5	0
US	R2HJ598E1NM3BC	0399143904	Books	5	0
US	R1UR6MASUIV23J	0609603086	Books	2	0
US	R18V6JBS1GCY3R	0399232133	Books	5	1
US	R22PIU3QN7GJMZ	0446364495	Books	1	3
US	R370ROD7FFGZPO	0451169514	Books	5	0
US	REZEDLFXDJ32V	0517543052	Books	5	1
US	R3E40RUHAE2554	0887307280	Books	5	0
US	R1YMEYA7LZRMD8	0446605409	Books	5	0
US	R31ISI0OISMD70	0385471483	Books	5	0
US	R2DPWGZA5490A1	0553573403	Books	5	0
US	R294YWZMCA6SX3	0679735909	Books	2	0
US	R1DNLBISPO35RE	0679745203	Books	5	1
US	RSJT4GCAXIMBY	0684874350	Books	3	0
US	R38DX9QMDTLBT7	0887306128	Books	5	1
US	R3EZVWASFK77W1	0553284347	Books	5	25
US	R1YH1IOKZ3QYA1	0887309372	Books	5	2
US	R1SZP2TTTDF31N	6302518423	Video DVD	5	1
US	R3B513YOXNW8L1	0684874350	Books	5	0
US	RKAGTNN3XDVWM	0380778556	Books	5	0
US	RJX9ISZ10VJAB	0451191153	Books	5	0
US	R362OEFS4QI0WU	0802130208	Books	5	0
US	R115DH9J8LYAUV	0393038912	Books	5	1
US	R3J5GQEFP2R6RC	0060920084	Books	5	0
US	RYRFV45WA72LY	0684874350	Books	3	0
US	R1FCSABSXGKY0M	0425152251	Books	5	0
US	R1H4Z31WV74X71	0609603086	Books	1	0
US	R1BYRENPXSVB2V	0805002014	Books	5	0
US	R1M6DCHU55V1EK	0425098478	Books	3	6
US	R1567VG349GUOT	068483605X	Books	5	0
US	R3L0Y5KP3N1ZVO	0060920084	Books	4	0
US	R1TX335JKLW88X	0399143904	Books	2	0
US	RGAQBNZ73OSCH	006017322X	Books	5	1
US	R18XUEBDEM2B84	0440219078	Books	5	0
US	ROFWCFJI8K1N6	0679601929	Books	5	1
US	R3M6APFBF0UUBI	0448060191	Books	4	1
US	RR9O1BWLZBGZM	1563523302	Books	4	0
US	R1PCOJA9HPTH99	0374172897	Books	5	1
US	RQS13C72K0QZK	0027164403	Books	5	2
US	R1EUANCI2T73EH	067101756X	Books	1	1
US	RUCXMNO3L8DMW	0897500482	Books	5	1
US	R22GI4G83VB7MS	0812034430	Books	4	0
US	R4XNRYHUOUN28	0553212478	Books	5	0
US	R3LR38O1VH900N	0399226907	Books	5	2
US	R376FDPC4OLGHL	0451169514	Books	5	0
US	RRCWFG6T1B979	0812550706	Books	5	0
US	R1CANCRYJIIV16	0679457313	Books	5	6
US	R3IXDL6JSRL7X0	086140324X	Books	5	113
US	RGZBHJ8X196A7	0684847248	Books	5	1
US	R2SLLYIO71PSU6	0609603086	Books	1	0
US	R380XO7LNYRILS	0786889284	Books	2	1
US	R2QFO77YIM2IYQ	1558216340	Books	5	0
US	R3E6NAKRO7JWU1	006107327X	Books	5	1
US	R38KQA6RSKL86J	0684847817	Books	5	3
US	R17IBSEUSIQBC5	0553573411	Books	5	0
US	R3I4D3OH4CJ9L1	0688052304	Books	5	2
US	R23D5G6YGUZZ2U	0553277472	Books	5	0
US	R1YFFID4N4URQ	0399143904	Books	3	0
US	RKZ64YFTHLZE5	0345315227	Books	1	2
US	R3NCFIWKPETDSG	0553293397	Books	5	0
US	R1M12LAWB9KUO4	0385484518	Books	5	0
US	R34RFWNOUUJPBU	0793518326	Books	5	4
US	R17809DD4PXQRN	0152465030	Books	5	0
US	RHX5HE2G15FK9	0684874350	Books	5	0
US	RY4YHTSACPZ5K	0385487266	Books	1	4
US	R2KFXSHBQOM5FI	0679405429	Books	5	15
US	R20WIFBID90UE2	0385484518	Books	5	0
US	RWEU7KLHC2APG	0451521897	Books	3	0
US	R13DYK82H0LWRX	0812550706	Books	5	0
US	R27Q6IZ2WPZ1VX	0060277246	Books	5	0
US	RXDZOCV0WQ9EH	0345428056	Books	4	0
US	R2588KEQ8RPZ99	048623231X	Books	5	16
US	R1CXGZRUXI1GD8	0606001050	Books	5	1
US	R2R8OZJI2PGJAM	0964385619	Books	5	0
US	R180CXSBIRCA3K	0064471837	Books	5	0
US	R5Q5KR2YV16MN	038541627X	Books	5	13
US	R1HO2CJX3DH4IQ	0061002860	Books	5	0
US	R226OPVF0XF8EG	0399143904	Books	2	0
US	R23C8EF73J1ZTI	0395389496	Books	5	0
US	R1IDFYOVCYEX9M	0671015206	Books	1	8
US	R2Z5AYQ343P941	0060926317	Books	4	0
US	RA0HC7C9R5G61	0140277447	Books	5	2
US	R1NXORQ1WRSHXN	0887308589	Books	5	1
US	R1K4QRHJXZBN67	1573225517	Books	5	0
US	R1F32VTM0VJWY2	0385474547	Books	2	1
US	R3K0PUWTXZT292	0385311400	Books	2	3
US	R34KWIS7JRF4ID	0671015206	Books	5	0
US	R1CBTC0F4P1SY9	0553278223	Books	4	0
US	RGUZ6UAKIUD42	0399143904	Books	2	0
US	R19WD89R9YT3H7	0385484518	Books	5	0
US	R1B5OO341SKM45	0553278223	Books	5	2
US	RN7K2QR419U6K	0151002002	Books	5	11
US	R2O8K991Y5DHYK	0140277447	Books	5	1
US	R1K1LDYHBX6NNA	0451160916	Books	5	0
US	R1JD0258YYBW5P	0316779237	Books	1	10
US	RBR84SD75KWST	0609603086	Books	1	0
US	R26G97AZS5J76C	0805017305	Books	5	1
US	R2OY148SVS9ESS	3895086894	Books	5	3
US	R3EW6HS0TBIX65	0671520784	Books	5	0
US	R2YEM92N3Y324F	0964385619	Books	5	0
US	R1A1AZIX10UWS8	0399128964	Books	5	0
US	RG44G1NP274BV	0553573403	Books	5	1
US	R3HHMLWN455ZB7	0394721144	Books	5	59
US	R2AYF1L766D7IX	0394810112	Books	5	0
US	R1MRRTBUV6JINV	0553565915	Books	4	1
US	RW6G055JGU0KX	0380018179	Books	5	2
US	RGZ487I3S7FOD	0609603086	Books	1	0
US	R3CQGV6TDH9YAU	0380789019	Books	2	2
US	R1049Z6QSMPZU8	0670880728	Books	4	0
US	R1QLPUHRK9WASP	0553280325	Books	3	0
US	RN14DFHIOD62N	0399143904	Books	2	0
US	R1VLSDOZWNYZOF	0812931017	Books	4	0
US	RPF1JMF8QXVZA	0060392584	Books	4	2
US	R2NQ262GK3EW1K	091581112X	Books	5	10
US	R744BXF8QMMFE	006016848X	Books	2	18
US	R2ECMJNDNIIRZ0	0517201658	Books	5	0
US	R7TTXF58LCWCL	0812034465	Books	5	1
US	R1DFXLJCGLPYDP	0060920432	Books	3	15
US	RB7XNLTTI5KAV	0151001820	Books	4	0
US	R165W8ER8YXL8G	0887307280	Books	5	0
US	R3GC8B60I7RJQG	1558216340	Books	5	0
US	R176HWZW1Y44PZ	0440131480	Books	1	9
US	R3FTJJBQSHWJ8T	0374172897	Books	5	1
US	R32Q6JVFY8O1RJ	0399143904	Books	3	0
US	RKYZZ2ULTDFA0	0899663036	Books	5	0
US	R3H5TBX52SMTT6	0374172897	Books	5	2
US	R91X1DJSBBXDO	0026009102	Books	5	0
US	R1II0KDWF3HP9U	0684843749	Books	5	2
US	RYKRQSO2GOU0M	0812550706	Books	1	7
US	R1IP6C2EGCL4HT	0385484518	Books	5	0
US	RWGFCPDUSA2O2	0446605409	Books	5	0
US	R126U7QUZWYVIB	0399143904	Books	5	0
US	R2MFECJWCCTD0S	0606042210	Books	5	0
US	R8FIZYUJHPZ2E	0783882963	Books	5	0
US	RO85H2P74A48	0316926345	Books	4	2
US	RIXHPIG5YY4WT	6302518423	Video DVD	5	3
US	R9XQ5WHF4GII5	0787117668	Books	5	0
US	R1G8BFDVBCVKYJ	0156421178	Books	5	4
US	R1MBN12NH80FTI	0140277447	Books	1	66
US	R2P1QES0PI4I3F	0688101364	Books	5	4
US	R1FPB8UC6AYMTQ	0440227275	Books	5	0
US	R1AACAG63VT9I7	0345357116	Books	5	2
US	R35Y5I4C21KDAB	0140277447	Books	4	4
US	R3F71CC2I70VYC	0688158234	Books	5	0
US	R2PGGZ7PB6QCEU	0060923989	Books	1	1
US	R3S9BBUUJZ3KVE	0380730405	Books	5	0
US	RX3Q7BQ40TWD	0964385619	Books	5	0
US	R3S4Z4VNU4DOIG	0140441409	Books	5	22
US	R8ONGMEFJRSY1	0553108034	Books	5	0
US	RTYAM3UNYCXVO	1558216847	Books	5	0
US	R2JJ44CFRLNJAD	0887307280	Books	4	4
US	R3SYIO3FS57ABZ	006092988X	Books	5	0
US	R3ORFFXBI1Z6ZZ	0451452739	Books	5	0
US	R1T9OQR4TBKV3G	1878424114	Books	1	30
US	R1KO4DAQR5ETVW	0553213105	Books	2	1
US	R3F9C3XWF00T7L	0399143904	Books	5	0
US	R3HE4588OIEWEE	0399143904	Books	1	0
US	R2IZ8F901MD56M	0553274503	Books	5	1
US	R3RS9PRZ8DCZ6B	0380002930	Books	5	0
US	R1TXC3JPUPVE16	068484267X	Books	5	0
US	R1SF1VNYMJRQLV	038533348X	Books	5	0
US	R1Y5O36B55XFQG	0425152251	Books	5	0
US	R1Q27F0B8ZVR47	0802130208	Books	5	0
US	R1QW4Y0YSZJYVB	0067575315	Books	5	2
US	RWEHKR5JMYA12	0201633612	Books	5	1
US	R2P1YD0T2ASBLC	0684833395	Books	5	0
US	R2TWE2B6U1KODM	0811821846	Books	4	1
US	R1PQ3UIDMY0U2L	1573226521	Books	4	0
US	R2Y6Y0VC5O7M2F	0399143904	Books	3	0
US	R3M8XAFK20QM79	0553108034	Books	5	1
US	R3OHMK9O8INJTF	0060977493	Books	2	2
US	R1GMLERPCHBZ5R	0684833395	Books	1	4
US	R1PJEG8L0R2O4T	B000002NJS	Music	5	0
US	R2Q97BFXTFPHS1	0802713319	Books	5	0
US	R1CPYC1R5ENUZW	0684843749	Books	5	0
US	R3UMONM4FXD9OE	0385484518	Books	5	0
US	R2357HW5M0PW0G	0446605409	Books	5	0
US	RWZMUK2QTG4H4	0385006896	Books	5	2
US	RHZH989QDUBKA	0553473050	Books	5	1
US	R66494EI9GWEZ	0553502077	Books	5	0
US	R3G5PGNBITSZW9	006107327X	Books	5	1
US	R2SYPA7GAF33DU	B000002A46	Music	5	0
US	R1P2XQURJFWZPL	0312853238	Books	5	0
US	R1US1NEJPAMWFZ	0375701427	Books	1	0
US	R1KVLKEI6E6MAH	0385040199	Books	5	0
US	R18KINVQSGKLNN	0060263857	Books	5	0
US	R3IGGDO5DTCR4W	0812550706	Books	3	0
US	RGP6KHM4ITWD6	0517122707	Books	5	0
US	R3GAZ4ZTZ0POYP	0446605409	Books	4	0
US	R3QDCKEMMDP95P	0451524985	Books	5	14
US	R12PZFOYFHDI36	0517122707	Books	5	1
US	R3H19KWC8YLU9O	0399143904	Books	1	0
US	R2536X13VUQW2	0684830485	Books	5	0
US	RTW5CM4VF580O	0606045740	Books	5	0
US	RX04XN2OKYQ2X	0553260111	Books	5	0
US	RBXHKR8Z3O1SA	0679457313	Books	5	1
US	R15B5CZCQA6EAY	0380973634	Books	5	0
US	R1K3XOFN58ZRYE	0399143904	Books	2	0
US	R325MK6V3F1E8Z	0399143904	Books	4	0
US	R3MGHNE0UBWM1G	0156907399	Books	5	1
US	R3043V5NG76259	0380730405	Books	5	0
US	R19L3QDIRDKW8G	0375403477	Books	3	0
US	R2GYFY4QUF5RQB	0440219078	Books	5	0
US	R1FZG6QVFIAWHA	0679460063	Books	3	0
US	R1TVOWBEZFKCDZ	0316743003	Books	5	0
US	RC6F52NDXZRJX	0449911357	Books	5	1
US	R2O00X0IIDZS28	8401426715	Books	5	0
US	R309PSWS8WTKA8	0451191153	Books	5	0
US	R2Q2X434PVYFC3	0385474547	Books	1	10
US	RDFFZ8QPS1J9T	0553288105	Books	1	7
US	R3FE9UZVO2DD0C	0060977493	Books	5	0
US	R1A8NXFFXVVMOT	067158037X	Books	5	0
US	RSQGTRF06O77K	0684874350	Books	5	0
US	R222GPFWWV2A72	0848808126	Books	5	4
US	R1N5IWTTAAXZ0A	0440224764	Books	3	0
US	RJTOFI7HCP3D8	0060392584	Books	5	0
US	R2ZKWR3PSVICQ4	0786880708	Books	5	2
US	R1WE1BPM66LF4C	0812550706	Books	5	0
US	R218FG17XDXA9I	0140277447	Books	4	3
US	R25QX2UQ7M7HYM	0670880728	Books	5	0
US	R3B3OV3NDNNU5E	044651506X	Books	4	0
US	R1L3RZCGMQZN3B	0026009102	Books	5	0
US	R1BESAEPX2R15N	0441172717	Books	5	0
US	R1XGFCU2RWGTQT	0385484518	Books	5	0
US	R2L16ATIXRZXSQ	0671015206	Books	1	17
US	R3KN47MXSA8S60	0671015206	Books	1	15
US	R2DFBMSSDW00WK	0670880728	Books	5	0
US	R1UXL64TSFADNQ	0679781307	Books	5	0
US	R1NRAVND0X65G	0684800713	Books	5	0
US	R3625104XHEHR5	0812550706	Books	3	0
US	R1SWAB2ZPLRSZL	0385486804	Books	2	1
US	R3RCA107L0Q7WT	0062502174	Books	5	0
US	R2YJUDH6WWH4B5	0684874350	Books	5	0
US	R4HMQVZ3BI4DR	0385471483	Books	5	0
US	R1XR7CKVKC65BJ	0399143904	Books	2	0
US	R1RZ1R6XWFC5WJ	0964385619	Books	5	0
US	R2XXMT1PD6122Y	0395759242	Books	5	0
US	R370MWJ58C3ML3	0345350499	Books	5	0
US	RU9K3KM4RHHX2	1570425671	Books	5	0
US	R240D1NTD0HL1K	0385486804	Books	4	0
US	R1BFXM6J280U1T	0399128964	Books	5	0
US	R3E5RMBERZ3FSZ	0060977493	Books	4	2
US	R1GB4RTYLH6XPQ	0385472951	Books	4	0
US	R2IWC3YKMHX1YB	0446310786	Books	5	1
US	R3I7KCDZ0ZC1U1	0446389234	Books	1	10
US	R3NUFZ1MTQ56ZK	0385484518	Books	5	0
US	R1FL0IN2O29MV6	0525457585	Books	5	2
US	R1LOZMX5K5BFW0	0385484518	Books	4	0
US	R14WF2T70HPYNI	0684874350	Books	5	0
US	R1MNDXBTO563U7	0688156819	Books	5	0
US	R3AB85G4473K1G	0316920045	Books	2	4
US	R3N4LBO2QM8YCH	0684874350	Books	5	0
US	R33E740Y3UDY02	0553573403	Books	5	0
US	R2STA5S59EBNSZ	0870119435	Books	5	1
US	R1HVOGUSROWZ07	0385484518	Books	4	0
US	RC3QQ7U2YN0P5	0060926317	Books	5	3
US	R1RCQVTLH1WIHA	0684833395	Books	4	2
US	R2C2445B24XWQP	0684847817	Books	5	1
US	R1WDC7GVHNA6H1	0451169514	Books	5	0
US	R3ODVZVGIJYJ93	1563523302	Books	2	2
US	R2FOK2I70LMD3R	1567184855	Books	5	1
US	R27D7OCGFWR5JU	0399143904	Books	2	0
US	R2JQJBF4DLJW0B	0060987464	Books	5	0
US	R2J4LYEV39M46A	0399143904	Books	1	0
US	R3K8BXH4I6VXNH	0812550706	Books	4	0
US	R20TY68QQ83VZQ	0446605409	Books	5	0
US	R26EQH0BSBLORB	0061053147	Books	5	17
US	R2YKVBCBAW9779	0399143904	Books	2	0
US	RMH8KVGGA48LC	0399143904	Books	1	0
US	R17F1F7T8PRDGN	0385493622	Books	5	0
US	RNZUH4YGPL555	0876855583	Books	5	0
US	R2D4TA49TQ7FRB	0684843749	Books	5	0
US	R2H7X6TQSIO0ZP	0425129586	Books	5	0
US	R3ENZXHHOM376I	0553573403	Books	1	36
US	R3LI24066RIC7V	0440180295	Books	5	0
US	R1R3PUAFXVO2L2	0062513982	Books	1	3
US	R2D16DNR64U3B3	0316152196	Books	4	0
US	RCZ281GIQLFH5	0393312836	Books	5	0
US	R3K74A0K99GDWN	0394800389	Books	5	0
US	R31OBOZVM3TP4R	0385484518	Books	5	0
US	R22PSTNSIF11CS	0385484518	Books	1	2
US	R19R6GUDZL5HU3	0684874350	Books	5	0
US	RT823J2NMFBDU	3931141802	Books	5	27
US	R2S3PCDF58S3Y4	0789420708	Books	5	1
US	RTQRQFUKT5A7I	0553275976	Books	5	0
US	R3KT4575EMDQSM	0811821846	Books	5	3
US	R2SD7HNDHHFENN	1883217040	Books	5	39
US	R3AJA3FDSOGNRF	0060273224	Books	5	0
US	R12SKWC48QCQ2W	0374172897	Books	5	0
US	R3EZLW71ZI8O2T	0684833395	Books	5	0
US	R3LJCJJT5W5FXS	0679781307	Books	2	3
US	R1HG6LE88HFKYD	0553278398	Books	5	0
US	ROZ943LQFS5R7	0385484518	Books	5	0
US	R3D852RX3ZXERW	0812550706	Books	5	0
US	R2P7MWK4V9HS59	0316152196	Books	4	1
US	R25Q1MJ7IKEMYF	0553278223	Books	5	2
US	R1VKJE4MEG76LH	084428596X	Books	3	28
US	R1RN2JT4HDOKSJ	0440211727	Books	5	0
US	R1H7J0VBDSH6CG	0964385619	Books	5	1
US	R3F7DRFN130FC9	0684874350	Books	5	0
US	R2VT18P0Q4Q5AI	1556154844	Books	5	1
US	R1NZ3QYYJI0Y7W	0684874350	Books	2	0
US	R2F8Y07BB6C8DR	0062513982	Books	5	0
US	ROF1DU5AUKT9O	0316152196	Books	5	0
US	R3LOXD3NTMQNBI	0670880728	Books	5	0
US	RCJD6PR2KPRFT	0440219078	Books	5	0
US	R3H07OYTYAGSA2	0440224764	Books	5	0
US	R1OJ3SLIZH59B0	0399143904	Books	1	0
US	R2O3Z2O64MIMRC	0679746048	Books	5	0
US	R2P5LFQJZ0X7LQ	1573226521	Books	3	0
US	R3MP99494KKX7R	0802713319	Books	5	0
US	R7SFVDOR2SOMD	0316286869	Books	5	0
US	R1CRQ53XA7EGNQ	0399143904	Books	2	0
US	RNQKK2NR3I2ZU	0671015206	Books	1	13
US	R2C67GRFNVVJ3K	1884822312	Books	5	1
US	R29PF0F5AQSFTH	0451527178	Books	3	3
US	R3MFEACT01SUYW	0684803356	Books	2	4
US	RWNAP9568CHVY	0451160916	Books	5	0
US	R18EY0VJTD6IJN	0671015206	Books	3	1
US	R329KDZ18ST5H3	0061002860	Books	5	0
US	R3B1F65FGX1BGT	0670880728	Books	3	0
US	RXRXN0M0GO745	006092988X	Books	5	0
US	RJ0WW56L5WUW0	0140177396	Books	5	0
US	R3G7LHTN8D1IME	0374172897	Books	5	0
US	R10HR2S8WFEFF2	0440217563	Books	5	5
US	R2OT1B29QJOR7U	0446364495	Books	1	3
US	R27PYNJ69O561S	0440178002	Books	5	0
US	R3Q1IWS6GK2HBX	0399143904	Books	2	0
US	R1N3WMNV1AB9OH	0812550706	Books	5	0
US	R2TN4L2RSN68UN	0156421178	Books	5	2
US	R217WFMEDEAA9M	0441172717	Books	5	0
US	R2NUSGPX1SO1RM	1574530011	Books	2	0
US	R2L2R2359DM00Z	0671015206	Books	3	0
US	R31YIJ52BJVKNE	0440180295	Books	5	0
US	RGM95NC7G5O6G	0141301066	Books	5	0
US	R1E0NN4N5L4EL9	0374266425	Books	5	0
US	R1YCTPF0S48ZKV	0375405208	Books	2	0
US	R3LEFK7BRYOIEY	0486274268	Books	4	9
US	R2ACSFJE122QMH	1567407757	Books	4	0
US	R3BQC0JR8RRK6N	0679721037	Books	2	2
US	R1RNTCSGXN6R20	0385484518	Books	1	2
US	R39VA9B9PTN487	0399143904	Books	5	0
US	RWZXYKCOOUSQ8	0380973642	Books	4	0
US	R1Y256L1AYDQDI	0606005919	Books	5	0
US	R3SQUVVDSTRN6	0380002930	Books	3	0
US	R1P8AZ7WLWBPQE	0316152196	Books	5	0
US	R3MMAHCY0BXQP4	0930289234	Books	5	2
US	R2A48ZUY0WGBTR	1882723163	Books	5	0
US	R3RJ99R72R40LZ	0441172717	Books	5	3
US	R1HV7883BC8BSY	0812550706	Books	5	0
US	R3HM460RLYQR74	0880381736	Books	4	0
US	RBF32SAIT2OYY	0670880728	Books	4	0
US	R12VEPWC1TLFAB	0345389409	Books	5	0
US	RSJHMXKH7E51R	0385255853	Books	5	0
US	R1XHBPOIWI5NTB	0964385619	Books	4	0
US	R2UO39RVORKOFR	006091307X	Books	5	0
US	R6RBCM6KP2E	0425107469	Books	5	3
US	R3UK9VH6A23Y60	0345350499	Books	4	11
US	R6VIJBS2DCKYF	1563523302	Books	1	24
US	R3D9JZ4OK5ECMN	0812550706	Books	5	0
US	R3OQAPNN82XSDQ	0812931017	Books	5	0
US	REQPJC5F0GTLK	0684847817	Books	5	0
US	R2CCFAM4S1VFQO	0679720200	Books	5	22
US	R353HBORMWGYT0	0802713319	Books	4	0
US	R1DNYEBR4XKHBF	0553260111	Books	5	0
US	R3VD7GXGWJM8R3	0804106304	Books	3	2
US	R3LOYLLR97W5O6	0385486804	Books	2	1
US	RXFBXAMFJLESG	0060925000	Books	5	0
US	RHHN5BX8F2U9T	0553278355	Books	5	0
US	R3K7ZJ16ZN5NDK	0679457313	Books	5	0
US	RCKPORZA0M1AB	0897500482	Books	5	1
US	R3074O0RPH2UM3	0446364495	Books	1	30
US	R11FUSRT5UWB2R	0452277752	Books	5	0
US	R27GB559UWQEM1	0440219078	Books	1	15
US	RM4JSP7N19QV	0060977264	Books	5	0
US	RHB4MLE2JFCUK	0393312836	Books	5	0
US	R1PQBQTSE8EE4Y	1573225517	Books	5	0
US	R2LDKN5EQU0F5M	0060920084	Books	1	12
US	R3TPJ8APR2VMC9	0316152196	Books	4	0
US	R1DNF774G8D5TU	0440211727	Books	3	2
US	R2PHXTIZSDRGNT	0440213525	Books	2	0
US	R2UBLOWYXEHKKF	0553573403	Books	5	0
US	R1ZX3V2F7NLDVJ	0688062334	Books	5	0
US	R3SU65HGL0N5JA	0446364495	Books	5	0
US	R24FVMVKT84KHB	1567407757	Books	1	4
US	R2QSY1HNPMV1PM	0345350472	Books	5	3
US	R1P33FXQPT9UFZ	0385486804	Books	5	0
US	R1KEUAKSZ53HGR	0374172897	Books	5	0
US	R1PRJVF1UIMFGX	0671015206	Books	5	0
US	R3DVB19IND2U4O	0385484518	Books	5	0
US	R38YTRI9C62A0Q	0060392584	Books	5	0
US	R19DJ6I3USTISL	0151001820	Books	5	0
US	RD6FMQVEW256I	0395389496	Books	5	0
US	RFT1X34K1APP9	0553284347	Books	5	3
US	RFO93OR15X4TS	0553573403	Books	4	4
US	R18RT7IKJ5SH3P	0316286869	Books	5	0
US	R220PK1CA3XL3I	0399143904	Books	1	0
US	R1BLC715H28KYG	0684874350	Books	4	0
US	RJO956JX2ATGN	0553269631	Books	4	0
US	RHAVZGDMZ9FZJ	0385484518	Books	5	0
US	R10UOMJCH2R61A	1881273156	Books	5	41
US	R3IOXT4LN53SEO	0380002930	Books	5	0
US	R1AWOXUUQV00E0	0345389409	Books	3	0
US	R225GOKTCLM7W4	0553275569	Books	3	10
US	R3CAIH8QCRK9FO	0380778556	Books	5	0
US	RP86LXMLTQGUY	0156528207	Books	5	1
US	R2HYH490R4TXUJ	0385484518	Books	5	0
US	R2IWC4BLPCR96Z	0385493622	Books	5	0
US	R9FZVWLHLU6PX	086140324X	Books	3	0
US	R3SG68FIXNPSLN	0553296981	Books	5	1
US	R2L7OHMQIR077T	0688158234	Books	5	0
US	R3OJGSM9EU6HXN	0609603086	Books	2	0
US	RFQ74AM93N706	0670880728	Books	5	0
US	R1UQ8GBLE4MKEG	0345428056	Books	4	0
US	R1ABAGZFX1SY04	038097617X	Books	5	0
US	R2ZMK5PSPK2L8F	0684874350	Books	5	0
US	RYQPLNF17107J	0698115635	Books	5	18
US	R31767H541SOWG	0385493800	Books	5	0
US	R365CLQNM824LW	087033039X	Books	5	63
US	R2H69FM4H07M54	0385484518	Books	5	0
US	R1TZ7A6URSV61	0920668372	Books	5	3
US	R18W4LM6RB92FF	0060977493	Books	5	0
US	R1WLEQ34L6PCXW	068484267X	Books	5	1
US	R3HJDPQR5POL3	0671867369	Books	5	0
US	R3A490FWD0MNK3	0374172897	Books	5	0
US	R1H6N6TQ30PRJV	0395645662	Books	5	0
US	R354CJKC90350C	0380789019	Books	5	0
US	RZP8T6BTV26CR	0062502174	Books	5	1
US	RQWXMZYBK40F8	0684874350	Books	4	0
US	RATOACP5R710D	1563523302	Books	5	0
US	R2EX9W1CI5RNXK	0060926317	Books	4	0
US	R21TYW3T3NP7JE	1573226521	Books	1	3
US	R3UT9WIRS1J36Q	0060254920	Books	5	4
US	RPBRI5NZO0HO7	0399143904	Books	3	0
US	R1585XO0MG7MV2	0880795433	Books	5	16
US	R3OXXGFVRK07E6	0385484518	Books	5	0
US	R2PSB5VWSURCY3	006092988X	Books	5	0
US	R2ZVGD789ZWGWU	0440539811	Books	1	11
US	RH8TBULAPWC71	0786216379	Books	5	0
US	R3SAIIH6KJOOIW	0316152196	Books	5	0
US	R2JOMAZIDSY6J7	0446605409	Books	4	0
US	R263NUCJ7ZBTWX	0399143904	Books	4	0
US	R1B0EFH6KGKS9I	0679720200	Books	5	2
US	R35DBWCZVRCDEC	015670160X	Books	5	3
US	R7Q6J3PGQTMLD	1558216847	Books	3	4
US	R2TI4UFY002VPK	1567184855	Books	5	0
US	R1KXL7IFWV5YFN	0684800713	Books	5	0
US	RW0Q13YY7A4VW	0070016798	Books	5	8
US	RPWYVQMYWAKTB	0802713319	Books	5	0
US	R2KXTGUK23EQ45	0380002930	Books	1	3
US	R13NXUN86DW8ZC	034538072X	Books	5	0
US	R1Z7RG10KCJHUH	0140367128	Books	5	0
US	R1D8RS5DX65RWN	0553213105	Books	5	0
US	R10Z7ZU6ERCP1R	0684843749	Books	5	2
US	R1W21A4H4NLYEP	0880381736	Books	5	0
US	R4SFX60VVLLLG	0684830515	Books	1	1
US	R1P1Q1EZ2GJV1I	006109594X	Books	5	1
US	R382FTQRC61BKV	0380002930	Books	5	0
US	R3O5V0P585P541	0451169514	Books	1	20
US	R17UON47HXI7R1	0670813028	Books	5	0
US	R2X8RURN9L3N8K	0553212478	Books	1	5
US	R2SJP8BUHVV6ZL	0385486804	Books	4	0
US	R34OO23FJ68M8O	0553573403	Books	5	0
US	R30SIVL13KZF2P	0679736646	Books	5	0
US	R2UV7KW4NEBNG4	1567184855	Books	1	41
US	R2DEECK092FLKM	0425129586	Books	5	0
US	RQ9NMVGKIBBQH	0684874350	Books	5	0
US	R3J2UW8F8WGH5R	1568495110	Books	5	0
US	R2IPUNSS8A2KS1	0684830485	Books	5	0
US	R2Q0Q2747PS8A9	0060392584	Books	4	0
US	R2FUT2PX1298LF	0899663036	Books	3	5
US	R31SI20CFEHH2X	0609603086	Books	1	0
US	R3BJ6UJ4QO02I9	0812550706	Books	5	0
US	RF3ZBXXWI6ZSE	0441003257	Books	4	0
US	R2918NY8MFVT7V	0812550757	Books	4	0
US	RCG57C57DMBL	0394800184	Books	5	1
US	RIV04HL7PM3NF	0375701427	Books	1	1
US	R1UUBOQ0OJQS3A	0345403959	Books	5	0
US	RLAIRJ1SMJPO4	0670880728	Books	5	0
US	R1P7W1F5987HCA	0767822900	Video DVD	5	2
US	RUHHI7A1NQR7G	0316152196	Books	5	0
US	RPMADI690U1X4	0679720200	Books	5	0
US	R1HY8NZXCQA4FV	0060392584	Books	5	0
US	RVSAYVREJKIGF	0380725398	Books	5	0
US	R1I35R2I9TFYJ8	1573226521	Books	4	0
US	R33UQ1YNZUHWU5	0812550706	Books	5	0
US	R3PG1HP807O6JT	1573225517	Books	5	0
US	RY0L2968IXKO8	0385484518	Books	5	0
US	R2XP2QM5R3MCN1	0553260111	Books	1	10
US	R17M9SSLP312Z5	0679745203	Books	4	1
US	R1V97H5W1IB2XT	0670880728	Books	5	0
US	R1PWE1LRK9PPFD	0399143904	Books	2	0
US	R2EZDI9PUDDJ1F	0385484518	Books	5	1
US	R2HDRKNZ22EPGT	0684847817	Books	5	0
US	R10Y73YQH98ZSJ	0345298349	Books	5	2
US	RPS7DP0ERCR3V	0385474547	Books	5	0
US	R19JI252MKE34J	0316152196	Books	5	1
US	R3N96LG3F9NN0	0380789019	Books	3	1
US	R3RSC3NAS8NY16	0385484518	Books	5	0
US	R1HV92HU18MPL0	067960085X	Books	4	0
US	R1KJ6Y2O5UGF7G	0670880728	Books	5	1
US	R28CW9SI7JKTZN	0671004611	Books	4	3
US	R3TZSQ5EWK8V8Y	039472903X	Books	5	2
US	R3QD7Q1HZPHYRN	0871137380	Books	5	1
US	R1P77RANGCDLEB	0679759328	Books	1	2
US	R35TJGVHBQPDW5	0399143904	Books	2	0
US	RBWEA2JQO6FEA	0887306667	Books	5	1
US	RF4BRL3E9VZJZ	1573226521	Books	1	5
US	R2SW0MEO8V1RNO	0670880728	Books	2	0
US	R9EITW7P8WS8U	0440219078	Books	5	0
US	R9KH8NNNQITSF	0425129586	Books	5	0
US	R2DJ6WWXEHCNTU	0374172897	Books	5	0
US	R3LGCRCPXB8FDX	0812550706	Books	5	0
US	R15J8UENBFAF8B	0446604844	Books	5	0
US	R2RCYRAMPTUBYP	0812550706	Books	4	0
US	R3468QUKQTZP2D	1573226521	Books	2	1
US	R1337PFFG4BYSO	0446347949	Books	5	1
US	R3TW72ZSZ33ANU	0385484518	Books	5	0
US	R3IOVK5PUI6K87	0380789019	Books	4	0
US	RT0017HVTW213	0441172717	Books	5	0
US	R71AO9KL0YODL	0609603086	Books	1	0
US	R313PBF5ENG1SU	0061091669	Books	1	27
US	R2KRIEM2GMWSRE	0380789019	Books	5	2
US	R1JBZZZUPT2DJS	0886461308	Books	5	0
US	R2IDL85JDE1XKO	0451151224	Books	3	1
US	R21YU7PWPTMP68	0399143904	Books	2	1
US	R3Q6R5NI7WRYE1	0449911357	Books	5	0
US	RK9X0B4PFQS89	0609603086	Books	4	0
US	RNVF23A9YOXWE	0688002307	Books	5	8
US	R3UXLWG2C1Y790	0553212443	Books	5	0
US	R1ZJ3A1ZPRRODH	0380789019	Books	5	0
US	R2XK9SO5N3QL74	0812550706	Books	5	1
US	R2LA6P6QTPPA22	0312955006	Books	4	0
US	R389IB2YC24V6N	0964385619	Books	5	0
US	ROILFEF84QRQR	0684830515	Books	5	0
US	R2YRDVBOWOR2RR	0440131480	Books	5	0
US	R3UD4MUFUFYHY0	0884271153	Books	5	1
US	RIEJDQYGT81JN	0609603086	Books	2	0
US	R1PZVRMKE463QX	0345389409	Books	5	0
US	R2DE6WBW25RD95	0812550706	Books	4	0
US	R32JAM9FMFW6FB	0385484518	Books	5	0
US	R1ZQCNHZI0OTDB	0440224764	Books	5	0
US	RUIG3S9S3Q1S6	0679410503	Books	4	1
US	R2P5H5GDGCN0N	0393038912	Books	3	4
US	R1AE7B1BCRP1ZJ	0316152196	Books	5	0
US	R1OJJRVSCV16WU	1573226521	Books	5	0
US	R3RE5AE0M1UE8T	0385484518	Books	1	6
US	R3LMJBFGFNV3OQ	0399143904	Books	1	0
US	R8QUVOSBT2XFY	0520089308	Books	5	7
US	R16QTIJ1BDWII0	0316152196	Books	5	0
US	R9R5XP256FH5	0385484518	Books	5	0
US	R1M48MKK6J8SYA	0345403959	Books	5	0
US	R2BVMOY4WYM092	0399143904	Books	2	0
US	R3W1MQ0E0P4O67	0385486804	Books	4	0
US	R1FPPG0LX39C5Q	0684874350	Books	5	0
US	RC4P5HO4GK2L3	0316152196	Books	5	0
US	R3JCB4XQUJG9BN	034538072X	Books	5	0
US	R3NAS5QZWI5CJ4	0786889284	Books	5	0
US	R17LW9W6EUHDC0	0671004107	Books	1	14
US	R2PVQWN3P979BJ	0380789019	Books	5	0
US	R20TX7NWSDRP94	8408010093	Books	5	4
US	RU9HLRXZUVTSL	0395389496	Books	5	0
US	R12TYMWH9PHQQH	0446310786	Books	5	0
US	R23V5JQPMOWAC7	0553212478	Books	4	0
US	R34A9Y2Z2Y6ILK	0385474547	Books	5	0
US	R24CQXPG3MOXT4	0425152251	Books	5	0
US	R2NOQVZR6AXYJZ	0399143904	Books	2	0
US	RZ1IQB96VJOK7	0553374842	Books	5	3
US	R16OGPTW7NHKJN	0399143904	Books	5	0
US	R3FLAJEGIHF5UI	0345423496	Books	2	1
US	R3UH757V4DV975	0399128964	Books	5	0
US	R3RT5R983WLQ6W	0449002632	Books	4	2
US	R1V9Z14YLCQ8H9	0812034465	Books	1	2
US	R3330RNHTX2U8J	0812931017	Books	4	0
US	R323VGGEZ1JC9E	031286504X	Books	3	1
US	R3KE3JKLCN7HHZ	0684874350	Books	2	1
US	R2HK3Y5NLL6AD9	0425107469	Books	5	1
US	R3QBQYLA0T1KAV	0887307280	Books	4	1
US	R27T3ME1JX9YLC	0440111498	Books	5	0
US	RH0G0YNAVT3VL	1878424114	Books	5	0
US	R3MUVEIQ0BTYEC	0684874350	Books	5	0
US	RHG91HSM02WPS	0316152196	Books	5	0
US	R3QR5BFLW46NXO	0345345061	Books	4	9
US	R2DGSOSAQUZMAI	1567184855	Books	5	1
US	R3DGHADUCZM1E	0316286869	Books	5	0
US	R3K4D0I3Z3BFLC	0380789019	Books	5	0
US	RUV442UT1GRHM	0670880728	Books	4	0
US	R51XN3CWC2VM5	0345298349	Books	5	0
US	R1EOQ0VCP1TDXK	1567407757	Books	2	1
US	R19RYKAFZVFBC6	0395754100	Books	5	0
US	RO120HVMGDYAI	0670287059	Books	5	3
US	R1GU9Y928GW1NU	1567310540	Books	3	2
US	R1EWDSAGOXD1DR	0140277447	Books	5	1
US	R2OFLPYKKHHW86	0786200553	Books	5	0
US	RS35KI1J5MSRU	0399142851	Books	3	1
US	R1G5VEZ6P1WGNR	0393314804	Books	1	9
US	R3BZUKWQBYBWZN	0688152023	Books	5	0
US	R3PAWWN23ZZ7WN	0671646788	Books	5	1
US	R2CVL9FRHHOCCM	0316152196	Books	5	0
US	R3BFOG2PAS6H5R	0671799320	Books	3	3
US	R346GP2TYU9YMF	0606002006	Books	5	0
US	R14GY2QF1EV3UM	0440224764	Books	4	0
US	R13LYECAFE04KL	0684843749	Books	4	1
US	R5UZLNKDC7WL0	0716723980	Books	5	2
US	R32M63UO2WBSBB	0440219078	Books	5	0
US	R27K7IWF8NJCW4	0609603086	Books	3	0
US	RBEE7FYZ8K2CN	0345350499	Books	5	0
US	R1XKQT3MBIH9W2	0345350499	Books	5	0
US	RLJ9OJRLMS8BZ	0375402675	Books	3	0
US	R1RB1B3YZGRKZZ	1558216847	Books	5	0
US	R2WQKGOK3X9XU3	0688158129	Books	4	0
US	R1QASJL7OJ6FY0	0553266306	Books	5	1
US	R363M24FAKTKRV	0684843749	Books	5	2
US	R2M849VFKZND22	0399143904	Books	2	0
US	R22PWXSJ1SLD1I	0446605409	Books	3	0
US	R3F9U2SRUHXB2E	0679746048	Books	5	0
US	R2F84LCUMFCPF	0786880708	Books	5	8
US	R3BVMIQIN4XAQG	0141301155	Books	5	0
US	R2TBAJTSW8D206	0380778556	Books	5	0
US	R3MA332T9S78DT	0688158129	Books	5	0
US	R1JZ1Z58TKW09V	0316152196	Books	5	0
US	R36VW8PVKYNYLN	0440224764	Books	2	2
US	R3IG6WRF4JDHU8	0451450523	Books	3	8
US	R20S193JAWE5OE	0694515159	Books	5	1
US	R2C1C8EE9RLOLV	0385493622	Books	5	0
US	R16XXD9PD3ZQ0D	0684874350	Books	1	8
US	R3VBCPWWA2MYTY	0451191153	Books	1	5
US	R3B7A6TKKFU0T0	0385486804	Books	5	1
US	R2EZY2ZW12RUFW	0316152196	Books	5	0
US	RJKHS7FKSSFGA	0425152251	Books	3	0
US	R2AVMW6TKRJ69L	1558216340	Books	5	0
US	R35GWT1MEQ8NEG	0670880728	Books	5	1
US	RF2SP31LZ0ER1	0517543052	Books	5	1
US	R26A0AOZBOMJ6H	1568496974	Books	5	3
US	R1AEYGQVTROFHS	0609603086	Books	1	0
US	RVB4V6HA2LXMR	0440459850	Books	4	7
US	R1ZHEKEFL5Z65Q	0156421178	Books	5	0
US	R33MIUHV7PXG5K	0395860210	Books	1	4
US	R17MWCCCL98JIF	1564029654	Books	5	25
US	RMCY5ZDLO91HB	034538072X	Books	5	0
US	RR4PY5997ZS32	0399143904	Books	3	0
US	R1L8SSP2YZXT5F	030716327X	Books	5	0
US	R3NP0SL0Z9FJ97	0684843749	Books	5	1
US	R1M93ZPU709ASP	0385484518	Books	5	0
US	R35ONA7HE2LE00	0151001820	Books	4	0
US	RX1F411FNW1ZC	0553269631	Books	1	2
US	R2OHTCVO75J9XQ	0140187537	Books	5	1
US	RY2ZI6SIEC4DL	0451169514	Books	5	0
US	R9HWI2K2BVWAB	1573225517	Books	5	0
US	R1DSC01CBD5XTJ	0380973634	Books	5	0
US	R1EBOPTSL99H2M	0802130208	Books	5	2
US	R2NWCRZUM6KL9R	0316286869	Books	4	0
US	R2ZDARU3HBDCJI	0930289234	Books	5	1
US	R3MCRZXQKQLHCC	0688002307	Books	5	0
US	R3GEWMUPRL8WKT	0374172897	Books	2	7
US	RXDQ4M0N30H8K	0374172897	Books	4	0
US	R3E0T6SVR5XTYY	006092988X	Books	5	0
US	R2H5VB0CBD92DR	0553573403	Books	5	1
US	R3U4HZAT00KSJW	0688002307	Books	5	0
US	R296HFRB600ELD	0670880728	Books	4	0
US	R6PHD4YSSXZNR	0553108034	Books	5	0
US	R23JU41C3DUUIJ	1573225517	Books	5	0
US	R11IRCOUI9MDO2	0812504488	Books	5	0
US	RDQLVMNLYEW69	0385493800	Books	5	0
US	R1A3PSZS4KKFGH	0395645662	Books	5	0
US	R13YH745L9U8H9	0152465030	Books	5	0
US	R396DBEQDRDN8R	0385484518	Books	5	0
US	R37W98HSXM6ZJK	0553266306	Books	3	1
US	RBKI1OZAPD8ZA	0684843749	Books	3	4
US	R3NKTOACVJFAHL	044022165X	Books	5	0
US	R1A3XSKX0S6RO4	0060273224	Books	5	0
US	R1JPLJ7WDQ6QZA	0380789019	Books	5	0
US	R7TSO0853F2JR	0393038912	Books	5	0
US	R1543XH72988FL	0812931017	Books	5	0
US	RE2DXG4P2BW21	0812550757	Books	4	0
US	R20GS5NV3ZRE8	0517122707	Books	5	0
US	R3HLDFQLKLOHDF	0609603086	Books	1	2
US	RJVGV90PW9YEQ	0385484518	Books	5	0
US	RR90PS7BANREZ	0517122707	Books	5	0
US	R30SCA9B9L19T5	0898159156	Books	5	1
US	RA1PQG6VP5VJL	0385484518	Books	3	0
US	RJB0FYYF3C9QI	0316152196	Books	5	0
US	R3BHOW3AYWCOPQ	0312853238	Books	5	0
US	R37FM3W8RU3WPH	0140430350	Books	5	0
US	R3P884BPZR6TJ6	0399143904	Books	5	0
US	RX7I2RGXMZCEF	0812550706	Books	5	0
US	R215RMIRKEHI5E	0679457313	Books	5	0
US	R3W4TXN4SGGITK	0393038912	Books	5	0
US	R33ME10WW8U4RA	0441003257	Books	5	0
US	R1F4ODU9IEUGDM	0425107469	Books	1	6
US	R3JTAGZB1DVT06	0451160916	Books	5	0
US	R2FZ6EDS921M65	0399143904	Books	3	0
US	RJCIIOTR9YOW1	0375701427	Books	4	2
US	R1HGR0KV699IN8	0787100277	Books	1	8
US	R3BPGZPYKTLZOW	0425152251	Books	2	0
US	R3UEAN5SOA0NAP	006017322X	Books	5	0
US	RQMX695Q1SAJE	0812548094	Books	5	0
US	R26QS0R6WLKGTD	0679731725	Books	1	16
US	R1FKT8F96WD4JC	1563890119	Books	5	0
US	R1NB2WNIQ5QF9D	0399143904	Books	4	0
US	R2B88CVROAERDF	0805211063	Books	5	2
US	R1LVF7MSPCI50B	0441003257	Books	5	0
US	R1H9QKDUMXT890	0688062334	Books	5	0
US	R2B232DUJWNARF	0671015206	Books	2	2
US	R1A09NTTXNMUM6	0345423496	Books	1	1
US	R3224O3JVA4T2L	0440131480	Books	5	0
US	R2YQMAFB8UM6MA	0375703241	Books	4	0
US	R13URELYYN5PD4	0345350499	Books	5	0
US	R29MYAEE3C8S79	0451174291	Books	3	4
US	RN7O9577GGAD3	0385484518	Books	5	0
US	R3VWZ1J24SY7P3	0060168366	Books	5	0
US	R2TCNW1T88FTEK	0679457313	Books	2	0
US	R1HVTIKY5D0WTX	0451169514	Books	5	0
US	R1UHZIJ0URCOUO	0671004107	Books	1	11
US	R19SMHJGZE59F9	0195073401	Books	2	3
US	R36CKB3K1SWDQQ	0671721720	Books	3	40
US	R2WSP7849U1GGP	006092988X	Books	5	1
US	RWX0K1HDYXQ5H	0385484518	Books	5	0
US	RA5SDZ7PNUGGD	0399143904	Books	1	0
US	R16J822Z8M8K1V	0060916540	Books	4	1
US	RX5MM30V4ZR9E	0312954468	Books	1	9
US	R2U03S1NW9G9UM	0440224764	Books	3	0
US	R2O0HVLPP9GVI7	0553208845	Books	5	1
US	R2CM5QF6Y2VPV7	0394818237	Books	5	10
US	R1C4B3AKHD0TJO	0684874350	Books	5	0
US	R1LLB4BG8NS993	068484267X	Books	4	1
US	R7EAYTX09X63O	630512065X	Video	5	0
US	R1C1UKDZNP4DVU	0316779237	Books	4	1
US	R26KIE8W5OX6KN	0553573403	Books	5	1
US	RE9PC4Y47EWXP	0449227421	Books	1	1
US	R7KX1A94UF3WO	0316548189	Books	5	2
US	R3TRIE0Q6NHLIR	0385484518	Books	1	2
US	RMQZP8CMKV95O	0440180295	Books	1	7
US	R132MSYERIOGCH	0316152196	Books	5	2
US	R1G3LSWTP6L433	0553278223	Books	5	0
US	R1FDQEK6DXV2E9	1573226521	Books	2	1
US	R2O3OWQNFTOGF0	0451191153	Books	2	1
US	R1PDS5J4290DSC	0449002632	Books	4	0
US	R1D2CB86N97NQP	0887307876	Books	5	2
US	R3OEGUJJMKEGF5	0316152196	Books	5	0
US	R3HTSG4B01JDT6	0446605409	Books	5	0
US	R2IAMLKAD9W6VX	0887306128	Books	5	2
US	RYNXDVMAFBTD0	0671015206	Books	3	0
US	R1TYX1E1LGVXN4	1567407757	Books	5	0
US	R30B5RF66KB18J	0140441409	Books	5	4
US	R1N9MX3TSK4442	8477201447	Books	5	4
US	R2H5YESD5VB10A	006091307X	Books	5	3
US	R11OHVVUSHDGIB	0553573403	Books	5	0
US	R18STAK0UZ5EYS	0140434143	Books	5	1
US	R58JRZUT5WKFQ	1573226521	Books	1	2
US	R2BXK6TBJQF142	0590353403	Books	2	16
US	R36CSAQM1C5HCV	0441172717	Books	5	0
US	R2HNKEZ1QQ33S4	0671015206	Books	4	3
US	R289LP4EXJTEVA	0385484518	Books	5	0
US	R1F7GO2C18IEQR	1558216340	Books	2	1
US	RZOH7JK8F78V8	0060920386	Books	5	0
US	R1T2CJF5BZZCIS	1563523302	Books	5	0
US	R22PT895P6I6TO	0553573411	Books	2	2
US	RFSB62DIN7RXR	006016848X	Books	3	0
US	R3KIK9K24AGYEU	1557280290	Books	3	58
US	R1TNQN8FQFHKK4	0380789019	Books	5	0
US	R1KPFI9MM9ZMZA	0385482582	Books	5	6
US	R31FHP3TSGOKFA	0887307396	Books	5	4
US	R16WMZRKRAMN64	0679441018	Books	5	0
US	R3FG02ROZ4VXZ4	0140157352	Books	5	116
US	R26ZJ0ZXA99H4R	0875845851	Books	5	1
US	R23H5SYBPU46CB	0887307396	Books	3	3
US	R2O5Y9M82J1UQ1	0060974176	Books	4	10
US	R28C4753OGHEUF	0679720200	Books	5	0
US	R2EHQMUEQX4FG5	0440224764	Books	2	0
US	R1ZQYM2BUYAK6U	0887307280	Books	5	0
US	R2RUWNU4CWGNYB	0609603086	Books	1	0
US	R3SLP6S3YKTJDP	0136879721	Books	5	4
US	R3GT1PFY3B9YVO	0553573403	Books	5	0
US	R2V8GS15JUURP4	0671559850	Books	4	2
US	R3KCZZHG3K6FLL	0671043919	Books	2	14
US	R2C8P6RMV1OTR7	0399143904	Books	5	0
US	RUIHDGQIA63B7	0380715430	Books	5	1
US	R3N2DVR1DZ2N3P	0446604844	Books	5	0
US	R2L0B9IOJPNX8U	0694520500	Books	5	4
US	R15Y7FK6Y410SE	0399143904	Books	4	0
US	R1YMNBK39KQLHW	0688152023	Books	5	79
US	R3NRZVJ7LLQ0KS	0399143904	Books	5	0
US	RXUKO5KD75FHI	0670880728	Books	5	0
US	R36XWN4KGXQ836	0684847817	Books	5	0
US	R38V8EXEW2DMTN	0316921173	Books	4	0
US	R3OSKZ6NAKC9AE	0393314804	Books	5	0
US	RWMU6AS8Y9W2F	0060926317	Books	5	1
US	RDMNVG6F0R48H	0385484518	Books	5	0
US	R20ZV5IDM7001M	0446347949	Books	5	9
US	R2QWXZDP0SMIO8	0440131480	Books	5	0
US	R2ZO7BZUN6IGY2	0140177396	Books	5	0
US	R2NBXK99Y3P271	0440219078	Books	3	0
US	R3KINP8F4D1ZVL	0553573403	Books	5	0
US	RG832E6PWKZNF	0609603086	Books	1	0
US	R139LAR2V95MBB	0151002002	Books	5	0
US	R3O56M1UV5A8RA	0440131480	Books	5	0
US	R35A8U6ZNUUCBP	0140157352	Books	5	0
US	R2MIR7GZ7IXXZ4	0060273224	Books	5	0
US	R2PO93OQEQRTNR	0446310786	Books	5	1
US	R3B1XYMMRH7MF7	0385482582	Books	4	2
US	R187P4F5VP248M	0140430148	Books	5	2
US	R1P6FNF6QU87JS	1573226521	Books	4	0
US	R1YS31FF4P2INB	0060977493	Books	1	4
US	R1WF73O9RYIKFK	0140042520	Books	4	0
US	R3OL7GW8EREIM4	0684135051	Books	5	10
US	R32O9F4BY6WCB3	0553573403	Books	4	0
US	R27BN00DK9WUPJ	0399143904	Books	3	0
US	R2J17HNL6NX0XD	0787100277	Books	1	10
US	RQE8EGS7U2P8D	0312965788	Books	5	1
US	R2OQQTAILFFDSQ	0553269631	Books	3	0
US	R2E5KZ3PBMFZEA	0312966199	Books	5	1
US	RM8N6ZBM8N059	0553296981	Books	5	0
US	R33UXZUBOGJV8J	0694003611	Books	5	0
US	R1PF7Q7SR4KAJ0	0671015206	Books	5	0
US	R22WYS3B8HLVIG	0670880728	Books	5	0
US	R2K2M0O0A37ZIU	0140042520	Books	5	0
US	R17FI20YXKZSA4	067158037X	Books	5	1
US	R1322O6YIDJCN3	0064471837	Books	5	0
US	R3UX0RG85QYU9H	0553108034	Books	5	0
US	R2O0ITX4V1UVSP	0609603086	Books	1	0
US	R2P5EUJLEYUB7O	0060392584	Books	3	1
US	R2H0IYUUB36ZIF	0894803123	Books	5	9
US	R1J61MWJKTRV8O	1573226521	Books	5	0
US	R1XJ1OZTO1VUFR	0385484518	Books	5	0
US	R2WG64QIKXLTSX	0385484518	Books	1	3
US	R3EOYQKPPLVE7F	0887307876	Books	5	12
US	RGDC5LFHETUZE	0440180295	Books	5	0
US	R3APIIGWK7QQSK	0451191153	Books	5	0
US	R1EBKIJFC7JAJ8	0694003611	Books	5	1
US	R16FCXP3UDB7QC	0312954468	Books	1	6
US	R23STO7F11O0D6	0671004107	Books	5	1
US	R61TUO0IV7IEH	0452270073	Books	3	2
US	R1Q7QCGNMXAKYW	1563523302	Books	1	11
US	R3G1B4Z6LIKMW	0553108034	Books	5	1
US	R36Q7QTECSFQTG	0684874350	Books	4	0
US	R21RI1CCL5SHID	0671799320	Books	4	0
US	R1D6EKEJR3K51S	0684800713	Books	5	0
US	R140TARWFTTOUX	0393038912	Books	5	0
US	R3L44L02G55OT3	0671015206	Books	4	0
US	R24WRJ99N9S2F8	0679781307	Books	5	0
US	R1U7G7DZTVKH8H	0684847817	Books	5	49
US	R9TTC90IZ2VZ5	0375403477	Books	3	0
US	RX9XOEKPDFT40	0446364495	Books	5	0
US	R39QEE7C7VKV2U	0812524586	Books	5	0
US	R28Y0JTESP20F5	0140013997	Books	5	0
US	R6P0YRPHJOXUE	0440224764	Books	3	0
US	R1Q6WY46B4QRF6	3931141802	Books	5	13
US	R27M38EE8FHVQB	044022165X	Books	5	0
US	R32OPHTJATU7I2	0670451495	Books	4	2
US	R2SZXZB4BUAJUH	0670880728	Books	4	0
US	RCMIDBS7523F2	0876304420	Books	5	54
US	R1BJF67S1Y4S7C	0440219078	Books	5	0
US	R1YYSM0F45ULUL	0060229357	Books	5	0
US	R1I75HSBZE91KG	0345349571	Books	5	1
US	R1JYISF7D3MMS4	0316152196	Books	4	0
US	RWAKLYCC8BJ9B	1573226521	Books	5	0
US	R1JW43JL0RZPUX	0399143904	Books	4	0
US	R2UVR5L8TMUZAE	0385484518	Books	1	2
US	R3KX2AH9NVOZSP	0553473328	Books	5	0
US	ROMRLFMBSIUDY	0060977493	Books	5	0
US	R6SVMV2HP9ZA	0893860220	Books	5	14
US	R1GMNF2VVM3HR4	0061092037	Books	3	0
US	RX86GG2L21DH4	0517591812	Books	5	0
US	R1359K1FN5IF2G	1567184855	Books	5	1
US	R1N46II4F5MKY4	0812550706	Books	5	0
US	R1JBUIBZGEMRPV	0684843749	Books	5	7
US	R116SMF4K1NZYX	1560541989	Books	5	7
US	R2317FLHU7WQTP	0062511408	Books	5	1
US	RYRPI76LM4YC3	0393312836	Books	5	0
US	RP8SCEPH6Y4V5	0316152196	Books	4	0
US	R336GD2ZBZCJV7	0195067142	Books	5	1
US	RZY60SES5LGMG	0451525884	Books	4	2
US	RDT3SPDGPE6BW	0316920045	Books	5	0
US	R2ZK5JWGSXGVW4	0399143904	Books	2	0
US	R3L4XV5IIJWS5M	0316779237	Books	2	2
US	R2C75UMWKDI31V	0399143904	Books	1	0
US	R39Q0Y59PKL2KD	0385484518	Books	5	0
US	R118FYA2OXJQ0E	0156907399	Books	1	12
US	RRRB98HE34N4F	0393317552	Books	4	1
US	R2HVMVSBMAE463	0553275976	Books	5	0
US	R1JL90VR9AUTDF	0345423496	Books	2	1
US	R1SH2POM4EPS1S	0131103709	Books	5	0
US	R2QNS0IOOHIAOF	0140186409	Books	5	0
US	R1P2UXKT6VFDSY	0393312836	Books	5	0
US	R2G1FPEA8ED6UP	0385015364	Books	5	20
US	RE6STJFB2PWI5	0393316041	Books	5	0
US	R10ISAT3T0TNAO	0425152251	Books	5	0
US	RU1UH2CSBT9FD	0385493800	Books	3	0
US	R272OKAHKYGFSY	0399143904	Books	3	0
US	R1YJUM9U2IXROJ	0670880728	Books	5	0
US	R2J69RJ86Q0TXZ	0684874350	Books	5	0
US	R2EWVGPN319VRU	0345389409	Books	3	0
US	R3J1UDVR1DY5WG	0684833395	Books	5	0
US	RJC3RW7R9GM7I	0807029181	Books	5	4
US	R37WOH9BG2KLD1	0345347951	Books	5	0
US	R1XDCWHOU8VXG1	0380973642	Books	5	0
US	RHMZ2I3ZWEF1U	0399143904	Books	2	0
US	R2JO3CANHHT5YL	0385493800	Books	1	0
US	R3105TIXHTLBX8	0440178002	Books	5	2
US	R3BA185MXHIHNJ	0446364495	Books	1	3
US	R1MK78ROAVUFVH	0385484518	Books	5	0
US	R23OPCHFSCBCP7	0441172717	Books	5	0
US	R2D3V6HWNDE2P0	0553296981	Books	5	0
US	R2PV36YLU4HHH1	1573226521	Books	3	0
US	R27LSBOPJK1D2H	0553108034	Books	5	1
US	R2Y8K7SMBZRKPV	0316152196	Books	5	0
US	R2FTZ48911BYAT	0553266306	Books	5	0
US	R1JV16QYNXRRYQ	0446364495	Books	1	10
US	R369IB96JCZLMU	0316920045	Books	1	130
US	R1QSGL0RRQX613	0446605409	Books	4	0
US	R3DKSF87URX9KG	0399143904	Books	2	0
US	R3AZ3J07I8RCT7	078388334X	Books	5	0
US	R3QVOYDS6OM8C2	0964385619	Books	5	0
US	R3JQP1PZR91NEP	0930289528	Books	4	0
US	R1YGP6GA8CQML3	0060920084	Books	5	4
US	R16QS0V0KKNH73	0316152196	Books	5	0
US	R1HZC863AHJEDV	0553565915	Books	3	17
US	R2F59U62BTFBOY	0553108034	Books	5	0
US	R5F9IVADXBRFS	0316920045	Books	5	0
US	R9SCGE9HMTWLK	0553108034	Books	3	3
US	R33I0ES5ZD6D01	0671502336	Books	1	11
US	R6PMV8ZL55OOR	0385484518	Books	1	3
US	R1XIXAGWWATXEL	0553108034	Books	5	0
US	R22VJN6V1Q7HH7	006016848X	Books	3	0
US	R13Z010X3OYQMJ	0385493800	Books	5	0
US	R1WMJG9WOX78YA	0312853238	Books	5	0
US	R1WIQ6QQIAV1MI	0887309372	Books	5	1
US	R3KHM10UNNYAQQ	0696204800	Books	5	20
US	RKSCBK00G9QC9	0451196716	Books	5	4
US	ROAM9ED41DEWL	0312853238	Books	5	0
US	R3PWKTQTO9M7Y	0385493800	Books	3	0
US	R1D1ZE0PUJKNU6	0385493800	Books	1	0
US	R2SE22UHSKAQIF	0688158129	Books	5	0
US	R2LRRRDA2BPUF9	0140188711	Books	5	7
US	R1KJ4PL338Z7YL	0060920084	Books	2	3
US	RDHUWTM9989TP	0140186409	Books	2	1
US	RW0S2NTAHTLZB	0553573403	Books	4	0
US	R1DE7S7HWIGM1X	0679720200	Books	5	1
US	R37N42ADI94YMZ	0440224764	Books	1	18
US	R2KN14XL5XIXK7	0345347951	Books	5	0
US	R1IVN085N5OQNU	0140177396	Books	4	0
US	RDFENS1FQ2MKL	0380002930	Books	5	0
US	R124A4D6WH39FL	0671867369	Books	5	0
US	R2KE4KDNT54N4O	0385493800	Books	3	1
US	R33BU5VIMAK4A1	0920668372	Books	5	2
US	R35NVSG3TCX71R	0060916540	Books	2	7
US	R2SBKR53XCBT6K	1567407757	Books	5	0
US	R28U6BSFAYZ7SZ	0140277447	Books	4	3
US	R8VK0XXB25ZX7	0385493800	Books	5	1
US	R22M0CNCNGO3TN	0446364495	Books	1	6
US	R24U3MAF2OTDI8	0684874350	Books	4	0
US	R2G5K9XJIJGQGI	0345350472	Books	4	0
US	R3H9THDXQMEYWA	0385493800	Books	4	0
US	R2SXF42GYQLQQR	0884271536	Books	5	0
US	R2STTZL0OZV9TH	0671015206	Books	5	3
US	R3RH9TCBAL5E2W	0385486804	Books	4	0
US	R2H34S2SUU49O6	0385493800	Books	1	1
US	R1AVVRDWJX130G	0440224764	Books	1	1
US	R2WQC5UANT8T5J	0670880728	Books	4	0
US	R3GREAHRY304B8	0394586735	Books	5	1
US	RFKP8C5YWS5WS	1573225517	Books	5	0
US	R18BBGNTCM8KHR	0385493800	Books	5	0
US	R1SEJFHHKFZRJQ	0440219078	Books	5	0
US	R1O58A4L8T7FCA	0553212737	Books	5	1
US	RD0CAXDAMCATP	1573226521	Books	5	0
US	R33J0RPI1L7V6Y	0060392584	Books	5	0
US	R3HT9JVS4AN9H5	0152438181	Books	5	1
US	R211VLWOG1VMPE	0385493800	Books	3	0
US	REQ7BW7TCCVLB	0399143904	Books	1	0
US	R2XUKA2ZFTSQL0	0385493800	Books	3	0
US	R2AWXP4RH5AGS9	0385333846	Books	4	0
US	R3HILLT43S6C37	0385493800	Books	5	0
US	RIYKMXFQG71U3	0451191153	Books	5	0
US	R1F0HN8RPQNQRT	0684833395	Books	5	0
US	R1O68Q91V2JUQ6	0385493800	Books	1	0
US	RZF69MBUNCL3N	0312853238	Books	5	0
US	R1BK7LLCUE0ELW	0553108034	Books	3	0
US	R295P8C9KGUN49	0385484518	Books	5	0
US	R2XG6UI9BAJ6VD	0446604844	Books	5	0
US	RA5NIQ1GWXW5B	0385493800	Books	5	0
US	R1HNVV0I5IZ1L7	0060926317	Books	5	3
US	R2VEGNAHA280XD	0440224764	Books	5	0
US	R1M6FLS1GP3WQ	1881273156	Books	5	1
US	RXHXD3UJG7AI9	0385493800	Books	5	0
US	R1SI7TXMGORG2A	0789302179	Books	5	0
US	R2C5UQYEPI4ZE7	0375403477	Books	4	0
US	R2HYVVDW13YFGT	0385493800	Books	1	0
US	R27SGKNA252MQ2	0670880728	Books	5	0
US	R1N7WHNGGHG7M	0812524586	Books	5	0
US	RMPYZS1FLVJH2	0385493800	Books	2	0
US	R1KFOT90A5ACUS	1563523302	Books	1	6
US	RRX7OHRCGR1WQ	0141301066	Books	5	0
US	RLARAU1R3O2QA	0671004611	Books	5	0
US	R2AR66UDAIDNK2	0399143904	Books	2	0
US	R2IE8IJP27DOAL	0385474547	Books	5	0
US	RTQ4F9CQA58KX	0812550757	Books	5	0
US	R18PGWQ9H0AW1K	0385493800	Books	1	2
US	R2DCC5BRJU27X3	0446310786	Books	5	1
US	RJD4WN3G7A8BS	0553328255	Books	5	0
US	R2B55DHDAZZB7X	0440224764	Books	5	0
US	RCNDB9JYIDCCQ	0385493800	Books	5	0
US	R2343UQZYW9IIF	9638303158	Books	5	1
US	R27H3TTG3DWI3M	1573226521	Books	5	0
US	RE6DZ3O0UN1EF	0060254939	Books	5	1
US	R2QLQKLFY3VW3	1881273156	Books	5	1
US	RE5FDOM79CVRL	0385493800	Books	2	0
US	R3RF0T9QF2A1XU	0812550706	Books	5	0
US	R3BTEA455ULMFD	0893860220	Books	5	21
US	R9M6F7HU82JVI	0385484518	Books	3	0
US	R1YGCP7F740JRF	0345350499	Books	4	0
US	R2WL7NDSW4L2IF	0688158129	Books	5	0
US	R2QFGHN6PP4AZ3	0385493800	Books	3	0
US	R1F7P1NGIPOLW9	0571179924	Books	5	0
US	R3VKNVLLOFZ2HF	0451160916	Books	5	0
US	R3BX2D28FUGWSX	0060977493	Books	5	0
US	R34DU7FPNFZYIL	0385493800	Books	2	0
US	R2URHXGOZGNK18	0385493800	Books	5	0
US	R3LCZKKPCVKMHU	0375701427	Books	2	3
US	R1ICIY76HDLX1V	0395754100	Books	5	5
US	RPCTA9KSOOM2Y	0140277447	Books	5	1
US	R37NW6GSFTIR69	0385493800	Books	1	0
US	R3ND8TX3ZKMZJZ	0385493800	Books	1	0
US	R1QXEOT8HTNHZU	0385493800	Books	4	0
US	RDQWSKHGR45EF	0060273224	Books	5	0
US	R25G05ACFJEM62	0679428887	Books	1	5
US	R15DI705JP6XPU	068484267X	Books	4	0
US	RH6J6IW75YAYE	0671004107	Books	5	1
US	R14D2UN2VA6FAH	0385493800	Books	5	0
US	R3ITYLJIK14CDE	0440131480	Books	5	0
US	R2TSXMVV30LQDS	0140186409	Books	5	0
US	R2FLC5DRAUP5AW	0812550706	Books	5	0
US	RPFY63J48JMHK	0399142851	Books	1	1
US	RFWYPP0Y3GNNX	0061007137	Books	5	0
US	R3E8O80DIGP641	0399143904	Books	1	0
US	R2ROM999ZGCBNR	1573225517	Books	4	1
US	R88EF1372LMET	0393316041	Books	5	0
US	RFSDLZD791ZAG	1567312373	Books	5	0
US	RFE1EUZ6IRYY6	0385493800	Books	5	0
US	RKN29NFB2O98U	0606025782	Books	1	5
US	R1UB3D6UAQGM1W	0393314804	Books	5	1
US	R2PWS6DD5OOJ1A	0671004107	Books	5	1
US	R2A8Z3RPI2U4ZJ	0694518018	Books	5	11
US	RUEMVLKQYFAOC	0399143904	Books	3	1
US	R2HGTMQ40FP7HV	0062502182	Books	5	0
US	R2D7Y3MTJGJ7LM	006097625X	Books	5	4
US	R1RR6UEN18XOOJ	0553573403	Books	4	0
US	R2L6VLPGRIU2J8	0385484518	Books	2	0
US	R2IOCX6STZ1WCZ	0440217563	Books	5	7
US	R1QAYJP9UDXGLT	0061002860	Books	5	0
US	R1LL3MWE2E4LF5	0380789019	Books	5	0
US	R1685H2ITZSJRP	044022425X	Books	5	2
US	R1O8WNZ3SY8B49	0385493800	Books	5	0
US	R2PPN8101LZ7BY	0451450523	Books	3	8
US	R14PIZG84LVEW5	0385493622	Books	5	0
US	R729FI2177PF2	0375403477	Books	4	0
US	RPV35KEK605CX	0385484518	Books	5	0
US	R2E92Z4FYTQ88B	0446604844	Books	5	0
US	R1EFKYYS2855CR	0812523334	Books	5	0
US	R2X0HJCBL5A72M	0465068359	Books	1	106
US	R9466Z4OHQFJM	0380018179	Books	5	0
US	R1HOLR98P4UZQI	0385493800	Books	4	0
US	RA1E7RTE5S378	0393312836	Books	5	0
US	RLXXRU9HU7IDQ	0312954468	Books	5	0
US	R1AIQH92BGAW4S	044651506X	Books	3	0
US	R1A2DEDDS1SGEW	0671004107	Books	5	1
US	R1A9L17XOIBJOH	0679428887	Books	2	2
US	R1LZ5DXHNZMS81	0920668364	Books	5	1
US	RVUZKYX8PX8K0	0553577123	Books	5	0
US	R3EGZ8L2XNNAR9	0399143904	Books	1	0
US	R2XWA9ZYLQ150N	0679424741	Books	5	0
US	R1RDPVRYJRTPYZ	0385484518	Books	5	0
US	R1CAFYFN2AS2H5	0440219078	Books	5	0
US	R2DST3G5EED9EH	0812550706	Books	5	0
US	R2AWUFKZ6HTR7J	0385493800	Books	3	0
US	R1B6NWI8RLB3QT	0684833395	Books	4	0
US	R1TU69WOMFPDK3	0141301104	Books	4	0
US	R19ZQJVH5I4JNS	0385493800	Books	5	0
US	R2YM47ST0CLNT9	0385471483	Books	5	0
US	R21TCRKDPK0QUN	0679720200	Books	5	0
US	R26KY94LH7A9RJ	0385493800	Books	4	0
US	R2TAZ10OAQXMQL	0871137380	Books	5	0
US	R3CKYSJC4PY63B	068484267X	Books	4	0
US	R2QCHP5BNCCU8P	0140177396	Books	5	0
US	RDEJHVAY50K88	0140186409	Books	5	0
US	R2B2VQR1R77AAR	1881273156	Books	5	1
US	R126QC19N7W209	1558216847	Books	5	6
US	R3IM1DEXDKS15F	0345423496	Books	2	1
US	R2ZXLOIX3OKCKG	0887306713	Books	5	0
US	R21P78B93P5PZY	0930289234	Books	5	1
US	RVI7VYUFQL3F3	0393314804	Books	5	1
US	R3NNKL03CP3B7O	1573226521	Books	5	0
US	R17M9XZUG7G4M8	0380977281	Books	3	0
US	R20PHPNOY9IT0W	0312853254	Books	5	1
US	RFKDJ0VR7WET8	0385493800	Books	2	0
US	R3E7CYSS7OFI3	1561385107	Books	5	3
US	R1VB8WT8148PAR	0824940962	Books	5	2
US	RZMSKUPFFOITW	0385493800	Books	5	0
US	R1RNM0000157ZI	0385493800	Books	1	2
US	R31K1XALS0YD41	0812046625	Books	5	1
US	R2I4J3CB6I74FT	0380789019	Books	5	1
US	R1MXNE7OEOVJAD	0316152196	Books	5	0
US	R3IWUXC604MB7F	006017322X	Books	5	1
US	R21X6KCGGVJLM6	0316286869	Books	5	0
US	R2CCXJ91NHH1R1	088646014X	Books	5	1
US	RJ2JEPAB6WM3K	0385474547	Books	5	1
US	RQHKD3AJDFEYJ	0670880728	Books	1	8
US	R3Q0XV7DDSMN1L	0920668372	Books	5	3
US	R3NNBF5ZK2JUW5	0446310786	Books	5	0
US	R1S7VNL4S93KL4	0684843749	Books	5	0
US	R1PLVK9075B5ZV	0802130208	Books	5	0
US	RYUQO45R8IEHP	0451191153	Books	5	0
US	R3RR81GA19CEY2	0553573403	Books	5	0
US	R285MLH9HX1GEZ	0316548189	Books	5	3
US	R1OREA1J6ECCWR	0441172717	Books	3	4
US	R3PKDL1MU2OR4T	0451191935	Books	5	1
US	R2AF81E5I2CZUJ	0553573403	Books	5	0
US	R294DGWWFGQI8Y	0425166805	Books	1	60
US	R1D8OW9KZZFL8J	1573225517	Books	1	11
US	R29X4BZ8YZVTKB	0060977493	Books	1	4
US	R53MCB0DE18YN	0393312836	Books	4	0
US	R1NVGIUTOF9N7	0380973634	Books	5	1
US	R2UOHB884HR7SN	0802130208	Books	1	8
US	R1S229MVA6VHEZ	0871137380	Books	5	0
US	R21CVDSTQ3FJ1L	0399143904	Books	5	0
US	R1XTQ93DPX5GLF	0553277472	Books	5	0
US	R21G151BA335B2	0812550706	Books	5	0
US	R3SKGDHXKJOB2X	0374172897	Books	5	0
US	RVS0S6VS174GC	0345403959	Books	4	0
US	RM3U4AMFMFFNZ	067942850X	Books	5	0
US	R976OT4YP239S	0140277447	Books	5	1
US	R2RQZ7VPREXVUW	044022165X	Books	5	0
US	RYXOXYPIGOYMN	0393314804	Books	5	0
US	R1DH8NERLJWVYC	0393312836	Books	5	0
US	RDTDRGK4A84U4	1853260983	Books	5	7
US	R35HDVZYRZF3DC	006109594X	Books	1	1
US	R3QVJSAAIV9KMW	0060920386	Books	5	0
US	R1YTOEUR6VEVEA	067158037X	Books	5	0
US	R29S7M2CHMI021	038533348X	Books	5	0
US	R2A7COPC9TNBJN	0060920432	Books	5	2
US	R1OW1AYX343EEY	0553456350	Books	2	0
US	RLF37IUHV7ZVS	0060977493	Books	5	0
US	R3VL6VQ36D4EGI	0451191153	Books	3	0
US	R3N3T8CHC021CD	1567184855	Books	5	1
US	R216H7OSY97IO5	0606026347	Books	5	3
US	R156O4KR72I52T	044022165X	Books	5	0
US	RZRKML1775GMQ	0517122707	Books	5	0
US	R2DEQIW976607E	006016848X	Books	3	0
US	RFCPU060EY0UG	1568495110	Books	5	0
US	RCXER4OTT9VG7	0385493800	Books	2	0
US	R1KEV5ER2AD481	1573226521	Books	5	0
US	R3NXXYXIK4F7O8	0679428887	Books	5	0
US	R13L0TGPTNSDF6	0517543052	Books	5	1
US	R35ALDNXTNX1DQ	0399143904	Books	2	0
US	RV2ONQ3VQDJWG	068484267X	Books	5	0
US	RNP4K7ONZX0XP	0385484518	Books	5	0
US	R2JFELBF2ET8ZZ	0887307280	Books	5	1
US	R10TNCY7PUOMT9	0312952813	Books	5	5
US	RJ41N7LSO36AA	0385493800	Books	2	0
US	R3EZP9KTWTWKVP	0679437223	Books	5	1
US	R9LM65H5OW2FO	0451169514	Books	5	0
US	RFTE4MPD5OQLJ	0679423001	Books	5	7
US	R13ZQ5GWIF30ZK	0060926317	Books	1	7
US	R2DWV0PA8UE9LH	0385486804	Books	4	0
US	R3RRF674UFU19I	0375701427	Books	4	1
US	RA095EWVLKEYV	0385493800	Books	5	0
US	RGVHC15S0LD8I	0590353403	Books	5	0
US	R126DTXOZELXKM	0783801602	Books	3	0
US	R3CAZ0SJT95WYZ	0345423496	Books	3	0
US	R6DXWJJ2E78AS	0609603086	Books	4	0
US	R2CB81LQYC4XS7	0393312836	Books	1	5
US	RCXBXJPUFH160	1567407757	Books	5	0
US	R1Z5UA4S1UF68N	0451160916	Books	5	0
US	R32R8S6F610LMM	0312958455	Books	4	1
US	R3MVW772YH093B	0385486804	Books	5	0
US	R1DS8KOCN1XOYT	0440211727	Books	4	0
US	RAASRFHSAFF8K	0684847817	Books	5	0
US	RXX4NSQQLEPP1	0026009102	Books	1	38
US	R3UA9GBHM7CJKA	0345350472	Books	5	1
US	R1IMM9PN1CUM3E	0399143904	Books	2	0
US	R284IRTQP5FR6K	0399137084	Books	5	1
US	RJMV4MUZELUH4	0345350499	Books	5	0
US	R34BEB2WMLXGYK	0670880728	Books	5	0
US	R1RGFUS3D8DJQN	031286504X	Books	4	0
US	R32A7RXFI5TQ18	0399103422	Books	5	0
US	R3P7TCIE4WYO4Q	0385493800	Books	3	0
US	R231JVL54X6BRM	0606030573	Books	5	1
US	RWPFN5JX6NJ8A	0140177396	Books	4	0
US	R2U14UXVXBTZ4P	0385484518	Books	5	0
US	R3BGNKNR9BMC8E	0425129586	Books	5	0
US	R1YKLWN5U67I9A	0131103628	Books	5	0
US	R2ZHA1BHJLHIBK	0964385619	Books	5	1
US	R36A21I2CYIRZO	068484267X	Books	5	0
US	ROQ4SARZLP07N	0552131067	Books	5	0
US	R2PN4A7QR87O8W	0385333846	Books	4	0
US	R3V70H722X0LD8	0446310786	Books	2	6
US	R1JD1ZH95JQJVZ	0812046625	Books	5	1
US	RMU1ZEFP1HU3I	0385484518	Books	5	0
US	R3B4PAFIF31AUO	0441172717	Books	5	0
US	R30HJC25VGA0N9	0553275976	Books	5	0
US	R2I1PM823UQ6JM	0679720200	Books	5	0
US	R2FC6YG1TBMM4J	0887309372	Books	3	42
US	R1EB0D71WFQI6F	0802130208	Books	5	0
US	R4SPCIOCLDJ38	0399143904	Books	4	0
US	R2OIF4GS02HIVY	0553573403	Books	5	1
US	R1THRL45J75HIU	0385493800	Books	2	0
US	R11I5PJ0DC9UZL	0385493800	Books	1	0
US	R14ID80L2VH53Q	0385493800	Books	1	0
US	R1PU13C1STSZ43	0446310786	Books	5	0
US	R28RMW0T2HQG0	0887308589	Books	5	1
US	R1HCNN11OEBB6D	0425098478	Books	5	1
US	R27Y0M4HVB8E17	0887307396	Books	5	0
US	R1SWFSRGMGDH42	0385482582	Books	5	2
US	R12JXDR8CO3IPO	0399143904	Books	1	0
US	R3UPK5D7HYZ89	0670880728	Books	5	0
US	RAGK8DF3TK6T1	0783801602	Books	1	2
US	RTYYC8U48SNEK	0609603086	Books	5	0
US	R17FGIYT0KA910	0887309372	Books	5	0
US	R33VMIOLZ1CQBE	0451191153	Books	5	0
US	R3RQVR7BT7WRJ6	0394533054	Books	5	0
US	R116VLQL4UZDF2	0385493800	Books	3	0
US	RIT1CUPQQUWES	0553212478	Books	5	0
US	R1OIJUYJAZCLUX	0553278223	Books	5	0
US	R374SG9SQBZJLN	0688052304	Books	5	0
US	R1N8I569RTDUGW	0380789019	Books	5	0
US	R252JXLDA8HA4B	0590373587	Books	5	0
US	R1A0HDMQJOUVYP	0385493800	Books	5	0
US	R1FRE9DOVKLECZ	0385484518	Books	4	0
US	R1C2F3KH2BLXPZ	0440214041	Books	4	0
US	RUMSG4KWEFSR1	0671015206	Books	5	0
US	R1QA3NNN29SZX4	006025520X	Books	5	3
US	R2W1ZCAFP9S4UZ	0385493800	Books	3	0
US	R2Z1Z6Y7JWB6DX	0553108034	Books	5	12
US	R34MCGJ2A8S8NP	0694006300	Books	5	25
US	R1LI7KD2IUF0KF	0385484518	Books	5	0
US	R2DQ0O6M4DXEKG	0140277447	Books	4	3
US	RTMQBLGHBSLH2	0312857063	Books	5	0
US	R2KSGWIOOV0XEE	0553108034	Books	5	0
US	R161XVR3KG7CX7	0425107469	Books	5	0
US	R2TF4YAEIMTT8T	0609603086	Books	1	0
US	R1S9NH0BBWE8GM	0062502182	Books	5	0
US	R3ARZRLOLDCXU3	0064400557	Books	4	0
US	R1YMYFZU78BVL6	0446310786	Books	5	0
US	R1HZT62A3S6T5T	0380018179	Books	5	0
US	R3FYSPKIGDAO41	0670880728	Books	2	2
US	R2A36V1EQJ7GHC	0316152196	Books	5	0
US	RYB0NPQ47VX75	0694003611	Books	5	0
US	RD52TSMA98HTB	0425098389	Books	5	0
US	R33MMTHSIGJV1O	0385493800	Books	5	0
US	R2XU41B0583S1Q	0385493800	Books	5	0
US	R29G96BBUUM233	0385484518	Books	5	0
US	R2LZ2JIRDQVWH5	1558216847	Books	5	0
US	R1AQS9K9UJ7DBK	0380002930	Books	5	0
US	R346W2RLE0664O	0553565915	Books	5	1
US	R3VKDBBGV8ND3G	0345363132	Books	5	1
US	RZ4A8QLMHOJ2L	0345298349	Books	4	1
US	R8VIEER5PQCMB	0385493800	Books	5	0
US	R2IZM66TUQIIC4	0441003257	Books	1	8
US	R2PZM7C2W1N9WU	0446310786	Books	5	0
US	R2SAI7J2LAU3C0	0385474547	Books	5	0
US	R4P8GOQIPUWY2	0802713319	Books	5	0
US	RSS8WCOGDDDZ5	0553284347	Books	5	3
US	R3DI9X4ZZ5EQRA	0783801602	Books	5	0
US	R3AVYX9FUQAIIW	0316152196	Books	4	0
US	R1AO82H9ZCF9NF	0385473788	Books	5	0
US	R1Y4QRRMQEZNG1	0425105709	Books	4	5
US	R202BYVTCIO9ZL	0688158129	Books	2	2
US	RN5FL23NSX0KJ	0385311400	Books	5	3
US	RCABO6N2OXGVC	006109594X	Books	1	8
US	R20V92MZM6ZA9K	0679406689	Books	5	2
US	RE1Q3E0ZSD9XA	006017322X	Books	5	1
US	R35FLMBISBUD5N	0553275976	Books	5	0
US	R103XKXATHUCAR	1558216847	Books	4	0
US	RPZ4OYR8Z3ZDV	0441172717	Books	5	0
US	R158EWDUKHAGKI	0446310786	Books	5	0
US	R17ZKDALMLNUGU	0679416781	Books	5	1
US	R3THPRIP7KKQJ8	0060977493	Books	5	0
US	R2NW4J8JYP6AS4	0140067477	Books	5	1
US	R1NJPWS4VWE96I	0399143904	Books	5	0
US	R3VYZYA1C0MF9	0679428887	Books	2	5
US	R16VULY0V5FIJE	0060920084	Books	3	13
US	RWTQ17S96AI7E	069451960X	Books	2	0
US	R2PMXF28SIYT7H	0553210246	Books	5	0
US	RY481OBV5SN4T	0679781307	Books	3	0
US	R3AA2NH9LMG4X2	0553573403	Books	5	0
US	R2HLUDH9C7QD90	0060920084	Books	4	0
US	R3AXXK5HH7XVVJ	0140067477	Books	5	1
US	R1WWM3YTO0MAPK	0425074811	Books	1	9
US	R1VHVTFETO9G87	0385493800	Books	4	0
US	R3AIE87H83ZNB8	0385493800	Books	5	0
US	R120TW7PWNPLX0	0446310786	Books	5	1
US	RXCCGAJFPFDPW	0451523938	Books	4	1
US	R3SHCQVPWE803C	0606030573	Books	4	1
US	REORWZYFVLKH3	067144901X	Books	5	0
US	R3AWJQW5AQHNFT	0060916540	Books	5	1
US	R2Y5NF02PYTG2Y	0385493800	Books	2	0
US	R1C68WFFH993A0	0812931017	Books	5	0
US	R1HYESHCDXQRSZ	0451191153	Books	3	0
US	R3N33DWQAXLP0O	0060926317	Books	5	0
US	R3KMHD8QZ5P5X2	0060977493	Books	5	0
US	RXU483QWHESH5	0385484518	Books	5	0
US	R2MK4N2ABQ0PUS	0394720288	Books	5	6
US	R2ANH0E668SGNN	0451169514	Books	5	0
US	R24E4C6W2ZPTON	0812523334	Books	5	0
US	R3PIQMEL08Q8VW	0440224764	Books	4	0
US	R3P598S2SRFA8Q	1573226521	Books	5	0
US	R1GEE0PNEW0ZG1	0393312836	Books	4	0
US	R16IU8WGJ3C7B0	0140277447	Books	3	7
US	RG8F907OK4WYT	0440219078	Books	4	0
US	RJBU40FI194SI	0899663036	Books	5	1
US	RBUPXMFEKDZ2R	0393312836	Books	5	0
US	R3HTFJJV1GIOWE	0684874350	Books	5	0
US	R18NH0E4YH3GPT	0553108034	Books	4	1
US	R2WX23K9I1LDMB	0385486804	Books	3	1
US	RZY8JTFCIV2YL	0590373587	Books	4	0
US	R1IQEJB0IBYTDA	0060392584	Books	5	0
US	R2OY81GJW7CBD1	0385484518	Books	4	0
US	R3MQAYW0LUC8OA	0525457585	Books	5	0
US	R1V7I49EDWDBKF	1573220485	Books	5	0
US	R3OUJJ17PYJIS4	0590259385	Books	5	19
US	R3M3OUFOKY2TXY	1885283148	Books	5	1
US	R39Z3VQLELRF6X	0385493800	Books	3	0
US	R36C0ULO15XTL7	0385493800	Books	5	0
US	R1FW3ST7GIBS9C	0201633612	Books	5	0
US	R2D9328NESUTS1	0920668372	Books	5	2
US	R3LBBA4F63HN66	006016848X	Books	5	1
US	R24VAOEIY9IB9W	0140281622	Books	5	0
US	R23OPF8SWBC4GU	0375704191	Books	1	0
US	RKKAMPUJFVOTM	0446310786	Books	2	2
US	R2J5ESXA3K4CC3	0553502271	Books	5	0
US	R15QZZH51IIWCW	0205191584	Books	5	1
US	R2MDHLVWKSJCAM	0385493800	Books	1	2
US	R1THMZ1OSZZMA1	0812550706	Books	5	0
US	RAIM3QIDGUFGT	0374172897	Books	5	1
US	R24UFJT3YHYY7X	0399128964	Books	5	0
US	R1Q1FDJCFEI1MX	0452270073	Books	5	3
US	R2F9P6F9Z9TWOL	0385493800	Books	4	0
US	RD4PZ26CN082M	0684843749	Books	5	0
US	R19LLYF9ETYDQ6	0812550706	Books	5	0
US	R1WFUAH69EIONK	0140013997	Books	5	1
US	R34TB3Q75Y594K	0140185232	Books	4	121
US	RCAE9AOUDVD2E	006092988X	Books	5	0
US	R20WXZJ70SCGN7	0786860707	Books	5	2
US	R375RVHJ5W5X94	0312965788	Books	5	1
US	R2C99SCZMHJTA	0930289234	Books	5	0
US	R3DONLJFCUF169	0380002930	Books	5	0
US	RIEO3AXMIR5I3	0140131558	Books	5	0
US	REPGYNMGKZ2BG	0887307280	Books	5	0
US	RK52ARIM925LC	0783801602	Books	5	0
US	R2353M8TPHNJ5O	0316236551	Books	5	19
US	R4TFTJICAK6G0	0446604844	Books	4	0
US	R341X0GFFUTMHP	1881273156	Books	5	1
US	RIC2FY6DJNACE	0312199066	Books	5	1
US	R33CBI4YHJJC42	0553345834	Books	1	9
US	R2XDZ7PL6IYOJH	0440219078	Books	5	0
US	R1U67B8HGSOVOE	0062511408	Books	5	1
US	R1VSY6OWBTDO97	0451191153	Books	5	2
US	R10CRACU9NMS7H	0451163516	Books	3	1
US	R33P9KBD3IZ9OH	0684800713	Books	5	16
US	R11L8ETCPN67B4	0671634062	Books	3	9
US	R1L2TOA209RPLK	0060977493	Books	2	0
US	R1QSO6I78WARIM	0804106304	Books	4	0
US	R1ILDAOUAUVDRH	0131103628	Books	4	0
US	R1WYBSV26B8LYD	0345347951	Books	3	1
US	R10DA6PYF35Y2I	0684874350	Books	5	0
US	R14OEUCY8G7AXE	0156907399	Books	2	1
US	R15GF9PVSZ1OL0	0553573403	Books	5	1
US	R365F5B91CFOV9	0385484518	Books	5	0
US	R1PL4NG7WC7K4L	0375402675	Books	1	0
US	R2ROD7MATAT1AE	0140076190	Books	5	0
US	R2B7H8B3R7LW54	015626224X	Books	4	3
US	R8YYPFWIH2MQB	0446310786	Books	5	1
US	RXDLYYS5Q9K3J	0671688782	Books	1	17
US	R2VMRSHL4FTKCF	0446347949	Books	4	1
US	R2IRVISS6FJ8Z0	0451452739	Books	5	0
US	R1P6AR7BGLBC2S	0060920084	Books	2	5
US	RU7OK40RVTF1B	0887307280	Books	4	0
US	R2R2ROCWBS2A1S	015650300X	Books	5	3
US	RHORGHEANX238	0609603086	Books	3	0
US	R7ESR9VSWSLPW	0060168366	Books	1	12
US	R6PCFF87WAVU2	0060925000	Books	5	0
US	R59M14ZBGFDE0	0375707972	Books	4	0
US	R2BY5CFZZ5SU3U	0061007137	Books	5	0
US	RL55MTI430PUQ	0517591812	Books	5	0
US	RIXJGFDBA8QX9	0679731377	Books	5	1
US	R2SCQB5D443SQ8	0884271137	Books	5	2
US	RD426FCE4AWIB	0441172717	Books	5	0
US	R2MYEU5DH34U4Q	0060977493	Books	2	2
US	R3B7MCJ0WNZE89	0671015206	Books	5	0
US	R184MRLW4AFYB8	0525244581	Books	1	27
US	R2BDAYKPYQRUCC	0312955006	Books	4	5
US	R2NMGW4RIPVH01	0385493800	Books	1	0
US	R19IGI168GFDM7	0553213105	Books	5	0
US	R2YPYU2JLPW7JK	0375707972	Books	4	0
US	R1MZQCI16AJF2A	0812550706	Books	5	0
US	R3T4PS3AFXL8TV	0679428887	Books	5	0
US	R2DJG0JWATEAK5	0440213525	Books	5	0
US	R39CDKJLZE0XFC	1567184855	Books	5	190
US	R21NBAXFVINHVA	0385424736	Books	2	3
US	R1HTEUX46TWLS8	0805054375	Books	5	0
US	R1DI26O2GZB02B	1556154844	Books	1	2
US	R2IWLCEQAPA8CB	0380977281	Books	2	9
US	R2V2SNFQ54CAHK	0451163516	Books	4	32
US	R2Z8FRGRCUCPDP	1573220485	Books	5	0
US	R3JXFYMHG27TY0	0385493800	Books	5	0
US	RFS3XR8WDRVRR	0385493800	Books	3	0
US	RX2LOI8CGUPS1	0385484518	Books	5	0
US	R2PCIWZ443GRPX	0375707972	Books	5	2
US	R4CGPH8W8JAXW	0425152251	Books	5	4
US	R18SF9606DPRQU	0375707972	Books	4	0
US	R1FN0RNEYPBYUI	0385484518	Books	5	0
US	R370ZAQ44WXDSF	0880381736	Books	5	0
US	R2IZORVKZCJKUJ	0375707972	Books	4	0
US	R3HZYB78HZFHO7	0385486804	Books	4	0
US	R21E7GPJ5TX1TW	0380789019	Books	5	1
US	R6LSWVBJ24VV5	0395645662	Books	5	0
US	R1154FN38V7MKY	0425098478	Books	5	1
US	R3VQQRI21MD19Y	0670880728	Books	5	0
US	R29NBV10JM6A4Q	0553108034	Books	5	0
US	R1PSSZNXM5KWFW	0805241655	Books	1	6
US	R1SSGHIYWI0I58	0812550757	Books	4	1
US	RY490FHLVZ6V	0887307280	Books	5	1
US	R39LKDWTE7CF5Q	0060922583	Books	5	2
US	R23UI4MHF78MQO	0385493800	Books	2	0
US	R2IZ1SII3K4QFZ	044022165X	Books	5	0
US	R2WRLOQ4JTH9ND	0451196716	Books	5	1
US	R2L7HOBMMWQ20S	0446310786	Books	5	1
US	R2ZEZ7LPO7RY2R	0385493800	Books	1	2
US	R2C9WNVHOMJ3DC	0375707972	Books	1	3
US	R2TFLD78C0GRV2	0694515302	Books	5	0
US	RQHK5VTZUM22J	0679428887	Books	2	1
US	R19P9EMMKKNUMB	0385493800	Books	5	0
US	R31UV3T4SR5VQE	0380002930	Books	5	0
US	R1EQE5MNNFSF9K	0399143904	Books	2	0
US	R3P2MJJN2VNDJ9	0679428887	Books	4	1
US	R2XQKX3GHEAT3J	0140544518	Books	5	0
US	R12ZB5SXB2C1G9	0440224764	Books	1	0
US	R2XD4YLJ2ECH9T	0385493800	Books	5	0
US	R2F49LASNERE2M	0441172717	Books	5	0
US	R31UBCTAUQ2FXH	0670880728	Books	4	0
US	RWHSYOMSZJP5	0399128964	Books	5	0
US	R7VTCUHKT9MRP	0395925037	Books	2	5
US	R3I1M404FQYPGK	0375707972	Books	5	0
US	RD5LKT0QFJVUB	0316236446	Books	5	2
US	RJJ27DG62WR9C	0671891634	Books	5	6
US	R318BUD0IKSLCA	0887307396	Books	5	1
US	RN403FWHOJKEN	0201626632	Books	5	5
US	R1692A9E7WV778	0395759242	Books	4	10
US	R2DX0RTSV67EBV	0375707972	Books	4	0
US	R1CZ932TNG5742	0446310786	Books	5	1
US	RJ4PBRTEJTMWE	0441003257	Books	4	0
US	R1NDDVLJ1EWKYR	1563890119	Books	5	2
US	R1565DA3UW7OSL	0679720200	Books	3	0
US	R6L5LLE6BI8LL	0670880728	Books	5	0
US	R4MLOSJ61RXN8	0316152196	Books	2	0
US	R2Q8E76ZRJR8QE	0140187537	Books	5	22
US	R1YPHC19H2737E	0064471047	Books	5	0
US	R7W4DFR9VAPNQ	0375707972	Books	5	0
US	RSRVB9FVUUVLK	0385493800	Books	3	0
US	R1D1WCEXZ04YID	0140157352	Books	4	5
US	RRK8M8VU12LD	0385493800	Books	3	0
US	R2D08NM4F7NDI3	0385333846	Books	3	0
US	R2F09WD6R0QEVL	0375707972	Books	5	0
US	RAR567H0W9J2Y	0812550706	Books	5	0
US	R2LOUK9BHKUWKC	0671799320	Books	5	0
US	R20953D8ZDFGYH	0425152251	Books	4	0
US	R2QXX8PZYHTNVC	1573226521	Books	4	0
US	R2J3W8LAO49F7Y	0393307050	Books	1	6
US	R2SNEFGFJI6BBI	0385043805	Books	5	0
US	R2LOHBE5F3WWAQ	0385493800	Books	5	0
US	R30R8SSU2Q4OKJ	0385493800	Books	4	0
US	R244WKQRHVOFBR	0385493800	Books	3	0
US	R2V2HQV8GC9MUU	0064471837	Books	5	0
US	R1UTK1AYJ107E0	0920668372	Books	5	1
US	RSRROSZ0READW	0375707972	Books	5	0
US	R385JVSPTLDFBF	0517543052	Books	4	24
US	R3C7O54WAG8ZF	0345363132	Books	3	3
US	R1I6KSEGL6K3RS	0393312836	Books	5	0
US	R1WKE98NZCISCC	0060977493	Books	1	2
US	RFMKZKY2LHT2L	0446310786	Books	5	1
US	R3EM5Q59JC0VXE	0385493800	Books	3	0
US	R20LQXFEVQX6DF	0375707972	Books	5	0
US	R12HN4BXAN0T2A	0385493800	Books	3	0
US	R3GDYDFNEUBMID	0679441018	Books	4	0
US	R35XSSPCU79YCY	0525244581	Books	5	1
US	RLV96HUABS5WL	0440211727	Books	3	0
US	R3O8K69DDNT4SF	0385484518	Books	5	0
US	RWD9G7WW179QJ	0385493622	Books	5	1
US	R2VQQ14J5UPFBN	0446310786	Books	5	1
US	R3HOD32MWAK8L2	0609603086	Books	4	0
US	R14TY1CCR8XUKW	015650300X	Books	5	0
US	R1T4V40JPF07TJ	0425152251	Books	4	0
US	R2F5ET3QAIXGOF	1885283148	Books	5	1
US	R1XT1HZN420EQI	0606040439	Books	5	0
US	R3SSTAE9L3Q0YR	0553212478	Books	5	0
US	R5ICB5I1NF8DD	0399143904	Books	1	0
US	R2AW95849PVGCA	1573225517	Books	5	1
US	R2O3FOJ5SX3820	0440219078	Books	5	0
US	RYG71MAZATHID	0060987464	Books	5	0
US	R1Q3PW17AUOO55	0380778556	Books	2	2
US	RVORFA3PSQHTM	0679843302	Books	5	2
US	R3DTC0XWY9FYSB	0060977493	Books	4	0
US	R38LHKIE091O9D	0385493800	Books	2	0
US	R15JPD5VLWVZQ7	0385484518	Books	4	0
US	R3PRUCKGP5WDWL	0385493800	Books	2	0
US	R1Z70VIYL7J4QP	0440224764	Books	4	0
US	R1J8CBKQ33EPLE	0812550757	Books	3	1
US	R2FDFV3H6NL6W6	0805211063	Books	5	1
US	R298PK3WH5YBCW	0684874350	Books	5	0
US	RVPRBU3O0QJQZ	0553565915	Books	5	9
US	R37DVISV44MXD7	0812550706	Books	5	0
US	R1WP5S9CY6Q274	0671027344	Books	3	0
US	R37PJLAY3842TZ	0553212478	Books	5	0
US	RHC9M9MGZV4KU	0380778556	Books	5	0
US	R1I8ZO6NTBLIFB	0140346406	Books	5	1
US	RFBKUK3SDQLL8	0345409671	Books	5	0
US	R1IWXG68ER37FZ	0385493800	Books	5	4
US	R1ICWX77UQDOSJ	0385493800	Books	2	0
US	RVOM4EHJ0X913	0395759242	Books	5	0
US	R1EPIELQVK7SBH	0679720200	Books	5	0
US	R1QUAHVGIQ4531	0136879721	Books	2	15
US	R2G13SQV84F0OA	0553274503	Books	5	0
US	R3A0OR2E4OZTV6	0385484518	Books	5	0
US	R11HFFHTMBQPRN	0671688782	Books	5	20
US	R2JAEWWYKBC7AL	0399128964	Books	5	0
US	R2TYRPQST7PEF6	0375707972	Books	4	0
US	R1E5XI6Y324JGV	0670813028	Books	5	0
US	RIK4555NBHTL5	0385493800	Books	5	0
US	RQ6Z5ZKQN61K5	0140177396	Books	5	0
US	RX4TABL2AC0U1	0451191153	Books	5	0
US	R3GYKEGPL4IH6W	0375707972	Books	3	0
US	RE6SGDOWU8KZA	0385493800	Books	2	1
US	R28M470QFPDWM0	0395925037	Books	5	4
US	R3AG3C96Z9189Q	0380725398	Books	4	1
US	R3TFGWWBFRLSN0	0553573403	Books	5	0
US	R2FFO435E4NUBE	0679457313	Books	1	5
US	R1X3M3WQL0IHJK	0440219078	Books	5	0
US	R39S4ATT2E1GTW	0380789019	Books	4	0
US	RJP1NJQ0BKSBN	0812550706	Books	3	0
US	R17PD5OC0Q1G2P	0887306667	Books	4	1
US	RNJ7O0BKP5DWO	0399143904	Books	4	0
US	RL5PA9DQGQK85	0441172717	Books	5	0
US	RWH3T108H8XAL	0451191153	Books	5	1
US	R1QCOLK8M468E8	0812034465	Books	5	6
US	R3A9BDCKZCCCZ3	0804102988	Books	5	2
US	R1M0NJR44HOMH7	0375707972	Books	4	0
US	RZJB7WLGPJCBG	0385493800	Books	4	0
US	R23Q7X59DF3ROS	0380789019	Books	5	0
US	R1CUN710XSAMBO	0385493800	Books	3	0
US	RNSHJYPQE25YU	0679777547	Books	2	1
US	R3GN269NPCPN8O	1573226521	Books	5	0
US	R2FAXYE3DFPWHC	0375707972	Books	5	0
US	R2RFB9GIJDVCRC	0316152196	Books	5	0
US	R2P94EFWOJ3SOA	0385493800	Books	3	0
US	R3UPUS8KNONDFI	1573225517	Books	4	0
US	R1HYR0DL0PG9F4	0312853238	Books	5	0
US	R2I6ER5Y2J8CPH	0880794968	Books	4	10
US	R3R2M4Q27C2GWR	0440214041	Books	4	0
US	R3QN64ERAWME43	0451191153	Books	5	0
US	RSMY3AYZUPO8U	0375408266	Books	4	0
US	R3N4BOMF0GVD5Z	0399230033	Books	5	14
US	R2H233UF26J9TJ	0385493800	Books	5	0
US	R3KW8HZ85X20HL	0425163407	Books	1	4
US	R3MU6BY7IZLXUR	044022425X	Books	5	0
US	R2TUJMN1BCJF6F	0440217563	Books	5	0
US	R1030OI1B8KAO9	0375707972	Books	5	0
US	R33O56U6DPFFE2	0374266425	Books	5	0
US	R3G9SR1YV0CDQW	044022425X	Books	5	0
US	RD9GOPPISKN9K	0375707972	Books	2	0
US	R12B5O8065CA81	0898159156	Books	5	1
US	RVTCZ4LC30TC9	1558216847	Books	4	1
US	RHYQXNGDOQAO5	0684843749	Books	5	0
US	R25KAOMOAP5CY4	0451191153	Books	5	0
US	R2W6X4NPKZ18KY	0385493800	Books	3	0
US	R147Y7E2V1ZY66	0375707972	Books	5	0
US	RFJZZ0ZX7Q46Q	0385493800	Books	4	0
US	RTAA4OC2A7VCJ	0440117658	Books	3	1
US	RRKUYK94KTUQM	0871137380	Books	5	0
US	R1JXG66ABL52TS	0671027344	Books	5	0
US	R29ECYHI8GRNOE	0375707972	Books	5	0
US	R1Z2TNJJKE1IDF	0684874350	Books	4	0
US	R1SCALVCXVGBH6	0684833395	Books	5	0
US	R1VNTSV8OWY2AJ	047158651X	Books	5	1
US	R2IU2WZNF2DLV1	0380789019	Books	5	0
US	R1VSD7BDJN85EN	1573226521	Books	3	0
US	R3KURY6I7IHYEJ	0671688782	Books	5	15
US	RW14TCJIGWA3G	0385493800	Books	5	0
US	R3EDQK67LBQTQ1	0671027344	Books	5	1
US	R2UIVOQ93X8KEX	0553573411	Books	5	2
US	R3N31ZJPXKSA1P	0399143904	Books	3	0
US	R3JNJF7LM1WLOL	0701103019	Books	5	0
US	R2N92OTTOIMV17	015626224X	Books	4	1
US	R27QMUPC7E1SPM	0425132153	Books	5	0
US	R164LYCW7A030V	1573226521	Books	2	2
US	RAYQNF4SQ8G3T	0425107469	Books	5	0
US	R1FIHRKQJRAFFJ	0802130208	Books	5	0
US	R3TZJUTYRK3FU5	0451188470	Books	1	0
US	R2N08POS2N3NWY	0380799006	Books	5	38
US	R2HC15BY4Z7IAO	0375707972	Books	4	0
US	RZJWNNPUM8SX4	0679428887	Books	4	1
US	R3PD61DOD8YNTK	0471603864	Books	5	26
US	R26E250LCV0SV3	0609603086	Books	1	0
US	R1W2UVPKPQL0GT	0060925000	Books	3	1
US	R11V31OWGS0AVX	0140143505	Books	5	37
US	R14TGWYRXTKZA0	0393312836	Books	5	0
US	R22L88N1SF7OIA	0380778556	Books	1	1
US	R2YDM2PCQ3S9TD	1565112601	Books	5	0
US	R1W0DSK3YR7F23	0375707972	Books	5	0
US	R2KMZDBML96BEW	0131103628	Books	5	1
US	R2IPLLFHOI70O3	0812548094	Books	2	1
US	RPO4QVK9GF1HJ	0062502182	Books	5	0
US	R2YNE1168C0JGH	0316152196	Books	4	0
US	R3VMZAMF69ZSWC	0679416781	Books	5	1
US	RP5LLLN1LLCUN	0679457313	Books	4	0
US	R13F3LC2PYHQOJ	0385484518	Books	5	0
US	R3E4603FFPCYWO	0380729407	Books	5	1
US	RE68HZ2SDD5IP	0553274503	Books	5	0
US	R3RK3EJONPA6QG	0375707972	Books	1	5
US	RS5W235ZFN53B	0061053430	Books	4	0
US	RC23X95VM9P4T	0812548094	Books	5	0
US	R1H2E76DUA2XBE	0671876813	Books	3	1
US	R3IR3NC5JHA4AG	0060916540	Books	5	1
US	RN19Q43AK30FV	0875845851	Books	5	0
US	RQTDI34F1BJN3	0345389409	Books	2	0
US	R32E117RM6SVT2	0446604844	Books	5	0
US	R3TLBHXPK4MW2Z	1556154844	Books	5	2
US	R3LR0I5WAAPICS	0679745203	Books	5	1
US	REIVSZ19JKH7M	0385493800	Books	4	0
US	R2NIYEMFTO9P7A	0964385619	Books	5	3
US	R1Q4GX2N380SO0	0060920084	Books	5	0
US	RTK98PVT0CSZB	0399143904	Books	3	0
US	R16WQFQM1S4YSE	0679745653	Books	5	2
US	R2R7UHYT0MP5T6	0679457313	Books	1	6
US	R3FCTQ688IVWVI	0440219078	Books	5	0
US	R2OQX69Q7KSRJQ	0553573403	Books	5	1
US	RUC7K8127MG24	0380973634	Books	5	0
US	R3JMJVSYV2CEF2	0375707972	Books	1	8
US	R947PSIQ80GG7	0871137380	Books	5	0
US	R1SRMLS127DGBN	0399143904	Books	4	0
US	R2K0YZ6QPRV1L	0060926317	Books	1	6
US	RQJ2ZHBM0PZVZ	0131103628	Books	3	3
US	R350I6YH5BTY75	0380977281	Books	4	0
US	R18QKB8S6618O9	0375707972	Books	1	0
US	R1CJYL09CPCBXQ	0679446230	Books	5	2
US	RHHL6AQ6DGY10	0375707972	Books	5	0
US	R1CGNE54TW7BVS	1573225517	Books	5	0
US	R21LUK6F6M34CW	0606056742	Books	3	1
US	R3TG7ITF8OMGIB	0446604844	Books	5	1
US	R3B28GWZ3LHPO9	0375707972	Books	1	0
US	R2H4AMH2N7LK9C	0393307050	Books	5	11
US	R1RKQGS4XC8M11	0871137380	Books	5	0
US	R39RF7FWCVQLGU	1878424114	Books	5	0
US	R3P5CCA8U2P4WU	0375707972	Books	5	0
US	R1IHT6W568KQ08	0440178002	Books	5	0
US	R23LY5GLK0Z2JS	0446310786	Books	5	1
US	RYXMVOW7C2K8T	0316152196	Books	5	0
US	R3AILK26TNEA9F	0375707972	Books	3	0
US	R1875NL45I0GJX	0440180295	Books	4	0
US	R3O4W9317WXG54	0440219078	Books	5	0
US	R2HH1K8ZB357M2	0312857063	Books	5	2
US	RB3HQ6ZALU5G1	0844663662	Books	3	0
US	R1E4G2FI3NJHRA	0060930349	Books	5	0
US	R2M0PY5745U3E0	0375707972	Books	2	0
US	R3OALL0FASWHKJ	1881273156	Books	5	2
US	R3I7NHYAHI40EJ	1563890410	Books	5	0
US	R19WSGDYF20Q8N	0812550706	Books	5	0
US	R2ESBSYYD8EAW8	0606056742	Books	5	1
US	R3K4HFJD0EWSLB	0684852756	Books	5	1
US	R11FG43ZBC1HQL	1878424319	Books	5	2
US	R3L51WX1ZAL8YV	0671027344	Books	5	0
US	R1UZF362BXTFH5	0446604844	Books	4	0
US	R3L0AZNWVXNSCH	0385493800	Books	4	0
US	R4WRGTT1NE3QY	0375701427	Books	1	9
US	R1HIO1ZYNPLT7K	0380713802	Books	5	3
US	R1L5PTUK7NFQAE	0375707972	Books	5	0
US	R22N28TG8660LU	1558216340	Books	5	0
US	R1IN02SINMMR3	0440131480	Books	5	0
US	R3PD0VLEFRULGB	0553275976	Books	5	0
US	R1W5IJVM4PPXH8	0425107469	Books	5	1
US	RAJIDODJ8CIDR	0553208845	Books	3	0
US	R18S6L2A0YFEX5	0805241183	Books	5	1
US	RYUT5KXOMP1M6	0425152251	Books	5	0
US	R2VL40V68M25VR	0553288105	Books	5	1
US	R3NDEAM79SI6EP	0451167716	Books	3	1
US	R3V5PX30VWK5PM	0553212478	Books	5	0
US	R1166Q4HRNEBQ1	0385486804	Books	5	0
US	R1ELM4SM6ABWYN	0609603086	Books	1	0
US	R3HQAHECQDK7U5	0156907399	Books	5	3
US	R1R4YA23XW68RN	0375707972	Books	5	0
US	RK2JFATE1PDR4	0679777547	Books	4	0
US	R3GW2GVXO55OF0	0140186409	Books	5	0
US	R12YMDWYQPC9DT	0684874350	Books	5	0
US	R3DUFCO08BSOWW	0312867123	Books	1	16
US	R1HSAGNWBI5QEF	0393317552	Books	5	14
US	R1J9MCGL1X07QC	0609603086	Books	2	0
US	R1NAT8R1D6DPHZ	047158651X	Books	5	2
US	RWMHUFCH99EK8	0553108034	Books	4	0
US	RW068TGW6GTUB	0767903811	Books	5	1
US	R1ISPXDAQ0MXQ3	0672506696	Books	5	0
US	R1PNX6GSIPV3RP	0887307280	Books	5	1
US	R2S0NIW9LIUG9Y	0964385619	Books	5	0
US	RQW5FXNEGZUVY	034537410X	Books	5	1
US	R29CMQW5VD04X4	0131103628	Books	5	2
US	R2HH822N1B857Y	0375707972	Books	4	0
US	R1H6N0P4BELPI3	0446364495	Books	5	0
US	RMT8555LLHBLV	0441003257	Books	3	3
US	R21RQRIJ53DFYJ	0887307396	Books	5	0
US	R3JB8FA8N4J76S	0875845851	Books	5	0
US	R15NJABHX9RG3K	0156907399	Books	5	10
US	R26P4DKAVOB79A	1878424114	Books	5	52
US	R2JNHSTHGUW8GX	0671015206	Books	5	2
US	R2KYJT0L0TCIJD	0553108034	Books	3	0
US	R1JBFTIQJWPAQA	068483605X	Books	5	0
US	RB6WLZGPWF582	0441003257	Books	5	0
US	R2R76LC14PT8IY	0451169514	Books	5	0
US	R7TBA02US2JWT	0812931017	Books	4	0
US	R6NKSM19PIEI	0606056742	Books	2	1
US	RHSJX4ZBTL3A8	0609603086	Books	1	0
US	R3J5EZBTFDKHSZ	0688062334	Books	5	0
US	R31GGNIDZ4XBJ9	0441003257	Books	4	0
US	R1YHDJGQK25QN9	0393314804	Books	5	1
US	R12F8IYGGH9ZGS	0451169514	Books	5	0
US	R3102KDW9AZJA8	0441172717	Books	5	0
US	R2FZS9A6HQOM1Q	0385493800	Books	1	0
US	R1OV2W98GMHV9V	0385493800	Books	4	0
US	R154BWKF9QKHM6	1558216847	Books	5	0
US	R27ERXNTODZ4AK	0553278398	Books	5	0
US	R3D8FVC6EHITRK	0316152196	Books	5	0
US	R3KKBOSQ9NQAKZ	0679433740	Books	2	3
US	RZ75IBXRAQLNF	0385121679	Books	4	0
US	RM6HUSX8LN2IB	1567310540	Books	5	2
US	RISFL3CJ75ENB	0684874350	Books	5	0
US	RFSW46EF8KKCB	0385493622	Books	5	0
US	R2MC9JOD37MZ1L	0871137380	Books	5	0
US	R1KBXNK2UD2B9E	0385484518	Books	5	0
US	RU0X0R7H8C7HI	0316152196	Books	5	0
US	R1DGZVOCO5G3O0	0140188711	Books	5	4
US	R35E4FPCAVQI0J	0375707972	Books	5	0
US	R3NQ7VC1X9M1A	156224003X	Books	5	145
US	R12O2PN5502SBN	0385484518	Books	5	0
US	R1S2QCXW5TPUC9	0062502182	Books	5	0
US	R3AWWT96DEQ9YX	0060920432	Books	5	4
US	R3U0EHET2KH369	0395759242	Books	5	1
US	RW6SQZJWQTLSU	0399143904	Books	1	2
US	R2K9DQSNR7RVK2	0446343129	Books	5	3
US	RH021NUISO6BR	0552131067	Books	3	1
US	R34H5A6688MHV3	0062502174	Books	5	0
US	R1AC9I3314KE7P	0002171856	Books	5	1
US	RM4JDDR55PM8G	0671015206	Books	5	0
US	R3FE79OFNH2330	0399142851	Books	1	2
US	R2BYR1PVUXPPLL	0394533992	Books	5	41
US	R9Y3SW9KCDNTS	0679428887	Books	4	6
US	R25KGCRAW7H0VX	0688158234	Books	4	0
US	R2B4AN1VBC6O1W	0920668372	Books	5	1
US	R2IDTVOALYXMYT	0425152251	Books	5	0
US	R464FXB7W3ZPW	0312853238	Books	5	0
US	R31BGT27SF8H2I	0679745203	Books	2	2
US	R15Z4WM510AQQP	0553269631	Books	2	1
US	RZTHBHV6JUYWU	0385474547	Books	5	0
US	R3RB4CJLFP7GDE	0375707972	Books	4	0
US	RZXDDWLW7WAM2	0375707972	Books	5	0
US	R1MQW9PCYOM29T	0670881791	Books	5	0
US	R14FGOOJQN7F3C	0805054375	Books	5	0
US	RBLT1EKO0M5WQ	0553450530	Books	5	1
US	R210JL8XQ8WQWX	0871137380	Books	4	0
US	R2W52W0MQFGY3K	0141301066	Books	4	0
US	R1HORAXVUG5CNZ	0141301104	Books	4	1
US	R1U1676UAVX00Q	0345315227	Books	1	5
US	R70ZCUPVYB2O9	0880381736	Books	5	0
US	R25X8XIL3GWOXR	0316920045	Books	1	31
US	R1MKX7DHL82H0O	0060925000	Books	5	0
US	R3P80CCIP0N7RY	0440224764	Books	5	0
US	R3AFFHYEUBT8WV	0385493800	Books	5	0
US	R2KDEC5QG7QE0H	0312199066	Books	5	0
US	RXKWLTTBM2PRC	0375707972	Books	4	0
US	R2CZ2ZGP5QUM17	0375707972	Books	2	0
US	R1LPT2SNZ6FZ5B	0684852756	Books	5	1
US	R1M51X0UQS7O86	0930289234	Books	5	1
US	RQP0DVWTRWC7P	0399143904	Books	1	0
US	R1E0DAV8TCB2XY	0553278223	Books	5	0
US	RARVNHIF4GT7O	0060392584	Books	5	0
US	R3BZI6Z3LVRN2E	0140067477	Books	5	1
US	R3SE3NA7D452VD	0345350499	Books	5	0
US	R2AXISAXACWI0Y	0553213105	Books	1	5
US	R3DT3PHFPPED1S	0345409671	Books	5	0
US	R1QJ75M64HDM1M	0606039600	Books	2	3
US	RUJ26HZ6PPDAT	0670880728	Books	5	0
US	R277OE68BHGXYW	0553473328	Books	5	0
US	R1AENSECOG83KC	0671027344	Books	4	0
US	R1NWIZTBLE8GBN	0425152251	Books	3	0
US	R11IO3IXLMN0CT	0446605409	Books	5	0
US	R29WSHRBYUD4CL	0316152196	Books	5	0
US	R3C5CSA6165QTJ	031218087X	Books	5	0
US	R1BHVZ3OJP2CHX	0451169514	Books	5	0
US	R1QFJNTPIYU346	1573226521	Books	5	0
US	R31LOA7PKUK5C	0385493800	Books	1	0
US	R1BRDP89KLNTFT	0553269631	Books	1	4
US	REMY1HENG6TY	0609603086	Books	1	0
US	R2PL2WLIQFC0MD	0062502174	Books	5	0
US	R2Q9L8KC3HUT5J	0375707972	Books	2	0
US	R29PI1VW97M7D5	0060900075	Books	5	296
US	R261YWPN1ZA9XO	0609603086	Books	1	0
US	R3G4KLSURD370R	0553274503	Books	5	0
US	R17NY00Q5DJ0Q9	0060987464	Books	5	2
US	R3VXADI4TB83S0	0671015206	Books	5	0
US	R39L27GEJDN8SV	0316743003	Books	5	2
US	R16CA3Y4Y9CMRY	0671721720	Books	5	1
US	R2YXA617LW97CH	0441172717	Books	5	0
US	R1TC974WP9NTAY	0375707972	Books	5	0
US	R4NEWPOLANEC8	0399143904	Books	1	0
US	R3N1BODNUDGR9C	0316152196	Books	5	0
US	R3PTHOBSKK3PT5	1567407757	Books	2	0
US	RXUQVV9W7DQGJ	0671027344	Books	5	0
US	R6E7KRUQMJ80W	0345350499	Books	5	0
US	R3TGSRQ07K5KZG	0553108034	Books	5	0
US	R1D9EDLRECVVPZ	0670880728	Books	5	0
US	R1SG82VU4V6UNU	0684874350	Books	5	0
US	R3BP8CGGMI0UN8	0385496397	Books	5	1
US	R2Q2S2PBGI3SB2	0783801602	Books	4	0
US	R3FCRNLURYIFSS	0440224764	Books	4	1
US	RNXLI5NYGOV4M	0449215644	Books	5	3
US	R1SEWFYRSDBPAJ	1573226521	Books	4	0
US	R3HL2EVOK5DPYD	0140157352	Books	4	2
US	R3AJJXSWEO6KG0	1573225517	Books	4	0
US	R33YDOXIYIFII5	0375707972	Books	1	3
US	R2L7948Z7XUGQY	0140277447	Books	4	4
US	R2NN21O183FNW2	0375707972	Books	5	0
US	R2EVK1TQJI3459	0871137380	Books	5	0
US	R3KQ5JGCA0I6L5	0385472951	Books	3	0
US	R3OG34DA03PVLD	0345404475	Books	4	0
US	R3S7C7CT25KSA0	039472903X	Books	5	1
US	RP13K4LMP5BIU	047158651X	Books	5	11
US	RWUQYTW64WNM8	0553473050	Books	4	0
US	R2I7FFE53BTEAK	0060925000	Books	5	0
US	R2350MJV8JMYIN	0312853238	Books	5	0
US	R83078UQ1OCF7	0517543052	Books	5	7
US	R1MAHLZBVE8RDP	0140074317	Books	5	0
US	R2PHMTP8055MKH	0451191153	Books	5	0
US	R2VUVK7NUF7SHC	0312853238	Books	5	0
US	R1N7GMQPR40RCL	0670880728	Books	2	0
US	R2Q6E2I70SUD4P	0385311400	Books	5	1
US	R3JNN1UWD5BQTI	0375707972	Books	4	0
US	R2335S1XWVRVWT	0375707972	Books	5	0
US	R1RRQIBNYCJOAT	0375707972	Books	4	0
US	RTW4707K9DFPK	0375707972	Books	4	0
US	R31XFPP4KKJUOP	0375707972	Books	5	0
US	RGLIQSE1NB8OG	0060975768	Books	5	1
US	R2T616E1P46AL4	1558216340	Books	5	0
US	R3I0OHS935UQN	0606039600	Books	2	5
US	R24JDMI33W3U0M	0060925000	Books	5	1
US	R2TBMHHFKR7EDM	0671799320	Books	3	41
US	R14ZAEUOAL2GAC	1573220485	Books	2	2
US	RP2VCTNBQPMFH	1573226521	Books	5	0
US	R1M14F1I173IAJ	0930073193	Books	5	4
US	RQLDEQXCMPXUI	0385474547	Books	4	8
US	R3LB1WSFALWPZV	0312952813	Books	2	4
US	R18LXCT7TCPDRL	0871137380	Books	5	1
US	RIM06G40H16DR	0393312836	Books	4	0
US	RT6OLZKHKZ0XX	0441172717	Books	5	2
US	R3HOKT3JD4RQ9Z	0441172717	Books	4	1
US	R24UY0DY6WXZOH	0060174900	Books	3	0
US	R2CWR61DZYBSAW	0385474547	Books	5	0
US	R146HHJXXVY1F	0670880728	Books	5	0
US	R152L98VP3MQXQ	0684833395	Books	5	0
US	R1PQMB8LPE506R	1567407757	Books	1	17
US	R1WI550G24XHON	0375707972	Books	5	0
US	R1I61N2AL0JJOD	044022165X	Books	3	1
US	RXGPR7V04PMVY	0553573403	Books	5	0
US	R2MIZPABQUBZ4X	0380977281	Books	5	0
US	R2C7FI61FGKLQB	0399103422	Books	5	0
US	R16BE48ZZ2ONQ6	044651652X	Books	1	1
US	RZ0Q51YZGAIVX	0606039600	Books	5	0
US	R3UTS4QED9SQS7	0553573403	Books	5	0
US	RWVDMWCYPYSSM	0780622642	Video	5	0
US	RYRJA3OWG3T41	0899663036	Books	5	0
US	R6QS306THUSZI	0375707972	Books	2	0
US	R3EXPRYNVE61QS	0140186395	Books	5	0
US	R23WEDQ3KPFTFY	0465068359	Books	5	8
US	R3T256JGNF9PKV	006016848X	Books	5	1
US	RT9FKSWC9P30V	0375707972	Books	5	0
US	R25HR4IKK488Z4	0684874350	Books	1	8
US	R2YXW5UZKOABVH	0805054375	Books	5	1
US	RKO8EQJJP2ZPC	0684852756	Books	4	1
US	R1AO3L2WMK9K5P	0345389409	Books	4	0
US	R1G6T2WCC4W660	0140186409	Books	5	0
US	R2LU4IFZU7WABV	0871137380	Books	5	0
US	R9E065OWTX3M1	1567312373	Books	5	0
US	R2A1N92IQDL9AA	0380729407	Books	5	14
US	R8HAZMXYPEIR	0451526295	Books	5	1
US	RENU8YTQYI1WQ	0385486804	Books	4	0
US	R2E5FB4O00T5XU	0385486804	Books	5	2
US	R27N4L2P8WNFBY	0684830515	Books	5	0
US	R2APGKJHRR0OR7	0385486804	Books	4	0
US	R1517ZJUT3ZWPZ	0684874350	Books	5	0
US	R3TVSQD9WKFS0Y	0451452739	Books	5	0
US	R3ATZAV6QZAX6K	0375707972	Books	2	0
US	RRE3ENLAE66O9	0385486804	Books	3	1
US	R1S01G8K0PK6AI	0375707972	Books	5	0
US	RBKNCRO4XIECX	0871137380	Books	3	7
US	ROKSMROAF8J7D	0425107469	Books	5	0
US	R1P43U3PU45NT2	0844663662	Books	5	0
US	RB17WTKDYTS6L	0399143904	Books	5	0
US	R24FKAJRLTEQ44	0375707972	Books	4	0
US	R2ZDX2EW0ERUDH	0385493800	Books	5	0
US	R278OIGZH8FL6I	0345403959	Books	5	0
US	R1J3MPGKGAYP84	067101756X	Books	5	3
US	R3STLGVN1RV8A0	1878424114	Books	5	1
US	R3EQIFGCCCKI8Q	0679428887	Books	4	0
US	R1E8I0UJGR2L24	1573226521	Books	2	0
US	R21KO3G7SNPHRA	1573226521	Books	5	0
US	R24RR1A9UZ9QAI	0786860707	Books	5	2
US	R2O12JEZ1B9397	0385486804	Books	5	0
US	RTD2KD48ZCEG6	0553108034	Books	5	0
US	R2YJRMM201H4FF	0793518326	Books	5	0
US	RGUBOHBKLTRW7	0385470819	Books	5	0
US	RCL0AGNM6TO8I	0151001820	Books	4	0
US	R1SYIRN4RGKLEV	1573226521	Books	5	0
US	R14AG5LCYHGRLW	067101756X	Books	1	3
US	R31R5RLQ4SXLD	0064400557	Books	5	0
US	R3HG1NP5YHPN03	0425107469	Books	5	0
US	R1CGFF84LNWTST	0385493800	Books	2	0
US	R3JQTMXMEXRSGH	0684874350	Books	1	4
US	REPQA4WOBDNZU	0140277447	Books	3	10
US	R178GOWVU7EYNP	0553260111	Books	5	0
US	R3E08PWF22H2O8	0152465030	Books	5	0
US	R2PBJPP5SVXR96	0375707972	Books	4	0
US	RZJLRTMRL2M0X	0399143904	Books	2	48
US	R11316MSG2PZJO	0684874350	Books	5	0
US	R2DYUBODILL6A	0385493800	Books	5	0
US	R2RFNIM3NU25AE	0060925000	Books	5	0
US	RY6BAHEFR2JSH	0316152196	Books	4	1
US	R11F6KSILP5O1Q	0684874350	Books	5	0
US	R31CAZZB9BL9W0	0425152251	Books	1	7
US	R278XO67COSLYC	0385493800	Books	2	0
US	R3PSE78VDQ41FF	0375707972	Books	1	6
US	R1GW4WX9NFX197	0679428887	Books	5	0
US	R2D3QXKTGKWNT1	044651652X	Books	4	0
US	R9KXMO7QBQA0V	0440178002	Books	5	0
US	R2NQ3DWAFGNBSX	0375707972	Books	3	0
US	R1VDEGJF22A3D4	B00004THO3	Books	4	0
US	R1YREPVJMKPQXK	0375707972	Books	1	0
US	RND1M30ZFS8V6	0606001743	Books	5	0
US	R1WRT7GX1GX7PV	0399143904	Books	5	0
US	R1DCV8MD0YPVDA	0375707972	Books	3	0
US	R377807KZYOO6Y	006092988X	Books	5	0
US	R3KPKF0JJ7OOB0	0871137380	Books	5	0
US	RFSPDPKE9V08T	014028009X	Books	3	0
US	RSOQ28ZPTC4T	0871137380	Books	5	0
US	R28CY7ZEWW2HAQ	0375707972	Books	4	0
US	R1JKFF753FMH3W	0316921173	Books	5	0
US	R1ZXWVR6V792LN	0871137380	Books	5	0
US	R1JRGS37KWNK8Z	0670880728	Books	3	0
US	R2A3CA9T4MC6XF	0812550706	Books	5	0
US	R3SCB66TNDJFNZ	0393316041	Books	5	0
US	R1FGIMJYROERRU	0671688782	Books	1	22
US	R10S59QDFME12T	0060925000	Books	4	0
US	R2PZA1GSAFSA0R	0446605409	Books	5	0
US	R19QPNTCROEBJI	0804106304	Books	2	2
US	RC348JS5I7XWF	0553108034	Books	4	1
US	R2YHA5JACB3OLX	0871137380	Books	5	0
US	R39DI8XVHT5XPS	0553260111	Books	5	0
US	R1MK14IIQF3BNG	006109594X	Books	3	0
US	R21AJECG151BQ7	0671510991	Books	5	0
US	R21ANYYDA4TJV7	0195067142	Books	5	2
US	R3R4S6WDTIGG8H	0380002930	Books	5	0
US	ROU1Y4EDGI8DX	0451169514	Books	5	1
US	RH5GP3448CQPJ	0606023992	Books	4	30
US	R2PHEXVE2GF80L	0606005919	Books	5	0
US	R1LVH3GNQDCNEV	0871137380	Books	2	1
US	R1OTFPMN0YLGPX	0380789019	Books	5	0
US	R3A4BYXE98WTN2	0871137380	Books	3	6
US	R1QLG9ZX7Z9AUE	0060168366	Books	1	123
US	R2UZ9AQTCKMITB	0375707972	Books	2	0
US	R3FOE9IP41TJPX	0385493800	Books	5	0
US	R1IAZ3GZGSFH1Q	0375707972	Books	5	0
US	R1RKLK9KH2ZR6R	0385493800	Books	3	0
US	R31PHZ6FO0VFAE	0375707972	Books	5	0
US	R14KH62JQO8I3M	0385311400	Books	2	9
US	R2QZC6VXULKO6D	0316743003	Books	5	1
US	R2SCCRB1E99J9U	0451167716	Books	1	18
US	R3VERPCT425SBK	067960085X	Books	5	2
US	R2YCNCHNURTAIZ	0312199066	Books	5	0
US	RZM8RGNKDV8G0	067158037X	Books	5	1
US	R144WQAFJ8YGKD	0385493800	Books	3	0
US	R2PKXADMCJGFP6	044022165X	Books	4	0
US	RYPPI5L6PT21I	0375707972	Books	1	4
US	R3RJGFKDC1W8O9	0684874350	Books	5	0
US	R1CBH43TGSDY9I	0871137380	Books	4	0
US	R21IWJHFGVU5P0	0060392584	Books	5	0
US	R2FI1CLSKJBT0R	0671027344	Books	5	0
US	RDVFOGZLNEW40	0671027344	Books	3	0
US	R13OD0SMFBSNX9	0375707972	Books	5	0
US	R2X56D21P6ZGJ9	0060977493	Books	2	1
US	R2BCA4519HFK1V	0449000729	Books	4	4
US	RG6QE7KJEZLV1	0553108034	Books	5	0
US	R1YV4DPV8L5OMJ	0375707972	Books	4	0
US	R3SMK28ZJEJJMP	1573220485	Books	1	6
US	RCJV81EE2PC4R	0425152251	Books	5	0
US	R2BDHLEF69LDSL	0060977493	Books	5	0
US	R30VMFLP4Z20VM	0440131480	Books	5	0
US	R14ESOV4SSNHCM	0684847248	Books	5	0
US	R22DTFGCXH2HK0	0393317552	Books	4	0
US	R1BEME8ITM69MV	0671027344	Books	5	0
US	RPY6GTIYLCSF0	0793518326	Books	5	0
US	R2I3H6IBBAW0WJ	0385474547	Books	5	0
US	R2MKSHG5AP8CFW	0887307396	Books	5	1
US	R2VFB6QQ0M0H4H	0385493800	Books	5	0
US	R22KTP3R92DZ3Z	0385493800	Books	1	0
US	RTDFKSZFEULG4	0375707972	Books	3	0
US	R16OBA4RERU0RF	0553502271	Books	5	0
US	R179S71Y9JAYFF	0375707972	Books	1	0
US	R3OYP938EMKCPQ	0385493800	Books	2	0
US	R3DNTLC23JIKPP	0345350499	Books	5	0
US	R34D2H4VUSF66F	0898159156	Books	5	1
US	R1WK151F9AGOS2	014028009X	Books	5	1
US	RSIEOR2YLVPIT	0345363132	Books	5	0
US	R5FATUKE0SKE9	0606001743	Books	1	5
US	R3HC1R4ZZL8WW5	0375707972	Books	5	0
US	R1U7X8AEVRKX9F	0062502182	Books	5	0
US	RM3UF4K00IYAV	0679737456	Books	3	0
US	R6OJRFX2I0WBG	0307120007	Books	5	2
US	R2BKJ90O0DALFH	0451160916	Books	5	0
US	R265DENBTD16RZ	0440219078	Books	5	0
US	R2XRO6HP1H0QSN	0671665707	Books	4	1
US	R1TAX6M910W4LU	0671867369	Books	3	15
US	RK7MMRKJW262Z	0805054375	Books	3	3
US	RVY1BXJ7ZGT5X	0393038912	Books	5	0
US	R3H9YZL42WB2NZ	0553502271	Books	5	0
US	R3PRYBJLQLT8SF	0451191153	Books	5	0
US	R18J9141UU8RZL	0385493800	Books	3	0
US	R24LAOSGUUY9L0	014028009X	Books	5	0
US	R3FIA59BJFB5UD	0375751513	Books	4	0
US	R1XP3YPL50JOL7	0684852756	Books	5	1
US	R2EYPY7V0M3QV6	0453009123	Books	4	0
US	RR2KFHEUXJ24S	0671027344	Books	5	1
US	R3MRITXTT4T1X1	0425086798	Books	5	2
US	R21S2A3LRVRK87	0399143904	Books	1	0
US	R34ZD4ZZG6ZBUM	0375408266	Books	4	0
US	RP420VSZT69BR	0380778556	Books	5	0
US	R15H45W35X9T0H	1882723007	Books	1	9
US	R1NGEZIEUP8T3X	0385486804	Books	4	0
US	R3H5BJA94RFL1Q	1573226521	Books	5	2
US	R2XT4ND0F1UP9Q	0446364495	Books	1	5
US	R13YH6UUD1KQVX	0380973464	Books	4	2
US	R1W42O5BNFED3R	038097617X	Books	5	0
US	R3IS0OTCCLDDRS	0793573742	Books	5	19
US	RZGS82QPWOMM8	0670881791	Books	3	1
US	R3GF7YMD1MGBHK	0553573403	Books	5	0
US	R2WRGIUYTRZNO1	0375707972	Books	2	0
US	R2B4J1844O3G3J	0671045725	Books	5	0
US	R3KVX9G4X3DRN5	0375707972	Books	1	2
US	R3DEMN8DDKJYGL	0679777547	Books	5	0
US	R17SOCDKR2CDGF	0140277447	Books	5	4
US	R30R01ROBXJXVE	0385493800	Books	4	0
US	R2JC114UQZ270O	0684843749	Books	5	0
US	R12JVO45WP21AQ	0553108034	Books	5	0
US	R29QXUUJET7K6G	0375707972	Books	3	1
US	R22ZGU7HTZR2Y3	0553577123	Books	5	0
US	R3SHTKWCWPR819	0312853238	Books	5	0
US	R2KACLRWVPEXVW	0393038912	Books	5	3
US	RKIZUDKV6GTRL	0671027344	Books	5	0
US	R88R5RXT8AKFG	0684833395	Books	5	0
US	R3QN9WE4JC9JBV	0812548094	Books	5	0
US	R2XLO1HC0HST3R	0140135154	Books	5	4
US	R3T67JN121NTK7	0140177396	Books	5	0
US	R16WSDC0GXUUEI	0345347951	Books	3	3
US	RBYTYSGLM1FI	1878424319	Books	5	1
US	R1MVDJWYPDS1B	034538072X	Books	4	0
US	R3CM98UGQRN3ES	0375707972	Books	5	0
US	R376WIELDDD467	0440224764	Books	3	0
US	R3BRVFIRMKOME6	006017322X	Books	5	1
US	R1NSFRITCHRCU0	0553284347	Books	5	5
US	R2DT0GLNQYOIES	0671027344	Books	5	0
US	R136TYJ9XPXK2J	0385493800	Books	5	0
US	R38FLWL3WV8220	034538072X	Books	4	7
US	R1TGG5OCE5OQ9S	0671015206	Books	1	22
US	R3IJDMMZ31NZSK	0670287059	Books	5	15
US	R1F1V8W3FAKOIX	0385493800	Books	5	1
US	R1TF2Y00Z1ZP0N	0451191153	Books	5	0
US	R2GBBOJBG1GGZC	0375707972	Books	5	0
US	R1N57VXRU9NI86	1567184855	Books	5	0
US	R2XDSL9LJ8GZEK	0609603086	Books	2	0
US	R3AGU8FMUNC79V	0812550706	Books	5	0
US	R1P4SC326P1ULE	0871137380	Books	5	0
US	R2O1AGNSVL25U9	0062511408	Books	5	2
US	R140XIEXMR9UN4	1563523302	Books	2	15
US	R37DMCED86ET3S	0312199066	Books	5	1
US	RH4BCABDU0HGW	0399143904	Books	5	0
US	R3AMQ2NJB890ML	0375707972	Books	2	0
US	R3TV48VU5VMSA9	0440224764	Books	5	0
US	R1TIXDMOX9UP0B	0385255853	Books	5	0
US	R2Z4VKU447KNY1	0316152196	Books	2	1
US	R2I0GVYSO9UE77	0064471837	Books	5	0
US	R2LH5SEQRO1PRR	0380002930	Books	5	0
US	R2KSAJQMNIGH6W	0679745203	Books	5	3
US	RK8XP2RJJZN9X	0152465030	Books	5	2
US	R1K6AGCKRBJI7V	0312199066	Books	5	0
US	R3HEEYUPXCKJIX	0140277447	Books	3	9
US	R3M0V69V0WVENI	0375707972	Books	3	0
US	R35X0GFYH8XXLL	0316152196	Books	5	0
US	R1ZI0JIZIZJPBN	0802133347	Books	5	0
US	R9KQUGHJ6F6WR	0451196716	Books	4	2
US	R3AS5CV3LOZTZ9	0449911357	Books	5	1
US	R1SXVFO1WYIV7X	038097617X	Books	5	0
US	R2H3JYCM8LL07R	0871137380	Books	5	0
US	R24D7B3BHDZBUJ	0684867621	Books	5	0
US	R2D9SGOUUJS1QA	0486281523	Books	5	19
US	R1XNURF02WBYDO	0465068359	Books	5	6
US	RQ0JB9MT3PXQQ	0380973642	Books	3	1
US	RFYQ3PLU4ZJA0	0385493800	Books	2	0
US	R1WEVLD1FW2CJP	0316286869	Books	5	0
US	R2YLKMYQ2CDZJA	0060977493	Books	4	0
US	R2NHCYVQHKQAQ0	0385493800	Books	4	0
US	R21PPFFPUMOQT3	0385487339	Books	5	0
US	RSVJAUVPS2UHK	1881273156	Books	5	1
US	R6VW3I2YTGAQP	0451191153	Books	5	0
US	R6QEW2T1C4NQ9	0553108034	Books	5	0
US	R32X60YJOI1DH8	0679735909	Books	5	3
US	R8HRJ1XC6DPFH	0385493800	Books	1	0
US	R2NFZC5T7A0756	0451160916	Books	5	0
US	R2CT3GD8GBGVL1	0679847367	Books	5	2
US	RUBBMNN30GMBZ	0060987464	Books	5	0
US	R380DO3Q3U3ANU	031286504X	Books	5	0
US	R2NGI3CLG1L0D3	0375707972	Books	5	1
US	R12HVR61689WL8	0136879721	Books	5	2
US	R2P5JENJQ05GWY	0380977281	Books	5	0
US	RVHBTNAT6Q4GL	0316152196	Books	4	0
US	R1EH3XE2UDGSP	0684847248	Books	5	2
US	R1OF6MW4ANB9PT	0887307280	Books	5	1
US	R24F85P0OS018M	0802713319	Books	5	0
US	R2C346991D1DPA	0060977493	Books	2	1
US	R1TT67X5PE2ZYB	0385493800	Books	5	0
US	R2DGXUB170HAW1	0670881791	Books	3	3
US	R3W2MXGF3QIRMI	0440178002	Books	5	5
US	R3U4D10T23JGYU	0871137380	Books	4	0
US	R255FT32M87I8R	0804102988	Books	3	4
US	RNNDACAMTLWRC	0606069747	Books	5	1
US	R3M6HSGC5JTBZE	006109594X	Books	1	4
US	R3FFXPVAKW4341	0441172717	Books	5	0
US	R3K2EJ8ER9YEIR	0385493800	Books	3	0
US	R3ID3FF7A16I8S	0449002632	Books	4	0
US	RZPFF2PYZDJDS	0375707972	Books	4	0
US	R21WNFK37JNTYI	0375707972	Books	3	0
US	R8R2XAC9Q344C	0380977281	Books	5	0
US	R2XNNXB6UERKWT	0671015206	Books	2	1
US	R30VL0GJLC70RG	0380973464	Books	5	1
US	R2BJ2HXK1UGH56	0375707972	Books	5	0
US	R1ID0HTGA5CRJF	0684874350	Books	2	0
US	R1Z42LHUB2PARG	0060931671	Books	3	0
US	R28N1KY9DSP847	0553213105	Books	5	0
US	R332GBWI0G78RW	0670880728	Books	5	0
US	R1HKNW99X5WJ4E	0312199066	Books	5	0
US	R2LALVXLJPUAT9	0394810112	Books	4	0
US	R1Z3GIPPBLA1ZR	0140283587	Books	5	0
US	R37CRDV4GKZJFC	0871137380	Books	5	0
US	R7I6OCU3RGR18	0385484518	Books	1	17
US	R2LWPCJ37ROJJ6	0553565915	Books	5	0
US	R3B2HUU9QC2UJX	0345350499	Books	2	8
US	R5TH8SXPPULHM	0312199066	Books	5	0
US	RDE99HJQAI6Y0	0201508036	Books	5	14
US	RZNTIBUSSFQ4C	0805017305	Books	5	3
US	R30R17R6DI35TY	0871137380	Books	5	0
US	R2UYYP08CBDB36	0312199066	Books	5	0
US	R2LI4KRAIIQVDF	1573226521	Books	4	0
US	R2ITZS5Z7CF1LV	0385474547	Books	3	0
US	RUZMMPE9O7TK4	0385493800	Books	2	0
US	R19LKYVR9KY768	006092988X	Books	5	0
US	RRT0UGT7DG5HM	0670881791	Books	5	0
US	R276DV2IFV3GE3	0451196716	Books	5	2
US	R3F7NIT5XBP0FZ	044651506X	Books	5	1
US	R13UG771IYNGQD	0440219078	Books	5	0
US	R3APUGXLS33ZN8	0345423496	Books	3	2
US	RX9PKFKJRC0QF	0684843749	Books	1	12
US	R12O0J1WDFHROX	0670880728	Books	1	2
US	R1ZXIIFYZVWZO4	0385484518	Books	5	0
US	R2EQ0H40SRX7G9	0451191153	Books	5	0
US	R3TTT5YQQSK8XL	0312853238	Books	5	0
US	R2A8B74B8ZHSAV	0671004107	Books	5	1
US	R2AEEFFV5J5BKT	0679720200	Books	5	0
US	R2DKCQGGNR6HKU	0380778556	Books	4	0
US	R1L6BW1D9CLMWV	0385493800	Books	2	0
US	RBIFQ4ZB7NSAW	0515125024	Books	3	2
US	R2MFQAXOQ1CXMI	0440219078	Books	4	0
US	R1WUXGDKE1BFIP	0671027344	Books	5	0
US	R2Y41L32UZ0S9A	0312199066	Books	5	0
US	R2QLP177E7PFEL	0684874350	Books	5	0
US	R117I979X7VQ2I	0140434143	Books	4	1
US	R3KRFRWJAD98O3	067144901X	Books	5	0
US	R2WBS173M8L2I6	0393316041	Books	5	3
US	R3C1DFFUP2ITJ8	0060977493	Books	5	0
US	R35331TP09UQCF	0385493800	Books	4	0
US	R2KXDLJOC0TEPE	006016848X	Books	5	2
US	R2M7XY9CH0BJ4B	0156528207	Books	5	0
US	R30VW0Z2OPDORQ	0375408282	Books	4	0
US	R3EN80A310K9PJ	1878424114	Books	5	0
US	R171CRBWY3K3NA	0684874350	Books	5	0
US	R1O2IJAIE7LXQA	0385487339	Books	4	1
US	RYXSYQ9VGAZR3	0385493800	Books	2	0
US	R1PDPM6IKTU07N	0875845851	Books	5	3
US	R9IVB4CJQA0BS	0451167716	Books	5	0
US	R2L019EY3NZUN3	0671867369	Books	5	0
US	RW805RB4FJRGE	0375707972	Books	1	0
US	R2PFYSVSCEPADC	0671027344	Books	1	1
US	RTDHJIXIWLGB1	0553269631	Books	5	2
US	R2KKMVOFL6U3M2	0920668372	Books	5	3
US	R17M7U1Q3EYR2B	0425129586	Books	5	0
US	R34KJM2NW942KM	0671027344	Books	5	0
US	R2MTVTOIYYH741	0684867621	Books	5	0
US	R3EFH6Z9S7FN19	0930289234	Books	5	0
US	R1YSNNUY4LO3IW	0451160916	Books	5	0
US	R8ZFXZTBRZRMG	0553108034	Books	5	1
US	RMCPQCZG2292G	067101756X	Books	4	2
US	R7IXFNXNYOERF	0060977493	Books	1	3
US	R3FGLHCHXMAORT	0451096681	Books	3	1
US	R3COO33QVJVWU5	1567407757	Books	5	0
US	R2FI1RU5HYJ2JL	0880389052	Books	5	1
US	R3CKG94NBYK9EO	0375707972	Books	4	0
US	R36MGLZ1GMJHJA	0425129586	Books	5	0
US	R3P2XZFA1FHLVF	0393312836	Books	5	0
US	R21XLRIB89TTI9	0393317552	Books	5	1
US	R3R3IKWWSMSEWF	0671015206	Books	3	0
US	R23AT9EHLGSOLT	6302518423	Video DVD	1	4
US	R3BECNAS2JOYKC	0679428887	Books	4	0
US	R16CZVZS0YTVN8	0307010856	Books	5	0
US	R2GLPXYP5MG5YZ	0553293397	Books	4	0
US	R7WUMIX2MVHHT	0385474547	Books	4	0
US	R3JWQY2Z3B1SPW	0670880728	Books	5	0
US	RALR9M4CSNAAY	0374172897	Books	5	3
US	R1K2O6NZ4M7PRD	0425107469	Books	4	2
US	R943R87IZ2K90	0399143904	Books	3	0
US	R20A0D41L2QQYW	0399143904	Books	1	1
US	R2WXFQHJKN1EH1	0553108034	Books	5	0
US	R23DMYSYWZUUTD	0684867621	Books	5	0
US	R3SHQA0CFDPKIW	0425107469	Books	5	0
US	R2TX62LX6Z7XHL	0385255853	Books	5	0
US	R26PFZV6QWAJAD	0812550706	Books	5	0
US	RT5ZDPMD7EQBS	0802130208	Books	5	0
US	R1A818PDV2QXA8	0312199066	Books	5	0
US	R3GN94SDAMC4P3	0684874350	Books	5	0
US	R2QZA3PO9KP7H6	0876855591	Books	5	1
US	R29MTAZD5IAIVS	0684867621	Books	4	0
US	R3QHCD0R0FUP03	0375707972	Books	2	0
US	R3RZ7G3UAJSRWM	0679735909	Books	5	2
US	R2410L39TTAB7O	0140430350	Books	5	37
US	R3EUC4MLVDHIBE	0553293397	Books	5	4
US	R1YAITCN2LF5UP	0679720200	Books	1	1
US	R1QX3AK9FBWLQU	006016848X	Books	5	4
US	RSHEU1GKB0I28	0375707972	Books	4	0
US	R3MF6ONHNPFB26	015650300X	Books	5	3
US	R1Z105A0KECQKA	0385482582	Books	5	2
US	R2KTXMWY84I0VG	0684867621	Books	4	0
US	R5R3K7V8OBTR1	0684867621	Books	1	1
US	R3H40VJXK9UH1N	0553296981	Books	5	5
US	R2Z14A2V9EO0H3	0684867621	Books	2	0
US	R16VPYBGI6C6BJ	006109594X	Books	3	3
US	R1YS2XOP23OY2V	0061003697	Books	5	3
US	R2Z18PNS40RFOH	0385486804	Books	4	0
US	R2CT2FS0VKNR1S	0783801602	Books	4	0
US	R3E0LEVG31V8E9	0684867621	Books	5	0
US	R3NRMEKNQW7L89	0684874350	Books	5	0
US	RKPJFQA05HS1J	0823016285	Books	5	38
US	R30N839GZYWCC	0385493800	Books	4	0
US	R2MW9EFXTY5YIG	0156528207	Books	5	0
US	R2I4NVI0D7E5RJ	0812550757	Books	5	1
US	R2ZLWM0GDDO0SW	0060930349	Books	5	0
US	R2DSROC664C4M3	0380977281	Books	5	0
US	R2T8IJFPUNKN45	006109594X	Books	1	4
US	R3HPQY3CZDDKEE	0375707972	Books	4	0
US	R2ZYNE61FBAOI7	0671043013	Books	4	0
US	R1E2B3DC2JF3E2	0385484518	Books	5	0
US	RKWQIPHEWGYIV	0684800713	Books	5	0
US	R321L1GETNBPGY	068483605X	Books	5	1
US	R2E552EQUVI42B	0451169514	Books	5	14
US	R1R62V5RMALYTA	0804106304	Books	5	0
US	R3PALUYJ4VKD47	1573226521	Books	1	4
US	RZKX11J1ZQCW5	0920668372	Books	5	2
US	R12N3D80HLYYPS	015670160X	Books	5	13
US	R2GHQ3Y17N3B8P	0385484518	Books	5	0
US	R3I3FRXQ8K3M7K	0871137380	Books	5	0
US	R2GICO31N9DOGH	0679736646	Books	5	0
US	RLRRWDQSUCHSF	0375408266	Books	4	2
US	R2YVSUK9POEJJC	0684867621	Books	5	0
US	R8EEY96EHJY94	0393316041	Books	5	0
US	R13HDRMR65HU8A	0449911357	Books	5	0
US	RD5Q4LOM4CV8G	0684833395	Books	1	20
US	RQUAH6SGPUUNZ	0553108034	Books	3	2
US	RKFTLO3YGO0J9	0385493800	Books	5	0
US	RE1WZBYGWT6RJ	0871137380	Books	5	0
US	R37NC6DO8DIFGC	0671510991	Books	5	0
US	RCRXIXPRF5814	0399143904	Books	1	2
US	R24GEH7QSKBZ0E	0131103628	Books	5	0
US	R356V6XMO0EXIK	0440224764	Books	1	0
US	R3R55URVUFH14L	0316921173	Books	5	2
US	R3UV1LZHP1BBCQ	044022425X	Books	5	1
US	R1XL660E5FGYQG	0140283587	Books	5	0
US	R2JTDGMD2Q5NS7	0385484518	Books	4	0
US	R23YMJY7Y5G9O6	0316152196	Books	5	0
US	RDLW7EFHXN8R8	0375707972	Books	5	0
US	RY3KJQKUR0WDG	0064471837	Books	5	0
US	R1RM01TAUOI9YK	0345349571	Books	5	6
US	R2BFKMR9RU3EVY	0399143904	Books	2	2
US	R1CDFSPH95DLOP	0385493800	Books	3	0
US	R11YMVGSYPB1GE	0679438327	Books	5	0
US	RYWFQC9VSBBST	0812550757	Books	5	0
US	R1QUDCMI5389JO	0385493800	Books	5	0
US	R2YIA6JR3ODWS8	0060926317	Books	5	5
US	R1JZ95C1MJB47O	0684867621	Books	2	0
US	R3FZO1STCDD8GS	0312854021	Books	5	0
US	RS92X0ILW5338	0425152251	Books	5	8
US	R3E4YIOCJJP8IW	0156907399	Books	5	4
US	R1SBZW8U9P6S13	0671015206	Books	4	0
US	R1PHFLSMKT5TCK	0671015206	Books	2	3
US	R3MN30TOFTVEY8	0446310786	Books	5	0
US	R2D7FYMMWGK10D	0385493800	Books	1	0
US	R39DJ2TUE02QJX	0871137380	Books	5	0
US	R1PF4KL9V5QFG0	0811821846	Books	5	6
US	R9S150ZIYH5XM	0062502174	Books	5	0
US	R3C4W5RQ8LFFZL	0393307050	Books	5	4
US	R28FU2AFCG6F7X	0374172897	Books	1	13
US	R12283WKLEY59Y	0671015206	Books	2	2
US	R1429USPNBQ35	0684867621	Books	4	0
US	RJ4SHNLKCC5N	031286504X	Books	2	0
US	R1TJVJ9PZITXZP	038097617X	Books	5	0
US	R16NZEOU7CXCM1	0684867621	Books	3	0
US	RKHOMXVHPP9RR	0312958455	Books	4	3
US	R39YDXT4VBF769	0395759242	Books	5	2
US	R2F57WY4VA6WLB	0684867621	Books	4	1
US	R389T1XK73BIG4	0312199066	Books	5	0
US	R26J59QO7YVKS4	0684867621	Books	5	0
US	R229AV162JQ3Y	0062502182	Books	4	0
US	R3VU85GLQEV0T3	0394492196	Books	5	2
US	RK0UJCTMRBADW	0684867621	Books	4	0
US	RIPOMUPL4BCT6	0440219078	Books	5	0
US	R3050SZ58789FN	0805047905	Books	5	0
US	R3FM2XKYAL862L	0553565915	Books	1	9
US	R1658UBOKUTN7V	006016848X	Books	1	30
US	R2Y14B611V4PTY	0141301074	Books	5	8
US	R3CO3WVWLLHN10	0385493800	Books	2	1
US	R103CAMGIWA4KJ	0375751513	Books	5	0
US	R3B4CNBVIPIRY8	0375707972	Books	4	0
US	R22OG43L9IAJSB	0679735909	Books	5	2
US	R1WEX9F03SWL4F	0684867621	Books	3	0
US	R39IVMUYFA7TYP	0804106304	Books	5	0
US	R1G5W7XBAF2BF1	1881273156	Books	5	1
US	R2JBG7HS4WBGYZ	0684843749	Books	5	0
US	R2PB1FDJE18GS9	0394492196	Books	5	0
US	R27FVXDWM22BZT	0440224764	Books	4	0
US	R1NMM00ODDP9B4	038097617X	Books	5	0
US	RPSIG5OYY06LP	0393316041	Books	5	1
US	R2U9JPJNB0J9X2	0684867621	Books	3	0
US	R2C02L4OWTVLU5	0140042520	Books	5	0
US	R33OF8L81MQNDV	1573226521	Books	4	0
US	R2F1CNYQ9IM5VU	0375707972	Books	5	0
US	R1SYSKR79LA2CB	0385493800	Books	5	0
US	R2L30DXM3Y974C	0684874350	Books	5	0
US	RN6SQ8THR2W1I	0374172897	Books	5	0
US	R3T2U0PU572CCN	0875428940	Books	5	2
US	R1ZW4GNIGG0J80	0375707972	Books	4	0
US	R1BIKPB7C5RCL4	1878424319	Books	5	4
US	R25NGB4UD8RBVK	006016848X	Books	5	2
US	R1XAHOJ56W4BRI	0553260111	Books	5	0
US	R2QJ9E0HQMEP44	0316152196	Books	5	0
US	RUVDSRFEW9QKI	0684823454	Books	5	63
US	R3JAVMR2FZQTJ9	0385493800	Books	4	0
US	RW79OYC3CAOC5	0385486804	Books	2	11
US	R3I49YBYGFOXOJ	044022425X	Books	5	1
US	R1GOGR8YBF726N	044022425X	Books	5	0
US	R2ATBFHM4296PA	0553269631	Books	1	6
US	RZ72P9E6YCRJ9	0871137380	Books	5	0
US	R26NZJF03LZ6J8	0684867621	Books	5	0
US	R182TWB85EC24I	0962344702	Books	5	12
US	R11XK10GHLDE7C	0375707972	Books	5	0
US	R153VMDZ8DQ6OW	0375707972	Books	5	0
US	R376CUGVKX1KFX	0802130208	Books	5	0
US	R1JNZ2GFJ2TE0K	0684874350	Books	5	0
US	R3QMI1RM1S6QI2	0844660736	Books	4	0
US	R38ANATJSCVGJK	0671688782	Books	5	10
US	R1K3XKUONS45ND	0920668372	Books	5	1
US	RDGDKPPJSGDTB	0684867621	Books	5	0
US	R26NHMDIJTT4H8	0380973642	Books	1	6
US	R1SDDXR9VL6RLO	0393312836	Books	1	16
US	R2H5EU1ACXAYDK	034538072X	Books	5	0
US	R3GPD402PA0QM1	1881273156	Books	5	1
US	R1EE1S3GYNOP3L	0312199066	Books	5	0
US	R238C9UBT5ZERW	0684867621	Books	4	2
US	RAHRZCLFPA8PK	0684867621	Books	3	0
US	R15A9OZN7XPIT4	0374172897	Books	1	15
US	R243LPLQYW9CYU	0385484518	Books	5	0
US	R27V758V5RYXE2	0385493800	Books	4	0
US	R3P2IT0DS32LQW	0374172897	Books	5	0
US	R3UB8NEVOTH5ES	0312853238	Books	2	0
US	RYU104MP2F1Y1	0380002930	Books	5	1
US	RAADRZ03UNSBC	0871137380	Books	5	181
US	R3VNDK8GFUGVLM	0399143904	Books	1	0
US	R3ECA6OWIH3XP8	0684867621	Books	5	0
US	R1ZMFOPGWHWDR3	0871137380	Books	5	0
US	RS92BRAD9CJW7	0684867621	Books	5	0
US	RAJ62K4D7XY7S	0802130208	Books	5	0
US	R1GW9M9U6NQ2WP	0679457313	Books	4	0
US	R2M6GIJM2QYPYV	0684867621	Books	4	0
US	R1YWSZX0B6JBGX	0684867621	Books	5	0
US	RQ5YGR47SFOMK	0684867621	Books	5	0
US	R2DGN2RYLKZSRR	0375707972	Books	2	0
US	R2GU8T12W9HUA3	0201626632	Books	4	4
US	R3SFBIOZGABW8E	0670858048	Books	5	4
US	RAHZ1T0U14IDU	0375405208	Books	4	0
US	R3KP405PL3O6QN	0446364495	Books	2	1
US	R2UNBWY03INAKZ	0805017305	Books	5	4
US	R39KLUAW86YLAG	0393038912	Books	1	18
US	R3S2KDMEUC1JLJ	0060273224	Books	5	11
US	R6YUJ6USBB152	0871137380	Books	5	0
US	R1GIBNDK54EC2F	0671004107	Books	5	1
US	RJYFZTLWA2FC3	0871137380	Books	5	0
US	R1SMODSYODMY7E	0345350499	Books	5	0
US	R395N0KMFQQB38	0671015206	Books	5	0
US	R1XLAUHBN5S40T	0684867621	Books	5	0
US	R33BCU1Z4ZIFYG	0451196716	Books	5	1
US	R2WQXLQZBOVJE9	0684867621	Books	4	0
US	RBYB57PLOCBP3	0684874350	Books	5	0
US	R1WU9X17N4ZXIA	0394810112	Books	5	0
US	R3TEUSH36G3U4K	0399143904	Books	2	0
US	R2UM51MN45CZ58	B00004THO3	Books	5	0
US	RA4PAQS52YL3J	044651652X	Books	5	1
US	RSVQCBMEV1CDS	0553213105	Books	5	0
US	RBKVQRZXCRIVV	0671004611	Books	5	0
US	RZP42LTZJL63Y	0375707972	Books	5	1
US	R17BXWM1Z2AAZF	0553266306	Books	5	0
US	R19UE46SXQC8NR	0684867621	Books	5	0
US	R33H71L73MF2H8	1559949902	Books	5	0
US	R2DOP3Z55KT2UA	0684867621	Books	3	0
US	R3K16CVL8VH1XB	067942850X	Books	4	0
US	RZ3KD886WJLT3	0375707972	Books	5	0
US	RB5KP9SM6NV1Z	0394492196	Books	4	0
US	RAUGX8K54ZQV	0679720200	Books	5	0
US	R2T9LT4I5F1RGT	0440219078	Books	5	0
US	R2S54KJIGQ0UMV	068484267X	Books	5	0
US	R1KQJMHGKBMU36	0380977281	Books	5	0
US	R2Z41JMYW5LRP	0374172897	Books	5	0
US	R3SQOENHFFRL7R	1563523302	Books	4	0
US	R3AYE8VV1CU48H	0060926317	Books	5	3
US	RHHIABI5JXC0I	0684852756	Books	4	1
US	R23P73YFK8DED	0670880728	Books	5	0
US	RBT47SNA6AV8R	0375707972	Books	5	0
US	R1LCUHZFBICY8O	0553296981	Books	5	0
US	R856WMG03JFT6	0871137380	Books	4	0
US	R2N4SF7M4L2DC7	0876852630	Books	4	0
US	RQZV5IH7EYQA6	0385493800	Books	4	0
US	RJ3T8EAZ8ZSNC	0316152196	Books	4	0
US	R1JV9S39093V6O	0670880728	Books	5	0
US	R14EEODAXO7QGA	1558216847	Books	5	0
US	R16JWYPP513QFG	0515125024	Books	5	109
US	R3EZINTD6WCXK8	1859849296	Books	1	36
US	R2W60RUQXCN25	0871137380	Books	5	0
US	R114B8NWL6GNSH	0060922583	Books	5	3
US	R5DSZBY64O7A8	0380977281	Books	3	4
US	R3KU8ALXQAJ914	006092988X	Books	5	0
US	R1ET6ZDWMD32UD	0374172897	Books	1	3
US	R1KENYLTE8UYI7	0375707972	Books	5	0
US	R1C6SK5LLW40QB	0451188470	Books	2	0
US	R1GNPYWV1HB8S4	0312199066	Books	4	0
US	R2NEJNXXKF2K88	0385474547	Books	1	3
US	RZE3VZN01TRKA	0374172897	Books	5	0
US	R14IJEQTU1GWPD	0871137380	Books	5	0
US	R1468SXFPS2KVJ	0553293397	Books	5	0
US	R3IF6OYNAN1ZOE	0671027344	Books	5	0
US	R3H1542MBD4EQS	0393317552	Books	5	1
US	R13AHYVS4JES7Y	0394548442	Books	5	0
US	R2LEXK1MD7EZO2	0385472951	Books	4	0
US	R1UB8D8HLD8B5D	0385493800	Books	2	0
US	RDNSY5MXZ6NLA	015650300X	Books	5	13
US	R2MGKZPB12G6UW	0553525964	Books	5	0
US	R2WE3SP6I9ZUH6	0553288105	Books	4	1
US	R1CM8RF82DHBPR	0553282980	Books	4	4
US	R3CX2D05LGZNB6	0553275976	Books	5	0
US	R24LDXR5S9SSCR	0312954468	Books	5	0
US	R2XR95LFMGB5T8	0606001743	Books	1	4
US	R1O88CXDP0CZ0V	0871137380	Books	5	0
US	R1VXH022A2OBU4	1558216340	Books	5	0
US	R1FBI2YTQUYJH3	0871137380	Books	5	0
US	R2RWO1Z7GCD3AU	0670813028	Books	5	0
US	R3FB2G6HA8QDVG	0380713802	Books	5	0
US	R3FLCICS1TS6Y6	0140177396	Books	1	9
US	R3UETAV6WRJIEU	0887307396	Books	5	1
US	R5BKS493NE8ZQ	0375707972	Books	4	0
US	RIBRMOX5WA6J4	0684800713	Books	5	0
US	R1B0DS0D3UHXVM	0399143904	Books	2	0
US	RDLAG22HF6SKI	0440219078	Books	5	0
US	R2MKJ2MHSL027H	0679731725	Books	5	1
US	RILTH6WZ4RNEG	0451147960	Books	3	6
US	R3LABFGKCUWA8A	0385493800	Books	2	0
US	R297S542CZDJB1	0345423496	Books	2	1
US	R3C1FABES9D853	0920236251	Books	5	0
US	R1S0NRN56EH7DH	0679409866	Books	5	0
US	RX18ZF8308BDP	0871137380	Books	4	0
US	R1KYGD11RLMOR4	0374172897	Books	5	0
US	R3JQELJ8066AEY	0553278398	Books	5	0
US	R250RPS4H21CSM	0684867621	Books	5	0
US	RNXGZZXJEXZSY	0385493800	Books	4	0
US	R165AZHMMONPNE	0399143793	Books	1	7
US	R3S1PM7LUF3UB6	0440224764	Books	5	0
US	R13RYKSZCZ5TJ8	0061003697	Books	5	2
US	RVA9MEBPZFZ1K	0679720200	Books	5	0
US	RLMKP8SU4O37E	0345363132	Books	5	1
US	R1YJFU0SW8P7PX	0517122707	Books	5	0
US	R1QU3DASLIFI57	0684867621	Books	5	0
US	R2T6YKE4EZE5PQ	0451167716	Books	5	0
US	R13GK8SJXGSRQA	0684867621	Books	4	0
US	R20GXOBH7J48ZO	0140186395	Books	5	0
US	R3KUNODTV7ERD8	0060977264	Books	1	4
US	R3EAYMNJJEWERQ	0140067477	Books	2	3
US	R1VT2ENNOE41WS	0684867621	Books	5	0
US	R2B81VSNR9JZF3	0385472951	Books	5	0
US	R27XPQ7GKS1SWA	1558216847	Books	5	0
US	R26O5OMEG4RBRO	0316920045	Books	5	1
US	R1RZ1RAAKOGZXW	0440219078	Books	5	0
US	R19TQBGTD82ESQ	0380789019	Books	5	1
US	RVMEV3HV6S5JU	006020706X	Books	5	0
US	R3PPSKDVK8GH9L	0141301139	Books	5	2
US	RCH7ICBWKG22E	0671045865	Books	4	0
US	R2NI0U1YGZV7W5	0060977493	Books	5	0
US	R2BMW0UFBMQ87K	0451191153	Books	5	0
US	R2GYWX8S7JIU6S	0684874350	Books	5	0
US	R3H4X4EKU4OU08	0684867621	Books	3	2
US	R12B4BF87H26CB	0385493800	Books	3	0
US	R2FNYGBMQ3TAW1	0671015206	Books	4	0
US	R2TOC7QQMCUI9Z	0449215644	Books	5	5
US	R2LLOKQJJI83TP	0375707972	Books	4	0
US	RX5EZLSYJXN8V	0375707972	Books	1	1
US	R1GF0HE5775JPT	0385493800	Books	5	0
US	R3W2EIKG1ZE4IF	0141301155	Books	5	0
US	R3H009XTNGA8V	0679735259	Books	4	0
US	R9V5U10H2DY18	0060977493	Books	5	0
US	R1KJWXEY9EQEBX	0374172897	Books	3	1
US	R2JWRC34BH988T	0060925000	Books	4	0
US	R14BD1N9ZE9IW3	0307010856	Books	5	0
US	RLEBDEIWDOCG5	0684867621	Books	4	0
US	R3EHJFFTRO6ZB0	0385493800	Books	5	0
US	R3TEVX67MOT097	0201634988	Books	5	20
US	R2AUJFRB6OZNME	0446364495	Books	5	0
US	R34OJJ77GRQCKS	0679745653	Books	5	0
US	RQP6GEIQ3JLQB	0871137380	Books	4	2
US	R1QWI789W1JKH0	0876855575	Books	3	6
US	R3K9ZNYI4FQEDS	0684867621	Books	5	0
US	R3M8D62CXT2HS3	0684867621	Books	1	1
US	R2XW83YLS5MJ2Q	0375707972	Books	4	0
US	RDJ709DMACCVD	1878424114	Books	5	1
US	R1XSKEQPPDZ8O6	0451524780	Books	3	1
US	R3PU1ZBJQZ5C5J	0553278223	Books	4	0
US	RTZFSCA4Y0IEF	0679731725	Books	4	2
US	R1OF1SBRUU2CQR	0380973642	Books	5	103
US	RWIH41TNYU28	0684867621	Books	4	0
US	R1LM9O23ZWHI86	0812931017	Books	5	0
US	R24CO8HVUOD3AW	0451191153	Books	5	0
US	R3PL9XBQNQGCJL	0140283587	Books	5	1
US	R1FPDJ64Q3N41M	0684867621	Books	5	0
US	R3AK0KEVKB49TC	067942850X	Books	5	0
US	R337SAN2GZ9I4Z	0385493800	Books	1	1
US	R18GR9AFCTH9H	0789302691	Books	5	0
US	R6VVMPH1I4OA	0684867621	Books	5	0
US	RWK3DWM2YM0SN	0441003257	Books	1	19
US	R8O5UTESJCE7V	0553278223	Books	5	0
US	RDZGBACDG6T4I	0393317552	Books	5	1
US	RP0KLGFX7FB07	0684867621	Books	5	0
US	R26HZI7BZM80BN	9996782514	Books	5	0
US	RK17AU2PY5DFS	0380977281	Books	5	0
US	R3L4QTNT30XC48	0375707972	Books	1	0
US	R1X5CBVXQG09N7	0553108034	Books	5	0
US	R2TRXJFTSSLUPO	0553108034	Books	1	12
US	R3K9OAC8SQYKW9	0060245867	Books	5	3
US	RSRPGDR1AN5H6	0684867621	Books	5	0
US	R2819YB6WMGL47	0679720200	Books	5	0
US	R3IB9XPO4L9THA	0380002930	Books	5	1
US	RR27AHUBR9N1M	0399103422	Books	5	0
US	R3L25KAC472BN6	0449911357	Books	5	3
US	R13Y2EEMAKSQXB	0441172717	Books	5	0
US	R11J0TCP0PLE5D	0670880728	Books	4	0
US	R2LQ8C25M0N34D	0684874350	Books	5	0
US	R39IS6JM6VV2NZ	0670451541	Books	4	0
US	R1T49MZNG1XOET	0684867621	Books	5	0
US	R1MAN9UHX1BDLA	0449002632	Books	2	1
US	RTI0KSQR45D2O	0345350472	Books	5	0
US	RZKTIGQKHF6IZ	0195073401	Books	5	1
US	R2JXAMR8MHHF2F	0553565915	Books	5	0
US	R3RVY8MH698GRH	0395645662	Books	4	0
US	R3GRFY7LFAGUUG	0684867621	Books	4	1
US	R1MCEQ89LUWFCX	0385493800	Books	5	0
US	R169OWF0OAT9KG	0385424736	Books	5	0
US	RHAR5ETH6L6W1	067101756X	Books	4	3
US	R2ZXZ52VMA7QZ5	0679459529	Books	3	0
US	R1R89BMEZ8MMQD	0385493800	Books	2	0
US	R38KQMPNRV8GXG	0553573403	Books	5	0
US	R14RBAXE46BZ6R	0679746048	Books	4	0
US	R1MRX01RN3ECYD	0380002930	Books	5	0
US	R2CFFL7N3OS4Z8	0140042520	Books	5	0
US	R1ZZGB76MQZQ8Y	0446364495	Books	3	3
US	R1KDUM8AMXG1OZ	0684867621	Books	5	0
US	R296I9M4QTNSK	0900652985	Books	3	27
US	R2IHD1M8DQ36J9	015650300X	Books	5	32
US	RKZ17C0GCOWXM	0141301139	Books	5	0
US	R23FRBSALW7HVP	0141301139	Books	5	0
US	R30CEATJIA4VNC	0684800713	Books	4	0
US	R2HRJE31F4WV37	0812550757	Books	1	5
US	R2EKS6ADPBR9FG	1573226521	Books	5	0
US	R2QBYNHQ1YPZ2W	0399143904	Books	4	0
US	R22Y8OS1OKT174	0380002930	Books	5	0
US	R3BRKAZGS341JF	0452277752	Books	4	0
US	RRIF6PX8BDE48	0590353403	Books	5	0
US	RJG55GHFY9ZEP	0590353403	Books	5	0
US	R1KUM05P5EOF0P	0385474547	Books	5	0
US	RDB2MAGXKXUHB	0684867621	Books	2	0
US	R1CXR6BDRU44JL	0887307280	Books	4	15
US	R3FKS8M73DUGAE	0062502182	Books	5	1
US	R93LQJYN9ETLC	0375707972	Books	5	0
US	R3L2D36U4ZXBIE	0140281622	Books	1	5
US	R15ALU2I5CS09A	0441172717	Books	5	0
US	RELWRLVIEQLRN	0876852630	Books	2	2
US	RLGPJZLO39BSD	0440131480	Books	5	0
US	R36AUT2XDNQ3TY	0385493800	Books	1	0
US	R31KO6WXW1NGNH	0684867621	Books	1	2
US	R8QS6Z2NCTEP9	0451452739	Books	5	0
US	R2AHPGMVAH3G6	0920668372	Books	5	1
US	R2ZQPET6I6H6PD	1573225517	Books	5	9
US	R2VJ0PN46WJKJG	0553011804	Books	5	0
US	R2KR0KX5CFLIZU	0140434135	Books	4	0
US	R3ISZUSL3V4WK0	0896760839	Books	5	31
US	R32P0P18Q9UE3C	0451191153	Books	5	1
US	R25WNR0PCYQ60W	0964385619	Books	4	0
US	R3V0K7AIJC4AB7	0553525964	Books	5	0
US	R3B8A104282QWX	0684867621	Books	4	0
US	R25AOPWXGLM7ZQ	0884271153	Books	5	1
US	RUR617NZBN46V	0880381736	Books	5	0
US	R35PID6TIB58EE	0684867621	Books	5	0
US	R2607IF12OCEFV	0393312836	Books	5	0
US	R2GI4QG4MLRNYR	0671027344	Books	5	0
US	RRKT9F8540634	0689815816	Books	4	2
US	R3AU6LSZTPBCZS	1567184855	Books	4	22
US	R39KJ4QDXEHEWW	0380973839	Books	5	1
US	R25S4D5JXO0VYB	0060930349	Books	4	0
US	R3V3CY4EJ2W6DY	0887307396	Books	5	0
US	R37NEJV5D1F358	0804106304	Books	4	0
US	R4WIBJXEBI8NX	0876855575	Books	5	0
US	R1AT9ZA7VWR8CX	0385493800	Books	5	0
US	R1PBORH2S6L04R	0684874350	Books	5	0
US	R21HJU0BWWQYVE	0553212737	Books	5	13
US	R1WDX3RNI1MMVQ	0876852630	Books	5	2
US	R7HGKE0L408LR	0385040253	Books	5	2
US	R17AXV6FXMFJ2R	0060168366	Books	5	0
US	R15OBTOARGP80P	0064471047	Books	5	0
US	R29GOD5N11LQFN	0140277447	Books	5	4
US	R2CGOHA9BIDNJ	006107327X	Books	4	1
US	REYOGGX5OCWOH	0440219078	Books	5	0
US	R1BO6E8BIHW6ZV	0880381736	Books	5	0
US	RELCFFOOM2JVH	0716703440	Books	5	34
US	R4AB32RVOO42Z	0684867621	Books	4	0
US	R1X9TZ0Y3ZL2I9	0385493800	Books	5	0
US	R40DUR5K9ZP0W	0374172897	Books	5	0
US	R3RLPIV4RSWJBN	0684867621	Books	5	0
US	R3V25VNRD06Q6K	0871137380	Books	5	0
US	R2ZBYC6YMI9MJS	0395754100	Books	1	13
US	RMYCAAJ3D0XCD	0964385619	Books	5	1
US	RF8XXTXR6MNL4	0446310786	Books	5	1
US	R389EJ5XSOPZYJ	0671510991	Books	5	1
US	R32JNAX6U8YUPW	0451169514	Books	5	0
US	R1J4C0CTKT18LF	0786703830	Books	4	38
US	RFEWHZ0QQG17Y	0553274503	Books	5	0
US	R166TDR8OYTO6Y	0606118144	Books	5	0
US	R3H5OTP3UQHYL5	0060277246	Books	5	0
US	R27UGXGYN0I4YX	0141301155	Books	5	0
US	R2PLRX6H3BU8GS	0871137380	Books	5	1
US	R27159DPJG0RHL	0871137380	Books	5	0
US	RQ6NL6LHLUQ65	0871137380	Books	5	0
US	R562W26E4V9UW	0812550706	Books	5	0
US	R2OEVOLU6HMLJI	0684867621	Books	5	0
US	R6SWCS5S8B4QL	0451450523	Books	5	1
US	R2SI2XJBGS4DA2	0465068359	Books	5	4
US	R240AZ1KAIV0VW	0684867621	Books	4	0
US	RLTVBIJ6ZIO7W	0684867621	Books	1	1
US	R1A48U4GKJ0J6K	0385493800	Books	5	0
US	R2LCKPZU025ZCD	006092988X	Books	5	0
US	R2LR1I9QX2SDB	0060900075	Books	5	5
US	R2OEJEQ6LGI97I	0671045857	Books	5	0
US	R33JGBUAN1DOG5	0380973839	Books	5	0
US	RLDWYOU0AT43A	0140177396	Books	5	0
US	R1ERZPQJ655E4A	0898159156	Books	5	7
US	R2G7LLS77ZVSUR	8429434852	Books	5	5
US	R2J0BIQ5KL8LAR	0446343129	Books	4	10
US	R1ZFKLOS8NGTOY	1573226521	Books	4	0
US	RNXLLUPCMYIDN	0425107469	Books	5	1
US	RPS29HE9BA78R	0385493800	Books	5	0
US	R2P8WSANBZHYGM	0380713802	Books	5	0
US	R6TO7T9UH3GBD	0060977493	Books	5	0
US	R12EY6UY4MJCZQ	0679735909	Books	5	0
US	R1WKMILH9OG79	0553108034	Books	4	0
US	R1LTX07I10A0F2	0385493800	Books	1	0
US	R1LN7PZT58RQ0R	0684833395	Books	1	4
US	R38BLO7Y40MHPF	0375408266	Books	4	0
US	R24VLL76BSQ4F2	0441172717	Books	5	0
US	R2501NKHRCFJ0W	0451160916	Books	5	0
US	RFQ1BFA91721D	0060931671	Books	2	2
US	R184MWDD6SMNW1	0553502271	Books	5	0
US	RH4GR5AJ190X	0684867621	Books	1	1
US	R1DYDQJFEJU0FP	0385493800	Books	2	0
US	R3SYCG35FLZ6Z4	0399143904	Books	1	0
US	RNSPHBP0CB4W7	0374172897	Books	5	0
US	R1PK2537FQPJC3	0930073193	Books	5	5
US	R3S9XJELU3K3I1	0684867621	Books	2	0
US	R3PNF91HT6A5YT	0380778556	Books	5	0
US	R2S2XXNBZMNT7J	0684867621	Books	1	1
US	R2BWAQLIBOK9G8	015650300X	Books	5	2
US	R34H0JFBH705D4	0876855575	Books	5	0
US	R23Q5T99HEIQM4	0380789019	Books	5	0
US	R1Y3NVXSYXD608	0385311400	Books	5	0
US	R39FQP1R972VD5	0553108034	Books	5	0
US	R34FEED2JRSTLG	0670881791	Books	5	0
US	R24K322RTQTN9Q	0062502182	Books	5	1
US	R1AH0XTPCH5Y6X	0684833395	Books	1	12
US	R2NNP2OH62TTUV	0684867621	Books	1	0
US	R1CWNT7L0IL1P7	0316921173	Books	5	1
US	R1Q5JCE23R43PO	0440224764	Books	4	0
US	R2X3PD8QRQB85U	0684867621	Books	5	4
US	R3D47A704HU2MM	0553108034	Books	5	0
US	R3MRUWA6WPLXA	0385483821	Books	5	5
US	R2N2ZDYBDWPRL5	0451160916	Books	1	7
US	R37I8NHG2YDUJ5	0684867621	Books	3	0
US	R1R2OBQECY7YSM	0844663662	Books	5	0
US	RGSO4IGFCGMTR	0380729407	Books	5	1
US	R3S9E8V8QSQC86	0684867621	Books	1	1
US	R18LBIY2YK48B2	0205191584	Books	5	0
US	R1EVPLOSPX0DJZ	0553502271	Books	4	0
US	R3BVHTGLMBA1C9	0553210246	Books	5	0
US	R1XKVP3Z4MGPTC	0385493800	Books	5	0
US	R1W46GDKD9CGIP	0380789019	Books	4	0
US	RXSA9PC682JE6	0195067142	Books	5	0
US	R1XOKYCI3D3BNM	0205191584	Books	4	10
US	R21XIVPIIWJRFV	0345350499	Books	5	0
US	R55PD4IKU5II5	0140177396	Books	5	0
US	RX0ANLNZWRJY6	0553573403	Books	5	0
US	RGPTK5FGENXVJ	0553275569	Books	2	7
US	R3DRWC4ZGVFP3R	0805023461	Books	5	11
US	RYSWN5RKZ2B9F	014028009X	Books	5	0
US	R32AU360QRT3A0	0393964582	Books	4	1
US	R3DJXUSWVNDBGA	0385493800	Books	5	0
US	R35UPI08YBO7BS	0312857063	Books	5	0
US	R1Q142QOAVW76V	0812505085	Books	5	0
US	R24U37DNPBBD77	0375707972	Books	4	0
US	R1XS6L0VVL9EC6	0684867621	Books	1	2
US	R1TWC3DIFC15HF	0375703241	Books	2	0
US	RQNE3TX8PXT2C	0380789019	Books	4	0
US	R2NOXU2SOBRWO8	0812550706	Books	5	0
US	R2D33ER3BXPE9K	0380977281	Books	5	0
US	R255RXFXUAS2RD	1563890119	Books	5	1
US	R9RX8MJ2A77H4	0684867621	Books	4	0
US	R2LFQAIMFYSZAZ	0553573403	Books	5	0
US	R1DKJ8K0RRDSMP	0385471483	Books	1	3
US	R223J7XHOK7KPY	0684800713	Books	3	0
US	R2AQTBLXZZW8OQ	1573921394	Books	5	26
US	RV9LRULCKUSWJ	1573226521	Books	5	0
US	R30WEGK732H2SN	0060976624	Books	5	1
US	R11181BY9AFJCT	0375707972	Books	4	1
US	RDY2C8LLUBAUP	0062513346	Books	3	3
US	R2WB1ZUTKIGVGQ	0684803356	Books	2	1
US	R1ERWZECQPWG33	0684867621	Books	2	0
US	R3GHRPUSHMS9HG	0375707972	Books	1	1
US	R1BR475EI2V4US	0517543052	Books	5	1
US	RLH37I39E1TEL	0553573403	Books	5	0
US	R287T07DCYL9W6	038532653X	Books	5	3
US	R3SWJ8ADLIGBA7	0060977493	Books	3	0
US	R3PQEKFR4R7CGF	0786113871	Books	5	4
US	R3MATVE443ZQIM	0915811774	Books	5	188
US	R1K5QNOWIZFLY0	0517122707	Books	5	0
US	R17598SJE8S8PU	0380973464	Books	4	1
US	R36WPR0MJQXC0H	0441172717	Books	5	0
US	R25PQBGTVW1REQ	0671510991	Books	5	1
US	R3Q7MDZX1C4BKK	0451160916	Books	4	0
US	R2XMXS59NENGQO	0805017305	Books	5	2
US	R2D0CXCMLK384W	0671799320	Books	5	1
US	R7NOM4N87BP5P	0590353403	Books	5	0
US	R5XZSUX8JPK6T	0684833395	Books	5	0
US	RB0AV00CMWC3P	0345350499	Books	5	0
US	R395P4BLBINZA9	068484267X	Books	5	0
US	R3I9IKE7QTV1T8	0345423496	Books	1	4
US	RZCPKLURMP7EQ	0375707972	Books	3	0
US	R15JWGMLJJEME1	0786112328	Books	5	0
US	R3P6NHDDVU1SJ2	0767903811	Books	5	1
US	R32OIS2K862Y4O	0671015206	Books	4	0
US	R2ON4EWRL80SHR	0553573411	Books	5	0
US	R73836Z9004PI	0060263865	Books	5	0
US	R1XYQEKR971VD8	0684874350	Books	2	0
US	R3JLOUQNNCREHT	0062502182	Books	5	0
US	R3GNWYSB0UA4WK	0684867621	Books	5	0
US	R2QFT31H0CFYTJ	0684833395	Books	5	0
US	R2EJWNOJ6T6OD7	0671867369	Books	5	0
US	RCCL58J1GQYNQ	0385484518	Books	1	2
US	R3OO7YKT083815	0205191584	Books	5	3
US	R30IJO258HQ1O1	0898159156	Books	5	5
US	R216PTSOLUWGN6	0385493800	Books	4	0
US	R19A45RZY3HIZ6	0316236446	Books	5	10
US	R34SXQC2JJHQW7	0679882820	Books	5	3
US	R23XKI3E7NTPPJ	0060977493	Books	5	0
US	R2Q25IDEY70WKA	0684847248	Books	4	0
US	R1HVN84LRF7777	1573226521	Books	2	1
US	R3SES6FOXCNXDK	0393307050	Books	5	0
US	R1NEK0TJ6R641V	0684867621	Books	4	0
US	R38JX0FPUZ1Y50	0380973464	Books	4	1
US	R1958TY9D17M2J	0767903811	Books	5	0
US	R2Q6KTLTXV5POO	1560100842	Books	5	2
US	R3LIQMVZ8BDFN7	1558216340	Books	5	4
US	R1MFGU5JO9DWP0	0767903811	Books	5	1
US	R257LZC2HH2AQC	0812550706	Books	5	0
US	R3FTPJQG56OQ0B	0767903811	Books	5	1
US	R2Y05Z4M4R4UI3	0684867621	Books	1	2
US	RN97BIZ2UPX2G	0812548094	Books	5	0
US	R6AZXWY17PRNO	0316548189	Books	5	2
US	R29FUP2O9TYDHO	0385493622	Books	5	0
US	R1IC0O1597GREH	0451196716	Books	5	1
US	RUSH22UH103UR	0671502336	Books	5	0
US	R1AQBSAP1I91LJ	0684867621	Books	4	0
US	R3418HW06N25X6	0684874350	Books	5	0
US	R2GP9I8K685GA7	0374172897	Books	5	0
US	R26UAM1N8W95Y3	0451191153	Books	5	1
US	R3224B0CZ3OC24	0553278223	Books	4	0
US	R3O59SLW9HARY7	0375707972	Books	2	0
US	R3BNF8WZ2NEUAK	0399143904	Books	2	0
US	R3FLT3IGG7U50M	0964385619	Books	3	1
US	R2NJHFAZ4PMW5H	0060977264	Books	5	0
US	R2HKKOD0Y0YRF5	0375707972	Books	2	0
US	R122WWYL8TUH2J	0062502182	Books	5	0
US	R1VD5XWGQEH4SH	0385484518	Books	5	1
US	RJNXFC40Y1JC4	0345363132	Books	5	1
US	R1YSHFFSN1TFQO	0060977493	Books	4	0
US	R2IBDAK92111LT	0375707972	Books	4	0
US	R16CYLU98OZS7V	0136879721	Books	5	6
US	R1SBE7KLTVZ0O8	0670880728	Books	4	0
US	R18M4LYXMFRK8G	0451191153	Books	5	0
US	R1KMR69BTSF7E5	0380973464	Books	3	1
US	RPIK9ZI25SR5D	0671015206	Books	5	0
US	R28880V61VUMRX	0385493800	Books	5	0
US	R1LEDTSIAS8B63	038532653X	Books	5	1
US	RL2EH8EYOC0T3	0385493800	Books	3	0
US	R14YGOX58QKOLG	0060277246	Books	5	0
US	R1JNI8S8FT48U1	0553213105	Books	5	0
US	R2IUM8B8JXGPRK	0684867621	Books	5	0
US	R1YZ1RAH1LLPMS	0440539811	Books	5	1
US	R4L8Z7ISBREA5	0920668372	Books	4	1
US	R1O1IVMPJZ16CZ	0964385619	Books	1	46
US	R2BUGXIOLFAIKT	0312853238	Books	5	0
US	R39X8K28WRN3EQ	0316921173	Books	5	0
US	R3PEG66TEZYSLE	0375707972	Books	4	0
US	RM1BT5A1V7PFU	0374172897	Books	4	1
US	ROFO77VEMFZGQ	0375707972	Books	1	1
US	R6PJKHTCLR3PM	0064400557	Books	5	0
US	R3A94G7YOBHL0Q	0375707972	Books	4	0
US	ROR1RB5U272XF	0060922583	Books	3	12
US	RVVJWUM4FORX6	0671027344	Books	5	0
US	R3OQKY1ESB9ZMU	0684867621	Books	5	0
US	R3M6QK5H1AW0GB	1567402275	Books	1	3
US	R3KBOKYRSDI81N	0486282147	Books	5	1
US	R2QM4H2F2BYTTZ	0684867621	Books	5	0
US	R344O1QIZ8O6Y2	0684867621	Books	5	0
US	R31PFDYON2Y2RR	0375707972	Books	2	0
US	R3QMMW8C9T36ZC	0590353403	Books	5	0
US	RFHLHX31YVX47	0590353403	Books	5	0
US	R34E1YHXIJB71Q	0448060191	Books	5	0
US	R2YP0Y7Q7VIURR	0884271153	Books	5	1
US	R1MV7ISFCRKNWH	0684867621	Books	1	2
US	R1LNM7TBUCITKL	0451196716	Books	4	1
US	R3BRK0MEJHLT5I	0553573403	Books	5	0
US	R157M9BGN3K6ZQ	0440211727	Books	1	16
US	R39R05IAEDFIU8	0440214041	Books	1	2
US	R18FXNJW4APFQO	0312853238	Books	5	0
US	R371JIKJHY5SV3	0441172717	Books	5	0
US	RTV6N9CM1SRB	0312853238	Books	2	0
US	R2UXIBAHBZMTXW	0515125024	Books	1	7
US	R24QPQW1L82HQE	0375707972	Books	5	0
US	R2MM6N6G55XKRY	068815333X	Books	5	0
US	R1EWR9BIBZ4BXC	0316286869	Books	5	0
US	R2CAKQCZFO2C2	0060977493	Books	2	0
US	R6WTLG7X1YDTR	0606050647	Books	1	2
US	R3G1GSNA239A0A	0380973464	Books	4	1
US	R3TX5B4YQB39RM	0553108034	Books	2	9
US	R1L6OW4939GCZZ	0671015206	Books	2	24
US	R1KBQ3FOP331NA	0679457313	Books	5	0
US	R1G6T1M5LEYZ96	0553275976	Books	1	13
US	R21DG0KNRWPCIR	0060235152	Books	5	0
US	R1K90WF340YD2F	1878424319	Books	5	1
US	R3K7AX06MCSETU	0684833395	Books	5	1
US	R3LNUP7EBJ8CH5	0345350499	Books	5	0
US	R36BQDBVOIZFGT	0671004107	Books	5	1
US	R1I900BHMIZJ8T	0374172897	Books	5	1
US	R2H98OB6SFM9E3	0385493800	Books	3	0
US	R274XN6NPZ801J	0393317552	Books	5	1
US	R26JQFTCHJ3TJ3	0385491026	Books	5	0
US	R327TPZ6VCD4DX	0060930349	Books	5	0
US	R39HQ7WGQ4OD8O	0684867621	Books	2	0
US	R36UAGWD6V6TP6	0609603086	Books	1	0
US	R2AYNQ4HTE26DS	0880790121	Books	5	6
US	RCX481S6SMYXV	0553562355	Books	5	4
US	RXEOZA3I65QZD	0385493800	Books	4	0
US	R26JNFB1NNYH9Y	0812548094	Books	1	9
US	R1HJXLI3A2ZM9C	0590353403	Books	5	0
US	R21XIYJG18MB95	0380973464	Books	4	2
US	R2FXWI7ZWXMGR4	0345350499	Books	5	0
US	R2EMJUEM1JGJRC	0399143904	Books	5	0
US	R2AHHO2RBMW9TG	0880381736	Books	5	0
US	R1523RA8N2DBLH	0385486804	Books	4	1
US	RDIBTL54G4HTP	0393312836	Books	5	0
US	R3IP1GRBH7S1E0	0385484518	Books	5	0
US	R1VP3L3BG5OT48	0440219078	Books	5	0
US	R1KM5HTJ0KKLIJ	185984054X	Books	5	10
US	RB29MZDO6JWQM	0060930349	Books	5	0
US	R3FM9QSLSSE69	0684847817	Books	5	0
US	R2ZQ6W73Q9J2FN	0060925000	Books	3	1
US	R2IUVBKG3T62QP	068483605X	Books	5	0
US	R1LEEJV8R5MTRQ	0140277447	Books	3	14
US	R3PVF3QXZWW26N	0684843749	Books	5	1
US	R3FNKV3G3SRQNO	0374172897	Books	5	0
US	R5JVCRCX0GLS7	0684867621	Books	5	0
US	R2F6N6PYXIWCU1	0684867621	Books	2	0
US	R17QYV35ZSVZKT	0140501711	Books	5	6
US	R3C6KUCU8BGV7	0451452739	Books	5	0
US	R157YIL4DWI8VP	0684867621	Books	1	2
US	R2W65O48PTOJXX	0316779237	Books	3	1
US	R2FH87Y83OIJD9	0684833395	Books	5	1
US	R3I9RWWL11CE59	0375408266	Books	1	1
US	R2DOVVR48CDA2K	0684867621	Books	1	1
US	ROKH5EZAPO3AM	0671449028	Books	5	3
US	R18VNFQ2NO8G62	0451167716	Books	5	0
US	R1UPSNUKQ6UZG6	0802130208	Books	5	1
US	R2OTMBBGFYCJJQ	0670880728	Books	5	0
US	R3T8IORB1GBLFC	0451191153	Books	5	0
US	R53ZWA99X73N9	1563523302	Books	3	1
US	R2IH0PUXHSX32W	0684803356	Books	5	1
US	R37V42ECI1MMH0	0380973464	Books	5	1
US	R1GZ4PCW6C3M47	0375707972	Books	2	0
US	R3QXFSM5MXU3WV	1573225517	Books	2	1
US	RJFJNUDQAMP8V	0380973464	Books	2	4
US	R34ET4ZQXRTWXM	0380973464	Books	5	0
US	R1LBGVQHANGIBQ	0823016285	Books	5	9
US	R1YDLK69RHYWPP	0684867621	Books	2	0
US	R2UDR41530J5XE	1885283148	Books	5	3
US	R9FJO9HJLFNVU	0385493800	Books	3	0
US	RC5ZGH7SEGBXE	0385484518	Books	5	1
US	R6BSG70U4P5YO	068815333X	Books	5	0
US	RMAKJ8V4D4VX2	1573225517	Books	4	0
US	RJ2NIHQ3AD38E	0688170528	Books	5	0
US	RVUEPHXLT6WX7	0684867621	Books	4	0
US	R2GL6RVLR4QST4	0312084986	Books	5	1
US	R23R5QX5Y5GI7L	0316152196	Books	5	0
US	R3GL9WQK83RGIC	0399143904	Books	5	0
US	R3OFNMEQHXYI30	0684867621	Books	3	0
US	R3PU6ZIXO0RVVU	0062502182	Books	5	0
US	R31APCOKOST5IK	0688170528	Books	5	0
US	R1HMOX8PL67NZR	0451191153	Books	5	1
US	R1YV3CPRZLV6MF	0875845851	Books	5	5
US	RYVL749A7ORW1	0060916540	Books	3	0
US	R2E4BVX155PBZG	0385493800	Books	1	0
US	R15XTV1KAZC5YI	0399143904	Books	2	0
US	R2ZTDJ1ZV9AJN5	0553573411	Books	5	0
US	R3LWH9W7RT1ZZA	0425132153	Books	5	0
US	R1Z0X32NMMF898	0374172897	Books	5	0
US	RC8E4Q7BQB1SK	0440219078	Books	5	0
US	RJPFKXCRQX0D2	0060920084	Books	1	10
US	R1X6QICB075VNH	0684867621	Books	5	0
US	R1ZNRPJ0J9LFXS	0671721720	Books	5	31
US	R3VSVIZHF7WHOP	067101756X	Books	4	3
US	R1GVQKS8VCWVYA	0380002930	Books	5	1
US	R1VRKOV0BPNQXB	0399143904	Books	5	0
US	R2I6U9G9VODZ4Z	0553108034	Books	2	8
US	RG2TN2N4FR2MG	0380002930	Books	1	3
US	R3HB4ECV13J6WU	1573225517	Books	5	0
US	R2N38IZ9MRFLEG	0451188470	Books	2	0
US	R1RF51NCLP8T33	0871137380	Books	5	0
US	R2CDW1P26NXHMK	0061053430	Books	5	0
US	R3DE3SGXCET6D3	0887306101	Books	5	2
US	R3VL03A02TJWJA	0553274503	Books	5	0
US	R2MO1M28SB9VRC	0671045857	Books	2	0
US	R3M5GZNPO0C74N	0880293667	Books	5	22
US	R1U35VHRX96VK5	1881273156	Books	5	1
US	R1D41Z2OVBBAE0	0671045857	Books	5	0
US	R2FRYY1XWVX32Y	0684867621	Books	4	0
US	RAJN1XNAP3PH2	0140434143	Books	5	1
US	R2R9JCQTRR7NUQ	0385493800	Books	1	0
US	R10PMU6QL9KNRX	0684874350	Books	5	0
US	R3GUE2GE2VY324	0380799006	Books	5	65
US	R25O7IED66NC0O	0440178002	Books	4	0
US	R148LMBRQ1VZ3E	0553062182	Books	1	64
US	R36IWQPJASM27L	0880381736	Books	5	0
US	R3VZE1V0I22DE8	0871137380	Books	4	0
US	R27T0KJNEH48OZ	0380973464	Books	4	1
US	R2ATPX6NA24HSV	0380002930	Books	5	7
US	R2OUMQ34WYCJUG	0064431789	Books	5	1
US	R5QJ54K21HGEI	0375707972	Books	3	0
US	R331PNUDT2053K	0399128964	Books	5	0
US	RPQ4OUBZY0I1B	0380973464	Books	5	1
US	R2FWIP1G3Y4I9	0345410025	Books	5	308
US	R2OJ4NHEA9Q7SC	0060930349	Books	5	3
US	R63XUW06GXXCO	0684867621	Books	5	0
US	R1CY8SI2N9R95O	0930289455	Books	5	0
US	R282DKAH3JZE5I	0684867621	Books	5	0
US	R3PJCD8F06SNJ	0446605409	Books	4	0
US	R8LHHB003N7ZA	0385493800	Books	5	0
US	RDRENSCEA4SHG	0399143793	Books	4	0
US	R14R56TY9LG61S	014028009X	Books	5	101
US	R2EQF5H5ATKLDV	0553108034	Books	5	0
US	R3DVTNKSEXR8KJ	0899663036	Books	5	0
US	R34PAKBW59PHEP	0811821846	Books	2	3
US	RYSEX08DN9JQK	0060392584	Books	5	0
US	R3D68JJ2NZB36E	0140430350	Books	4	4
US	R10WT1LVPT6TPM	0525457585	Books	5	0
US	R3SBUT5Y141JRI	0880381736	Books	5	0
US	R2DTF61D84M0S6	0345428056	Books	5	1
US	RS8GWTRLR9DFB	0451196716	Books	4	1
US	R2CSKSMXKZLM8F	0451191153	Books	5	1
US	RWTUHXFGLB5WZ	0425129586	Books	5	0
US	R1SHMBJR50FYRQ	0553108034	Books	2	5
US	R3S6SM2NWTI99X	0553573403	Books	2	5
US	RV0L8WLPX2VUX	0679601686	Books	5	0
US	R18LPF0HOGECXW	0671891634	Books	2	22
US	R24MDAEMR46NRB	0679805273	Books	5	2
US	R1ID8HYLX2KGIT	0671027344	Books	5	0
US	R2DAJ0F9CYDXGS	0812550757	Books	5	0
US	R3K88U5843AOOU	0606001034	Books	5	0
US	R1YZ6FPCJTPDLL	0060916540	Books	4	18
US	R2VCXRBD0FJD0B	0385484518	Books	1	5
US	R3I19DNGEJ2HHX	1573225517	Books	5	0
US	R3VVHCE7Y2ARXN	1573226521	Books	4	0
US	R10LC3V3W20XJJ	0897500482	Books	5	1
US	R123AZT33YP92T	0156528207	Books	5	0
US	R33HG1PVGAIH0D	0380973464	Books	5	1
US	R37ZEK53KBEEJL	068815333X	Books	5	0
US	R1QS63MO63QE65	0061092037	Books	4	0
US	RXRB35JU9H0GI	0670880728	Books	5	0
US	RBPFURJ5CBXXZ	0670881791	Books	5	0
US	R2EWC85F6H422	0684867621	Books	5	0
US	R44J9DRHYG4MR	0440224764	Books	5	0
US	R3RQ56G7IQF3QJ	0515123447	Books	5	0
US	RPY0ETJBPRW16	0380973839	Books	5	1
US	RNB3OS82N1KRI	0684867621	Books	1	1
US	R3RZHSU16OGNR	0385486804	Books	5	0
US	R22YEWTTZ52UVA	0312199066	Books	5	0
US	R2VE5KVCAXP59Z	0385493800	Books	5	0
US	R5QQH7XYQ36OJ	0964385619	Books	1	24
US	R1EHNRGJS2EHXK	0385493819	Books	3	0
US	R381G7PG2ZJGUJ	068484267X	Books	5	0
US	R1D5T6Q6Z3N168	0140042520	Books	5	0
US	RUPFDKYSPCLFP	067144901X	Books	5	0
US	R24TDQEO07CRZK	0385493800	Books	3	0
US	R1V12KEVAX0S7X	0375707972	Books	5	2
US	R1GY1S2LQZS8RF	1567184855	Books	5	2
US	R2SF0YSP0M1BP8	068815333X	Books	5	0
US	R7DZ7J8QQ437M	0385482582	Books	2	1
US	R1CM99JC8U6C62	0140182829	Books	5	4
US	R1D1OUCC5JAB0M	1878424114	Books	5	1
US	R290H8NRPOLH5F	0375707972	Books	4	0
US	R2G3YXV8Z2L7JC	0375707972	Books	5	0
US	RI7B6A1ER0M0A	0060920084	Books	2	6
US	R2O9AZE6Y89UA9	0670880728	Books	5	3
US	RBUVDEPQ2LSC9	0684833395	Books	4	0
US	R3QLDJ2M46N8V4	1573226521	Books	4	0
US	R25BRQ0EP92MCA	055321263X	Books	5	6
US	R2HMY8ULHZ66KZ	0060977493	Books	5	0
US	R96J45OXXJPLY	0684867621	Books	5	0
US	RBLVZW7ZDGMUS	0441172717	Books	5	0
US	R3BARPYA9EBTG2	0399143904	Books	5	0
US	RTIUP5ITZ7I0Y	0060920084	Books	5	8
US	R2ALGF53BEW2C9	0440180295	Books	1	5
US	R12MV24A5YRIW3	0385484518	Books	2	4
US	R7TEO7YR8Z33C	044651652X	Books	1	23
US	R2T7E7V7K4F7Z5	B00004THO3	Books	1	4
US	R3UXNOPZP0G03G	0880381736	Books	5	0
US	R24737SRTIV9Y7	0964385619	Books	5	1
US	RSTAQCS5MYZP5	0553108034	Books	2	4
US	R3CDUU8R5F8DCM	0375707972	Books	1	0
US	R138PKXTWQSC9O	0670881791	Books	5	0
US	R2QGJJ6O9P9SJY	0553212478	Books	5	3
US	R3U0CCRHR6IO9V	0380973634	Books	5	10
US	R1AX04HXAODHBJ	0380973464	Books	2	3
US	R2VK26X3JNSAFD	0141301104	Books	5	0
US	RHDXUOULBZHI	0671015206	Books	2	1
US	R1Z63CE6KTT32E	0141301104	Books	5	0
US	R1CPZHG2YD730B	006016848X	Books	1	10
US	R1WF4S3OK3ZOT4	0385486804	Books	4	0
US	R2EZ7IAE2SLTM6	0060273224	Books	5	0
US	R3J3N7QI9BTR6O	0380973464	Books	2	4
US	R283ITE3G0MVOO	0380973464	Books	1	15
US	R29MP5QUS3FBP7	0486284735	Books	2	2
US	R1OM455O8Z595Y	0380973464	Books	5	1
US	R223BDLVH3C3VT	0380973464	Books	5	1
US	R1PS5RYRUF4F7N	0385486804	Books	3	2
US	R3BSDRUM1H6O7W	0062502174	Books	5	4
US	R3HCES7RRKNWYF	0380713802	Books	5	0
US	R14ZBHQK9V4AE	0553577123	Books	5	0
US	R25NOBD12Q0RDB	0553269631	Books	5	1
US	R4K3057VFNI1P	0316920045	Books	4	13
US	RDAKIIGAXKSXH	0385493800	Books	5	0
US	R3PAOQFPK8KX3D	068815333X	Books	4	0
US	RAQJOBQZQ6KC8	0385493800	Books	4	0
US	R2CZD1VC2Q5R1J	0593044703	Books	5	1
US	RJJ6WAXA69NGJ	068484267X	Books	5	0
US	R1VW1X452JINUT	0793518326	Books	5	4
US	R3RNLL643P51DD	0553108034	Books	5	1
US	R1CSGFRI3DHJWX	0060977493	Books	5	0
US	R305IE6FYRC17Q	0374172897	Books	4	1
US	RDACIRSGJIH0A	0679731369	Books	5	0
US	R22J89XZVDY1C9	0684867621	Books	5	0
US	R3L5WF5XCED3IC	0679457313	Books	5	0
US	R32T4K0E65K9M6	0553212443	Books	5	3
US	R3EJYY560G2FGK	0060925000	Books	4	0
US	R1DD34JS7A9AUK	0451523938	Books	5	6
US	R3KGWSDUL9PZIU	006107327X	Books	4	1
US	R3KS4GVVOGIPEE	0553573411	Books	5	61
US	RVKV9TQZMLUZJ	0060977493	Books	5	0
US	R2ML75AEW9RPYH	0684867621	Books	5	0
US	R68I8GORJO4XR	0684800713	Books	5	0
US	RKQFAKQNWE676	006016848X	Books	1	20
US	R3AURHVMUKCVZ4	0671015206	Books	5	0
US	R2GUJ5801RJNKW	0679805273	Books	5	1
US	RT0DYLHLFVET0	0380973464	Books	1	14
US	R1NNLUI55OZ21E	0375707972	Books	5	2
US	R1ZAHH00RQUYFT	1567405568	Books	5	0
US	RD3CMEQFXUHL0	0451191153	Books	5	1
US	ROLOAGA6UVAK0	0679731369	Books	5	3
US	RV9I98OYDVT1B	0670881791	Books	1	9
US	R8W0NL0HTRF03	0671015206	Books	5	0
US	R26FZH4VO2NZQ1	0553573403	Books	3	3
US	REHZRD7BOOEOA	0375707972	Books	1	1
US	R3R6QM09AM8LQA	0380973464	Books	5	1
US	R1U0KDHG4TEMBL	0684867621	Books	5	0
US	R2OXJSL6H6S5Y2	0451526279	Books	1	5
US	R3G7K06TW6S19H	0385493800	Books	5	0
US	R3UH74JBRF58KA	0802130208	Books	5	0
US	R1YAOSJ3WZ36P	0767903811	Books	5	2
US	RZGENDLDIEROO	0060931736	Books	5	13
US	R23UY655WTX889	0899663036	Books	5	0
US	RW0FGROMU0X2B	0064471047	Books	5	0
US	R8GJGQHA5AIJV	0375707972	Books	1	0
US	R38FFB6HGX6V5V	0553212737	Books	5	2
US	RLEWK62AYC6F3	0380973464	Books	4	1
US	R2X5IHS51YEDJP	0805017305	Books	5	1
US	R1D1HQH8YK5W7W	0375402675	Books	1	0
US	RHSY4YCZWKZV5	0399143904	Books	3	0
US	R22M851KXBJSL7	0553108034	Books	3	0
US	R2Q6GEG31420N3	0060925000	Books	5	0
US	R13D3O47N6U6LQ	0920668372	Books	5	1
US	R1XMFOSQZ528BX	0399143904	Books	5	0
US	RPI4P0JKERJET	0140182829	Books	5	11
US	R2QPSP86I500G9	0375408266	Books	1	0
US	R38YXAZOKIBKSU	0517122707	Books	5	0
US	R27HKVW4J84Y9M	1881273156	Books	5	1
US	R20PWBYN0UBCEP	0964385619	Books	5	0
US	RLKT8RWTD6QJ1	0451169514	Books	5	0
US	R1MNLHE4K5RFRT	0385493800	Books	5	0
US	R1DVUWC18I4XPX	0553573403	Books	5	0
US	R200I7TUNGF0YH	0679735909	Books	5	5
US	R1P9Q6K63DMVBS	0316286869	Books	5	0
US	RP8Q5RA90K883	0553275569	Books	5	2
US	R3DPW3TFIBY9N6	0425107469	Books	5	0
US	R37MZ1V6FKE86	156895557X	Books	5	0
US	R2CCXJB1CHRVJX	0375707972	Books	5	0
US	R1OGX3T59ZGHVK	0345350499	Books	5	0
US	R33U64VD2N9WO9	0340738448	Books	5	3
US	R1DADDO6BHULF9	B000002MG1	Music	5	0
US	R18624AI9PONAH	0156528207	Books	5	0
US	R1UUWBQOVLSTIN	0805028846	Books	5	15
US	R36M0H126DETW7	0425107469	Books	5	0
US	R1ZERH1AC75U47	0140281622	Books	5	0
US	R1GXGUAW3XYZZO	0964385619	Books	5	2
US	R288DOT4WFKJYW	0380973464	Books	4	0
US	R3T5OBVQY8298S	0393317552	Books	3	2
US	R2PJ1X8QFVHMXV	014028009X	Books	5	0
US	RXY1Y6SAFC9P8	0684874350	Books	1	5
US	R17D5KTYVRHSL1	0380973464	Books	3	2
US	R124QI2L743THZ	0802130208	Books	5	0
US	RNW35NTF9XABS	0064431789	Books	5	1
US	R2OEDRGNNBJLW	0060920084	Books	5	0
US	RIJ5ERF36P9T4	0156528207	Books	5	6
US	R20ZA12TBN2KV7	0030853222	Books	1	41
US	R1S97KR55R4E1H	0393317552	Books	5	4
US	RT16Z29IU6TAL	0871137380	Books	5	0
US	RBS9C8B7P7OCG	0670880728	Books	3	0
US	R2KXKQI2FB260X	0452273331	Books	5	1
US	R2KJ671CHVSAU6	1881273156	Books	5	1
US	R12UKT7XH3HY7R	014028009X	Books	5	1
US	R1WYC7Q2NU71YK	0517122707	Books	5	0
US	R1C3TKAKFOIO0W	0671027344	Books	5	0
US	RUX1U6B0GXRAF	014028009X	Books	1	2
US	R19MKEP0ZNMX4M	0679428887	Books	2	2
US	R1RQF01CNV7S6Q	0375701427	Books	2	8
US	R287PLWLQYGJW0	0061092037	Books	4	2
US	R151UBR9W82X0Q	0688156819	Books	5	0
US	R3H453GC8S5BEG	1573225517	Books	5	0
US	RV618YEB2K1MA	068484267X	Books	5	0
US	RAGP60RW66OCB	014028009X	Books	5	0
US	REG0F3YROHRNX	0375707972	Books	3	2
US	R2VW23NG0PPKQW	1564029654	Books	5	3
US	R3VKCYLQNXEQ7R	068484267X	Books	5	0
US	R29YAKBVKV9VG2	068484267X	Books	5	0
US	R2PJ3VTHPCND7S	0156528207	Books	5	0
US	R14DTMX92B5SMK	0425170055	Books	5	0
US	R1NJWQD7793WGG	068484267X	Books	5	0
US	R2D49SBX26B1LC	068815333X	Books	5	0
US	R1L9OEDOBGO6RP	0061092037	Books	4	0
US	R2A87TQD7FFWIZ	0679805273	Books	5	1
US	RBXAZ8CZYJCMD	0385493800	Books	5	0
US	R1VQ0YQ6FI9XBD	014028009X	Books	1	6
US	R228KNHWWG87Y0	068484267X	Books	5	0
US	R9WJOK18QTNC2	0380002930	Books	5	0
US	R3QQHVRN5ZXEEV	0875845851	Books	3	5
US	RL71UTJNQ4CGQ	0446310786	Books	5	1
US	RSFUMRC040HYT	0451196716	Books	4	2
US	R1YAH5M280QRQ6	0451167716	Books	5	0
US	RACSQ1PABU5A7	068484267X	Books	5	0
US	R7RNFET3UJED8	0679746048	Books	2	3
US	R1MYE3T9UV1FAG	0156907399	Books	5	5
US	RL6ZO4EKI2RPX	0590353403	Books	5	0
US	R2R3B6PUEMNKCH	0385484518	Books	5	0
US	R1VR7MZ06DMOGV	067101756X	Books	5	3
US	R7SNZH2RNNWXB	0440131480	Books	5	0
US	R3GBI1MPJSSWGY	0312853238	Books	5	0
US	R3LMU1PATZ4ORU	0440539811	Books	5	0
US	R29VNH71M3L4SP	0789302691	Books	3	0
US	R5JG3DJP20MVN	0679745203	Books	5	1
US	R2GYWSRFWUKKPT	0684867621	Books	4	1
US	RJV3U2R1FMCJZ	0345423496	Books	3	0
US	R38IW1BKD18NDP	0141301139	Books	5	0
US	R8227TQ554DMK	0896762173	Books	5	29
US	R3TJM2CFXDCFVE	0374172897	Books	1	10
US	R1K926RFGIR54X	0141301104	Books	4	3
US	R13QX5CJZB12BJ	006016848X	Books	1	38
US	R2XHVAM6RXSD0J	0385473788	Books	5	0
US	R11CLIAW2S0B1X	0446310786	Books	5	0
US	RYB6DTWZ7WYGK	0875845851	Books	5	0
US	R1ZNTG9BBXO8D1	0380973464	Books	4	0
US	RORY50ZB2QW6	0025002007	Books	5	0
US	R1ETQSO4RI1F61	0553296981	Books	5	1
US	RMISVFR2SX87A	0446310786	Books	5	0
US	R1OXD9K5NRIDAA	0312853238	Books	5	0
US	R3BZO8JYHN0B89	0385484518	Books	5	0
US	R25COY3XXQG260	0375707972	Books	2	0
US	R1NDQJ213GSWWT	0380715430	Books	5	1
US	RX9OOUVN7E2R	0517053616	Books	4	3
US	RZ1J8FJ6A65CC	0375707972	Books	4	1
US	R2EKYO5JYMFFCX	0441003257	Books	5	0
US	R23KBSERFZEJ88	0440219078	Books	5	0
US	R3QGRX2MXFWWTY	0375707972	Books	3	0
US	R21HKWEHN930L8	0449227421	Books	1	0
US	R4536BG4X7FPD	0679428887	Books	1	8
US	RU0Y9HHT2Q4ZB	1878424319	Books	5	4
US	R1P5EZ4X9SUZCN	0887306667	Books	5	1
US	R321MD3T53KO67	0446310786	Books	5	0
US	R19PPVF0PTYM2D	0553278355	Books	5	0
US	R195JLE7HCWU73	006016848X	Books	1	9
US	R3O8MIQZT09Y9F	0449911357	Books	5	0
US	R31XSGWBPEJ1EU	0380730405	Books	4	0
US	R17AJL690CY6QO	0446310786	Books	5	0
US	R3E9J9E70EYNKY	0684833395	Books	4	0
US	R3D5O3UK5WOTUS	0899663036	Books	5	0
US	R35TYB0RR915NO	044022165X	Books	5	0
US	R1UV8S1WRSXO3R	0451452739	Books	5	0
US	R3F9EU65UI4Q05	1563890119	Books	5	0
US	RV83KATK3T3MA	068815333X	Books	5	0
US	R1JUUFA0LJY8I9	1573226521	Books	5	0
US	R16B031LXJ7O6Q	0380973464	Books	4	0
US	R12CLJJZJ8VXGH	0684803356	Books	5	0
US	R38LQJNRPZFU9J	0345350499	Books	5	1
US	R2PRQPDLMR1KCI	0440217563	Books	5	0
US	RHG8BM06I8DII	0553573411	Books	5	0
US	R1VPI6AQG1PJXA	0684833395	Books	5	0
US	R1EKABEX13EJ99	0553277472	Books	5	2
US	R1U0H4APWFPKS5	0140186409	Books	5	0
US	R23EH6LNG5L49	0375707972	Books	4	0
US	R2MV4G322PRTDI	0380973464	Books	3	1
US	R2LF4BASUMCVO3	0140328726	Books	5	1
US	RBE9K37NUDQP5	067101756X	Books	4	2
US	RFG5YRFZ72V2X	0684874350	Books	5	0
US	R26OFKGZ6PK3AP	0385474547	Books	4	0
US	RKJI3T7E6R2AZ	0385474547	Books	4	0
US	RPNVXAA1LKT5S	0440219078	Books	5	2
US	R3MUJ5S19DY4NS	0451198670	Books	4	1
US	R2TRZ0LM8O49KN	0345350472	Books	4	0
US	R2O5GCCYDRNSLZ	0062515675	Books	4	4
US	R1SDIB281W7KPB	0393314804	Books	5	0
US	R25G658LJRWD56	0930289528	Books	5	0
US	RI7I2FEV9QFWK	0440539811	Books	5	1
US	R388BC2MWQLM62	0060171936	Books	5	0
US	RQ44G8V0T4JG0	0380973464	Books	3	0
US	RCHKWOZ46EHB7	0446605409	Books	5	0
US	R2HUL6GZW4CQW0	0375707972	Books	2	0
US	R1XTFVS67311HX	0899668380	Books	5	0
US	RUNG7CQ20P6CP	0446604844	Books	5	0
US	R2T11HBDA0YGM8	0897500482	Books	5	2
US	R2P1YF8Z3PXSS6	0451169514	Books	5	0
US	R30BRDIZ74KYPO	0767903811	Books	5	2
US	R32WEOCT064FN2	0380002930	Books	5	0
US	RA4T79VQV1JJM	0393038912	Books	5	1
US	ROPQ0TQ5KB0G9	0385493800	Books	2	0
US	RC4KZNQFI4MS9	0553573403	Books	5	0
US	R2RNBMXHT1DZ6A	014028009X	Books	5	0
US	R1RP1Z4RWSEE0Q	0393317552	Books	3	1
US	RXPI6KJA1Q14I	0553108034	Books	5	1
US	R1D9M03H5E4PY	0679722610	Books	5	2
US	R2BZQ6TM6UN5DC	0684867621	Books	4	1
US	R230ULN1U8YD16	0684867621	Books	5	0
US	RU30IGK176UIL	0380973464	Books	5	0
US	RJGB9JHWPKG95	0688172377	Books	4	0
US	RPMFNFYBVUYS6	038533348X	Books	5	0
US	R38JEP5B370MVB	014028009X	Books	5	0
US	RTBCAONA2OS55	0060925000	Books	5	0
US	R2187OC8LYHHVH	0812550706	Books	5	0
US	R1I9U1G3OE8SOP	0060975768	Books	5	1
US	RIGGDTY91GNLR	0156528207	Books	5	6
US	R2E1LL8CCIENI	0399143904	Books	1	0
US	R3I4Y1DDTRLI15	0767903811	Books	2	1
US	R27OQYEEBXBHE0	0670813028	Books	5	0
US	RRYVL5TRCHY6K	068484267X	Books	4	0
US	R2V4V8QQSQN5LA	0380973464	Books	4	0
US	R1Q39VNFDJ7LUX	0385493800	Books	5	0
US	RG7T8PNLC65R1	0385493800	Books	5	1
US	R1RER618ALWGPK	0671015206	Books	5	0
US	R27D0DDVKPUZGZ	0804106304	Books	5	0
US	RPWX94SS19BXO	0385493800	Books	5	0
US	R12H31W82RPFF7	068815333X	Books	5	0
US	R73ZWRJR6MNUS	0385493800	Books	5	0
US	R1ZVLLDQJ7MIED	0446364495	Books	1	4
US	R1VBZSQY95I3P5	0670881791	Books	4	8
US	R35A6Z3ZV4UMRA	0140277447	Books	2	55
US	R1VSB4JBE6BE8C	1573226521	Books	2	2
US	R3BSFC85GYPO09	0395645662	Books	5	0
US	RLSWY33XH3W6K	0140042520	Books	5	1
US	R35K481TF8BNC5	0425156842	Books	4	0
US	R1WP4RKNJQ2Z86	0375707972	Books	5	0
US	R25EJLZ6GGZP7E	0060925000	Books	5	1
US	R1CT03YZYRHMPY	0671576089	Books	2	2
US	RNO72R31QAART	B00000IGGA	Music	5	1
US	R1505Q0BG9UPTD	0395389496	Books	5	4
US	R1V40IUQS76IGG	0553274503	Books	5	0
US	R3OWF792FCVVMR	0871137380	Books	5	0
US	R13QJOORDGK9MF	0451188470	Books	1	1
US	R141MWHDMKCZSD	0393314804	Books	5	3
US	R1ZRE25TQUUJI6	0385493800	Books	4	0
US	R1KV3MLD8PTYLP	0393312836	Books	5	4
US	R335XDEA8V9QFD	0446343129	Books	5	9
US	RRJ14N6UF3CQR	0671027344	Books	4	0
US	R3UG6R51ZN46OD	0399143904	Books	5	0
US	R27N49XWHX9LQ8	0671015206	Books	4	0
US	R2TR1QOM73KOHG	068484267X	Books	5	0
US	R3W2DKQZ4U7028	006017322X	Books	5	0
US	R3K12CPL2DBKS1	0385482582	Books	4	1
US	R2UOIQE9RRHQE	0374172897	Books	5	12
US	ROCEI7FSIUC23	0375707972	Books	4	1
US	R2NB1G5ULCASQC	0812550706	Books	5	0
US	R3J8FTWW88AN8J	0684800713	Books	4	2
US	R1SQ7NTUZIRX3V	1573226521	Books	5	0
US	RTUXPUQCW01KA	0385493800	Books	3	0
US	R3S4QX8KQVD2TV	0385493800	Books	2	0
US	R3HC3ASNR3GT1Z	1573226521	Books	4	0
US	R2TA9V50NN3QX0	0374172897	Books	4	3
US	R1NX3AUHEBSON3	0802130208	Books	5	0
US	R1IVXXUNNSZW9R	0805054375	Books	5	0
US	RCHIS4G1JR0Z	0064400018	Books	5	1
US	RN4Y5VB8PV541	068484267X	Books	5	0
US	R3OXVUN2YTI5M4	014028009X	Books	5	0
US	R9RZR92JN1XAO	0805017305	Books	5	3
US	R1J1GX3TZ09MN6	0141301066	Books	5	10
US	R1JTTRT0FEZW8T	0553269631	Books	1	11
US	RUZSC0WFKJDE3	0060916540	Books	5	1
US	RV87E3VB1HICO	0380973464	Books	5	0
US	R2FKWL1EU9CXB8	0802130208	Books	5	0
US	RIVMXTK2OXHNW	0812550757	Books	5	0
US	R3E326PM53ZQMB	0684843749	Books	2	9
US	R3AJ28T5B9XBHD	0553278223	Books	2	2
US	R1KC9TSO6FB7J8	0312853238	Books	5	0
US	R2XBM0FAN9ST8W	038532653X	Books	5	3
US	R291U8UKROY4N7	0060977493	Books	3	0
US	R1P0LH7F80EF9J	0060976624	Books	5	1
US	R3V7PBOL6MGWJ6	0425107469	Books	5	0
US	R2A66CYAI8RH4Z	1567184855	Books	5	3
US	R2NAW7QVECIT0O	068484267X	Books	2	0
US	R1MO0WIQ2FSJOL	0380789019	Books	4	0
US	R3GSU0LNY33I2A	068484267X	Books	5	0
US	R364Y87X4RB7OT	067144901X	Books	5	0
US	RR9RQSR4HTH3X	0385493800	Books	5	0
US	R3PG3XLRAT1B9X	0553278355	Books	4	1
US	R29B39XUH9EGUN	0679890475	Books	5	0
US	R3W2PFOPJR75D	0670888443	Books	4	2
US	R2PWRLT68EN822	0793518326	Books	5	5
US	R3U81K0FD07TO9	0399143904	Books	5	0
US	R2GT2ZZ9YF0EMX	0446605409	Books	5	0
US	R3BI6G1PNE4YVL	0887306667	Books	4	0
US	R2UL9JIPS47KVW	0393307050	Books	5	2
US	R2PO8Y7AU8STIF	015626224X	Books	5	0
US	R2NIYZC9GUNIZH	014034294X	Books	5	0
US	R21WT5YADBT2IA	0062502182	Books	5	2
US	RJKN99E0A5QH1	0345350472	Books	4	4
US	RH1L4Q0OH152D	0345423496	Books	1	7
US	R12NZHRUAWAKYH	0385484518	Books	5	0
US	R3EZCCIN0ZQF5L	0316152196	Books	5	0
US	R4C34H61CZDTT	0684867621	Books	5	0
US	R2EBUD1T88BANE	0380973642	Books	3	2
US	R1GPXUQVTCS1PY	0553108034	Books	5	0
US	R3JINNU3QKYF45	0553266306	Books	4	0
US	R3TQFK3DNTI5I9	0571137245	Books	5	2
US	R10E5LJWQXDDKD	0446364495	Books	3	2
US	RA0GSEPSMU1JF	0201633612	Books	5	1
US	R2EKF1Q6AZXTBH	0876852630	Books	5	4
US	R3QHHDVPHIJBFW	0449002632	Books	4	0
US	RB7ULRLW38CCL	0879516410	Books	5	7
US	R3FZKV0TW5ZD77	0380789019	Books	2	5
US	R3A2587PISJSS7	0871137380	Books	5	0
US	RLB752VBEWPVI	0380973464	Books	2	7
US	R3JPXD1DHCSHB2	0553269631	Books	1	0
US	R3EED4F6OLQPJO	0684830515	Books	5	1
US	R1XJ42PAUG84MO	0899663036	Books	5	0
US	R3AX2QNNGZLYS1	014028009X	Books	3	1
US	R46VPUUK4WG6K	0679777547	Books	2	1
US	R16GIDJ680MSGQ	0374172897	Books	5	1
US	R3D2V3215LC8W4	0375707972	Books	2	0
US	R1MKJD732SIAJG	0393316041	Books	5	0
US	R2725DNC48G8SJ	0385493800	Books	5	0
US	R1425MAWX1ZYUO	0380973464	Books	5	1
US	R1WX0VXM15L19L	0553296981	Books	5	0
US	R2RDKSKLCQUMYI	0345423496	Books	1	1
US	R3V0PRQM68M2WG	0679720200	Books	5	0
US	R3DV2UYG9SC38G	0395860210	Books	1	2
US	R3JTRHACDOENKO	0380973464	Books	5	0
US	RVEHDAG1IUZZ1	0684874350	Books	5	0
US	R1NIICXJF4DVMT	0688002307	Books	5	0
US	R2NJ7H4MTHGC8H	0385334206	Books	5	0
US	RQ371YTD05VIU	0385493800	Books	5	0
US	R9IEVVAJUB65L	0060925000	Books	5	0
US	RU3VGTDGDNYQ5	0701103019	Books	5	3
US	R7S32MK137CFK	0553108034	Books	5	0
US	RW44JXR6UP3LP	0670813028	Books	5	0
US	R4V49090YV7CA	0060931671	Books	5	0
US	RL371I1M81XC3	0802130208	Books	1	4
US	R1MXAQTX1JN00S	0141301074	Books	5	0
US	R2S7JOVR4FT1HJ	0141301066	Books	5	0
US	RQEYCKF61JS3A	0141301104	Books	5	0
US	RY6N6SWUF9KRZ	0141301155	Books	5	1
US	R2SG04IAHTK2NB	0684833395	Books	5	2
US	R2R0R2K3SS7FPV	0684867621	Books	5	1
US	R1S64KAHBVNY9N	014028009X	Books	4	0
US	R29XL3X5THTXFC	0446604844	Books	1	1
US	R1IKOXG0SJ8GO7	0393312836	Books	5	0
US	R70L5WU827WOR	0609603086	Books	2	0
US	R1QCQ7W2HGVNWZ	0060930349	Books	2	14
US	RLMNO8KULLPKC	0792837983	Video	5	1
US	RMIEISCL23EEO	0375707972	Books	2	0
US	R3MS83N3BQ3TGT	014028009X	Books	5	0
US	R1IX7NKCGKL7CM	0425163407	Books	5	0
US	RN9J7RXOKZN2G	0375707972	Books	5	0
US	R14ZRHOCKI0RWI	0553269631	Books	3	2
US	R3FRV8T042RRN	0399143904	Books	5	0
US	R297SKAY5A9ZUT	0964385619	Books	5	43
US	R32YTRB4A9YP87	0380789019	Books	5	0
US	R32HT9H2FVKUV5	0425107469	Books	5	0
US	R1U87GTD7V2GM4	0553573403	Books	5	0
US	R1C56QB888G89B	0393038912	Books	4	1
US	R2F0GZR96CLL92	0399143904	Books	5	0
US	R39N6LKZG2S5SO	0385493800	Books	3	0
US	R3QD8CSYRZWNMI	0131103628	Books	5	1
US	R28NV5Z92B3RB	0590353403	Books	5	0
US	R11H63INKT3UPU	0141301104	Books	1	21
US	R16UVCWMM6DGOM	0345347951	Books	5	0
US	R3SZREWURVM9YE	0380973464	Books	5	0
US	RNGA6O8AEKO1B	0385493800	Books	5	0
US	R13VDNYSBJVD2O	0156528207	Books	5	1
US	RWW8XVD1GH5S3	0345404475	Books	3	0
US	R2MSSGXCHZE3U	0385493800	Books	2	0
US	R31JBZVPMIUMEO	0671027344	Books	5	0
US	R8FMLSAB31OHT	0449002632	Books	2	5
US	REPVJ9UNVULQO	0316286869	Books	5	0
US	R2IX2HCRLZX0JC	0802713319	Books	5	0
US	R3UUM3NXVNDR3L	0385486804	Books	4	0
US	R3C3KOCBJY3QKA	0345404475	Books	4	0
US	R2XIA8EI7AI65T	0399143904	Books	5	0
US	R15DACG6JB5PL7	0684843749	Books	5	2
US	RDMFR4DVZEECR	0060977493	Books	4	0
US	RXZZ3Y56WRUKE	0802130208	Books	5	2
US	RT9ZXA4EMYYPS	068815333X	Books	5	0
US	R1UPIUF0QF4WKV	0393316041	Books	5	16
US	R1QLBAZA7PM92L	0871137380	Books	4	0
US	R3TYHTXTZ340BV	0553378384	Books	5	0
US	R3W1C3TLERFFFT	0380973464	Books	5	0
US	R1CVZR2I88TSN5	0380002930	Books	5	0
US	RB5A3YATN4G89	0399128964	Books	5	0
US	R1U75BA5I1LHLQ	0684852756	Books	4	1
US	R10W4ZR97O5BDX	0374172897	Books	4	0
US	R3GM47H0K92FT1	0380778556	Books	4	1
US	R2LAZEZ0IKI9HD	0688170528	Books	5	0
US	RVRCZ7EH9S2JE	185984054X	Books	1	14
US	R17GVVIWJAQBMG	0446604844	Books	1	2
US	R2FJEI31RJ0YR1	014028009X	Books	1	3
US	R3FZ1VHK10NONW	0805054375	Books	5	1
US	R3MK73Y3OAD108	0385493800	Books	1	3
US	R1V14U0IMQYUU9	0380789019	Books	5	0
US	R2ZZHZ6ZW1QABW	0440224764	Books	5	0
US	RG7KBFIP3DAQE	0553328255	Books	5	0
US	R2RLXHSARDK95	0684867621	Books	5	0
US	R3RI2EGWRWJYL1	0060987464	Books	5	2
US	R4MVSWEEI8PN2	0688171664	Books	5	1
US	R2G7BQ9LB3G23Q	0192834290	Books	5	1
US	R3TBY06JTR32SL	0880381736	Books	5	0
US	R2QVMFN23BQ3GB	0375707972	Books	2	0
US	R3L38PMHX6VL4J	0312954468	Books	5	2
US	R61Q2HJR6H6EH	068815333X	Books	5	0
US	R2ZG6Y4UP4QRL0	0380713802	Books	5	0
US	R2A4YGAPGTTNIC	0312853238	Books	5	0
US	RPLGCXV2TVFSS	0679805273	Books	5	2
US	R19V61OBZ1Z8PW	0451169514	Books	5	0
US	R2YQVCHMKMDKYN	0380973464	Books	5	3
US	R3CMTNA5UFKWAG	0394810112	Books	5	0
US	R98ZYWCLURR3A	0812550706	Books	5	0
US	R3F32ZRVHCYFRS	0375707972	Books	5	0
US	R3669B2GAK3HO5	068484267X	Books	5	0
US	R2TGZI7IL2IBM9	0385484518	Books	5	0
US	RFSZJIUG09M7H	0887306667	Books	5	2
US	R3Q0I3BIR0SQKM	1573226521	Books	4	0
US	R1H4I7627R3Z6G	0141301104	Books	5	0
US	R1T6XL9I6PU9UT	0060977493	Books	5	0
US	RUPAS3302X9CY	0375707972	Books	1	0
US	RA4DNSMBH8VYD	0553212087	Books	5	1
US	R1C1BT3AERCQRP	089381525X	Books	5	6
US	R18Q1Z22E5ZZNV	0440219078	Books	5	0
US	R3GVFN1QE44JEF	0440219078	Books	5	3
US	R4I4LNSCOUZQ4	0060926317	Books	3	0
US	R1ZWF9XWDP3SKJ	0141301155	Books	5	0
US	R2DL0LLOTZB5M8	0393317552	Books	1	9
US	R2T3MTBOPMZP47	0440131480	Books	5	0
US	R2ZS1MW9IE6VL	0385484518	Books	5	0
US	R239YGIV0ODK1P	0688170528	Books	5	0
US	RLO3NLSUTRXCU	0880381736	Books	5	0
US	R2G2Z6HGD90IZC	1573226521	Books	5	0
US	R38OBIOKPOHV17	0385484518	Books	4	0
US	R2U5ZQZKA2ROJO	0140277447	Books	4	7
US	RW0IDOR3Q8V01	0679731725	Books	5	1
US	R2OG2OYMOX0MDO	0385493800	Books	4	0
US	R4LLO4Z9JVNIF	068815333X	Books	5	0
US	R2FZ2LE8PQ6OLJ	014028009X	Books	5	0
US	R210LKQRLU1H1H	1573226521	Books	1	2
US	R3A4KOLOH12OAV	0375707972	Books	1	0
US	R31J3DQS7NWAMN	0385486804	Books	3	1
US	R3KZ7PH1DV6V3Z	0399142851	Books	5	2
US	R1CM19T0DEF43L	0399142851	Books	5	2
US	R18RVEYLM8GCEX	0679777547	Books	2	8
US	R3N2FAVYKSBCNA	0684874350	Books	5	0
US	R1A7GD53K2HV6A	0399143904	Books	5	0
US	R3OHHFPMSIAT7S	0446604844	Books	5	0
US	R1JW2LCBEHJ78S	0670881791	Books	4	0
US	R3IIOZHMLU487T	0871137380	Books	5	0
US	R3TO7TNTTJ3ILB	0375408266	Books	4	0
US	R2QAGB7G8YOM21	044022165X	Books	2	2
US	R2WKE60N209FBT	0553108034	Books	5	0
US	R162GQDDWQSYLL	0553573403	Books	5	0
US	R2XGJI6NVVQL0V	0385493800	Books	4	0
US	R3KO8JT4ADTN98	0812550706	Books	1	1
US	R8SW0HW0LWFNF	0451160916	Books	5	0
US	R21WVWX7X5WYGI	0880389052	Books	5	1
US	R12KSX4SGBRYL8	0553577123	Books	5	0
US	R2CXWG9SSX3LR7	0385493800	Books	3	0
US	R2KNPQADOOYHWG	068815333X	Books	3	1
US	R15973X6QHUM43	0375707972	Books	5	0
US	RPH2YI9QICEKR	0671027344	Books	5	0
US	R9XXFJC5S7EO5	038533348X	Books	4	0
US	RCPC7VTEUN3L2	0380973464	Books	4	0
US	R208NJZF4B2SFI	0451191153	Books	3	0
US	R3GK4N9O04SPQS	0465068359	Books	5	5
US	R2UW9TVT7X9TWR	0060930349	Books	2	4
US	RK7T5JRWCJMQW	0553278223	Books	5	0
US	R38R8U5I7WFBMA	1573226521	Books	3	0
US	RKZ94N9XRNY6C	0312853238	Books	5	0
US	R23CXJ7QL70AS1	0694003611	Books	5	0
US	RK7YB7P91U79U	0060977493	Books	1	11
US	R1O020Q443GNV5	0684867621	Books	4	1
US	R1KH6ZSGUENQZR	0374384576	Books	5	0
US	RID5TVLBPVPV3	0451191153	Books	5	7
US	R373KPJER54FI9	0385484518	Books	1	30
US	R6IDHOAP82FCR	0684867621	Books	5	0
US	R1NW5NC078KD0K	0060977493	Books	5	0
US	RG501SC8U0788	0553208845	Books	4	1
US	RK7TWO6VOVNDX	0684867621	Books	1	2
US	R3CM7OQ7IVNF1X	0140186395	Books	5	0
US	R331JRLA21U1MW	034538072X	Books	5	0
US	R2C2L2UMLT8MFK	0451163540	Books	5	4
US	R3NRJQ0U30AFLT	0440211727	Books	5	0
US	R2H46MA9P9HLBX	0805017305	Books	5	2
US	RB8HU54O0BUAU	1573226521	Books	4	0
US	RZOKBO9K8DMJW	068484267X	Books	4	0
US	R1M7RTYEMUJEAQ	0553571338	Books	5	0
US	R110KZWA477WUY	0345389409	Books	4	0
US	RNONY4UDKQIAT	0026009102	Books	5	1
US	R2Z604FKL8381W	0451191153	Books	5	1
US	R2W0U0J9NPJAK0	0875428940	Books	5	2
US	R1XYMQOV8I6USN	014028009X	Books	5	0
US	R11AOWDT0EYF1Q	0385484518	Books	5	0
US	R3U9BJWE1MKAZH	0553274503	Books	5	3
US	RUEGY88UZOT6D	0380789019	Books	5	0
US	RA62VG08V8JER	0375707972	Books	1	0
US	R3UR6AQZ7IA4WE	0440219078	Books	5	0
US	RKITGNHJWCLLI	1881273156	Books	5	1
US	R3IZ50F9770HE9	0802713319	Books	5	1
US	R3TD4JCUFWZ84M	0609603086	Books	1	0
US	RMNMWF146YX69	0451167716	Books	5	0
US	R2PIX1A093B63J	0380002930	Books	5	0
US	RQBVTE9FU9YCZ	0670813028	Books	5	0
US	R1TT7MOMFWAXFU	0380778556	Books	5	0
US	R18PPTAZ9BN4E3	0345423496	Books	1	1
US	R36YINVQUHVYTN	0684867621	Books	5	0
US	R2WLO0JVG100QP	0451160916	Books	5	0
US	R338DF47BB59WY	0684867621	Books	2	1
US	R1PYO9F4K3KRK4	0425129586	Books	5	0
US	RGTAYDUPQT5X7	0380973464	Books	3	0
US	RZWF3N6AECCWA	067101756X	Books	1	1
US	RIUAJQ32SWZD1	0684867621	Books	5	0
US	R1MBN0TKZS32XZ	0440180295	Books	5	0
US	RMS27CKMO4U4T	0385312083	Books	5	0
US	R3JZB4V7GIYOC	0345404475	Books	4	0
US	R25AFJ7U6YYRK3	0062511408	Books	5	3
US	R30OMH8DOOIQ0Y	0679420401	Books	5	0
US	R3IV0S0FML6JA5	0380002930	Books	5	0
US	R2SLJBQVTZKNOO	0517092948	Books	5	1
US	R3I4BFGSZ7SMZP	0375707972	Books	5	1
US	R29LEPPYVVGYQJ	0312199066	Books	4	1
US	R3W2P3KL32XJ1O	0805047905	Books	5	0
US	R2RHI77JXTH6E4	0375707972	Books	4	0
US	R1T7TRZOZT60N9	0451196716	Books	4	2
US	RF6FA4Z2B6QKP	0380973464	Books	4	0
US	RU8ZLRL5YMT5H	0385493800	Books	3	0
US	R1AUSLSOU3OX2B	0395759242	Books	5	4
US	R4RAK3LUHPDXI	0375707972	Books	4	0
US	R2PO4MQAZ0WA1O	0140177396	Books	5	1
US	R2KIM92JGPJ188	0380973464	Books	1	53
US	R1OMHMUOTR0TIC	0140386335	Books	5	0
US	R3EKP4B3FPGBNY	006016848X	Books	2	3
US	R20CVQIKK4M4P1	0385493800	Books	4	0
US	R3CHGWCM6KHZ5E	0553573403	Books	5	1
US	R3RO1CEPPYP588	0425129586	Books	5	0
US	R1QSC7ZGI7C9LH	068484267X	Books	5	0
US	R21DNS736XIYQ6	0606040439	Books	5	0
US	R3I5TDSZ9W75G1	0684867621	Books	4	0
US	R2YPIK6W7RFR5Y	014028009X	Books	5	0
US	R2VGDAFPBDN9DG	014028009X	Books	2	1
US	R2MFOW1XPEDKOP	0380789019	Books	5	0
US	R1EM7MMEOZ6QXF	0553108034	Books	4	0
US	R1B1HL4YS8PER2	0684800713	Books	5	0
US	ROJDTCON47EDJ	0553213105	Books	5	0
US	R3IS4G0A6D6EQ2	0590353403	Books	5	0
US	R1G5SM8KW8OQEI	0590353403	Books	5	0
US	RCCHSPKP0LXJZ	0590353403	Books	5	0
US	R31FAOQIB0Q90Z	0375707972	Books	4	0
US	R3P9WUCOZO3H6V	1573225517	Books	5	0
US	R27M4M7QKZ8L0F	0684867621	Books	2	0
US	RU8V2DPKV81Z4	0446343129	Books	4	10
US	RR5UUFNUM90U5	0684867621	Books	2	0
US	RA1DR5KODQGD6	0670881791	Books	5	0
US	R3EOMPTAFT4MPY	0375707972	Books	4	0
US	R1WHIJ4VTFS8W8	0380973464	Books	4	0
US	R3W05AVHCW24X7	0440224764	Books	3	0
US	R2VWX02JTW3278	0451450523	Books	5	1
US	RP07FJ3388Z7T	0451160916	Books	2	6
US	R7IEAM95ACL9F	0380973464	Books	4	0
US	R145ZIQNH4TPZQ	0671004107	Books	4	1
US	R1WUTWB2I01YZ1	006017322X	Books	5	0
US	R33LP9GIECQQON	0385493800	Books	2	0
US	R1428FY3PWL6QC	0380973464	Books	4	0
US	RUP2UDVD0DS0E	0451198670	Books	1	0
US	R3J43J0RMLHOHS	0385493622	Books	5	0
US	R289YED219WVZJ	0871137380	Books	1	5
US	R9ZZ9BZK8VOV7	0380973464	Books	5	1
US	RKAO3GUH4Z9MG	0380973464	Books	5	0
US	RQP6P1EGR9VYP	630280082X	Video	5	3
US	R2TJLG261NMKL0	0679600019	Books	5	0
US	R3RRGHQJFQAVPV	0380973464	Books	5	0
US	R1EQNLKLS58EE	0375408266	Books	5	2
US	R382O2M5HBSBO	068815333X	Books	5	0
US	R16JEVH0LQZNFT	0671027344	Books	5	0
US	RON1OBIS8VEUG	006017322X	Books	5	0
US	RSCGDRDY2UVSP	0440178002	Books	4	2
US	R2X2UXYB380AAM	068815333X	Books	5	0
US	R3CVHBP1QPBAHE	0451452739	Books	5	0
US	R14BRGPYS8LR10	0385493622	Books	5	0
US	R3YSPCAMOPBVD	0870119435	Books	5	1
US	R9HFZ6JY7J8ET	0375707972	Books	2	0
US	R1MMEEK0LFZA20	0440224764	Books	2	0
US	R2156LF28B0LEM	0679805273	Books	5	2
US	R197W2SRNJAU92	0440228921	Books	5	0
US	R1ETS5C0FO22Y3	0671798154	Books	5	1
US	RD2QIIHSN0388	0684800713	Books	2	1
US	RWFBPOFHSVOXE	0679805273	Books	5	2
US	R3N06MHH6J538V	0684867621	Books	4	0
US	R50YREQ2FOZJB	0590353403	Books	5	0
US	RKJZTPH26O6JD	0062502182	Books	5	1
US	R1SUQZFZRPF0Y4	0590353403	Books	5	0
US	RP592JHTMD1WU	2070364232	Books	4	8
US	R7683918UG5C3	014028009X	Books	2	0
US	R3DGEZ7CFTVUGL	0380973464	Books	5	0
US	R2HKD1X8SJJSW7	0517122707	Books	5	1
US	R2RGM01XO2W0NI	0960191038	Books	5	16
US	R2DJXQHDK21JZ5	0064471837	Books	5	0
US	R39PCVHJH6KCPF	0670880728	Books	4	0
US	R37G9WKPHF8FQ4	0945353642	Books	5	2
US	R30BEJ967J9ADP	0399143904	Books	1	3
US	RRQZS05WWWG2G	0425129586	Books	5	0
US	RROFDIJ4T03EI	0451167716	Books	5	0
US	R2IW8733R0H8O3	0606040439	Books	5	0
US	R3L7AHKQ5YAST0	0425163407	Books	4	0
US	R33D3TUXT9MW5J	0525457585	Books	5	0
US	R2N2WTHSF9T0NR	1561005533	Books	4	0
US	RFX98TFEKUFOD	0316743003	Books	5	0
US	R3OSXUB81VAF2P	0340738448	Books	5	2
US	R27JKV3LAHLI1Z	0385483821	Books	5	3
US	R2S98RXTLALXLP	0380973464	Books	4	0
US	R2EPQ3A43ZLKZX	0060977493	Books	5	0
US	RX7EK3Y2KS9XP	0380789019	Books	4	0
US	R1PBJN6YPJ2466	0375701427	Books	1	9
US	R1CQ8DV5SC6KN5	0684867621	Books	4	0
US	R21SZNPUIA9389	0553328255	Books	5	0
US	R22FO5NME9OV8X	0553378384	Books	5	6
US	R3GDN3ATAM3C6V	1573226521	Books	5	0
US	R30H95FJ0WRFLZ	0062502182	Books	5	0
US	R2W6443H01Y78Z	0446605409	Books	3	0
US	R2BO7NEW6ZPWU9	0802130208	Books	5	5
US	RLX093NU0ISIB	0002171856	Books	5	1
US	R3LG1DB0QNQW40	0553213105	Books	5	0
US	R3AAVKXWUVZWNF	0553573403	Books	5	40
US	R1T25LEEJB0475	0195073401	Books	5	2
US	R20YN5CZFXLSQ0	0930289234	Books	5	1
US	R3PN6JCU7NJ2DY	0805211063	Books	2	8
US	R1GKUF9C1A4Z90	0812550706	Books	5	0
US	R14YVDQ7L0ZG09	0553212478	Books	4	0
US	R29GZ1L171U2Q8	0553266306	Books	5	14
US	R1RCF98S35FCDW	0679720200	Books	1	5
US	R37WJK7EBWNDH7	0321012542	Books	5	6
US	R39E29ABPGXGDS	015670160X	Books	5	26
US	R33FTI4WUFXCYQ	0553278223	Books	4	1
US	R314P1BVM7LP39	0451169514	Books	2	6
US	R1HOK7RCZ05684	0156907399	Books	2	1
US	R3JUR9MA0CSKIN	0451191153	Books	5	1
US	R34MMA35FN75MK	0061053430	Books	5	0
US	RQ76H0CBE5ZS8	0385493800	Books	4	0
US	R16ONF2CUQ8UFN	0451169514	Books	5	0
US	R378NWR3B4V7FB	0140434267	Books	5	0
US	R1WQEQMROR8WXG	0385484518	Books	4	0
US	R3AYFBVLPN2E45	0688170528	Books	5	0
US	R20DHPMXD8UE7X	0451198670	Books	2	2
US	R17K54IECY79LI	0553573403	Books	5	1
US	RDCQMFJZ4EFEC	0385493800	Books	4	0
US	R1TIWUCHNRJU33	0345423496	Books	5	1
US	R2A0Y2SWA27E54	014028009X	Books	5	0
US	R2285W7R43ZNSJ	0553108034	Books	4	0
US	R33P1T48LGJ17E	0844663662	Books	4	0
US	R17QRBQD8DSR1Q	0140011749	Books	5	7
US	R1AP766PSC498M	0375707972	Books	5	1
US	RF6Y99WLIDIIN	0425107469	Books	5	0
US	R1A4MAMGKXMEOM	0446673749	Books	5	0
US	R3T96VAD28N0J4	0671015206	Books	5	0
US	R1VS7OVI8K4RSX	068815333X	Books	4	1
US	R2LV1C2QDW14HK	0684867621	Books	4	0
US	RZPBCTPNRUSWK	0449002632	Books	5	1
US	R2JJVL7LVZZ1X8	0448060191	Books	5	0
US	R31VAAO2VGG8PB	0385493800	Books	1	0
US	R6MSANU5896WE	0061003697	Books	5	3
US	R1Y9SZEOGAV009	0060263857	Books	5	0
US	R1QXKCCXU0L9A6	006092988X	Books	5	0
US	R4VFP4LOF3GEV	0684867621	Books	3	0
US	R3NVWP36L79Y19	0671502336	Books	5	0
US	R26E0TBSAN16LD	0688170528	Books	5	0
US	R1LK0IAWOF6M8L	0553213105	Books	4	2
US	RD6U7HMKXEPJW	0385484518	Books	1	20
US	R3ANC6GWOZGJBN	0385493800	Books	2	0
US	R3UFXOY28KT16T	0312117337	Books	5	1
US	R2HXHIYE30XFC2	0887307280	Books	5	41
US	RHQ99KDO2XGI3	068815333X	Books	5	6
US	R2ASACA7H0NXLC	0684867621	Books	4	0
US	R7JTYUJHDU6JV	0887307280	Books	5	2
US	R3AJ57HRSGQLTW	0394492196	Books	5	3
US	R2EMUIQ4LG1BN7	0679457313	Books	5	0
US	R3FPYAXHOEW351	0688170528	Books	5	0
US	RO1AP5U1J2UER	0871137380	Books	5	0
US	R239K0Q40FB2WY	006092988X	Books	5	4
US	R1Z03FLZLQKEOD	0312965788	Books	5	1
US	R1Z5XA6E3QSEDY	0312853238	Books	5	0
US	RRNLZFSBTBMIZ	0887306101	Books	5	4
US	R3L1XHVQTQ9B4D	0671027344	Books	4	0
US	RCPXHW1NAURUG	0060392584	Books	5	0
US	R30Y0Z4L50NLXL	0880381736	Books	5	0
US	R206L5G8EOKKMV	0684867184	Books	4	0
US	R1NKL085CKJ36Y	014028009X	Books	5	0
US	R1JX1UW3N6Z1TX	0380973464	Books	1	4
US	R6KKNELO56R8Y	1573226521	Books	3	1
US	R1YNG4S0RRH3DR	0688158129	Books	5	0
US	R5ISNKWL0PKAM	0553108034	Books	4	0
US	RC1OFO2MT3VOQ	0871137380	Books	5	0
US	R129NILEPQB60N	0156528207	Books	5	1
US	R1H6QOZ3STL795	0684867621	Books	1	1
US	R1YI0TEOBL0CKW	0425170349	Books	5	0
US	R3GKKCGYDHD3ZU	0380973464	Books	5	0
US	R2T5K2A6REXNT1	068815333X	Books	5	0
US	R33CDVN6E5SZBV	0553213105	Books	4	0
US	R1BSI3SLNWV75O	0871137380	Books	5	0
US	R2G7Y58WNMJJTL	0684867621	Books	4	0
US	R1C3O40AGAG84Q	0553573403	Books	5	0
US	R204UW5JYPQIG0	0385486804	Books	4	0
US	R1153E722SY5SJ	0446364495	Books	1	3
US	RMZAW5R6QC0LP	1567407757	Books	5	1
US	R2AXEBU2NTBRWD	0609603086	Books	2	0
US	RDPPSRHTGB9RK	0064471837	Books	5	0
US	R2V8GXMHRL2FMF	047158651X	Books	5	4
US	R3KLK9DQP9SFS2	0684874350	Books	2	0
US	RK1R1JF5XN2Z4	0517122707	Books	5	0
US	R3G3EL9KMUPS9M	014028009X	Books	4	0
US	R1FUY9N9PSRIB4	0684867184	Books	4	0
US	R3IUH8A4D7SXOC	0812523334	Books	1	3
US	R3DACWYMW7AWB1	0380002930	Books	5	0
US	R2IUQRBDYMONJH	0451160916	Books	5	0
US	R3FI28LMW8S4J9	0060920084	Books	5	0
US	R3VRW870FU3D5S	0451169514	Books	5	0
US	R1YILGXPSWSSJ0	0380789019	Books	1	32
US	R2HF6QMO83ZZ12	0060977493	Books	1	12
US	R2GQCJ9NDIRSXO	0380973464	Books	5	1
US	R2C6XQK9MKBLIW	1573226521	Books	4	0
US	R1ETZ7N1NJMEJZ	0375707972	Books	4	0
US	R2C79DY4H2U3W3	0385493800	Books	5	0
US	R2ZZXIDEXGUHP1	0553275569	Books	4	1
US	R3NSPUZVY5INRE	0380789019	Books	5	0
US	R2VHNYAPT9WL8D	0425152251	Books	5	0
US	R94XKJ4TW3Y76	0440219078	Books	5	0
US	R2NX7XPT1EWWU9	0380973464	Books	5	1
US	R2IBE6YCUEPU21	0061091480	Books	5	6
US	RQH0R8S3UU6MY	0425107469	Books	5	0
US	R26Z99J1TAUYBZ	0451169514	Books	5	0
US	R285R1BDWJMPSE	0553565915	Books	5	7
US	R2UM2LOXW7TW80	0380973464	Books	5	1
US	R124E9JFE1V5FY	0385493800	Books	5	0
US	RNYVQQ3A2LT6Y	0064471047	Books	5	44
US	R3VJSSCMM5BN77	0446310786	Books	5	0
US	R18VDWIE8UUEMB	0425170349	Books	1	3
US	R18KFOD1W1TD5B	0375707972	Books	1	0
US	RA5T0YMKP47N4	0446310786	Books	5	0
US	R1SY7SOJHYN8XD	0375707972	Books	5	0
US	R27YUDIIKJ556H	0393314804	Books	5	1
US	R1OUMIEDJNWMLH	0451526295	Books	5	2
US	RUK8HOAS6B6E5	0446364495	Books	1	5
US	R1WCUSMS3IYL62	0688170528	Books	5	0
US	R2VG0NKIFSCY5F	0871137380	Books	5	0
US	R12XSLYAV5PTY5	068484267X	Books	1	2
US	R3FKGXQNR4I8QB	0871137380	Books	5	0
US	R26Z9H401O12H4	0375707972	Books	4	0
US	REKUSHCQ1SH93	0385493800	Books	5	0
US	R2QLYAKRUZXQ64	0374172897	Books	5	1
US	R12GUV745QV0OF	0871137380	Books	5	0
US	RCVWMS8N5TY6Y	068815333X	Books	5	1
US	RST3CCK34LB9Y	0671027344	Books	3	0
US	R27WI2HA1VIVCB	0684867621	Books	4	0
US	RPAN58BRKGK6U	0553573403	Books	5	1
US	R3K5VM527QSXVY	0812931017	Books	5	0
US	R1ORTIQ9ZJ28MM	0451526384	Books	5	16
US	R1R2BMSR5DTCS	0140434259	Books	5	3
US	RUWXZ9QNQ2H0J	068484267X	Books	5	0
US	R1IHH0PSZUT8OE	0684867621	Books	5	0
US	R2VDNTPHQWL0C9	0425152251	Books	1	6
US	R3I2GV0EJJO237	0684867621	Books	4	0
US	R1JR2Y2WGFI7DV	068815333X	Books	3	2
US	RIMD9GPQ6GB5M	0375707972	Books	2	0
US	R2IRBMO93YEG0Y	0767903811	Books	5	1
US	R9NZGMYV5MMCH	0060926317	Books	5	1
US	R29ZMC3MXFWY6V	0060975768	Books	4	3
US	RAUC6FGY2207I	0879302755	Books	4	3
US	R3F2GWIRPNIJVU	0871137380	Books	5	0
US	R25237NE1WOONH	0440539811	Books	1	19
US	R2TFO3DIVYPRYW	0486236951	Books	4	68
US	RGU7W68JDXI8L	0380002930	Books	5	0
US	R2U0UUDTDA6EK3	6302518423	Video DVD	5	2
US	R1TXCN4HWCOD6G	0385493800	Books	4	0
US	RY3G1HO74J162	0446605409	Books	4	0
US	R258V8QVOGX4SH	0553328255	Books	5	4
US	RU29JHCXIF78Y	0871137380	Books	5	1
US	R1TWWD3UFDT582	0670880728	Books	4	0
US	R3FJJLZDJHYRMR	0385493800	Books	5	0
US	R3DPKFWKT7RLC9	0871137380	Books	5	0
US	R150W0J664BIKF	0684867621	Books	5	0
US	R9OJSCQKB6X6J	0553278355	Books	5	0
US	R2NZC4GNSRBRV7	068484267X	Books	1	4
US	R2M5WE8XVMAZHI	0385484518	Books	5	0
US	RTOGJU1TF1N7A	0964385619	Books	5	1
US	R12K6SZ5JV2XSR	0684867621	Books	5	0
US	R3VJ0U3AE49HWO	0375707972	Books	4	0
US	R3O3J77HVY25P6	0375707972	Books	4	0
US	R2OZC5XF0CNV2E	0553296981	Books	4	0
US	R373IWKNJEYOT1	0684857820	Books	5	0
US	R30SE61TKJ9YHK	0440539811	Books	1	35
US	R1FJ2PJJ0NB335	0393317552	Books	5	1
US	R3A09WX2B41ZEW	0880793082	Books	5	4
US	R1BEW5VYU66WT5	0307120007	Books	5	6
US	R2VJHRJD0LFOR0	0964385619	Books	1	19
US	R1TSJGQ0Q5T1VO	0385493800	Books	2	0
US	RXKGAAA3J3WY4	0385493800	Books	4	0
US	RA4BOC6UHJ34N	0871137380	Books	5	0
US	R2OT8D33GA41YD	0380973464	Books	3	1
US	R3570QT21KD5WP	0452273331	Books	5	0
US	R223N5BLT3ZC6P	0684803356	Books	5	0
US	R21TP65G1SCGBT	0140277447	Books	5	3
US	R2RK625NFD09WW	068815333X	Books	5	0
US	RLZODV7AQTXZP	067144901X	Books	5	7
US	R2HQDHRTUGC08U	0684867621	Books	5	0
US	R3ASH7MFR0YATC	0553278398	Books	5	32
US	R3H7KN0BWDEL68	0385493800	Books	3	0
US	R397PELOGLH1QQ	0679428887	Books	3	0
US	R2I35GV56JO6RU	0871137380	Books	5	0
US	R2L74BNB2VE5HI	0448060191	Books	5	1
US	RHRJ23ZFO8QU2	0425107469	Books	5	0
US	R7CTY38P18GBW	0684874350	Books	1	2
US	R2ZH44J0JPUOG5	1560100842	Books	4	16
US	R2NGXQKN7Z63TO	0393314804	Books	1	11
US	R3DHIUBRWF2EQ5	0451160916	Books	3	1
US	R1BH7X84E5G995	0375707972	Books	4	0
US	R19FSXE28AHGLH	0060926317	Books	4	1
US	RZFNXEULITCAK	0312867123	Books	4	0
US	R1X33BMZ3VYMMM	0375707972	Books	1	1
US	R33R7YQTQZTRDO	0375408282	Books	5	0
US	R31AMWMMLOQLZJ	1573225517	Books	4	0
US	R34M7F8Z8U7U8B	068484267X	Books	4	0
US	R1MG3M2QSULHGM	0670880728	Books	1	5
US	R35RLHH1WEAQMN	0385484518	Books	5	0
US	R16JURFVRRDUFI	0553284347	Books	5	6
US	R1SPE4DMP7XOVJ	0553573403	Books	5	0
US	R1O0HBZFIGMVNO	0385493800	Books	4	0
US	R12CNBRGSUUSEL	0380002930	Books	2	2
US	R306LLUEW3SFJX	0440219078	Books	5	0
US	R2TANPOZ7UC15M	0440178002	Books	5	1
US	RGCBW6HN5C6JQ	0440219078	Books	5	0
US	RE9HHLB05OIT9	0684867621	Books	5	0
US	R3TPN9KBLIP074	0553213105	Books	5	0
US	R1QAH1IY6BZ64B	0899663036	Books	5	0
US	R1WREADIAL7XYK	0060977493	Books	5	0
US	R2FHFD284YZQLI	0871137380	Books	5	0
US	RCWPDKKU35EBM	0375707972	Books	5	1
US	R2K7PX4M60PXKF	0140185232	Books	5	0
US	R1SPB1G0HW3JHB	0804102988	Books	4	1
US	R2JR3NSDK0K9TO	0441003257	Books	5	0
US	RT27XQLK1K5QT	0380973464	Books	5	1
US	R3KB6B4FXR43RV	0385484518	Books	5	0
US	R3MTRZ9T7IDKEB	0671015206	Books	5	1
US	R7737QH1JKS26	0670880728	Books	5	0
US	R2NGMKFERLNBYY	0671015206	Books	5	0
US	R3VA19YY3DMPCX	0679416781	Books	4	1
US	R2JJE909JB3NV7	0894803123	Books	4	5
US	RCRXMFHB7VYAT	0446310786	Books	4	0
US	R3AKEQSW5DE0DB	0375707972	Books	3	0
US	R2YQC1LDK013UM	0684867621	Books	5	0
US	R1V9F6B7HNTPKD	0899663036	Books	5	0
US	R39P0RBRU94ZXN	0137549202	Books	5	2
US	R2GFVQYKKMXTMJ	0871137380	Books	5	0
US	R13E828ZKWFMCY	0449002632	Books	5	0
US	R1DL5U5TBJYTAX	0553470485	Books	5	1
US	RRAAANWLMT0G8	0671867369	Books	4	1
US	R1EUKRIJD4RR2D	0590353403	Books	4	0
US	R13LS8BEJXFIOP	0440224764	Books	1	0
US	R2DNTAW3S0CYCD	1561007773	Books	5	0
US	R36V4UQXUJK3QX	0671015206	Books	4	0
US	R3RJCTYESP8JJZ	0440178002	Books	5	1
US	R1VJ9KJ8OUHPO2	0385006896	Books	5	4
US	R24GWF9MDD0VPZ	0553296981	Books	5	0
US	R1IWIPIM72A729	0553108034	Books	5	0
US	R2NE7WMPQQC0HQ	0062502182	Books	5	0
US	R286P8KV8BK5FB	0140277447	Books	2	69
US	R2QWC5VLWASEKF	0385484518	Books	2	12
US	R2AHNYLP05864K	0553108034	Books	5	3
US	R23WLXNUWX5X6U	0804106304	Books	1	3
US	RYEDHKHEVDYAX	0060931671	Books	5	1
US	RK1A4G72I10S8	006016848X	Books	3	14
US	RUKI9F7ER4PV0	0380973464	Books	5	1
US	R3LMWZFB80D1FF	0553573403	Books	4	0
US	R3PXM05R3Q2L8V	0399128964	Books	5	0
US	R1ZPQNSF4A0GCJ	0671027344	Books	5	0
US	ROA95L1MJD1YS	0385486804	Books	4	0
US	R1GKCBXU6CBRGM	0670880728	Books	5	0
US	R2VT9Q9VXGT037	1573225517	Books	5	0
US	R3EWTKATRVCBJK	068484267X	Books	5	0
US	R3HM2SV5OXUUCJ	0880381736	Books	5	0
US	R2F4O7LCXVDF8L	0345350499	Books	5	0
US	RIATDRUL87V6Z	0140177396	Books	5	0
US	R1IVZ96NBHZ71Q	0385493800	Books	4	0
US	R248EKSJOINND1	0385484518	Books	5	0
US	R1GOO1M2G9790X	0375707972	Books	2	0
US	R26G3KW6ENRBEP	0061002747	Books	5	1
US	R2LN9YG2RPI9MA	0688172377	Books	5	0
US	R2RYFSURPXBUS2	0671004107	Books	4	0
US	RWL5R29PDIL2A	0156907399	Books	2	4
US	R2LTRSEN5LI9QG	0380973642	Books	4	1
US	R24PMAS7DXF5RV	0964385619	Books	3	3
US	R14SBB75QS9SIO	0451169514	Books	4	0
US	RGM1QNIN53RJV	0385493800	Books	4	0
US	R3LL73MH8041YV	0446343129	Books	4	9
US	RSTNOQGEHXLLP	0812589041	Books	5	0
US	R2HUHRDWI5QSR1	0374172897	Books	4	0
US	R3N2ZW2SFKFQBY	0380002930	Books	5	0
US	R158242X1LCTKH	0060977493	Books	1	2
US	R3FR8X7SRL78SV	0425152251	Books	5	0
US	R2LCN5286ZX6RY	0060930349	Books	3	4
US	RB84E0DGGQWBE	1572700483	Books	5	7
US	R1U14K8YK0Q45F	034538072X	Books	5	0
US	R1EQ87KJ2F2O8V	0385484518	Books	5	0
US	R2TK1HO437O93A	0060930349	Books	5	2
US	R1DH8SA9EA67WQ	006092988X	Books	1	12
US	R38KSOIJWG9GAP	0060975768	Books	5	1
US	R2HN0A02RNQ8X7	0425107469	Books	5	0
US	R1BNHPATNTKSRR	044022425X	Books	5	0
US	R2KW6JDEG6VWCA	0380778556	Books	3	2
US	RADIMEYG6JZYM	030716327X	Books	5	4
US	R285QSAIQ5UGJM	0871137380	Books	5	0
US	R11H40ON12Q22T	0375707972	Books	5	0
US	ROXTBNR52GWCQ	0871137380	Books	5	0
US	R24JFBXZG1Y60N	0026009102	Books	4	1
US	RMNVSYNM6BHI6	038533348X	Books	5	0
US	RZKK5FE97YJ38	0767903811	Books	5	0
US	R1T1WV07IWRUIL	0553208845	Books	4	1
US	RUYKG5WNE0JYP	0553275569	Books	4	1
US	R27K5AAQY000A5	1567184855	Books	5	0
US	R1HL4GOE1DWS1U	0553269631	Books	1	2
US	R19UUVYW71P3WA	0441172717	Books	5	0
US	R3181HQSL4TFCQ	0375707972	Books	3	0
US	R3RBFC11LJFWSS	0375707972	Books	5	0
US	R3L103N8OL48QY	0848813065	Books	5	1
US	R3UL89HUFOFNQV	0375707972	Books	1	1
US	R3QEMQ280C4WYK	1573226521	Books	4	0
US	R17EN4SD9Z64ZV	0684801558	Books	5	2
US	R2LFXBUHEH9ALQ	0812550757	Books	5	1
US	R3HX7UHP60HERF	0312853238	Books	5	0
US	R19AOMNN8LX0SO	0393316041	Books	5	2
US	R3N1HAHU6F8629	0553213105	Books	5	0
US	R14BQ48SZO0OGM	0684833395	Books	5	0
US	R363I95Q0Y0X9H	014028009X	Books	1	3
US	RFD92HKYUKBKZ	0060392584	Books	5	0
US	R11QJVRCSAR9W8	0316920045	Books	5	0
US	RKEYQQKAKJBYU	0880381736	Books	5	0
US	R30UHS0FQZ4Q3R	0789302691	Books	5	6
US	R5GV8IX2OTCU3	0449002632	Books	3	0
US	R3CE7OM4UX92QZ	0385486804	Books	4	0
US	R3ASLYF6THQSJ9	068815333X	Books	4	0
US	R3GEGFG4FSMM6C	0140067477	Books	5	1
US	R7M5U48GIM783	068484267X	Books	5	0
US	R2GN449NRGI26C	0141301104	Books	5	0
US	R3A6Q942RWWRW	0375707972	Books	3	0
US	R36XH36U8NIPHG	0312962118	Books	5	0
US	R49H6S432NZQF	0930289234	Books	5	1
US	R3C04NYLHC8WLP	1573225517	Books	4	4
US	R3PWFPEMCDLU16	0375707972	Books	1	2
US	R37TI3EJJ375JO	156224003X	Books	5	48
US	R22DHUGV6FJ73W	0312954468	Books	5	1
US	R3R89FCQB42EP1	0684867621	Books	2	3
US	R2XDHYK74VBMRN	0670880728	Books	5	0
US	R5R1BETB03ORT	0679805273	Books	5	2
US	RZ5WP3WYPCQQB	0375707972	Books	3	0
US	R3RHZS30KL1MR0	068484267X	Books	5	0
US	R3DE0MC8L84UHE	0679745653	Books	3	2
US	R2EMKW2AW5K2XP	1878574590	Books	5	0
US	R1S7VS6PLDG8GT	0140177396	Books	5	0
US	RRLQ0D26REEIW	0375408266	Books	5	0
US	R30Z5J7LZ7OQXO	0606056742	Books	5	1
US	R3I87ZUU32W4DS	0374172897	Books	3	1
US	RJNSB60W9HM5F	0064471047	Books	5	0
US	R177SGPLTZGLB4	0812523334	Books	5	2
US	R2KZABXPJQOJW8	038533348X	Books	4	1
US	RRWBQXIXHZGZK	0312955006	Books	5	0
US	R2M71HI284J29K	0688062334	Books	5	0
US	RG08F1ZDN8IWB	0670881791	Books	4	0
US	R2C24I7IU8BRGJ	0312952813	Books	5	1
US	R1ZH9XXSMXSTA8	014028009X	Books	5	0
US	R2T5A9HORJBU0V	0425129586	Books	5	0
US	RWEOXJT9CTD59	0156284502	Books	5	6
US	R2C0NWSRGI2IT8	0374172897	Books	5	0
US	R3RKD1FFQGU5O2	0425098478	Books	5	5
US	R2OCDWCH4GMTKG	0451160916	Books	5	0
US	R19B8Z59F7G48R	0205191584	Books	5	11
US	R2A73AMCYSQLJG	0553328255	Books	5	21
US	R2A03R4FPK4Z4K	068484267X	Books	1	4
US	RUQO25UY3LQP5	0375707972	Books	3	0
US	R2KBM2M7FKNXIR	0385484518	Books	4	0
US	R1Y6SSH986ZMGX	0385484518	Books	5	0
US	R2PUR1JQ0R67F0	0688002307	Books	4	0
US	R3PW3E4ZQIR35I	0671004611	Books	5	3
US	R3CCBO91JW0B28	0060987464	Books	5	0
US	R2AM18H9G5CPN7	0767903811	Books	5	3
US	R1A41T23P6Y5WO	0399142533	Books	5	0
US	R2YG5U7GPHUGAJ	0964385619	Books	5	1
US	RPUUDFTE1J6E2	006109594X	Books	4	0
US	R2UM286Y8WCT6X	0380973464	Books	5	1
US	RDBEGIFJSYXPS	038097617X	Books	4	0
US	R20S7B0BWPCI5L	0451191153	Books	5	1
US	RPMLAKP76IKLH	0812550706	Books	5	0
US	R3090UQ3M4ZE5R	0195067142	Books	5	1
US	R1UYCKF9EI57I2	1560100842	Books	5	5
US	R2BHX0LEP7MHOT	1878424319	Books	5	3
US	R1T3XE2SUG3OJ1	0375408266	Books	1	2
US	R1TAY9AEFOBZF4	0385493827	Books	3	0
US	R3JMAN34XEZMA8	0802130208	Books	4	0
US	RXBQLLWO05PEL	0880381736	Books	4	0
US	R3EAPRDH88TKJR	0688062334	Books	5	0
US	R2TS6KXM3HBDZH	0393317552	Books	2	2
US	R2P3TQ6HNRA3ID	0688062334	Books	5	0
US	R2IAZ2321V0FFX	0140277447	Books	5	11
US	R1SA6UMR91AVET	0449911357	Books	4	0
US	R2TXI8N1TWDPEP	0393317552	Books	3	1
US	R3OAT25NFQDQKO	0446310786	Books	5	1
US	R1R43K4M3O0TI7	0380789019	Books	3	1
US	RBQYFY52HSO56	0812548094	Books	4	0
US	RHBRN6A92XAYK	044022165X	Books	4	0
US	R1BTKPX0YXJWAG	1884822312	Books	5	4
US	REUN7BYPC7GM8	0684852756	Books	5	1
US	R3OWUT20C3CNFV	0679745203	Books	5	0
US	R2GX479D62UZMD	0312084986	Books	5	6
US	R35E3A6ZC5ZBD9	0441003257	Books	5	1
US	RMJN5Y03D9XZX	1878424114	Books	4	2
US	R2XZOTP1HBENFM	0440214041	Books	3	0
US	R2BVMW8PWWWUGN	0385484518	Books	5	0
US	R2YMLBKRVRYDHH	0375707972	Books	3	0
US	R2JWTYZLRJAU6U	0140042520	Books	5	3
US	R21Q65V0DWD8CO	0375707972	Books	2	1
US	R1G2QYFLE7TO4V	0440224764	Books	3	0
US	R18T7WIEXMILTT	0316286869	Books	5	138
US	R23WXFIHQQRQER	0374115370	Books	5	0
US	RWKUHOJZMHBXO	0684867184	Books	1	1
US	R3RCOVSDGD99XJ	0446310786	Books	5	0
US	R2EOURHW0M2EGX	068484267X	Books	5	0
US	R38RDHD5F8QT7K	0684833395	Books	5	0
US	R2YMW7P1IGSXE4	0671027344	Books	4	0
US	RSIKD0KV9KD04	0451169514	Books	5	0
US	R24SEMDXQCGAOJ	0553573403	Books	5	0
US	R2ECZ3U5UBZDLU	0679777547	Books	5	178
US	R3SPVAP0ZXC3FH	1573226521	Books	4	1
US	R1RZXJP8L8A6QP	0812550706	Books	5	0
US	R3STDYKLIO661	0671027344	Books	5	0
US	R331JV7TJWGQ3A	0679729895	Books	5	1
US	RTAOHJRD362YJ	0670451495	Books	5	10
US	RPV08T2WY83N	0380973464	Books	4	0
US	R1FXMGA1HGX05Y	1573226521	Books	5	0
US	R1IV23GKGAIEJ4	0887306128	Books	5	5
US	R2GXLAC2PV8AOB	0312117337	Books	5	1
US	R3Q01CAIML6D7X	068815333X	Books	5	0
US	R1XU0OQAZER3MI	1573226521	Books	5	0
US	R1EWXILMKIBNA6	0684847817	Books	5	2
US	RFC8KBVCEUKWV	0684874350	Books	5	0
US	R87VUTMFOE6N	B000002OTL	Music	5	0
US	R4X9DR0KSYFXD	B000001FBU	Music	4	1
US	R1Y3JF8GWQY549	B000002I4S	Music	5	1
US	R2KCE4UJLN3GBQ	B000002N3N	Music	4	1
US	R39FDNORGJX128	B000002H97	Music	2	2
US	R239HRRSQILRJC	B0000020C4	Music	5	0
US	RYQ3MUH3G2ADP	B000002BE9	Music	5	2
US	R2I20TCHZFGRUL	B0000020C4	Music	5	2
US	R2QQUDKVLNCFXR	0876852630	Books	3	5
US	RX01KOZB6RNLI	B000002HJD	Music	5	2
US	R242HA2EQ47UBK	B000002UB3	Music	5	13
US	R70TQ5FLN5BG0	B000002UA9	Music	4	0
US	R1582E2C5XI3I8	B000002UB6	Music	4	0
US	RPRR257OR6L1K	B000002UAC	Music	5	0
US	R1321BD7LFFILD	B000002UAI	Music	4	2
US	R2PBJPXXIKXIVS	B000002UAF	Music	5	3
US	R3GCS7GOFJA9ML	B0000020C4	Music	5	5
US	R1867UBYOPSEV0	B000002UAO	Music	5	2
US	R9GOK37HULXDB	B000002UAR	Music	5	5
US	RJL6CUXVSWGQ	B0000025RI	Music	5	0
US	R11GKM4QKGKV8Y	B000002H2H	Music	5	5
US	R3B08CLGBWCJHY	B000002AS3	Music	5	0
US	R2LKZ44JYVBOEO	B0000020C4	Music	5	20
US	R3J2XVK7CTY3VF	B00000264Y	Music	5	1
US	RG0026XRR5U4R	B000002HHB	Music	5	0
US	R18OSC5P6B5CYT	B000002H33	Music	5	1
US	R3OJYJT39B3FUO	B0000027I6	Music	5	0
US	R2PD7HRD7NKT9O	B000002OK3	Music	5	2
US	R1UU6TIG9KACBH	B000002HPV	Music	5	1
US	R2BXVTLNE3CMI0	B000002UJQ	Music	5	5
US	R1WELWC8G8SJ4M	B000002AGB	Music	5	0
US	R1PSZ2LN2P6ILZ	B000002BBY	Music	5	0
US	R2SMRJLT0GKI8Q	B000002AS3	Music	5	0
US	R2R2SIZACLWHKT	B000002C25	Music	5	2
US	RIRZ1IF5S3TVO	B000002KCI	Music	5	7
US	R2HM3DEFV64NWX	B000002UJQ	Music	5	1
US	R2XLRWBBBYAGHL	B000002TQV	Music	5	1
US	R1U9C2ZLR4T8AE	B0000033K2	Music	5	8
US	R7B73GEO8NEB	B00000099Y	Music	5	5
US	R3Q566SZOBA1R9	B0000027I6	Music	5	1
US	R3K2WXRID0DFBS	B000002H4Q	Music	5	0
US	R3SY7VDM7F59JJ	B000002MFN	Music	4	0
US	R8RP9D5G58X82	B000001FFJ	Music	5	0
US	R2FP02VNUMXFY0	B00000099Y	Music	5	1
US	RULD9D2YCDTUI	B000002BQK	Music	5	2
US	RC1F7WIZJ8P6C	6302373921	Video	5	1
US	R1VHH781HF4MZP	B000002KDS	Music	5	1
US	R2B1KHYIKZEVCD	B00000163G	Music	5	2
US	R1UPKWND6UCJF7	B000002WPI	Music	5	1
US	R1IFQHY2UF34QC	B0000039QA	Music	5	3
US	R3ELVX4P7VSWSL	B000003NA3	Music	5	3
US	RMI35HLH8KS4N	B000002696	Music	5	1
US	R3LRIEIBWMD3AP	B000002UJQ	Music	5	1
US	R3C58J5NBPCHMJ	B0000029J5	Music	5	1
US	R1LK3YKL3Y9Q58	B00000255X	Music	5	0
US	R3MBVY5ZN4372M	B000001Y79	Music	5	1
US	RTQ0T9Y8EV5OV	B0000013GT	Music	4	0
US	R2QTM5QGC39WKW	B0000028RR	Music	5	0
US	R3QBEY14JY3AFD	B0000028PI	Music	5	1
US	R2RK5CEX44G040	B000002C4J	Music	5	0
US	RV7ZQPFNDOGHW	B000001Y2U	Music	5	1
US	R2VGZX6TE5SDHH	B000002HJD	Music	3	7
US	R1AUNP00D84T3S	B000002HFU	Music	5	3
US	R3MATUOZ543EGK	B0000009SY	Music	5	4
US	R1UKGX6XJB0XQW	B000005HN6	Music	5	3
US	R1A9T5GF1NR1AG	B000002VMH	Music	4	0
US	R15XYEPQEJE50H	0312958455	Books	4	0
US	R2SA68A4V7WFXW	B000002LCB	Music	4	2
US	R2FG4317CTB386	B000002NHN	Music	5	0
US	R15ENEHTOFX6Z0	B000005IRG	Music	5	1
US	R3TK8ZE5WA5SA0	B000002LCB	Music	4	2
US	R1SOXXEDLYHW5N	B000002OFG	Music	5	12
US	R3QF8OWJT6P9WV	B000000I0I	Music	4	2
US	R2Z3GPO3JQSFBH	B000005JA8	Music	5	1
US	R1IQEUODMXKFYK	B000002L68	Music	5	0
US	R2JZNLL5BHQOV9	B000002MIB	Music	5	0
US	R11NFYZOML5HBY	B000000WCV	Music	5	2
US	R1MZ7E7W6IYN2A	B000002ADT	Music	5	2
US	R2FA3W1IEOXRKS	B000002GBK	Music	5	5
US	R1CEBGSET509CO	B000005KQT	Music	5	9
US	R11WD30JHP4XPM	B000002ADT	Music	5	1
US	R3KCCKGJ0MJTUC	B000002UAO	Music	5	0
US	R2MQKVE7LW3AKI	B000002546	Music	5	0
US	R6TI6XCNO457J	B00000099Y	Music	5	2
US	R1ZOD1Q5YQC0RO	B000002HPV	Music	5	1
US	R3RHPOD502Y40E	B000001FI7	Music	5	0
US	RU5P9TUVKDT72	B000005ITX	Music	5	1
US	R1IN5JZWOOU1W5	B000002KBU	Music	5	5
US	R1TMG47HQF75AD	B000001F59	Music	3	1
US	R5A4BWRDMHGA9	B000005JHQ	Music	5	3
US	R2FYTYMUGM8Y0Y	B000002VMH	Music	5	1
US	R3G3K8MBTE0MFH	B000002NHN	Music	5	0
US	R3N6FUBBA4BVYH	B000001FAK	Music	5	0
US	R3THVSRP3AAWJJ	B000002WYT	Music	5	0
US	R1P55H67OVLT4D	B000005AYM	Music	1	0
US	R367PUXXT21NK7	B000000WFF	Music	3	0
US	R3HQFGRC35KQU1	B000002IRL	Music	4	0
US	R37KVBLT0U933B	B000002GY9	Music	5	21
US	R206GCL2AJHM4S	B000002MY3	Music	4	0
US	RR6OMDVJA10AL	B000000WF0	Music	3	0
US	R1R7ZFDC5I75SB	B000002MFQ	Music	5	1
US	R2UN59811ZB4F7	B000002518	Music	5	3
US	R3H1KZXGTBHZM2	B000002UD7	Music	5	0
US	R2CIWWQKFHNP1W	B000001FS6	Music	5	0
US	R3L8TLZ37FVACU	B000003N7G	Music	5	1
US	R2YLOCRFUJW89S	B000002H2H	Music	4	3
US	R2NHIYT60H117M	B000002JEV	Music	5	0
US	R2YTMF0FJ1CJOD	B0000062S0	Music	5	1
US	R1YAKCH88VULXO	B000002NHR	Music	5	0
US	R1IPJIXDZ9VIH7	B0000033TE	Music	5	2
US	R20LEGTZI41L4Z	B000005J56	Music	5	0
US	R2WZ84J1DDHP7F	B000003TAW	Music	5	0
US	R304O6HIUJ9300	B000005HF9	Music	5	8
US	RDHFG6OM62F1B	B000000WFF	Music	4	0
US	R2K3GDD0FIPSL0	B000001GBJ	Music	5	1
US	R1HLF5BGFRRX40	B000001EXB	Music	5	0
US	RDDU62ZGWXIXH	B000001ES4	Music	5	0
US	RW8VAIRHK9RIN	B0000062GK	Music	3	3
US	R3V8MNNLRBNH1T	B000001DWG	Music	5	0
US	R299VIJ36DCMXM	B000001E7L	Music	5	0
US	RG8ZWAJ9JKCXB	B0000025ZF	Music	4	0
US	R1Q76CSY7JOU0E	B000002VMH	Music	5	0
US	R15OOKBYXHMS92	B000002NJS	Music	4	0
US	R1BVE68YCLJZ8R	B000002MI4	Music	5	3
US	R3I5JDN7HSLA8C	B000005RRF	Music	4	2
US	R3H03RPVGLEG5D	B000002MFN	Music	5	0
US	R2BM2TO791GYR5	B000003JBM	Music	5	7
US	R35K8W3XMGPBO9	B000005JA8	Music	5	2
US	R3IMM6QDDO4BIC	B000001EHS	Music	5	0
US	R26JFFX64FMHEE	B000002NFM	Music	1	2
US	R54PXZE6ZK2NV	B000002O7C	Music	4	0
US	R1RYMXVYU9JMRH	B000001FFJ	Music	5	1
US	REUL0BO91RF0F	B000002BFZ	Music	4	0
US	R1TXYF67CLW5MF	B000002MY3	Music	5	1
US	R26DFY984TG3PV	B000000OXH	Music	5	2
US	R1HOUMND9NIOFH	B000003S16	Music	5	2
US	R1ORI2NT5AXBG	B000000OPU	Music	4	1
US	RODRDMC1JW3GP	B000005IRG	Music	5	0
US	R287N8138QX8CA	B0000062S0	Music	4	0
US	R25P7BYBHGMBOT	B000000WFU	Music	5	0
US	R80F17FRKWF97	B000005RFJ	Music	5	8
US	RPDB80203L9EL	B000003NA4	Music	5	0
US	R2DBKWH0LMQGH8	B000000QFY	Music	4	1
US	R1M9W7CQHFZEEG	B000001Y16	Music	5	0
US	R39OC3P8J2SS6T	B000003S0K	Music	5	1
US	R1VZSRFR6GAJBF	B000003S0Z	Music	4	1
US	R1O0KB3SMSNK7O	B000000W5L	Music	5	13
US	R1W6VC5935B2V6	B000002BQK	Music	5	0
US	R3UXDCWNO0D4O7	B000003S0R	Music	4	0
US	R36SZYH60AQNCH	B000002GYI	Music	5	0
US	RQD5V8YVXF66N	B000001E7V	Music	5	0
US	R38FZZ8NB591OU	B000002UB3	Music	5	7
US	R3KDFSMIXYQH12	B000001FI7	Music	4	0
US	R31BPVAYSP20IY	B000002UB6	Music	5	0
US	R2VDYD0LCHXEBH	B000002UAU	Music	5	10
US	R2P621HUOXGXF1	B000002UAX	Music	5	1
US	RGUPTS6EIJ26V	B00000099Y	Music	5	1
US	R39QGCCKT4EIV0	B000001ES4	Music	5	0
US	RHMQKRV9OK8IV	B000002HPV	Music	5	0
US	RE02IT2N3RIKZ	B000002BQK	Music	5	4
US	R3IHM77P7KQHO9	B000002C1Z	Music	5	0
US	R14OT5NPYI9EJX	B000002NAK	Music	4	10
US	R2XYMVCHUWFMGQ	B000002E5J	Music	5	2
US	R155O2OV1LKJZE	B000002H2H	Music	5	1
US	RNJ8PT1ZI4B2W	B000002MY3	Music	5	1
US	R2O1AWUYDLIKM8	B000002H33	Music	5	1
US	R2O2S3QZUT6XFG	B000002HH2	Music	5	0
US	RKLEUPSHRAZ88	B0000000LI	Music	4	0
US	RYPKMFJTN39ZO	B00000099Y	Music	5	1
US	RMILNGEKCNFR0	B000002UEB	Music	5	0
US	R3VX8B7GBE37KK	B000002HPT	Music	4	0
US	R1R0DX705U2CL	B000002H2H	Music	5	1
US	R1V8KBJE5QW9O2	B000002H97	Music	4	0
US	RUGI8B2DBA2QD	B000002HRE	Music	3	0
US	R231O2IPEBB7RC	B000002HMH	Music	4	0
US	R2U9L1EORU4RC5	B000002UV9	Music	5	0
US	R27A8QEY8ZSCOO	B000000WFZ	Music	4	3
US	R1XWCIZMI5YMSF	B0000062GK	Music	5	1
US	R3LRSUH58RUE17	B000001FY9	Music	5	0
US	R2F8V89I62FDX5	B000002H2H	Music	5	1
US	R3G2AYR2CBW9UY	B000002KHY	Music	5	0
US	R2G5MMO49UO3BG	B000002H6C	Music	5	0
US	R2BMHWGORWFCS8	B000002GMT	Music	3	1
US	R3LUBCB60HL75M	B000002NE4	Music	5	0
US	R1SBEQ7FVFJTVM	B000002NC4	Music	5	1
US	R1C2WYL86DH8T6	B000002KIE	Music	4	2
US	R28B9GX660T88N	B000002HRE	Music	5	0
US	R2HXL5VIBDK0KP	B000002UAX	Music	5	1
US	R13QLO1BP0CCEA	B000002HAF	Music	5	13
US	R2J5AG3OZOFHGY	B000003TAR	Music	5	1
US	R2SFWGDGO71W1M	B0000029DD	Music	5	3
US	R3NS799AQWW1HM	B0000024SI	Music	5	1
US	RPXS4381D2ZYA	B000000993	Music	5	1
US	RPA8USRAJXKUQ	B000003TA4	Music	5	2
US	R1SED7SXT1Y07G	B000002KHF	Music	5	0
US	R32KBAO6SCKL66	B000002MFE	Music	5	0
US	RJOF9WZS4P5VH	B0000027RL	Music	5	1
US	R1JQ8MCXB8N0PU	B000002MP2	Music	5	0
US	R3O2CG4DKNG1L8	B000002ULO	Music	4	0
US	R2QASX33LS9S2W	B0000009SI	Music	5	2
US	R11KTN1CVKUB3H	B000002JS8	Music	4	1
US	R2GQEPITU9F5SK	B000002GYG	Music	5	2
US	R32WJYUE30H29Q	B000002NJS	Music	1	0
US	R2UJ56LN0JXJSU	B000002WYT	Music	5	0
US	R18HT1OWYP35WL	B000002H6C	Music	5	0
US	ROXG15NQQMKKJ	B000002C4J	Music	5	0
US	R3L1QJ0DRMGJB0	B000002GXS	Music	5	6
US	R2NRNYUPBE2B8G	B000002GY9	Music	5	0
US	R1E93Y5HY60YSN	B000002GWJ	Music	5	4
US	R1KDEG1ZMJAS6R	B000002N3N	Music	4	1
US	R47URC4PBENP7	B000002WYT	Music	5	0
US	R2U2UB2FGH0FH6	B0000019PA	Music	5	0
US	R2F7IA75WCZC44	B000002UJQ	Music	5	1
US	R234CQWIFSHPKO	B000000WFF	Music	4	0
US	R3DS8BOR7U58QN	B0000062GK	Music	5	2
US	RUQ3S5TT30HFB	B000002NHN	Music	5	0
US	R7LL8QPI0DT87	B000002U82	Music	5	1
US	R1X5ZN5DFCASMU	B000002G89	Music	4	0
US	RWRC54SQFTAV1	B0000062S0	Music	4	0
US	R2JI8ID9Y8P93I	B000002BQK	Music	4	0
US	R203M89WSMPH4C	B000002KIC	Music	5	3
US	R1V7L509EODDPB	B000002UAF	Music	5	1
US	RX0FPLUFMKDWN	B000002UJQ	Music	5	0
US	R28SBR1KKY0922	B000003Z6I	Music	5	3
US	R20XCCP823XUXX	B000002U84	Music	5	8
US	R38VX94542AOK1	B000002BE9	Music	5	1
US	R1L6H9L4O79XPH	B000002MJC	Music	2	0
US	R2EBNZVPL9FU9W	B000002LK1	Music	4	1
US	R11D5T59H33HGU	B000002BSV	Music	5	0
US	R111QGF4ME6YQ8	B000001ED1	Music	4	0
US	R1RV5TBJHBH4TG	B000002LCI	Music	4	0
US	R1O19FI27NEEKV	B000002NHN	Music	5	0
US	R3FKQKUN7GNFIM	B000000OSW	Music	4	1
US	RR4A82JFG1JTL	B000002UA7	Music	5	1
US	RE8UDT4EQ8RG1	B0000026DJ	Music	5	1
US	RWIKH8LILH15W	B000000OPU	Music	5	1
US	R2CCOSX5A20DRB	B000002MQ9	Music	5	2
US	RKSO568CDHXKW	B000002JS6	Music	4	1
US	R3JQ4P32JKD486	B000000WFF	Music	4	0
US	RWT3R1ZD1FJY5	B000002G60	Music	5	2
US	R2BJPRSF2K9W38	B000002KGT	Music	5	0
US	R1QQGVGUETUE9I	B000002C4J	Music	5	0
US	R1TJG604LHXRLE	B000002WYT	Music	5	0
US	R3MWLOEZSHZ5DO	B000000WCA	Music	1	1
US	RKV1ERMP8HD8A	B00000099Y	Music	5	1
US	R79NFICV3JQTA	B0000060NF	Music	4	0
US	R3GSR7WV1QLRZK	B000001FKY	Music	5	1
US	R1FB3DST3OA5M7	B000000WZ4	Music	4	0
US	R1LG8UP7KNPIKP	B000002KHY	Music	5	0
US	R20MTOO5O1679C	B000002VMH	Music	5	0
US	R1LQUSWO24B32S	B000003Z6I	Music	5	4
US	RCEOVUK10UL48	B000003Z4C	Music	5	5
US	R13018NJHUZI3C	B000000ORE	Music	2	0
US	R35JE7U4YX0DSD	B000002A3T	Music	5	0
US	R19O37H5D11547	B000002MY3	Music	4	0
US	R3JD7UQIJQS0JE	B000001ED1	Music	4	1
US	RTOWVYXNC8XX8	B000005AYM	Music	5	0
US	RIGZ2TG80Q1CN	B000005ILF	Music	3	1
US	R2YFWXXWUG8LCM	B000002MM8	Music	4	0
US	RWI8NY89YAZVK	B000002AGN	Music	5	1
US	R1OETJYG4MED5D	B000003TSP	Music	5	0
US	R23C1Y1YR0QOZK	B000000OU4	Music	5	0
US	R322QNDAYO50ZG	B000001IQH	Music	4	0
US	R1435YXOMNMCIE	B000000OQF	Music	5	1
US	R2I9ZIMEIEEVGQ	B000001FI7	Music	5	0
US	R1BQQM6O5SD3NM	B0000025T6	Music	5	38
US	R3LLXIAGD9JDGA	B000002KBU	Music	5	1
US	R11M4D22QQMV7N	B000002UAR	Music	5	5
US	R20PLZK2ATJENR	B000002HPV	Music	5	0
US	RJTF0HUMAPTSH	B000002GY9	Music	5	2
US	RHFT2EHAO6SEJ	B000002WYT	Music	5	0
US	R3KWUCH5XURZLX	B0000000LI	Music	4	0
US	RNMMB0W061WGW	B000001ZS3	Music	5	0
US	R1II8CB0F6RJBA	B000002BPS	Music	5	0
US	R39C8KHOV4BY7N	B000001EUP	Music	5	0
US	R371K61NOEP2ZM	B000001DQI	Music	5	0
US	R3LGSMRDSRV7TA	B000001F8L	Music	4	1
US	RSMXD51D06IBW	B000002LCB	Music	5	1
US	R1HDYD5R5IYOTG	B000002BYD	Music	5	0
US	R1XFCR65M95V61	B000002LCK	Music	5	0
US	R30JYEN5YM3IDE	B000002C4J	Music	5	0
US	RKDA5L1RAQBBF	B0000032LS	Music	5	1
US	R21FYA27DQKPLY	B000002U84	Music	5	1
US	RZGB7RBX7ADBY	B000002MFN	Music	5	0
US	R2AT9QSRPXR0NW	B000002UJQ	Music	5	0
US	R36717GR3VELRV	B000000XB9	Music	5	0
US	R3VISMNL6K60MO	B000002UKS	Music	5	0
US	R2OIS0URO53972	B000002LFZ	Music	5	0
US	RHQ3VM4I4YDFJ	B0000028M7	Music	5	0
US	R35HZSBK1DFL5V	B0000028UK	Music	5	0
US	R2MY4HX7EHBO2W	B000000OSO	Music	5	1
US	R345KTZYO4ULPO	B0000039QP	Music	5	0
US	R1H4DTPRJAIN1C	B000002LJA	Music	5	1
US	R2FP6LZL95WASH	B000002K9N	Music	5	1
US	RYO3Q55RQHWLR	B0000039PW	Music	5	0
US	R213GC31JK7P1Z	B000001FDK	Music	5	1
US	R1YED6VO49YELH	B000002H6C	Music	5	0
US	R349KW9YUDFCIP	B000001Y79	Music	5	0
US	RT2IFN1MH4OPR	B000002H2H	Music	5	1
US	RSL3PSXGQD0FY	B000005JH5	Music	5	0
US	R1K5GRQFXW1KIO	B000002H2H	Music	4	1
US	R4YUK9WHKSDNH	B000002H97	Music	5	1
US	R18DZAZLXQ1WWI	B000002H97	Music	5	0
US	R1TCDVZYL2N251	B000000OQF	Music	5	1
US	RS762AWD3JYEN	B000002UWF	Music	5	1
US	R36G1IDKXLYAP0	B000000WCA	Music	5	0
US	R2UYC02SB6XL3W	B000002JS6	Music	5	0
US	R13XINIDRXMO77	B0000028RR	Music	5	1
US	R3K5DBHRRMWMZT	B000001ES4	Music	5	0
US	R31T6FIISZVGCC	B0000028RR	Music	5	0
US	RY8F1UITZBWHM	B0000028M7	Music	5	1
US	RJ54RWOOR4LAB	B00000099Y	Music	5	1
US	R1BQ6D5O7KRWD9	B00000272N	Music	4	1
US	R29LXC9VRRHBL4	B000003TA4	Music	2	1
US	RWDU2AS0B9UVC	B000003TBP	Music	5	0
US	R3NBZ10QWC4JK8	B000001FY5	Music	5	2
US	RAGHN8UQ4Y3VE	B00000263T	Music	4	0
US	R29VOQL7NLPZN5	B00000272N	Music	5	1
US	R23L5RKZEWIMJ	B0000025YL	Music	5	1
US	R1AZTIY64NGN1G	B000002C4J	Music	4	0
US	RG71FTQ85L5R7	B0000027FQ	Music	5	3
US	R3SSX5WJ9L3VGB	B000000OUE	Music	5	0
US	R8N9R0HU32T8B	B000001ZS4	Music	4	2
US	R1GRONNQGI85YG	B000002JOH	Music	5	2
US	R2ULCZV0X5F08C	B000001FN3	Music	5	1
US	R5YV3I7BNA1T5	B000002B9I	Music	4	0
US	R2P5AZC4OOYTU7	B000002NHN	Music	5	0
US	R2SQXPWSCWJ3DR	B000001AJG	Music	5	1
US	R1R68LRFGKPL6V	B000002KNI	Music	5	0
US	R3BSW6QEIX1VO5	B000001ESF	Music	5	1
US	R3TGK6PQAYLRF1	B000003S5H	Music	5	1
US	R1RQYYTGGNDCWA	B000002NJS	Music	5	1
US	RP3O6714F1MRX	B000002U82	Music	5	0
US	R36MTF1FTOR54O	B000002UB3	Music	5	7
US	R1ZKAL231U108T	B00000099Y	Music	5	1
US	R2THXED1LWHG55	B000003CKH	Music	4	0
US	R375E5365LS6GH	B0000029LG	Music	5	1
US	R1F2S9Q6XEM1XA	B000002N2Z	Music	4	0
US	R28CWQBUSJUUSZ	B000002AZ8	Music	4	0
US	R1JG8GR1T2S4EM	B000002JOF	Music	5	0
US	R3EWAHLQGQRG59	B000002GJH	Music	5	1
US	R2HVSFAY7IYG5M	B000001Y5J	Music	5	0
US	R3MZNFZB57AEE	B000005AYM	Music	4	0
US	RODTK6HQVSV9N	B000001Y2U	Music	3	2
US	R2C54HA08ZSUX2	B000000993	Music	5	2
US	R1OUFIP90G51D5	B000000WFF	Music	5	0
US	RP3PRAUWFF2Q7	B000003S5H	Music	5	0
US	R33YQJ4GJTU9IW	B000002LKF	Music	5	2
US	R83HFSZPI6QQ1	B000002G60	Music	4	3
US	R15TOZXAZVNP8M	B0000027F8	Music	4	1
US	R3GX6ZJQ3MX0M5	B000000WCV	Music	4	1
US	R3VB05Q0BOTRY7	B0000035E7	Music	5	0
US	R34A26WL976W9L	B000002UJQ	Music	5	0
US	R2U8HRTIAD35I5	B000002LCK	Music	5	0
US	R5IALDX80HVOK	B000002KHY	Music	5	0
US	R2LL4IZHNVNQCJ	B000005AYM	Music	5	0
US	RDA2AFCMU7SW5	B000002H72	Music	5	0
US	R195YMS4BU0PGX	B0000027I6	Music	5	0
US	R3QNDUGKW693X6	B0000009UX	Music	4	0
US	R3EZ51Q409D2SY	B000002BQK	Music	3	0
US	RU2IUBHDMV1SO	B000002L5P	Music	5	2
US	RJZUYZ8W2JIT4	B000005ALN	Music	5	0
US	R5WIVUNJWT8HF	B000002UV1	Music	4	1
US	R1BQS0VCMJD92R	B000001ED1	Music	5	3
US	RTFB2XMMUFRC7	B0000009OU	Music	5	0
US	R1MW1UZFISBR6R	B000002HHB	Music	5	1
US	R277JHICU565HG	B000005ITX	Music	5	3
US	R25KOLQNBNRIMJ	B000002UJQ	Music	5	0
US	RKTSZHS83SMRH	B000002KH3	Music	5	1
US	R2KKCXH6MCH3MO	B000002ULS	Music	5	0
US	RJS2SHFOPD9L3	B000002UJQ	Music	5	0
US	R3DRDKD2REMY7T	B000003N89	Music	5	2
US	R3SCZS5TUSYIIZ	B000002HH2	Music	5	0
US	RRT6GJCWPM8HX	B0000026WD	Music	5	1
US	RCXDIKNFTEDBJ	B000000W6R	Music	5	1
US	R3RL9ENYIM7C6P	B000002549	Music	5	5
US	R3VOTWU22FTM32	B000002NHN	Music	5	0
US	R2Y8HNOA7VPSCE	B0000035E7	Music	5	0
US	R1VYHJ2RV145C1	B000002L68	Music	5	0
US	R2IJIL4N6ULAWS	B000003TAB	Music	5	20
US	RPPCYJQDRWFGR	B00000253N	Music	5	0
US	R1D3QVILDR4EB1	B000002NJS	Music	5	1
US	R5LW7HEX366A5	B000002U8G	Music	5	1
US	R3I2XLNA2KYWGU	B0000025ZK	Music	4	1
US	R2HBZZTMIN7JD6	B000000WGL	Music	5	0
US	RXSH0H6YO1N7	B000002ULS	Music	5	0
US	RKRPA0KPRDDWR	B000003TSP	Music	5	0
US	R2RNTYE6V14U4Z	B000001Y5J	Music	4	0
US	R3D4XTIQIBG7O3	B000002K9N	Music	5	1
US	R1E8FLDJXM5U16	B000006OAM	Music	5	0
US	R2ELCXVC80IYQX	B00000634L	Music	5	0
US	R3G6QP9AA6VTFZ	B000001FS6	Music	5	0
US	R2J52IU2UG1XYS	B000002L99	Music	5	0
US	R2GTZX60YKSQ12	B0000025ED	Music	4	4
US	R3PPMN2VUBXE85	B000002VSN	Music	5	1
US	R22FB10QVA9UV5	B000002NHN	Music	5	0
US	R141FJEZ58S54K	B000002BQK	Music	4	0
US	RIYJY4O2SZ3MZ	B000002NJS	Music	5	1
US	R117C3D9UFRO61	B000002C1Z	Music	5	0
US	R87TVDEJ1NNRT	B000002UA5	Music	5	0
US	R2G5AAYI3YN0LZ	B000005RMY	Music	5	15
US	RE2PTQPNRJ21Z	B000002L7G	Music	5	0
US	R3N425DDMRSQ6V	B000002MNR	Music	2	2
US	REKRT6X3A6X7C	B000006OAM	Music	5	0
US	R18F0R8LYC98LF	B000002ADT	Music	5	1
US	R1R7DBC8K139ZD	B000002U9E	Music	5	13
US	R2Z96PH0CWGGZE	B000005JHQ	Music	5	2
US	R19N5JOP312FT0	B000002UEB	Music	5	0
US	R2YE5MYTVW8IRO	B000002ULS	Music	5	2
US	R238SA3KXE9G63	B000002U8G	Music	5	0
US	R3TCK1BZPLTRSH	B00000099Y	Music	5	1
US	R2CI24BKEH1UQ9	B000000OPU	Music	5	0
US	R30KLCHOF981ZS	B0000029DD	Music	5	0
US	R1TVQP0UAFL4YA	B000002NJS	Music	5	0
US	R21IW0RT8QMB0J	B000002BE9	Music	4	1
US	R2XAWEJ6JTQXXY	B000003489	Music	5	1
US	R1HR05LD4BKCOE	B000002BQK	Music	5	0
US	R1WOQU0MJBFC6R	B000006OAM	Music	5	0
US	R1PZGPRORRO6IZ	B000002BSG	Music	5	0
US	R2VQRTSJHJTH6S	B00000295A	Music	5	1
US	R23JJJXSDTLFJC	B000000W6F	Music	5	0
US	R1COH0BCCC9ISR	B0000019PA	Music	5	1
US	R3HNYCCT5PP5YO	B00000253N	Music	5	0
US	R2E4312PSLV77J	B000001ED1	Music	5	0
US	R3D761EHA3NHMA	B000002KC5	Music	5	7
US	R2XIVX83ZEIR2T	B000005AYM	Music	5	0
US	RU81JW0KVSYSR	B000002LEE	Music	5	0
US	RSGP6E9Y5A5GS	B000002KB8	Music	5	0
US	R2NQTTQZKDB5XP	B000003CKH	Music	4	1
US	R1H6VKZUVFXHGT	B000000WF0	Music	3	0
US	R3AEBKXIKGAFT	B000002J1S	Music	5	0
US	R3UL9450WZ26PO	B000002H8F	Music	3	1
US	R3K03JXXQHBFZQ	B000001FT2	Music	5	4
US	R8PD68O07D7EP	B000002IM7	Music	5	1
US	R6E2FNS9TQNFI	B000002568	Music	5	6
US	R11X67SZKZLTPT	B000002JSN	Music	5	1
US	R3HXHTY143Y69N	B000000W9Z	Music	4	0
US	RQ92QFNU30X1A	B000002J6H	Music	5	1
US	RF291YAKS6X2A	B000002NJS	Music	5	1
US	R29ASPYUL749WV	B000001ES4	Music	5	0
US	R1XCJDGEGLEFYW	B000000WFF	Music	5	0
US	R2N12OUGCI6MWW	B000002VDW	Music	5	1
US	R10DLLB7PIO3DC	B000002LIX	Music	5	0
US	R1TBPQSYRDV6D1	B000002NJS	Music	3	0
US	R1UYVMWMHJJDUV	B000004727	Music	5	9
US	R28JSYCN5X97EY	B00000612G	Music	1	2
US	RR56U1SQIAZ92	B000006045	Music	3	2
US	RY2BGF2363VXD	B000002J1S	Music	5	0
US	R3RJNGNMRWAJ1Q	B000001EAQ	Music	5	1
US	R3VC8IZL5AQ01Q	B000003TAR	Music	4	1
US	R18YUEU1I9CH8I	B000003S5H	Music	4	0
US	R3IT3RTI0WLEAC	B000002NHN	Music	5	0
US	R201N3H3O1CGGH	B000002NFM	Music	5	0
US	R2V9J8M8O77ZZH	B0000062S0	Music	3	5
US	R69JU0R8AX16B	B000003NA4	Music	5	0
US	R31RE2QQAOBLLL	B000002TQB	Music	5	0
US	R2WTUYYS9T5SOU	B000002J0N	Music	5	21
US	R21A0Z8BN04J6T	B000000W6X	Music	5	2
US	R2I7AWSD0DMTL5	B000006OAM	Music	5	0
US	R34LRU0WITGMPL	B000002HEM	Music	5	1
US	R3IQ1H4THFUJVM	B000006OAM	Music	5	0
US	RDV30SLTX0SC	B000002BSG	Music	2	0
US	R1L2RPGSGG4N62	B000006NPY	Music	3	0
US	R1HHSB7I8O1ZQB	B000002ADT	Music	5	2
US	R1E072Z6O5HDP0	B000002ULO	Music	3	2
US	R2UOO0UWXHJC3O	B000002UCQ	Music	5	1
US	R3Q1PYCSBQCJFG	B000001EGA	Music	5	2
US	R3UVX0P7AA9RMC	B000005JA8	Music	1	41
US	R3UQ0U3ZC6EK8B	B000002UKS	Music	5	0
US	R3I3B5IUJIC546	B000003S0P	Music	5	0
US	RSMQI3OWPQ5Y9	B000002JEV	Music	5	0
US	RI0UUKGJS958I	B000002NJM	Music	5	2
US	R2PW42KOYRIWEJ	B000002L68	Music	5	1
US	R1U2EQMGVKJJCZ	B000002VMH	Music	5	0
US	R1N9UIW25QZ89R	B000001Y42	Music	5	0
US	R8IMYNEIYOW0U	B000002HMH	Music	5	1
US	R2A3Z8EARED9ZQ	B000002J20	Music	5	33
US	R14N40QJ4ZK7G0	B000001E29	Music	3	2
US	R2QE4OAMLPP4SJ	B000002J1B	Music	5	3
US	R23IEI5OTNZN2F	B000002USN	Music	2	1
US	R1EIEMGWDA8IY	B000002IWQ	Music	4	1
US	RRNNGIW0QQV5J	B000002NJS	Music	5	1
US	RT67CY3879X49	B000002C4J	Music	4	0
US	R30KN9VS52OUS7	B000001E29	Music	5	0
US	R3MQHHV2FRJA9I	B000001EXB	Music	5	0
US	R1MQ4C02Y5AZ4	B0000047CX	Music	5	4
US	R3FPBW3OEJ646M	B000001IPL	Music	5	0
US	R2TWBYRLG12K7Z	B000001ZS3	Music	5	0
US	R2FJ9EZMSS4NAC	B000001E8P	Music	5	0
US	RGLC3MYFPT5A4	B000002VQQ	Music	5	4
US	R1ZC9WLK6SKD1N	B000001E29	Music	5	0
US	R3JU41N208PZ4Q	B000002VCE	Music	5	27
US	RVYCVU0BSH1TR	B000002U82	Music	5	0
US	R2Y23WED0QFIMK	B000002LGA	Music	5	0
US	R24PSQM90CTOI6	B000003TA4	Music	5	1
US	R3HDDO8B44GSV5	B000002MY3	Music	5	1
US	R1FAZBDWY0BJW5	B000002UAX	Music	5	1
US	R2C3FSM2NWSVDD	B00000251N	Music	5	6
US	R3GGKTB4H4E8Y5	B000002IOW	Music	5	1
US	R2MWL44FDF8261	B000006NPY	Music	5	1
US	R1NHJ686E9YBAE	B000001F5F	Music	5	0
US	R16BS62X3NQICD	B000002NJS	Music	5	0
US	R14UHFYB3UDFJK	B000001Y79	Music	4	0
US	R29WB3FDYUADCA	B000006NPY	Music	5	0
US	R3VD2OOVN4DA04	B000002LGW	Music	4	0
US	R38XPC2CIJN6Q1	B000002E5J	Music	5	1
US	RG43QO48DIU3R	B000001OAA	Music	5	0
US	R52EMR64VWZEL	B000000WZ4	Music	4	1
US	R1XAFK2JDX5C2P	B000000JO3	Music	5	1
US	R2D04C1RF87HSH	B000002MJC	Music	4	0
US	RYACD54OKF8BX	B000006OAM	Music	5	0
US	RHWJCCU7J0IBZ	B000000WA2	Music	4	0
US	R35H2EI8SFHKBM	B000006NPY	Music	4	0
US	R3MCMTT6HX2ZKV	B000002UAU	Music	5	8
US	R2YOH8C010Q0ZT	B000002UA5	Music	4	1
US	R2YGIQRGZTA5W2	B000002UAX	Music	5	1
US	R7WNTNUDVU9X4	B000006OAM	Music	5	0
US	R2K87OJF7Y199Z	B000002UAU	Music	5	8
US	R3A73TPYJJW0HK	B0000024ZT	Music	5	1
US	R2MIECJJ9P9JOS	B00000099Y	Music	5	1
US	R42WVFJ6CCLU	B000002HPT	Music	4	0
US	R1XO7205OWGCJ4	B000002UJQ	Music	5	0
US	R353G70VQUV9XB	B0000060NF	Music	5	2
US	R3Q9BE37A7P7E0	B000002MY3	Music	5	2
US	R3HP7R7L4FR67M	B000006045	Music	3	2
US	RRQDRHC81JF2U	B000002MNR	Music	5	2
US	R3BG6KLM47E4RV	B000000OEI	Music	5	0
US	R822MDSQP3BXL	B000002U82	Music	5	1
US	R1ULS5BV9ONTX0	B00000295Y	Music	5	0
US	R29QWPIE6MHQJD	B000007ODM	Music	5	0
US	R2LDWLS6XDG8AM	B000002OMN	Music	4	0
US	R1Q7G99M4PJ077	B000002BHE	Music	5	0
US	RSLZ7KNCM4EYO	B000001FY9	Music	5	0
US	RLR2KIU0FSRYS	B000005HFH	Music	5	3
US	R2ZT0T4Z6J659F	B000002ADT	Music	5	0
US	R1DAYCDUIIWXAS	B00000721B	Music	4	4
US	R1096DSGQK03ZT	B000002UJQ	Music	5	1
US	R2IZMTCLN5CB1W	B000002BE9	Music	5	1
US	R38JHQ3GWJJLVL	B000002H97	Music	3	1
US	R29FB9Z87PACRT	B000001FS3	Music	5	6
US	R91POU84HBXSW	B000002KNI	Music	5	0
US	RG0D5VUXYVFMR	B000002KH3	Music	5	0
US	RGDEYRUDTVPUX	B000002JSN	Music	5	4
US	R3V9C0ZNFDCW8U	B000005AYM	Music	5	0
US	R1X619ZNNTBTRN	B000002AZ8	Music	4	0
US	R28NL2K1ZC825X	B000002UAR	Music	5	5
US	R3J5MGEADCLB0V	B000002LK1	Music	5	0
US	R2YETTWX4EGILZ	B000002MIF	Music	5	0
US	R27C7F7XZICTYA	B000003TA2	Music	3	2
US	R2CRPWRBTUQI6S	B000002GGO	Music	4	1
US	RDY9MLH3MD70	B000003TAL	Music	3	2
US	RVLOZ3ET8BTTD	B000005ILF	Music	3	0
US	RSPKUUSPMJFMU	B000002L7G	Music	5	0
US	R1B644FYG59COY	B000001FCB	Music	5	2
US	R1RYDT61IFOA2R	B000003TSP	Music	5	0
US	R2IOPW3QH2L95N	B000005RRF	Music	5	1
US	R23YBOTNM5UYUV	B000002B38	Music	5	0
US	R39EXIKHHOXSWY	B000002JSN	Music	4	1
US	R3S27NOW69I5KU	B000006OAM	Music	5	0
US	R301IXXR7INHUY	B000002V07	Music	5	2
US	R1PA4DFISR23GB	B000002BYD	Music	5	0
US	R1IWX5RD0UF5T6	B000002UJQ	Music	5	0
US	RFA1IXE3H1WBW	B000002TQV	Music	5	0
US	RE9AQ2UPX14LR	B000002UZ1	Music	5	0
US	R351WVZM107WJ5	B000002UR7	Music	4	0
US	R3Q1HWIEQ06NXR	B000001EGA	Music	5	1
US	R3DCPLE2L03AQL	B0000024T3	Music	4	2
US	R3NOZTBYKFFK6F	B000001FFJ	Music	5	0
US	RLI2VNK74U9X0	B000002U9E	Music	5	1
US	RJR0PQELYM9AF	B000002NHN	Music	5	0
US	R2VADWQC05ZRYT	B000002JB8	Music	5	0
US	R2YSB87N5SOUUK	B000006O7C	Music	4	0
US	R1UHSWR48VJS0T	B000002GBK	Music	5	7
US	R2HV9JF8RUJCB4	B000002IZ4	Music	5	0
US	R2M0SO1LVZTGA2	B000006045	Music	4	0
US	R1OABSC355454D	B000002C25	Music	5	2
US	R2U3K1E0YMWTXE	B000001BX0	Music	5	13
US	REN27ZFY61LOH	B00000373U	Music	5	1
US	RDEY95ZL160TM	B0000047EC	Music	5	4
US	R2CL3E5056EUVV	B000002HAJ	Music	4	0
US	R1C09NPYBPTG0J	B000001FAK	Music	5	0
US	R39XCNFQC899F0	B000006NPY	Music	5	0
US	RG1HT9R656ML1	B0000062S0	Music	1	5
US	RQ4DRPMO19SFL	B000006Y12	Music	4	0
US	R1AJTVNH5J420I	B000002ADT	Music	1	20
US	R2UIP13ZNFOUN9	B000002BSG	Music	4	0
US	R3GJ4BJ669LZQK	B000002NJS	Music	5	1
US	RVE5LVD75ECB4	B000001EXB	Music	5	0
US	R2MO2AUV3MIE5Y	B00000896M	Music	5	0
US	R1VJ7WZV7YGUVJ	B0000057C5	Music	5	0
US	R1Q7RWEZ7WVDGQ	B000002UDV	Music	5	14
US	RKTPJMYXNXJLJ	B000002UCQ	Music	5	1
US	R2WF4HD8QF64LN	B000002NFM	Music	5	4
US	R1JIWT88VDJOCZ	B000002G8H	Music	5	1
US	R3ARZF56K92IZD	B000001FTN	Music	5	2
US	R1EGT2SNT6RETG	B000002J09	Music	5	0
US	RR1BZRO9GNVED	B000002OX7	Music	4	2
US	R3GNH42FON95YY	B000006NPY	Music	5	1
US	RR435JPZZ842K	B000006NPY	Music	3	1
US	R3931DKB7JI2EB	B0000062GK	Music	5	4
US	R1K7YXWNDAMU6F	B00000099Y	Music	5	1
US	R2OGGYGQRHVZOW	B000002WYT	Music	4	0
US	R3GZEF1OHBG2S3	B000002H8F	Music	5	0
US	R2OCIZP7JEIKBT	B0000025HU	Music	5	0
US	R2K3TSPKXM9SWO	B000001IPL	Music	5	0
US	R30TFFLFK59HP3	B00000612G	Music	5	0
US	R2WEHF6UELJMRG	B0000028PI	Music	5	0
US	R1D14CHG9O48KK	B000002MI4	Music	5	8
US	RHWPZO96YEOZD	B0000042MY	Music	4	0
US	R264V7Y51Q58CE	B0000035GN	Music	5	1
US	R2YIDBSBZNH8Y0	B000002H70	Music	5	4
US	R2FRNZGIMUXYG5	B000002C1X	Music	5	0
US	RSWQP14ES5RNV	B000002NJS	Music	5	0
US	R2YRO0D944CFBB	B000001ESF	Music	5	0
US	R39GWUI1R9ZCNR	B000002NJS	Music	5	0
US	R1TRL0FD26H9ZF	B000002C1X	Music	5	0
US	R1F20JUJ5T2TIS	B000002J1S	Music	5	0
US	R3V8M585IYN7D8	B000002U82	Music	5	0
US	R3S9OSFUOY2PNQ	B000006OAM	Music	2	0
US	RT6I2S88DO8GY	B000002TQV	Music	5	0
US	R2Y9EWY6EFTZL1	B000002572	Music	5	1
US	R12HMHC4VY6M76	B000000OTY	Music	5	2
US	R2PTPFGFQ02ZOW	B0000062IR	Music	5	1
US	R3MZ36KT9D16GT	B000002L75	Music	5	0
US	R2OHZVMY777O4P	B000002NJS	Music	5	0
US	R1QYH2OKN8UI0W	B0000039QA	Music	5	0
US	R6S7CWANVM8CE	B000006O7C	Music	5	0
US	R18JD8UVIXYMJD	B00000273P	Music	4	2
US	R3FZ3KJC91ZOHM	B000002LK1	Music	5	2
US	R2EJDJMFRVSV9X	B000007ODM	Music	5	0
US	R1CH0ATKSHORY8	B000002AT6	Music	5	1
US	R316TN7FKJ3WOO	B000001EIA	Music	5	1
US	R1J2VLTWYD5SCY	B000000W3G	Music	5	0
US	R3GSG5NJ9TXRXI	B0000060NF	Music	5	0
US	R2FSPJ5CZ312I2	B000002WYT	Music	4	0
US	R5FGM40GRO7CQ	B000000OTU	Music	5	0
US	RROJEOT1G5MCQ	B000006NPY	Music	2	0
US	R3HHZFJX2UL48F	B000002UAX	Music	5	0
US	R3SUSBDMGZT3EY	B0000026NC	Music	5	1
US	R2UJ882JHLZFYB	B000000993	Music	5	1
US	RMWVC8BMCV35R	B000002NJS	Music	5	0
US	R1TMKSRK29GFME	B000002KE2	Music	5	2
US	R2U5VL2UGW8GKZ	B000002GFT	Music	4	2
US	R493JAT906IH	B000002HJA	Music	5	2
US	R305E90MEFF7OL	B000001Y5X	Music	5	0
US	R12Y4NJWIJGPU8	B000002OFG	Music	5	1
US	R25P88AJTU9RPU	B000002U82	Music	5	0
US	R2AJA7CPQP1ZCS	B000001ESP	Music	5	0
US	RULXM9AJ13Z1V	B000002C1W	Music	3	3
US	RVNFOMZ48OFYS	B000001IPL	Music	5	0
US	R3MKOUSP3GLT0L	B000002C1Z	Music	4	0
US	R25UTTT7IWHEXK	B000002UEB	Music	5	0
US	R3B821WDEIIEH2	B000002W9P	Music	5	2
US	R29GVJBFZXTGHV	B000002JKA	Music	5	1
US	R2KPI6BIBKX7HE	B000002UTK	Music	4	0
US	RHTU19TWWZJTA	B000000WFU	Music	4	0
US	RMEDRM90AU3XK	B000001FAU	Music	5	2
US	R1ATEVAMKX0UG	B000006NPY	Music	5	1
US	R2Z6UFQRNTND	B000001DTM	Music	5	0
US	RRQVUTRMS02TV	B000005DQR	Music	5	0
US	R1JOJWHVC7CQ98	B000002J09	Music	5	1
US	R8FXSSKAXU8YV	B000005JA8	Music	5	5
US	R2H570BVTMA8VU	B000002LGA	Music	5	0
US	R1PSDYM5ZRBTBE	B000002JPA	Music	5	0
US	RZ9ZW7PDBD2JO	B000002KIE	Music	5	1
US	R31324AUN5DMLP	B00000255X	Music	5	0
US	R3EJ6H8JVXMLJW	B000006NPY	Music	3	0
US	R32W362TJ0RDB1	B000000W5L	Music	5	4
US	RSPDUGEREOR84	B000002BYD	Music	5	0
US	RGLZYAHYVK3Q9	B000001DVD	Music	5	0
US	R19XWG6JVX42TP	B0000009SI	Music	5	2
US	R8HMY8NUOFF1H	B000005B0U	Music	5	1
US	RRM76DVSY8PZ5	B000002ADT	Music	5	0
US	R1ANVNWBJ6J5WM	B000002GI0	Music	5	7
US	R1TG99O9MJAIKL	B000002G23	Music	5	1
US	RKO0SMVGE4AQJ	B000002MZ6	Music	5	0
US	R3Q6FC5J5MJH6Q	B000001ESJ	Music	5	3
US	R2SGLM6F9MG9ZS	B000002MY3	Music	3	0
US	RCMDS7CSIVVT9	B000000I0G	Music	5	4
US	R2OG2T44GSI8WT	B000002HH2	Music	5	0
US	R2GXV2HW5G4GT1	B000002UJQ	Music	5	0
US	R307S37UYASR4K	B000001GBJ	Music	5	0
US	R2LSDAXFY3R2O2	B000000WCA	Music	5	0
US	R3BEDIOKH9WMOT	B000002A3T	Music	2	7
US	RILUXZNAJUS2C	B000006NPY	Music	4	0
US	R1VIW01O0BXQSE	B000002ULO	Music	5	0
US	R2S9Z02YABJRC0	B000002UAX	Music	5	2
US	R2EF8CVLW82OMW	B000006NPY	Music	5	0
US	R22BHI9C7HX7SZ	B000006NPY	Music	3	0
US	R2DLSLR3WG8EY8	B000002NHN	Music	5	0
US	R2H8BGOKDBRQ8L	B000003S09	Music	5	2
US	RQBLKI4MTJ4L2	B000002I8D	Music	5	0
US	R3RALR57VPBIQM	B000002IQ9	Music	5	1
US	R1XO1K9983FBNB	B000002C25	Music	2	3
US	R3G4UIPAE2XS5L	B000002UJQ	Music	5	0
US	R1RQ149WIJZAHE	B000002H97	Music	5	0
US	R11TROBVH09EO2	B000005DQR	Music	5	0
US	RNJ689PKGSDDV	B0000069NM	Music	5	3
US	RHTU661BOITK5	B000006OAM	Music	5	0
US	RQF9D8GKD1SIY	B000002KAT	Music	5	1
US	R2TIX6YJGWD29B	B000002AV5	Music	5	0
US	R3SHS77L3HZJ14	B000002MY3	Music	5	1
US	R2SNKQ5VMQH923	B000002UAX	Music	5	0
US	R1ZKN31XGN27RW	B000002JBG	Music	4	0
US	RS0KL8J44LZOC	B0000025NU	Music	5	0
US	R31IL3NX5WMNGV	B00000612G	Music	4	0
US	R2GRVGOW6DHGI9	B000002MFE	Music	3	9
US	R2XTXNRQ9W38IV	B000002HMH	Music	5	0
US	R11YDJ58303N9W	B000002HRE	Music	5	0
US	RSAL707YSCU4C	B000001BX0	Music	5	0
US	R242Y2BR9J8U4G	B000002UJQ	Music	5	0
US	R1KQ6DU6XVH2T0	B000002L9M	Music	3	0
US	R1413AOCZ3TUK4	B000002H6C	Music	5	0
US	R3L8ICHYMGEE6V	B000000OUE	Music	5	0
US	R3K3KFS9R1X7LL	B000000OMB	Music	4	1
US	RHLOA2S1815IM	B000006045	Music	4	0
US	R1OBWKLSILNRNC	B000002NJS	Music	5	0
US	R3VSCS0VYY5895	B000002JKA	Music	5	0
US	R28VVWHGNM9IIJ	B000003N7G	Music	5	0
US	RQE5MQVV6AALZ	B000006NPY	Music	5	0
US	RLJT9OT34W0LD	B000000W5N	Music	5	3
US	R2BHO68FEPMTSS	B000002NJS	Music	5	0
US	R3P4BOLZ22Z5VM	B000002H70	Music	5	0
US	RJ02BYTICVBH8	B000005S5N	Music	5	6
US	R2Q2ST5IR579X	B000006NPY	Music	5	0
US	R1V8HK40BA2UQ1	B000002HAJ	Music	4	0
US	R3RWBUV5RZ81Z	B000002KYK	Music	1	4
US	R2VF8SD0BRDYKN	B000002MZ6	Music	5	2
US	R3Q3GLC63DFD8E	B000005RS9	Music	5	1
US	R2AVWE8VPA7VSQ	B000000WF0	Music	3	0
US	R364DC840LJWT8	B000000QG8	Music	5	3
US	R1PRKN2JKDT7KX	B000002AH7	Music	5	2
US	R1NLGDII03RF6Z	B000002I2M	Music	5	0
US	R1AQHG9P1XGNSS	B000001FI7	Music	5	0
US	R1WNC7LUDZEVMM	B0000062S0	Music	5	0
US	R1M8U2SKLK2ZHV	B000001EAQ	Music	5	0
US	R3J19XV8EWGYXS	B000002549	Music	5	3
US	R23TVL4KL69BP8	B000002L9M	Music	5	1
US	R1MG4U7XNKXLXE	B00000899U	Music	5	1
US	RXZ9Z5A3GBSNZ	B00000373U	Music	5	0
US	R2XCVD7T6QONCN	B000001DVD	Music	4	0
US	R1W0G4NSL0GAT5	B000002UTY	Music	5	2
US	RTV3VA03BD8M5	B0000024TQ	Music	4	0
US	RVKKWP9AOIS5A	B000002BQK	Music	5	0
US	R1HE7DIDD3AFVJ	B000002BE9	Music	5	1
US	R2FCUDH25FRLYZ	B0000060NA	Music	5	1
US	R1C6MGIJRPY5B8	B000002A3T	Music	5	0
US	RGCCPKWL7WIWV	B000001EMW	Music	5	3
US	ROO8UADZ3SOEP	B000002LMM	Music	5	0
US	R1LKZTFD6FDWWQ	B0000025IE	Music	5	0
US	R2PAE6FJ5EC0VC	B000002AZ8	Music	3	0
US	R3C9J3QGPLAX54	B0000025RQ	Music	5	0
US	R2UARKG7ZR4B7V	B000000OE7	Music	5	1
US	RB33KN2D5YU78	B000002B7O	Music	5	0
US	R1680ZDP6TBZOK	B0000025H4	Music	5	1
US	RA289MH5T2GL9	B000001FZK	Music	5	4
US	R3N31B9ZYHKOKG	B0000025RQ	Music	5	0
US	R40QG9NXX4CQM	B0000025YM	Music	5	1
US	R23CMF0HMMW1JF	B000002UEB	Music	5	0
US	R1CI186W2RYKBK	B000002LFL	Music	5	2
US	R2GDD3MO1VETGB	B000000H42	Music	5	2
US	R2B0HTRF2YL52V	B000002KNU	Music	5	0
US	R1IDENAP2OTWYE	B000005ALN	Music	5	0
US	R3IFXO0251B5D7	B000005RRF	Music	5	1
US	R2DDNTF05PIIL4	B0000029AP	Music	5	4
US	RO0DKR8V6B2X8	B000000W6X	Music	5	0
US	R2GOST8R8NYPNB	B000002C25	Music	3	4
US	R1ETLQE1DONY18	B000002UJQ	Music	5	0
US	R2J1917U5EJS75	B000001FDQ	Music	5	1
US	R2STGKSG932VAP	0312958455	Books	4	1
US	R1AED3DVD0F973	B000002NHN	Music	5	0
US	R3M02ZFAEZ932I	B000006O7C	Music	4	0
US	R243YIJON1RLS2	B000002L61	Music	4	0
US	R2W76MD49RPCRC	B000001EAQ	Music	5	0
US	R1ERA2G9TWURR6	B000002TQB	Music	5	1
US	R357XGA9P1JO08	B000000OF6	Music	5	0
US	R3CU9JBKKO1OLX	B000002NHN	Music	5	0
US	R1BM31KCZI8B08	B000002H6C	Music	5	0
US	RY0U9QGXXELMW	B000002LND	Music	5	3
US	RHHWTEL0U4ZXB	B000002BQK	Music	5	0
US	R3JYL7DP4DPO5S	B000006OAM	Music	2	2
US	R1WXPMMFQDT7HH	B000006OAM	Music	5	0
US	R1E4C8EHLJN6NN	B000002KB8	Music	5	0
US	R2Y7NC21RIBXST	B000006OAM	Music	5	0
US	R33DNF89KBY2ZO	B000002NJS	Music	5	0
US	R3N2H1NNGUTV4W	B0000035E7	Music	5	1
US	R2B3X5OGJW9QSZ	B0000025L8	Music	5	0
US	R7GTBJPS32N76	B000006O7C	Music	5	2
US	R23NWI55BL0JI3	B0000025HU	Music	4	1
US	R2QRZ41U58CXAC	B000000132	Music	5	3
US	R2QYVC6IOY5J5Q	B000001FTN	Music	3	1
US	R3EO35F618625F	B000002J1F	Music	5	0
US	ROX8O3LX09XDE	B000002GI0	Music	5	2
US	R2BEPQIBV638AG	B000001F2H	Music	5	0
US	R7KPXUA3OI7U6	B000003S2K	Music	5	2
US	R32DPZFD320O4C	B0000057C5	Music	5	0
US	RUYN84ROU0MXY	B000002BYD	Music	5	0
US	R1W7MFSHQ3NVWK	B000000OUJ	Music	5	1
US	R1Z8GSLWSTX72	B000002BFZ	Music	5	0
US	R2SWOABS3SQOKW	B000002X0Z	Music	5	3
US	R2ZNZI15N07E86	B000001FDQ	Music	5	2
US	R1FUPDIGOP6E4N	B000002KAT	Music	5	3
US	REJIQV0YOKN4Q	B000002H1T	Music	3	3
US	R17GRGTL1B1FBG	B000002UVZ	Music	5	0
US	RMR768UXUVD5G	B000002JS6	Music	5	0
US	RFO6FIPEBOF0U	B000002MU3	Music	2	5
US	RGTL8U5LUXJTP	B000005RU0	Music	5	0
US	R3T5YFVE3VNMJ6	B000002B7U	Music	5	0
US	R19FISTMI68JR8	B00000255F	Music	5	3
US	R1D0USVEYSZTUI	B000002C4J	Music	5	0
US	RZ64AEPMZS7PP	B000002NHN	Music	5	0
US	R3E6QBD0AQPFRO	B000002UA2	Music	5	1
US	R39LLPHUWIJCU5	B000002ULS	Music	5	0
US	R1Q5GKXZXYOIMK	B00000099Y	Music	5	1
US	R8X7CTCVI2AND	B000002U82	Music	5	1
US	R2YV0UFPIVJNII	B000000YG5	Music	5	2
US	R3BS3OWPRSDFWQ	B000002N3N	Music	4	1
US	R38434TWCHN0IN	B000002MZ6	Music	5	1
US	R3USWX9YJSVG06	B000002NHN	Music	5	1
US	R2LSRCI0BYMNYK	B000002JOF	Music	5	0
US	RJS9XALCPO28V	B000006045	Music	4	0
US	RJLFGWIBKZP02	B0000062GE	Music	5	0
US	R3Q01XUJU8Z3GI	B000002KAT	Music	5	0
US	R3D57B7OPRR34A	B000003BF1	Music	5	0
US	R26MLWJWZNNQFX	B000002AHC	Music	5	2
US	R2LMBTYL2W1FCH	B000000JO3	Music	5	7
US	R1DV7DPA1HNUG5	B000002I6T	Music	5	3
US	R2SOY48Q8JNK5K	B000002NHN	Music	5	0
US	R2Z2JYHU7R2XAV	B0000024JN	Music	4	0
US	R281ZDBL3FZV9T	B000000XB9	Music	5	0
US	R1EPCTXYXQL423	B000002NHN	Music	5	0
US	R1W3OWZLN40O9I	B000002ADT	Music	5	0
US	R2NH46YGKONDP9	B000000WFZ	Music	5	1
US	R1IWO5SKH37NPN	B000003S5H	Music	5	0
US	RSJV362PDZI04	B000002JB8	Music	2	7
US	R2GSDVXRC11VRQ	B000001EJ8	Music	4	3
US	RYBYQ6N614HHC	B000001FY9	Music	5	0
US	R1DVM7EVBCTX9K	B000002WE9	Music	5	1
US	R1902L6122FMCF	B000000H40	Music	5	10
US	R2GWZF4YXZPE1R	B000002TYK	Music	4	0
US	R33RY4KNCJYVP9	B000002J7U	Music	5	1
US	R2G4XDJ7XOLF28	B000002WYT	Music	5	0
US	R2G5GBVBSP1OQN	B000002OZY	Music	5	0
US	R2CW93ML4YL6OS	B000000H64	Music	5	0
US	R3L8FKABESMYEV	B000002VCU	Music	5	1
US	R1VEXVFK13NRJ6	B000002UJQ	Music	5	0
US	R2PE2GNDM07C6	B000001OAA	Music	5	0
US	RXZ63GSC2WH0G	B000002H2H	Music	5	0
US	R967M08N7FD6Z	B000003S16	Music	5	4
US	R16NBO0UC2MB3S	B000002BYD	Music	5	0
US	RQNDOD8O2ISZF	B000000OMJ	Music	5	0
US	R3N1UV3538DEOU	B000006NPY	Music	3	0
US	R28NRQF0XR7HT9	B00000099Y	Music	5	0
US	RC2QZZZOCHLKH	B000001Y42	Music	5	0
US	R3Q7NXCQY5CUBB	B000006NPY	Music	5	0
US	R1KENXZD3EX5EP	B000003TBP	Music	5	0
US	R17U08O8N4LH0L	B000002BYD	Music	5	0
US	R1CXCL0NYB62M4	B000002HRE	Music	1	3
US	R3HPQXXYEWQZEI	B000000W3G	Music	5	0
US	R15HS0LUM6LB25	B000002G1Y	Music	5	0
US	R3IE213KHDH013	B000002C1X	Music	5	0
US	R3VFDC2NRIQ66N	B000002UJQ	Music	5	0
US	R3MY9M44S5741Q	B000002UVX	Music	5	2
US	RAQX7AHTIW20I	B000003S1A	Music	5	0
US	R1VAWOS8VAJ41L	B000001F9N	Music	4	7
US	R3N3VXS4QM6HV2	B000003TSP	Music	5	0
US	R3828XFBBV7BRO	B0000025GW	Music	5	12
US	RP60V0EZCIRMN	B000002C4J	Music	1	6
US	R2AHOLG9FRSJ4B	B000001EG6	Music	5	0
US	R8QP5R5HNJZHO	B000002C4J	Music	3	0
US	RDHNS3AAJZO6Y	B000002N3N	Music	5	1
US	R2WO09M5AF7KWE	B000002H33	Music	5	1
US	RHWBB5XK2FWSF	B000001DYY	Music	5	1
US	R203KZ24V0PNVL	B000003TBP	Music	5	0
US	R3NRKTMJGCO1EN	B000002C25	Music	5	1
US	R3SUN1438UZS61	B000002NHN	Music	5	0
US	R2ZRWVOQYRL4B4	B000002HAF	Music	5	1
US	R1TM2UNS0JBJKG	B000002UJQ	Music	5	0
US	R5023AJOLUVCG	B000005JEV	Music	5	0
US	R2DGO6XOW6UPQM	B0000025BA	Music	5	2
US	R2Z7N34BJ54120	B000000WFU	Music	5	0
US	R2W4MCT85C9ST5	B000002KDM	Music	5	29
US	RAG2QPCOXUDQI	B000002KDX	Music	5	3
US	R1YWNZFTN3ARD2	B000002GQK	Music	5	2
US	RS7U8J2EXGRZY	B000005C1B	Music	5	0
US	R3T2XGT07IVY0Y	B000006O7C	Music	4	0
US	RP44V21UDQM4L	B000001I0Q	Music	5	1
US	R1GSHYNFW0LVQV	B000002C25	Music	3	2
US	R2CR49LOAS0J0Z	B00000099Y	Music	5	1
US	R1BOGM52XT9H49	B000002UA2	Music	4	1
US	R2QXACZXSCHMZA	B000002UZ4	Music	5	1
US	R1KQYXVI2HEINM	B0000009SI	Music	5	1
US	R2WDIIPL8SJRNH	B0000028W9	Music	5	0
US	R1U889J144O40V	B000005RRF	Music	5	2
US	RIKL8218SZ3BQ	B0000057C5	Music	5	0
US	REMXGQ3FBF5PK	B000001U3K	Music	5	0
US	R3OO111XZ4LINM	B00000099Y	Music	5	1
US	R19AKVEG1S7H46	B000006OBQ	Music	5	0
US	R39DZ36Z0SOZOK	B000002AH7	Music	5	8
US	R1EJ3NOPPCZYQU	B0000009S3	Music	5	1
US	R51XWGY5J7PN6	B000003CKH	Music	5	0
US	RZ4RFJ7TZAW4E	B000001FDK	Music	5	0
US	R6WTFGX0YBKHE	B000000WJZ	Music	5	2
US	ROHGU3MTL2DSQ	B0000069NM	Music	5	1
US	R3OZNEMORRLOY0	B000002WPI	Music	5	0
US	R3IR7IQBT6WQMH	B0000009SY	Music	5	1
US	R31Q9CXK1BD6D7	B0000029DD	Music	5	2
US	RZXXABB26T8ZO	B000001DZM	Music	5	0
US	R2YD3AFZS0GU8E	B000002OZY	Music	5	0
US	R1I8ARBIZEA85M	B000005ALN	Music	5	0
US	RIONIFFZVVUWY	B000002NJS	Music	5	0
US	R39303MQ828DAU	B000002GFU	Music	3	0
US	R2S7CLMR025APH	B000001FDQ	Music	5	1
US	RJYOG3IKIW4TR	B0000029J5	Music	5	0
US	RAIUNH0M2K6FZ	B000000H48	Music	5	0
US	R221C7EYDBEB3R	B0000029GA	Music	5	3
US	R1PQZUIA6U41MG	B000005IU2	Music	5	0
US	R1ITP7HZEI8M4X	B000000XB9	Music	5	1
US	R2KCKNYM3VPVHZ	B000002BHE	Music	5	0
US	R3QY3EGO2QWGGK	B000002OG8	Music	5	3
US	R32GV52M2673O4	B000000HSU	Music	5	0
US	RZFWRYTHTC4EL	B000000WJZ	Music	5	1
US	R2FGQ79ONU7Q22	B000002N2Z	Music	4	0
US	R2TI5493LVXBNV	B000002NJS	Music	5	0
US	R2WIUUXFDQU1X9	B000001A3H	Music	5	1
US	R10YTJA7H6J76Z	B000002MJC	Music	5	2
US	R1X9KX3IACPBZK	B0000028RR	Music	5	0
US	RGF4QKFIYRC8J	B000003TA4	Music	5	2
US	R3QJIET2Q8C3V	B000000I0Q	Music	5	8
US	RV7STXCEHZ7SU	B000001Y79	Music	5	0
US	R2KCD2FG8DW1Q1	B000002NCW	Music	4	1
US	R2QY0ICDNY12FB	B000001E7T	Music	4	32
US	R2IXA30M9GS9UO	B000003TAL	Music	5	0
US	RLW9SU4A48E4C	B000002UB6	Music	1	4
US	R22MPH7TTL3QLD	B000002UDB	Music	2	0
US	R2RYYQ4FOYKHPI	B000002BE9	Music	5	1
US	R2L29OTDNWL3S9	B000002UAR	Music	4	0
US	R333T5T80PSUVQ	B000005ITX	Music	5	0
US	R1AL05TIYGQANV	B000007ODM	Music	5	0
US	R2ZGBX2XLLJLEK	B000005JEK	Music	4	2
US	RM4QYNRHI35LP	B000000H40	Music	5	2
US	R3CHMCBQL6ORFQ	B000003N89	Music	5	1
US	R13T310DPQ6EAZ	B000000WFU	Music	5	0
US	R1T3SM1Q2GPYJX	B000001Y5J	Music	4	0
US	R39SKKREP3HB20	B000000643	Music	5	3
US	R32ML4NC6B1Y2G	B000002KCF	Music	5	5
US	R2C8FUY5F5Z0I8	B000006OAM	Music	5	0
US	RZLXDBCYT8KBY	B000002LR3	Music	5	0
US	R379TOR9BA45JZ	B000006OAM	Music	5	0
US	R26LVHHS39H67L	B000002952	Music	5	1
US	R3INO1DFCS7OTK	B000002AOD	Music	5	5
US	RGI8VGEN0FY1E	B000002KIE	Music	5	0
US	R2LY413NG6KGCC	B000003BDJ	Music	5	0
US	R1B4DYTSJ490VZ	B000002U82	Music	5	1
US	R3UMAHD430TUNG	B000002MP2	Music	5	0
US	RGT8WBX30D11N	B000001FAU	Music	5	1
US	R1O1QWM1V6FK9A	B000000W6R	Music	5	1
US	R25WPK3YYU0VB9	B000002L68	Music	5	0
US	R1HCI7XVLY756X	B000003N7K	Music	5	1
US	R3EKKGTJYBARBN	B000001ESF	Music	5	0
US	R8RWLYWTCSJJL	B000002NHN	Music	5	0
US	RBCH0C3GMNWBI	B000000OU4	Music	5	0
US	R2M8OE1V6DOD3Y	B000005ALP	Music	5	0
US	R2NX8A2FRO2UPK	B000002AP1	Music	5	1
US	R14VWT56SO33S2	B000002AV5	Music	5	0
US	R2EO97VC05BIUO	B000002ADT	Music	5	3
US	R3VB1WBL8VCN3L	B000002NHN	Music	5	0
US	R2JOVLVBMZQJ9K	B000002N25	Music	5	1
US	R1Q5TSFKV9PR7R	B000002U82	Music	5	1
US	R1TR5XRCQS50UU	B000000645	Music	5	3
US	RITBDPHR69YWB	B00000064G	Music	5	1
US	R7HSBNQ4G9XZX	B000001BX0	Music	5	0
US	R2DSCQMU4TVLHE	B000002U82	Music	5	0
US	R18FW706JAG7SZ	B000002LRX	Music	5	1
US	R25C9NFYBAENKC	B000005ALN	Music	5	0
US	R8XN9TZB4XW4L	B000002513	Music	5	7
US	RSSNM292V16Q7	B0000024JN	Music	5	0
US	R1JKI5G3N2OMFQ	B000002IAZ	Music	5	2
US	R5L6Y45ZSYD1D	B000002C4J	Music	5	0
US	RCATDSLC9ON6F	B000002H97	Music	5	0
US	R295Q3GLIZ49Q7	B000002LQR	Music	5	0
US	R2X2SFH0GBWC9F	B000002GKT	Music	5	4
US	R3Y1ILP3XLBHT	B000000H6Y	Music	5	1
US	REQMXT94BLESN	B00000634L	Music	5	0
US	RPGGFOFE01Q8T	B000000OE7	Music	3	1
US	R1MZDENPHDS5ZG	B000002UAX	Music	5	0
US	R29G2ULWC0N2SF	B000005DQR	Music	5	0
US	R3P4SVUC46LIKD	B000000OAL	Music	4	0
US	R3M06LUS6MYHOJ	B000002C1X	Music	5	0
US	R1UONHNQT4AFB4	B000002NJS	Music	4	0
US	RRS69XAIRSWBC	B000002WYT	Music	5	0
US	R3PX48BEMJT1N	B000002KAT	Music	5	0
US	R3D03MDFRXWEF5	B00000064G	Music	5	3
US	R1FNF46QPKVXUP	B000002JA8	Music	4	1
US	RKSVNLWORGVEU	B000002H5I	Music	5	1
US	R13JSW8TWJ0L45	B000002VTE	Music	1	1
US	R3VSRE493F9AYR	B000002IWH	Music	5	0
US	R1VK9PIDVPYV6F	B000001FS3	Music	5	6
US	R2PAZJHCASKEPP	B000002I7H	Music	5	4
US	R3IECK650Z4XBQ	B000002UKS	Music	5	0
US	R73WOU55PRZWZ	B000002P74	Music	5	1
US	R9JHKW3TTAT94	B00000064F	Music	5	0
US	ROCGAJQ0F65G9	B00000099Y	Music	5	0
US	R39WDEGP4AG3YB	B000002BYD	Music	5	0
US	R2VWMJYMONYAL1	B000002MG1	Music	5	1
US	R311BV8Y0LAVYZ	B000002UEB	Music	5	1
US	R20IENAYHGR9TA	B000003S5H	Music	3	0
US	R35RWP890WY38R	B0000027RL	Music	5	0
US	R1MPZSWMX0OG1	B000001FCB	Music	5	2
US	RIP0Q4B7Y87I	B000002J1B	Music	5	1
US	RXOIFMDJAFE4Z	B000003RCY	Music	5	1
US	R1DTRXQP43XV4	B0000025DD	Music	5	1
US	R2RYA8N1742QS5	B000002MH5	Music	5	1
US	R30K1TBG7AQZXD	B000001Y5J	Music	5	0
US	R23BLHLWFNAJU2	B0000025ZK	Music	4	5
US	R1EU04K2K3IB99	B000002JB8	Music	4	2
US	R1YZH8HTYJNX2K	B000002NJS	Music	5	0
US	R16E82KSJ0SA0	B000000OEI	Music	5	0
US	RHI715A161UWS	B000002AGN	Music	5	4
US	RQH0FSKSQBCQ7	B000002UJQ	Music	2	17
US	R2B1RS44SHO8ML	B000001ESN	Music	5	0
US	R36CSOV65TSB80	B000002C2E	Music	5	12
US	R3EHEN9JCBFDQ9	B000005RRF	Music	5	1
US	R1P2IVF26WN8KL	B000002MI4	Music	5	6
US	RWRYWPMIS3QWC	B000001F3C	Music	5	0
US	R2BOUGJMK7D3TT	B000001FY9	Music	5	0
US	R2N8QUJKQKRBJ0	B000001E18	Music	2	2
US	R2IZGYHF3FH47U	B000002IZM	Music	5	0
US	R3U8J9YEPUW065	B000002MG1	Music	5	1
US	R20PR1HH8DIA83	B0000027F3	Music	5	0
US	R2TA1RZ8WF3C3V	B000002MU3	Music	3	0
US	R17MDRIDTAEN6H	B000002572	Music	5	0
US	R2W7BU3RYRENK7	B000002NFM	Music	4	0
US	R28CZBEPN5N3UI	B000002J1U	Music	5	0
US	R1GI6XSHRJDOAE	B000005RRF	Music	5	1
US	R2HJMAYG7D2GP9	B000002J20	Music	4	1
US	R31J4FCD55E8DT	B000002KH3	Music	4	2
US	R5TY6U0DP4ADV	0140131558	Books	5	0
US	R3J4F0PB4WF6DT	B000002GMT	Music	4	4
US	R2CCUJF3DI3ZJ5	B000002BHE	Music	5	0
US	R2ARVV8KC9H9KT	B000001E7L	Music	5	1
US	R30IS14VC6Y3K0	B000002C4J	Music	5	0
US	R1RAAWXKOZJRKY	B0000029LG	Music	4	0
US	R3Q1Q42VXT84AW	B0000024U8	Music	5	2
US	R3DATRUY5HWNEY	B000002J6F	Music	5	0
US	R10JWGLT2O53LT	B0000025DD	Music	4	0
US	RTYFYYKU7BCD6	B000002NJS	Music	5	0
US	R2JSVINP8TAF4T	B000006NPY	Music	5	0
US	R3KMQ8JLASDSUF	B000003CKH	Music	4	0
US	R30369LBRF0T35	B000000WFF	Music	5	0
US	R2H7SRQ58DGJ5Q	B000002BQK	Music	5	0
US	R2PUKQZGM4TBVB	B000005ZFN	Music	5	1
US	RRPF7P2Q19JFC	B000001F2J	Music	4	17
US	R14JHQM6ZMGJG9	B000003BEM	Music	5	1
US	R23XNGZIXA5DIK	B000000OUJ	Music	5	1
US	R1PFKYBRLONBVR	B000007ODM	Music	5	0
US	R1SYAR52VNQQPW	B000001TVD	Music	5	2
US	RIETKP4J94B59	B000002BE9	Music	5	1
US	R105OK8ZI1GRZL	B00000253N	Music	5	0
US	R3HZ0ZQZYTPW06	B00000163G	Music	4	0
US	RKMHCPGJT9MMP	B000002UJQ	Music	5	0
US	R1XWY6A7T487M	B000001Y16	Music	2	1
US	R7W8YRD69EG5E	B000002ILG	Music	5	1
US	R3UCRKIMBQN5MY	B0000025F7	Music	5	0
US	R3QRAVR0AF1Y8H	B000005C1B	Music	5	0
US	R220T9PCGFQF1T	B000006JPJ	Music	5	0
US	RX5Y127QMVBV9	B000002KMY	Music	5	0
US	R36QM6QLQULCK8	B000002UAX	Music	5	0
US	R3D2SB9YZ0EWPT	B000002B7M	Music	5	0
US	R2CYJAMACWWUVM	B000002HRE	Music	1	2
US	RXNLTYEVXDTLI	B000005JA8	Music	5	2
US	RHXNFK0NDVSGV	B000002KK8	Music	5	1
US	RK49YI4K1WQYH	B000002JSZ	Music	3	1
US	R1GNZBNG9D1NMN	B000002KNY	Music	5	1
US	R2ARIAVQKVDG82	B000001ESN	Music	5	0
US	R1AO6J33ITXBJ1	B000005JLX	Music	5	0
US	RXNEI5ZMA40P0	B000000HZZ	Music	5	2
US	R38KH2M8OYFEHG	B000002JPA	Music	5	0
US	R1GPY7JUDY8MNY	B000006NPY	Music	5	0
US	R1IR11FS14X6GL	B000001EPB	Music	5	0
US	R2JN9GOFIRD86V	B000000645	Music	5	10
US	R1H2WNVVMKFMIF	B000002NJS	Music	4	0
US	R2U4FLZMG5P79M	B000003TA4	Music	5	1
US	R30GC5OBC5N4SS	B000002NIW	Music	5	0
US	R9C9AW7DBRORQ	B000002B38	Music	5	0
US	R3CH68MANA7IOZ	B0000024VP	Music	5	0
US	R1K8FLGIQUUHIH	B000002P5R	Music	5	4
US	RS4FCZC5OHFR	B000001FAU	Music	5	1
US	R1RRWMQE6XOR4H	B000000WFF	Music	4	0
US	RD5XIG0IG2C76	B000001ES9	Music	2	3
US	R33FUVWLI1PS7F	B000002BVN	Music	5	1
US	RM5CGKBVTR07R	B000002BBY	Music	5	0
US	RT66QR6HMVV2W	B0000025RI	Music	5	0
US	R4H6JCJ4HZSPL	B000002C25	Music	5	2
US	R2BF0TSZ95C4DL	B000002UA0	Music	5	1
US	R2SII2TZDTDP49	B0000025DD	Music	5	0
US	R1S799KRDBEYJG	B000002GYR	Music	5	1
US	R2UR5BAXRUWFDM	B000002IZM	Music	5	0
US	R3QD1EAKUJGRL8	B000002NHN	Music	5	0
US	R2ADQWB0ANALLI	B000002MFN	Music	5	3
US	R3MTVGMP07ANJ9	B000002MZ9	Music	5	3
US	R14ZJJTJNHLS1R	B000003TAW	Music	5	0
US	R12EH4513IR7S3	B0000028VT	Music	5	0
US	R1QSM81N0PN43J	B000002UDG	Music	5	0
US	R3JXBI3W92RG0Q	B000001G1E	Music	5	0
US	R1N3350NHT1L1U	B000002HMH	Music	5	3
US	R1CO6GFX5RFU6C	B000002J09	Music	5	0
US	R1SHYNIW0ZYC8D	B000002J03	Music	5	1
US	R3F4RC5Z4TU517	B000006OAM	Music	5	0
US	RSZ5BO6KQK8PN	B000000WFF	Music	5	0
US	R2DKD0RQ4MTPIH	B000002HRE	Music	5	0
US	R3D7BG2OEQY9TB	B000006NPY	Music	3	0
US	R1NQ6Q6HACHVB3	B000002U82	Music	5	1
US	RW7YUJEQHODHO	B00000612G	Music	5	0
US	R3H09KFBMSOWV0	B000002L68	Music	5	0
US	R1R8187S64XGTX	B000002C4J	Music	5	0
US	R378SF39NK6ZJ0	B0000027RL	Music	5	0
US	RU9SCC2T90VIM	B000002BHE	Music	5	0
US	RZE35UTZDUU68	B0000025WQ	Music	4	4
US	R3FMISX0GQR6VA	B000002BUY	Music	5	1
US	R3AVJ56D22MS68	B000002MIF	Music	5	0
US	RF0WO3D4PC9VI	B0000057C5	Music	5	0
US	R1GQ55U5D4WI7J	B000002N2Z	Music	5	0
US	R1Q04E794BS486	B0000057C5	Music	5	0
US	R23M7FA2B38ZVD	B000002BQK	Music	5	1
US	R20D3GIB2TKKQ	B000002BYD	Music	5	0
US	R1PGV2QN7NS9YF	B000000OEI	Music	5	0
US	R15VVTOTGFO4GT	B000005ZFN	Music	5	0
US	R233G4SG5LDNY7	B000002HD5	Music	4	3
US	R2907825YIPJP7	B000003NA4	Music	5	0
US	RSPLCASXN3Q5A	B000000FG8	Music	5	0
US	RRB5AC0AK0MOJ	B000002BMD	Music	5	0
US	R3NHSPZ7N75KOB	B00000255X	Music	5	0
US	R1Z86GZAMR96P3	B0000025D0	Music	5	0
US	R2O334PRQ52E19	B000005DQR	Music	5	0
US	RNB467J8UI4RF	B00000099Y	Music	5	0
US	R3HZ0Z1NE9OPDY	B000002BFZ	Music	5	0
US	R4NMUB4VDE2O1	B0000069NM	Music	5	1
US	R30RIDNKPRR5ML	B000002GBD	Music	5	1
US	R32TBQA5HGQUO	B000005RQT	Music	5	1
US	R22VFO52QJIJ5L	B000001ZSF	Music	5	1
US	R15K0QCH8XB4U3	B000002UAU	Music	3	2
US	R2N39WBRLG9FUR	B000002HEM	Music	5	1
US	R2MHJG47D92NP7	B000002ADT	Music	5	0
US	R3N4MBR0TZMDRH	B000002URV	Music	5	0
US	R3DLA1NUXU1ILX	B000000WA4	Music	5	1
US	RPAY0HQ9LV60T	B000002NHN	Music	5	9
US	R1VJGD5FNN9T6F	B000002AHC	Music	5	2
US	R39TMC5ZEN4BEQ	B000006OAM	Music	5	0
US	R24W3YGRV47GV	B000002U82	Music	5	1
US	R3JWN9Y2MCG0SV	B000002UY5	Music	3	2
US	R3VY5FUP2FNMZL	B000002MY3	Music	5	0
US	R1Z26BAGQSR812	B000002NJS	Music	4	0
US	R2T6B89ZXHGC4B	B0000020C4	Music	5	0
US	R2K8GVWPKGQDT4	B000002BYA	Music	4	10
US	R2A317FVOMAJ7E	B000000WCX	Music	5	0
US	R1IT5BE6T55ZDG	B000001Y42	Music	4	0
US	RR6W8V5YGRDZP	B000000OAH	Music	4	9
US	RHC0HKK4A0I0H	B000000HRP	Music	5	2
US	R3530W5VRT1I3D	B0000042MY	Music	4	0
US	R3QB5VN29FCGG9	B000000WFF	Music	5	0
US	R31YDWIN69Y4QD	B000002LEE	Music	5	0
US	R1Z882TL0INV5W	B000002BUY	Music	5	0
US	RRSY65N4Z8MH9	B000002ADT	Music	5	1
US	R1IYJJQJX4NA6B	B0000057C5	Music	5	0
US	R39R7S9P9UL4QQ	B000001EYO	Music	5	0
US	RMT14YPKAHSRL	B000000YG5	Music	5	2
US	R3OALUTS9L9SJL	B000000993	Music	5	1
US	R21PEFGMRDETKY	B000002J1O	Music	5	0
US	R1RM7SBKL2GEEU	B0000028RR	Music	5	0
US	R3CDAAN2QSOEJZ	B000002J27	Music	5	1
US	R1V3HM12IBLA9A	B000002JR8	Music	5	1
US	R3B04M4Q0NHC9Y	B000002I8D	Music	5	26
US	R4ELQAZP9TVPP	B000002J2D	Music	4	0
US	R2G3CDQP19ME1W	B000002J1S	Music	5	6
US	RVP00VHIOQLY6	B0000028RR	Music	5	0
US	RZJN8195NJOVJ	B0000060NA	Music	5	0
US	R1IN9XXBOZPD8X	B000002HHB	Music	4	0
US	R35IYU4YR0UJBV	B000002ADT	Music	5	0
US	RK6JOLYVS19RX	B000002WYT	Music	5	0
US	R3FHI5W96WE1B	B000003TSP	Music	5	0
US	R3K5G8SBEXKTRZ	B000005K48	Music	5	0
US	R2R66DTGHYNX22	B000002OX7	Music	5	2
US	R2YR9CJDLAF1M2	B000002OZY	Music	5	0
US	R28SXFR5I8C4NJ	B000002U3P	Music	5	1
US	R2BKSXXE8L83ZQ	B000002UA0	Music	5	1
US	RJKH1Q7GNHHG1	B0000026UL	Music	5	0
US	R2UV2LV5OXS0V	B000002MFE	Music	5	0
US	R1OH9LJTSBX5HJ	B000002A3T	Music	3	1
US	R2KRX8B4YH64M7	B000005B0U	Music	5	0
US	RAMVSG8B3QY9Q	B000002N3N	Music	5	1
US	R3IH8XWMOAMQSU	B0000009OP	Music	5	0
US	R2KITSFT4V65TP	B00000099Y	Music	5	0
US	R13NNUB7A73ZFV	B000002NJS	Music	4	0
US	R2OJH1LDCUTASF	B000005ALN	Music	5	0
US	R2OKUQXZBOL31F	B0000046X0	Music	4	1
US	R12VFQFSWRYQ16	B000002UJQ	Music	5	0
US	R2QAGBFEP9TELG	B000002UR7	Music	4	0
US	R1FNXOJTF4RAKV	B000002TQV	Music	5	0
US	R39CTL86GY3KC5	B000002HRE	Music	5	0
US	RR48N2NTNTUNV	B00000099Y	Music	5	0
US	R10CO3IAHEB0J7	B000002H6C	Music	5	0
US	R31MT41LSZ9F3H	B000000IUK	Music	5	5
US	R1MM0ITOKCIYGU	B000000W8C	Music	5	6
US	R28TUB8VWW7164	B0000004V2	Music	5	0
US	R3IYLB21XCAZS2	B000002KB8	Music	5	0
US	R1YK0HP14YFJXE	B000002NJS	Music	4	0
US	R3R02NHT6E3VUB	B000001ES4	Music	5	0
US	RNU128NW1XAJV	B000001ES9	Music	4	0
US	R1SNDHRXKBF8J3	B000002BHE	Music	5	0
US	R24AMQ5Y17SRP3	B000002HRE	Music	1	2
US	RSD603023ECQX	B000002NJS	Music	4	0
US	R1B8DTNNUQ1BEE	B0000029J5	Music	5	0
US	R35MM2GHS302BZ	B000003PB8	Music	5	7
US	R3BTWM911MHZA1	B000002HRE	Music	1	2
US	REDFKF8YMEM7G	B000002OX5	Music	5	0
US	RW3PHHVONKQRK	B000006NPY	Music	4	0
US	R1SU6AE9W0XRNU	B000002N2P	Music	1	3
US	R5IT6PFPOFYTO	B000002NHN	Music	5	0
US	R17DHSAWYNIBD7	B000002LIM	Music	5	2
US	R5CBHVNSJLYL2	B000001EXB	Music	5	2
US	R122NDREXQAR3E	B000001Y2U	Music	2	2
US	R11RYBFLW7H9S2	B000002HRE	Music	3	1
US	R1F0E8C3FD5HV	B000007T1M	Music	5	2
US	R18B14NWPZA89A	B000002H38	Music	5	0
US	R1VQQ681OTVXD7	B000000WCA	Music	3	0
US	RLLL1SJWREYN0	B0000025YM	Music	5	0
US	R17W4W9B7F8II3	B000002VEP	Music	5	38
US	R38O3ZH0OAHUVE	B000002WPI	Music	5	0
US	R2VGEXUMOB47SC	B000002VCB	Music	5	9
US	R3M6BRAY24ODMR	B000003S2K	Music	2	4
US	R1070SY411XR3H	B000000WCA	Music	5	0
US	R155VVGKIVYDWT	B000002U82	Music	5	0
US	R1XXZAEZ6DK2IM	B000000I0K	Music	4	0
US	RIB3CAPOOSO4S	B000002NHN	Music	5	0
US	R2O23IJX0SAQ07	B000002HRE	Music	1	2
US	R1IZWRJ1CLOKT	B0000062FL	Music	5	1
US	R1WF5W66OS0NFO	B000002J09	Music	5	0
US	R2V36UR8F47DHG	B000005JAX	Music	4	1
US	R9FHQKWDVRTH6	B000002L9B	Music	5	2
US	R187ZBND3A0N2I	B000002UWL	Music	5	0
US	R1LNA4G9KFDGCI	B000002B82	Music	5	0
US	R1DLH3GN5BKWLD	B000002UAO	Music	5	3
US	R9S6F76J1PCB9	B000006NPY	Music	1	2
US	R1N5BV0EUMLXZB	B000001FRY	Music	4	1
US	R19K7T237D4ZOX	B000001ESP	Music	4	0
US	RTGFVZUDNCWNV	B000001Y5J	Music	5	0
US	R3IT70UBRFRXSI	B000000QG9	Music	5	6
US	R1K8RNUO8LQ32U	B000002BMD	Music	5	1
US	RDU048KW0YU4I	B000001FMX	Music	5	12
US	R1TRF9VBDOFEN9	B0000062S0	Music	5	2
US	R1L8TCKN9RBOB	B000002H97	Music	3	1
US	R1VH9O24CSAH0C	B000002HEP	Music	5	0
US	RNHBGFY2PICR0	B000001OAA	Music	5	0
US	R1DGBBYFUDFS1G	B000001A3H	Music	5	0
US	RVCPILDW77NST	B000002BQK	Music	5	0
US	R3JR9NDEUSDXT6	B0000009TT	Music	5	7
US	R2MIN6E9L8ZQTK	B000005RMY	Music	4	4
US	R10J9U19QV549N	B000001OAA	Music	4	1
US	R2Q16HT2HWQCBK	B000002L9B	Music	5	1
US	R27RG0DZB4344V	B000002GFU	Music	4	0
US	R30OZVNZ66A5WO	B0000084J7	Music	4	5
US	RIV69QBEQHUFW	B000002BBY	Music	4	0
US	R1YIMO8X11KNZI	B000002KBU	Music	5	11
US	R2JJ9LNBQUXJXH	B0000009OP	Music	5	3
US	R1OSRNQ5X7CBZH	B0000057C5	Music	5	0
US	R2BITDJ203S2NL	B000002J20	Music	5	4
US	R13UW6YK687SX4	B000006NPY	Music	5	0
US	R2KDI87080T244	B000002BYD	Music	5	0
US	REKXBDF0RL58H	B000002HHB	Music	5	0
US	R2SIHU2M9O24SL	B000002KAT	Music	5	3
US	R20B6I4KLIFBAG	B000001FDK	Music	4	0
US	R3LOHDGDJYG1K6	B000002MIB	Music	5	0
US	R19W3O8CRU8YN2	B000000OU4	Music	5	0
US	R3253MLQZCFMHA	B000000OUE	Music	2	0
US	R30J7L6H02QKB0	B000001E8P	Music	5	0
US	R1X9KD4GZECVB	B000002L99	Music	5	1
US	R243HMMN7AGEXQ	B000006O7C	Music	4	0
US	R29PW8VS4WBMHA	B000002HMH	Music	1	2
US	R2UMUYGP8QG88H	B000000WHH	Music	5	0
US	R3K1VUPCO1T2RL	B000002L9Y	Music	5	0
US	R278GJZLZ7PGJ9	B000000WA4	Music	5	0
US	R223ZX6ICRUJ8Q	B000002L5I	Music	5	0
US	R3EBSRQMUP7FP	B000003TBP	Music	5	1
US	R36CLXH9908BHZ	B000002J1O	Music	4	0
US	RXM9VQBU7R29P	B00000253N	Music	5	10
US	R1JTAMG75GLYWK	B000002C1Z	Music	5	0
US	R29PHQM94UPT58	B0000062GE	Music	5	0
US	RNMM9C4M9MWOG	B000002J29	Music	5	0
US	R36E3CANZCDLQJ	B000002J2B	Music	4	1
US	RQNNBU83WRHUF	B0000028RR	Music	5	0
US	R3TBMYY79NFBZO	B000002BQK	Music	1	1
US	R1KGH2OCE0WQ45	B0000029DD	Music	5	0
US	RACKPND8UJ5MZ	B000002ITG	Music	5	0
US	R1MPRFRSXYIL95	B000002KCV	Music	5	0
US	R2IXDRGMBLYXYX	B000005ALP	Music	5	0
US	R2O13NLWR4T6IC	B000002GAF	Music	5	7
US	R258UIYDGVS827	B000002699	Music	5	2
US	R35HI9E8WU0LBE	B0000047CX	Music	5	4
US	R1IESAUQK5TITG	B000001TVD	Music	5	2
US	R3SA5NWNNHYMF8	B000002UAX	Music	5	1
US	RLPXDMVQV7W5S	B00000292K	Music	5	2
US	R3TNTBH5IRZ6NJ	B000000OF6	Music	5	0
US	R2HI1UPB8ZIKJV	B000002GQG	Music	5	2
US	R2Y103ATYOQXK	B0000060NF	Music	5	7
US	R142ZKGQH3XS6S	B000000WCA	Music	5	0
US	R1R5IQY1VJVNXP	B000002NJS	Music	5	0
US	R3M04SJOHGM586	B000000WFF	Music	5	0
US	R3MMCU909ESZ4B	B000002BQK	Music	5	0
US	R23OMD3XK5VEBW	B000002C1W	Music	5	0
US	RIGDRJ9JH6R1Z	B000002HH2	Music	4	1
US	R2I5XILQHQGAYJ	B000002KIE	Music	1	6
US	R3W21LH1F94PE3	B000005EJL	Music	3	2
US	R2F3EV4BNKAC19	B0000026WD	Music	5	0
US	R2FXECN8E8A0MW	B0000025NU	Music	5	0
US	R3RHWL66PS34FT	B0000021RB	Music	5	0
US	R2T24IXVPKP9ER	B000006OAM	Music	1	2
US	R3QB5X6KOYPMLW	B000002KDX	Music	5	2
US	R3LMSKMGTF730	B0000028PI	Music	5	0
US	R19AI001YG8GUP	B000002UKS	Music	4	0
US	R786UG3X6MXJ4	B000006OAM	Music	4	0
US	R4KWWUC5HJV3I	B000002L99	Music	5	0
US	R18IQEA40M48L7	B0000027RL	Music	5	0
US	R2941A0BBF0S0X	B000006OAM	Music	4	0
US	R3ESI4HZAYYQT7	B000000HSU	Music	5	0
US	R258W6B6J4F9AC	B000000OPU	Music	5	0
US	RSOBZBV5PP5CL	B000002UKS	Music	5	0
US	R341WSG7PLFKDJ	B000001FXT	Music	5	0
US	R10LV1CT1CU44U	B000002UTO	Music	4	0
US	R1K72AJGO5Y3LE	B000001FFJ	Music	5	0
US	R2D7163M83SC7C	B000003TA4	Music	5	1
US	R2SEL9S95XZR2G	B000000WFF	Music	5	0
US	R3GQ3EMFM4DI3	B000002JNJ	Music	5	1
US	R3VU86731LLGN1	B000000WZ4	Music	5	0
US	RTRK0ME9TY0YE	B000002AZZ	Music	5	1
US	R2N5JOXCSI5DVG	B000002U9L	Music	5	0
US	R2FOS7ZEOFMT0	B000002UWF	Music	4	0
US	RZ4JDP9DDRLR4	B000002VCT	Music	5	1
US	R1H3TQGFOK53N9	B000002J5K	Music	5	0
US	R2FOZFFVZQQD0U	B000002X1O	Music	5	4
US	R3Q67SGQ2HYGFK	B000006NPY	Music	5	0
US	R3CWQ5GA6MVT6V	B000002C1Z	Music	4	0
US	R12BOSFB86PO4N	B000000WCA	Music	5	0
US	R2G47HRYT6MRZ9	B000002540	Music	4	2
US	R1PYBTDDH2C8N1	B000002BHE	Music	5	0
US	R1TSYRYG7I1IGR	B000002LR6	Music	4	3
US	R3IR57ZTMHHBBL	B000000WFF	Music	5	0
US	R1NKDKNE4PO99N	B000001DZM	Music	5	0
US	R3FGZAFRFM6AVS	B0000024SD	Music	5	11
US	R29HEMKR8JKZJN	B000002AHM	Music	5	0
US	R22U9ROT9BVKA	B000002OTL	Music	5	0
US	R2CCQK36VQS3WI	B000002UAF	Music	5	13
US	R3DELRYMRCR4DJ	B000000WA4	Music	3	4
US	R39IZEWKVOP987	B000002HRE	Music	1	2
US	RYFNCBYNUGOEV	B000002GD9	Music	2	3
US	R20Q6QIGTMPAWH	B000002LRX	Music	5	1
US	R21BYD71YMHX5N	B000000WFF	Music	5	0
US	R2VR5E9KY2RQHD	B000001ES4	Music	4	0
US	R10AIZE33QNTQS	B000000WCA	Music	1	1
US	R3G7ACTR8PY198	B000001ELP	Music	3	0
US	R20Y237RJCJ5XQ	B000001FMQ	Music	5	1
US	R3KZ5P05IA4D9	B000001ELF	Music	5	0
US	R17MYGG926RY7P	B000001ELR	Music	5	0
US	R1O0QDUO73Z11V	B000001EXR	Music	4	1
US	RA1R7DMIXSQV2	B000001FBU	Music	5	3
US	RJBUX8JHU3PDE	B000026156	Music	5	4
US	R2H5NJKQ8TJH16	B000000OUW	Music	5	8
US	R3FWIVJJM408KU	B000002NJS	Music	5	0
US	RT4311Q884OVE	B000005S5N	Music	5	0
US	R28LF9KZ4X8NZL	B000000WG4	Music	5	0
US	R1P4R0MDGAWDER	B000000WCA	Music	1	1
US	R14782BCESRM76	B000002J20	Music	2	1
US	R3VGQWVDDOH76Q	B000002L5I	Music	5	0
US	R32TRW5X1UBHOF	B000000OF6	Music	5	0
US	RV3U08J1D4ITN	B000002U9W	Music	5	2
US	R2H8S1IR3MZRY6	B000002UVZ	Music	5	0
US	R36G2TZ130SG2H	B000002J1S	Music	5	0
US	R1VFF7OISW7U4Q	B00000099Y	Music	5	0
US	R21OKKY6SQ4R81	B000002UB3	Music	5	7
US	R37MH2BU1XH36M	B000000WG4	Music	5	0
US	R1MVNU5J2E32T1	B000005J56	Music	5	0
US	RUZAWTNMSG3PW	B000002IAZ	Music	5	1
US	R1J6E3I7G0D70J	B00000099Y	Music	5	0
US	R3O1E7US4SK5GX	B0000024JN	Music	5	0
US	R1APZE99XUO8NQ	B000002B7Y	Music	5	0
US	RXGTZPGIWH24T	B000002H70	Music	5	4
US	R1C1AR9JH2GMOQ	B00000705Z	Music	5	2
US	RSAEGVEMYXYYH	B000002H4Q	Music	5	2
US	R3FJKXB4JKO6XT	B000002UWL	Music	5	1
US	RNGW47ONPVMM	B000002H2Z	Music	4	1
US	R27IHSX7XGGUHW	B000002UD7	Music	5	1
US	R1JIHIKJKMYKI1	B000002IZ4	Music	5	2
US	R3GOAB1ILHSXD6	B000002JA8	Music	5	1
US	R3QZSYOOR789N	B000002USP	Music	5	1
US	R16ZLZATBAEYM0	B000002JSN	Music	5	1
US	R36III1NIX7LWV	B000005JEK	Music	5	3
US	R1MAZ0GOZSTBME	B0000025BA	Music	4	2
US	R2TK2225XX46BC	B00000633N	Music	5	11
US	R7304I42DWT4U	B0000033OT	Music	4	1
US	R28Q16L9UZBOM7	B000002MFN	Music	5	0
US	R2184879D5Y1B	B000002OFG	Music	5	2
US	R32AV9FXTXWSON	B000002LND	Music	5	0
US	RQVVMMFZVPTZ9	B000002VBY	Music	5	2
US	R3T7L2N0PPK87T	B000003JAB	Music	5	0
US	R1SVEJ5PAIZCZB	B000002UB3	Music	5	6
US	R1K1VYGQRO6C0	B000002J1C	Music	5	0
US	RAX504YY0291L	B000005RS7	Music	5	3
US	RIGJZE47Q3ASZ	B000002HRE	Music	5	0
US	R12SON6GQV720U	B000002NHN	Music	5	0
US	R1CDU2Y2JKACUB	B000005JXG	Music	5	1
US	R2MQHU506ZN05O	B000006NPY	Music	5	4
US	R29I27UTEM6MWS	B000002UAX	Music	5	9
US	R3SC9GY4R1F8VC	B00000269M	Music	5	1
US	RIEXHTFZ8B0UA	B000000WJZ	Music	5	1
US	RP062294LHH38	B000005ALN	Music	5	0
US	R1IEU7I7LOQ2TJ	B000005YZM	Music	5	5
US	R1A3V4GXBMGK7Z	B000000WF0	Music	5	0
US	RVLXSIQEASYP3	B000002BYA	Music	5	0
US	R1XBMCKKEUXK5V	B000002J09	Music	5	0
US	R3IZ1PT9DX28UR	B000002U9E	Music	5	1
US	R20H79QO9MKSY1	B000002VTE	Music	5	1
US	R1XY3B0YY3XE89	B000001OAA	Music	4	0
US	R3JSAN6U87MDFJ	B000001FY7	Music	5	0
US	R3923C3K8WYNXL	B000002HHB	Music	5	0
US	R3SM0BY7KWF4FF	B0000026DJ	Music	5	0
US	RV6DRNIJM3L6	B000005JXG	Music	5	0
US	R168K4YDEO8QDQ	B000005ITX	Music	5	1
US	R3MVDK969UMBZW	B0000047CW	Music	5	65
US	RVINGIVUH78LS	B000002UJQ	Music	5	0
US	R38MP0D2G1OHQC	B0000060NA	Music	4	3
US	R5SM8NHJ81ZGF	B000002BFL	Music	5	0
US	R195X1B5JJ0CEK	B0000024RQ	Music	5	2
US	R2XBQEB804NN8A	B000002H97	Music	5	0
US	R2FD1PASCRSV4T	B00000258J	Music	5	0
US	R2RIQHXCUQ6PLM	B000002BMD	Music	1	2
US	R1D8UP25Z26C79	B000002WYT	Music	5	0
US	R3ACK0P41IHL8Q	B000002UJQ	Music	5	0
US	R1X6PUR3C6P77W	B000002UKS	Music	5	0
US	R33ZIVM622JFNM	B000002L3P	Music	5	0
US	R1DN494JCDUSBI	B000002NHN	Music	5	0
US	RWJWZH6C66WKP	B0000024V2	Music	5	3
US	R1XNLFFW1E05KP	B000002MP2	Music	1	3
US	R9BK9Y40A1VWR	B000000OSE	Music	5	1
US	R3P7D5RBZO2ECN	B000001ZS5	Music	5	4
US	R2E30B9D9ZTSOD	B000002JB8	Music	5	16
US	R101R3426WW8AB	B000006OBQ	Music	5	0
US	R2NCOVTLE1RTC4	B000001ZS4	Music	4	1
US	R3315TV3XWDZO3	B000002H6C	Music	5	0
US	R2VM7PLZGYU0ZJ	B000000WCV	Music	5	2
US	R3L2ZIJ2ENPV2H	B000002C4J	Music	5	0
US	R2PDTFGAGE07H	B000002H97	Music	5	0
US	R3OO1YD4WYWIY9	B00000634L	Music	4	0
US	RBIPB0RBJGYC9	B000002HH9	Music	2	5
US	R3JGAD4R566HLU	B000002HRE	Music	5	0
US	R2YRUIVJH6T5KE	B000003S5H	Music	5	0
US	R3N4MUDCDGUF5U	B000002B38	Music	5	0
US	R29GBG0QL4O8AY	B000002KY8	Music	5	0
US	R3E5F03CCRRUNR	B000002MP2	Music	1	3
US	R2UY9CTEPTECD2	B000005J56	Music	4	2
US	R1Z7XNCRL5XC4P	B000002BYD	Music	5	0
US	R1FCU8H8Z9KQP8	B000007NYS	Music	5	0
US	R1KUXSM5K16SAC	B000005HNQ	Music	4	0
US	RTBBVSMPO4SMT	B000000P17	Music	1	1
US	RYQEPBK68O3XI	B000002UD7	Music	5	0
US	R2F0QNYUQ6WJ4N	B000003TB6	Music	5	0
US	R3WRD5BFWSR46	B000006OAM	Music	4	0
US	R1UO0QN97YBAO1	B000002U8I	Music	5	1
US	R3FEOW86BH6OQW	B000006OAM	Music	5	0
US	R8GKRVME3OP50	B000002IOW	Music	5	1
US	R32JIVAU04R80F	B000005S37	Music	5	2
US	R1F165YSY72ZY8	B000002IWQ	Music	4	0
US	R2CEPF27SEFTDA	B0000046NB	Music	5	5
US	R3POCXJ461RTVG	0060977493	Books	4	0
US	R27PMR4KFX94HB	B000002BFZ	Music	5	0
US	R3IAENSTWFLLLE	B000002J03	Music	5	0
US	R2Z4S96TC8GSB8	B000002NIW	Music	5	0
US	RH6GF4BOHMQRC	B000002KHB	Music	5	0
US	RGQOEIYCFXHQQ	B000004712	Music	1	1
US	R1AGVPS6KTERWB	B000002B2T	Music	5	2
US	R2VBELWVJI8QEK	B00000260F	Music	1	2
US	R2Y180CMLQLQRB	B0000026KQ	Music	4	4
US	R336HBOFJWV8QA	B000002572	Music	5	0
US	R39QCUVUJ5DTE4	B000002NJS	Music	1	1
US	R2D1DJYRVVQRR3	B000002NFM	Music	1	4
US	R13HLRP2GCO1G	B0000025BA	Music	5	3
US	R2JQ3W1KTQG6WZ	B000002LND	Music	2	5
US	R4NXDPJPU3SBR	B000002ARV	Music	4	0
US	R3U4PNBGVCX0DU	B000002MY3	Music	5	1
US	R3T7OFEIGUD41	B000002H97	Music	4	0
US	R1K0Q728RMNRIA	B000002552	Music	5	5
US	R1RGN94AXKQYO0	B000002HHB	Music	5	0
US	R1ZZYH4FRZQIET	B000002MY3	Music	5	0
US	RU7J487724J5O	B000002UDV	Music	5	2
US	R2YVN1RGKS6GTY	B000002UAU	Music	5	15
US	R12L5ZJNPBKLA	B0000084J7	Music	5	4
US	RPY8YEVJO2YE7	B000002A3T	Music	5	0
US	RHSNSUOWCMFFQ	B000005J56	Music	5	1
US	R33D07DDMNS91Q	B000002UEB	Music	5	0
US	R16RBBLOQYWW6V	B000007SIN	Music	5	1
US	R26OVGKVPVGGLF	B000005J56	Music	5	0
US	R3HNKML39WSS7T	B00000I01A	Music	5	0
US	R1NXN1ETN4IQO0	B000002KDO	Music	3	1
US	R1FSX7U4C86OYF	B000002C4J	Music	5	0
US	R1GSMA4EP730S5	B000001FS6	Music	5	0
US	R1H7P2NKI7PBBY	B000002N25	Music	5	1
US	R2ZMS2CE8IAY1S	B000005RRF	Music	5	2
US	R2NZSSTAPLFXRT	B000002OG8	Music	5	0
US	R2ITH65WHSMY7E	B000001E8P	Music	5	1
US	R2AL4G6CC6M91G	B000000WJ4	Music	5	5
US	ROPCKSCQ817T9	B000002H8F	Music	4	1
US	R12EGPR8DDGJPF	B000002H8F	Music	5	1
US	R3EZXWP6OXLNHF	B000002LCK	Music	5	0
US	R3E09B648OLYF0	B0000057C5	Music	5	0
US	R32I1ZYF47Q9LK	B000006NPY	Music	5	0
US	RJY2NHED2DJRK	B0000021RD	Music	5	7
US	R16F3NS8AD5QYS	B000005ITX	Music	5	4
US	RDQAJ1YUULPGR	B000002H6C	Music	5	0
US	R171YHGPD2RYVD	B000002GFT	Music	3	2
US	R19IDQNXKEYZ84	B000002GQK	Music	5	1
US	RANNBAL37OMMR	B000002AS3	Music	2	5
US	R1UEKJKUZ5OWUN	B0000004V2	Music	5	0
US	RN1TJC5VQ9TSJ	B000000643	Music	5	0
US	R1JYI1U7ZQX9DM	B000002USP	Music	5	0
US	RIB40HF2IOWHO	B000002AHC	Music	5	0
US	R128CX3KMUDO4Q	B00000253N	Music	5	0
US	R1137WU5UXBIU3	B000003493	Music	4	2
US	R1QAT2TSU25GHZ	B000002C1Z	Music	5	0
US	R20Q9CD1FMZZPS	B000006NPY	Music	5	0
US	RU8ZSJ9UH1ZJP	B000002NJS	Music	4	0
US	R3DVJ29XHLG6ST	B0000033OZ	Music	5	1
US	R184OJNPGV290T	B00000295A	Music	5	0
US	R27T61BIMN54MC	B000002H70	Music	4	1
US	RLFX8GE1MDQ0B	B0000028SU	Music	4	5
US	R18K1LLYHX18AJ	B000000W9Z	Music	5	0
US	R1Z46ZH3HK4K3T	B000002C2E	Music	3	2
US	R1JM83M80J0QD3	B000002UCQ	Music	5	1
US	R1NWK32N0L9YCT	B000002MZ6	Music	5	3
US	R1UJCQCC2WSYK4	B000002H4Q	Music	5	0
US	R2HQYVQ0L8PRBX	B0000026J6	Music	5	4
US	R1AWZCUAI0DJT3	B000007ODL	Music	5	2
US	R1GGYTJYL32VBM	B000000OSG	Music	4	1
US	RXA2HRFO71SJT	B000002HRE	Music	4	0
US	R2A81OCAIU9IDL	B000001E8S	Music	5	0
US	R124F3MLXHJMX8	B000002WYT	Music	5	0
US	R1YW4JHAQB90WM	B000002LQR	Music	5	0
US	RJA5QJD27KRKG	B000002UB3	Music	4	0
US	RC4I94TWTDIUY	B000005S37	Music	5	1
US	R243UC62C24105	B000002UAR	Music	5	5
US	R3CLWCAKFNS1DX	B000001OAA	Music	5	0
US	R3P6UZY2LMDITW	B000001FY9	Music	5	0
US	R1H95NB0OECFEM	B000006045	Music	5	0
US	R1T38MN9UULD9B	B000002U9Y	Music	5	0
US	R24YOHR4QV9ZCR	B000002AZ8	Music	3	0
US	R7NMVVR4DMDBZ	B000002C4J	Music	4	0
US	R2HJIN6QYZ6D4U	B000002U8G	Music	5	0
US	RV2B2J7RB2PXG	B000006OAM	Music	5	0
US	R17VUGECU2Y4GS	B000000OU0	Music	5	0
US	R8G87P9T7NAD	B000005JXG	Music	5	1
US	R1L081UB62M4UI	B000002NHN	Music	5	0
US	RWFQCOUO0PSVA	B000001E21	Music	5	2
US	R3QJL1Q5KNWVPG	B000002H2H	Music	5	0
US	R1L7WXD6FVLDLS	B000001E8P	Music	5	0
US	R3LQLR9A9T32IO	B000002U9K	Music	5	5
US	RAK1XUS90VEIG	B000001ZCU	Music	5	2
US	R2VWFMXQ7XAUE3	B000002UDV	Music	5	2
US	R5OY29UDFJGM1	B000006OAM	Music	5	0
US	R15XOIRQYOHAHE	B000002C2E	Music	5	0
US	R32NFLC54FBP98	B000002U6E	Music	4	1
US	R3KN7V9VTBGGNG	B000000WFF	Music	5	0
US	R34VDVUEDDO5IL	B000002MFE	Music	3	1
US	R1CRFQ8QB7X0XL	B000000IWE	Music	5	1
US	R2Z86TCVB7H1T6	B000002IZ4	Music	5	0
US	RJ7PQYYXOQ9D8	B000002HAJ	Music	5	0
US	R6CL9ZU4KXSRU	B000002TQV	Music	5	1
US	R2NWX38UTT28WX	B000002ACR	Music	5	2
US	R2LAW6EZTT3G27	B000005S0E	Music	5	1
US	R1W117SA6WA0K9	B000005RFQ	Music	5	0
US	RYXZDK86N86HG	B000002G7G	Music	5	1
US	R32D97KJOSPRL1	B000002MNL	Music	5	0
US	R3P5GR2BOS1PSG	B0000025H4	Music	5	0
US	R13FAE7LSYDM7D	B000002UJQ	Music	5	1
US	R190BJL4OXQDUH	B000002GGU	Music	5	0
US	R3DY6LERH74Z9C	B000002UD7	Music	5	0
US	R2UZ2A3S2LDV0D	B000006OAM	Music	3	2
US	R2ZIXZK0KP31UP	B000002H70	Music	5	1
US	R3D48OSPYCBS9P	B000002UV9	Music	5	0
US	R2IH11HIV4C9N2	B000003CKH	Music	5	0
US	R3D2CQ6PNLNBDX	B000002HMH	Music	5	8
US	R2QUSW25H50VCA	B0000026WD	Music	5	1
US	R25WPGIAKTNM7H	B000002HRE	Music	3	0
US	R1UGDTDYCHRXMR	B00000583F	Music	4	2
US	R36CY7NHNFYLMB	B000001GBJ	Music	5	0
US	RCHUJ49G3FERS	B000002MU3	Music	1	4
US	R2VSQK531TY8TP	B000001DYY	Music	5	1
US	RCGICHHTIH2B3	B000002C4J	Music	3	1
US	R2FC8GKGKQGIPQ	B0000027RL	Music	5	0
US	RW3IDJ776HKFC	B000002NJS	Music	5	0
US	R1NVULVEXA0KAP	B00000255X	Music	5	0
US	R1I5GSGIQQ43OS	B000002UW1	Music	4	0
US	R1YKO74YDJPN2M	B000002BYD	Music	5	0
US	RFOV14E96QIDQ	B000002LOE	Music	2	8
US	R3K8IL37W5NBB3	B000002MU3	Music	1	5
US	R2ST2E7C9OFFS8	B000002GA8	Music	5	5
US	R3IRAYHQST9EYQ	B000000QG8	Music	5	0
US	R10IH7KPGAMQPI	B000002ULS	Music	5	0
US	R3GSPUPLJYHYP1	B0000032LS	Music	5	1
US	R1JTBYA506M5Z0	630416923X	Video	4	1
US	R351KSUKDBOOP5	B000005J08	Music	5	4
US	R2Y5682X2HI52Z	B00000I01A	Music	5	0
US	R3UD5VP5TLN2G6	B000003PWZ	Music	5	5
US	R3LNM7J62837YH	B000006OBQ	Music	5	1
US	R22V17UTJOAWKI	B000005RS9	Music	3	1
US	R5OCZLT97I12Q	B000001ZS4	Music	5	1
US	R2DHWORZPGWCG0	B000002KDS	Music	5	2
US	R2TUPFF0AXDRQO	B000007NYS	Music	5	0
US	R2631EZPD2U785	B000000WCA	Music	5	0
US	R11PO0EIDXSSGA	B000002GFT	Music	5	0
US	R2J6WZCDMWMTQU	B000002NBY	Music	5	7
US	R95IJWG350KOB	B000005JHV	Music	5	0
US	RYTB5TCA5EC0U	B000008806	Music	5	0
US	R3RTIBCB7FVZBJ	B000002TQV	Music	5	0
US	R1AT4RXVG9S83B	B0000062S0	Music	5	0
US	R2CLAO854MV817	B000001EGA	Music	5	1
US	R3LEOJARJJGWDT	B000001FAU	Music	5	2
US	R3LBWLFOIA7P5Z	B000002897	Music	5	0
US	RVVO85S28HJ6R	B000002UD7	Music	5	0
US	R132N9D8YZVE2B	B00000I01A	Music	5	1
US	RSIQ1LWGV6275	B000002AE3	Music	4	2
US	RH8F6ULRW3VGV	B000002NJS	Music	5	0
US	R1A4PHS07QX8MZ	B000002UJQ	Music	5	0
US	R1JE8QCCKBNOIK	B000002U9L	Music	5	0
US	RFK03FBO2OCW6	B000000WA4	Music	5	0
US	RZ4Y59TKUZHMN	B000002KK8	Music	5	1
US	R3D5I1T29HRMAP	B000001EKX	Music	5	0
US	R2DAU44CXEQPXE	B000002X2B	Music	5	4
US	R3GVO1FJ548ZC8	B000002MUQ	Music	1	7
US	R17QH86MYV1464	B000002NJS	Music	3	0
US	RJ63YAA3XNGW7	B000000OSW	Music	5	0
US	R3LR2XIICFTBE7	B000002USN	Music	2	0
US	R3EHLVIBX0LXOO	B000000OQY	Music	3	0
US	R3I9WRSNV1RSCE	B000000WFF	Music	5	0
US	R3UL4UVWLP8D86	B000002KDO	Music	5	0
US	R1M3AWGZGGN2AM	B000002H72	Music	5	5
US	RTZFDX7JBWBJZ	B000002KE2	Music	5	0
US	R31023IFAALF	B000002KFJ	Music	4	0
US	R2PDZZ0OCSTRNX	B000000OSW	Music	5	2
US	R1427FLL8YTTCI	B000000OPU	Music	5	0
US	R1S75DH7VWUA85	B000002KFJ	Music	5	0
US	R2VE8JKJRGXAR	B000002LCK	Music	5	0
US	R9FLZZIG3BLYD	B000000FG8	Music	5	0
US	R22Z0AX513JGJ1	B000009DUY	Music	4	0
US	R1MMC19AC3ZGMZ	B000002KBA	Music	5	1
US	R1QGIFNFBYQF5I	B0000009SG	Music	5	2
US	R2MTGP8MQKVP0U	B0000009SM	Music	5	1
US	RD5M4J9U4PC3T	B000003TA4	Music	3	3
US	R37CK8DO7TMSGH	B0000009SG	Music	5	0
US	R2S9IY0LOGJEDD	B000000WF9	Music	5	1
US	RPJ443QS51UJL	B0000062FN	Music	4	4
US	R3F1TH13A2RVF9	B000002KIK	Music	5	5
US	RB6H5AIW7OIS7	B000002NJS	Music	5	0
US	R1QSX7KZWS8NO6	B0000026WD	Music	5	0
US	RQX3K0TVCNY8I	B000002C4J	Music	5	0
US	R2BXVT2LOAY1KU	B000001FA4	Music	5	0
US	R12ZU35DRSU2H3	B000002KBU	Music	5	1
US	R1DSIWQIX68RZP	B000002KLZ	Music	4	0
US	R2TKKZISNUOVK2	B000000QG8	Music	5	2
US	RDVIJ0HHCCST2	B000003CKH	Music	5	0
US	R1L9S9S6DO2BBT	B000002MY3	Music	4	1
US	R1Y1I1M947KE9B	B000006OAM	Music	5	0
US	R28CBSWG2N1CR8	B000002MY3	Music	5	1
US	R3R3WFOVJAFXE	B000002UWP	Music	5	1
US	R3BO0TMHQVKKNB	B0000089N1	Music	5	0
US	R2S1YMZ1OKDU2V	B000002LK1	Music	5	1
US	RXBDHDSGC9REA	B000002NJS	Music	5	0
US	R3W4KKL2AWQ07Z	B0000032LS	Music	5	1
US	R2ASTNZN2W4EHF	B000002UAO	Music	5	0
US	R18N4QF96YFP0E	B00000016N	Music	5	1
US	R2YNZKEFTOS396	B000002AEN	Music	5	5
US	R2Z636F97GVQIV	B000002GYI	Music	5	2
US	R1HQ1NTHFK2RUI	B000000WCA	Music	5	0
US	R2SKCRSZ0Z5S23	B000001FAU	Music	5	1
US	R30OTTYCD5Y4YZ	B000002MY3	Music	5	1
US	R1K6BH6T39J8JR	B000001ES4	Music	5	0
US	RU29Z9ZT8BEHI	B000002MK8	Music	5	0
US	RJDE8I8MDLGMB	B000000IRM	Music	4	0
US	R1R46NA3TALAUK	B0000025KI	Music	5	0
US	R1TB3LFA60XP8W	B0000042MY	Music	5	0
US	R30J1ZHMYC53AZ	B000002NFM	Music	5	0
US	R1PRXKLH2RMGYI	B000002UC5	Music	5	4
US	R3VFVMAZPC7EYK	B000002B1M	Music	4	0
US	R1Z7CMMKD8OTGP	B000002NJS	Music	5	1
US	R2G3PMD4W8YZF2	B000002H6C	Music	5	0
US	R19JJ52738C2DP	B000002N9L	Music	5	3
US	R2NT21N63TAQH5	B0000029GA	Music	5	2
US	RV88XROPLWC2Y	B000002L7R	Music	5	0
US	RWLBTZ8MKNWSF	B000002KHF	Music	5	0
US	R3G1WSHM44XYTR	B000006NPY	Music	5	0
US	R14OHSXXQ8YT8R	B000006NPY	Music	4	0
US	R3TXKJ1OS68SQC	B000005B0U	Music	5	0
US	R3RRERGZV858IU	B000001E18	Music	5	1
US	R1NEESD66F5ZW3	B000001EAQ	Music	3	1
US	R27MS7DY6POOD0	B000001FY7	Music	5	0
US	R2I4Z197YH61G6	B000002ULS	Music	5	0
US	R26RN5W8N0DSTE	B000002NHN	Music	5	0
US	R1SBV5660L8DMP	B000006OAM	Music	5	0
US	R1PVWTTNBGWK8W	B000002H97	Music	5	0
US	RD1ND8U0RKCWW	B000002ULS	Music	5	0
US	R1D52G9LLSKYKI	B0000013GV	Music	5	1
US	R19QZPLB0A18TN	B000006NPY	Music	5	0
US	R3MOBOMNUT5STO	B000002GMT	Music	5	0
US	R38F3GIP4F4HX5	B000003S2K	Music	5	0
US	R14I2TQO9LEZ8G	B000002HMH	Music	5	0
US	R2984XMUDKBPQB	B000002NFM	Music	5	0
US	R3Q2YPEEGSPR7V	B000002GFC	Music	5	1
US	R3KLSLASTLILZV	B000002JEV	Music	5	0
US	RDX349D6WB5XX	B000006CCG	Music	5	5
US	R1KTPAUS3S4ZW6	B000000I0J	Music	3	3
US	R1N7DVKFJ4LQON	B000002TP7	Music	5	0
US	R16SWTYIGU59K9	B000002J7U	Music	5	1
US	RLS04MHMJLJOK	B000002J20	Music	5	2
US	R8NU6QA5CP160	B000001FS6	Music	4	1
US	RP7ISEC9XJVV6	B000009DUY	Music	5	0
US	R3LKJX89E00WYH	B000001F7R	Music	4	26
US	R1PKV3VK5W0CP3	B000005YZM	Music	5	8
US	RFXHG3KPYXR2E	B000002MG1	Music	3	1
US	RQGZ1IF6LJUFX	B000003JDA	Music	3	1
US	ROSL93J39FZM	B000002UDV	Music	5	1
US	RW1NEO0HS2KSQ	B000002URV	Music	4	0
US	R1E99UMSOU4AHC	B000002L99	Music	5	0
US	R25991UKVWBO21	B000002U6E	Music	5	0
US	R21DA29B1TVPNT	B000002BE9	Music	5	1
US	R1AQYK0ZO813OY	B000001Y5X	Music	5	0
US	R3DSLM1SBF1G33	B000002UJQ	Music	5	0
US	R3KBTYJIHL7GDK	0784010501	Video DVD	5	0
US	RXZ2XN0H1FKT6	B000002KXV	Music	5	2
US	RKNZMAGI0L89F	B0000029AL	Music	3	0
US	RA08AZZ4BFF5W	B000006OBQ	Music	5	0
US	R1BIZ98V08OJNW	B000002UW1	Music	4	0
US	R176FASEI8W99M	B000000OYN	Music	3	6
US	R17O2WV2RM4B0Z	B000002MIB	Music	5	0
US	R24IYYLZE3GGEX	B000000WA4	Music	5	0
US	R3D08BLVLSWQ6E	B0000033TE	Music	4	0
US	R131T6MI9ZN0PX	B000002NJS	Music	5	0
US	R2WD6DD05JI9HC	B000003S1A	Music	5	0
US	R1X1N6MYWN6R9F	B000001Y2U	Music	3	0
US	R1QYVBH6ZIO7KZ	B000002HRE	Music	5	0
US	R2NB3G9P7M3YBB	B000002H97	Music	5	0
US	R2ZK61RMCHIS34	B000001Y2U	Music	5	2
US	R2Y0OAT6WBENXM	B00000264Y	Music	3	1
US	RPL9WW7LMDXOR	B00000342V	Music	4	0
US	R2GGC405WA9GB7	B000002H33	Music	5	1
US	R1C2PCQ10UZDG3	B0000028MA	Music	4	1
US	R2JT3JRMFCFAJD	B000009DUY	Music	5	0
US	R2C0894I42L1VH	B000002GY9	Music	5	1
US	R3BAHFIZTRI3P	B000002GLE	Music	3	2
US	RMI32PHSXE3PK	B000000W5P	Music	5	4
US	R35PH8PGMXO0MS	B000002HH9	Music	4	0
US	R3UD54MIIYNXHZ	B000002VEP	Music	5	3
US	R3JSB6XRPS5R12	B0000062S0	Music	2	1
US	R2UYIDY7HNF7NB	B000002H6C	Music	5	0
US	R1AXTVHPGPQ1P0	B000006OAM	Music	5	0
US	R2U486ND0VL31Y	B0000047EC	Music	5	1
US	R1K36UKMVKVM34	B000005JLX	Music	5	1
US	R29CRDPTKOK1LY	B000002G8H	Music	5	0
US	R1A3T8YS3ZYPLT	B000002U88	Music	5	2
US	R3950IA32USQYY	B000002U82	Music	5	0
US	R33S3T4BYO2FOX	B000002IWH	Music	5	0
US	R24P15NIHPAWQY	B0000057C5	Music	4	7
US	R3CQSFPU1WVZJ0	B000002KIK	Music	4	1
US	R3RFU2J4QJC07B	B000005ALN	Music	5	0
US	R2DTEUHF27UWGC	B000002MNL	Music	5	1
US	R29YRI5MUIMN5S	B000004286	Music	5	0
US	R3SFM1RMJT9CDC	B000002LCX	Music	5	0
US	R1HGQNVBE136CY	B000000WFF	Music	3	0
US	R2VD1ZYOHSRBAW	B000002L5P	Music	2	3
US	R2JXO3TUBGCDLL	B000002UJQ	Music	5	0
US	RSFXT7XTFZ6O5	B000005S0E	Music	5	3
US	R2R7RTDY7BVFDM	B000002LGQ	Music	5	2
US	R2M2LZU4FVUC2G	B000002UAX	Music	4	1
US	RFEI5P1N2TJ68	B000002OTL	Music	4	0
US	RB1H3G7MVH5ET	B000006NPY	Music	5	0
US	R3L6LT745J9TAU	B000009DUY	Music	5	0
US	RMJ9MZ8J67OM4	B0000024YL	Music	4	0
US	RGP5DC86JGK8X	B000000WFU	Music	5	0
US	R30FIQORS825L8	B000002L99	Music	5	0
US	R3IIHLQSV7DMAY	B000001DYD	Music	5	0
US	R2WOVSSTVJ7EOW	B000000WG4	Music	5	0
US	RZH3NFXD7UT5S	B000000OPW	Music	5	18
US	R2BYIHKLQM1MCO	B000006OBQ	Music	5	1
US	R28GKUYCYCWUQZ	B000001FAK	Music	5	0
US	RFAI1IXLQ2KTF	B000000WCV	Music	2	1
US	R1FW98VWSYTDVK	B000000WFU	Music	5	0
US	R1W91CA8H6N5W7	B000000WFF	Music	5	0
US	R1IH00K1T6ORJE	B00000099Y	Music	5	0
US	R1P44925390U5S	B000002G1Y	Music	5	0
US	R22S4I2IV3LFQ3	B000002GFU	Music	5	0
US	R619YIK3WWKVB	B000002ULS	Music	5	0
US	R38AQCU0DAPXYO	B000002NJS	Music	2	1
US	R2V3WC4E7SR6CN	B000006O7C	Music	4	0
US	R1W59VXIAII9FI	B000002O7C	Music	4	0
US	RP2ITMIKTVYXU	B000002LRX	Music	4	0
US	R3NKDP4EUQFK74	B000002J20	Music	4	0
US	RF7NFM8M7L10F	B000001E21	Music	5	0
US	R2AFVK1LN4DSOR	B000003S0B	Music	4	1
US	R3HK54DQBGMMY9	B000001EHS	Music	5	0
US	R16G7C9HUJ6XVL	B0000062FL	Music	3	3
US	RH57GKHYPZLNK	B000005ZFN	Music	5	0
US	R2PFIF04UGSDMV	B0000025NU	Music	5	0
US	R2EMZDX5QOD3GN	B0000024YL	Music	5	0
US	R20UEU2W56MEMX	B000003NA3	Music	5	5
US	RBL13N7RMPFWA	B000002HPV	Music	5	0
US	RNAO95JA277T8	B000002B30	Music	5	0
US	R1KC4LJDIWE06R	B000002HH2	Music	5	0
US	RE51OPWF1YCL9	B000003H3M	Music	5	1
US	RP637I91KKW77	B000003S0Z	Music	5	1
US	R3HDGO2F0JQCLZ	B000002MZ9	Music	5	1
US	R2HW0688DLIT9C	B000002KCC	Music	5	0
US	R2HEEP4JWMN6HB	B000001ESP	Music	5	1
US	R8HFUKFBH1CE5	B000002I99	Music	3	1
US	R2QV0WRTN4T9NK	B000002OZY	Music	5	0
US	R3A714CYCPHCYU	B0000020C4	Music	5	0
US	R28HRN32UTYTLX	B000001DU5	Music	5	0
US	R1GM04XFPJH7BD	B000001DYY	Music	5	3
US	RYVZH02VXKKB9	B000001G16	Music	5	0
US	RPN9IJB31S3H	B000006NPY	Music	1	0
US	R1KM1OFEVKJQNC	B000002LFU	Music	5	0
US	R1LUAV06TOVMZ1	B000002NFM	Music	5	0
US	R3AKH2NUWW3YQL	B000002B30	Music	5	1
US	R3U4XGHMG9JQSH	B000000W5L	Music	5	1
US	R3NNX4J6CWN5M6	B000002C1Z	Music	5	0
US	R2HFO9B2E6CMHR	B000002C1X	Music	5	0
US	RD4B2S9N9RMA2	B000002J1M	Music	5	1
US	RREB340JCMCRC	B0000028PL	Music	4	0
US	R1I8UGPJ3MVJSO	B0000073BG	Music	5	22
US	R1OV0PV2ZILAM5	B000002KIE	Music	1	10
US	R2ISHUASGKXVZ5	B000002UAU	Music	5	9
US	R62Z42QGSBQWO	B0000035E7	Music	3	1
US	R3NWJXVBHJ9DZL	B000003TA4	Music	5	0
US	RWGVKF8Q94YE4	B000002UB3	Music	5	2
US	R1SVWX8W1Y2GDN	B000002UDB	Music	5	0
US	R1ONO8P4T1SHG7	B000002HRE	Music	1	2
US	R34TLXN9ZHUFFB	B000002H33	Music	5	1
US	RJN1I1LPVDNJ6	B000000H5J	Music	5	0
US	R2OX1OJSVKCDSH	B000002PCS	Music	5	0
US	R3D2HGYFXVA7DL	B000002GEV	Music	5	1
US	R1ZXBK0ODTYWCQ	B000002GD9	Music	5	1
US	R2UZ3H1R55KCY3	B000002UJQ	Music	4	0
US	R30UWC2YNRANKG	B000001EAQ	Music	4	0
US	RLMKUQKTFSR4C	B000002HIK	Music	5	1
US	R2QMNF6BZDWLN8	B000002HGD	Music	5	0
US	RU7S53Z2T5E73	B0000024K1	Music	5	0
US	R3VKY04UQRIK42	B000005HNQ	Music	4	0
US	R3OZX5350KW79X	B000005EJL	Music	4	1
US	R2WHGKES37ATRY	B000002UAR	Music	5	0
US	R3E4KVI03XFNZ8	B000002GEY	Music	5	0
US	RM8BFDH3ATCWU	B000002UUX	Music	5	0
US	R1OQ08RW8SWKMJ	B000002L68	Music	5	0
US	R348HIAX0O2RXS	B000002B38	Music	5	0
US	RSNFGRDD87NV9	B00000251N	Music	5	2
US	RKQZTLCGQ13YV	B000002LRX	Music	5	0
US	R2GZHH6QV5FXOS	B000003S0P	Music	4	0
US	R3NN0VBYESO8H4	B000003S0F	Music	3	4
US	R1PHOYVTXCOU0O	B000002U6E	Music	5	0
US	R2GPE2DK191LV5	B000002BYD	Music	4	0
US	R3AIMFI8QJ549G	B0000069NM	Music	5	1
US	R3T0CSO45XG6PM	B000002KLP	Music	5	1
US	R3R5HCT5TS42SC	B000002I77	Music	4	7
US	R1XOLCT2H1RRCS	B000000FG8	Music	5	0
US	RE5KEF95OVWJ4	B0000057C5	Music	5	0
US	R1EAH3146TI6TQ	B000002L9M	Music	4	0
US	R127LM7H3DZYJ	B000005GYI	Music	5	4
US	R1L3NCV0Z96200	B000002BE9	Music	5	1
US	R27LZQ0YEWGHH7	B000005S37	Music	5	1
US	R2LSKWLLHSSIRG	B000002MY3	Music	5	0
US	RAIV9HRIRIVY1	B000002GYI	Music	5	23
US	R2KD7Y8PO7R83Q	B000002UZ4	Music	5	1
US	R1OKYERMUE44VS	B000002H5I	Music	5	7
US	R3326WZUUGHT23	B000003CMB	Music	5	3
US	R3DAXE7CUM0US9	B000002U82	Music	5	0
US	R20MIMO6XQPVIB	B000000OSE	Music	5	0
US	R38IZTQ3UL74P4	B000001ES9	Music	5	5
US	RVJMZDUWTF1MG	B000000OAN	Music	5	2
US	R3L9RGOYO26ZAE	B000000OAN	Music	5	1
US	RVGHEYCGYE757	B000001EXB	Music	5	1
US	R33NH4ZZITR4ZL	B000002J1F	Music	5	0
US	R3OZ7NPMLVDYWY	B00000099Y	Music	5	0
US	R1SF2A1ZULFU8Q	B000002J1O	Music	5	0
US	R1DWJFQ3D4STDQ	B000003S0I	Music	4	2
US	R1X1C9SK1C9BLV	B000002WYT	Music	5	0
US	R33YBCY79A1MJ	B000001EYW	Music	5	0
US	RRCD0GGS517T5	B000002B7M	Music	5	0
US	R2KIXF538CO0KM	B000002BE9	Music	5	1
US	R1OSKJFRJU0A3E	B000001Y2U	Music	5	1
US	R21J7KXF7KGIKB	B000002KOQ	Music	5	2
US	R2L0OUBE5HZ2F	B000002NHN	Music	5	0
US	R14WPBZU1DD1MU	B000000176	Music	5	2
US	R3I5AT82FNGQ96	B000001FDK	Music	5	0
US	R1AR743JC8BACZ	B000005S0I	Music	3	2
US	R3KAI3BXR3VVP4	B000002C25	Music	5	1
US	R94DBHW1MC6MG	B000002UBU	Music	5	0
US	R1JKZ2WQ6LKZBR	B000002LGA	Music	5	0
US	R1QPRFMIIO1J51	B000006NPY	Music	5	0
US	R2KW2V77EXUI14	B0000062S0	Music	3	1
US	R1DJBR8VFGYTJ5	B000002LIM	Music	5	2
US	R3W4QVPYD0PR98	B000002LQD	Music	5	0
US	R1Q809QM71COXO	B000002NHN	Music	5	0
US	R3J8Z3SB9ZE2I9	B000002GF8	Music	5	13
US	R2IYQ9H4V1BM6O	B000009CEM	Music	5	0
US	R20FCM3ALBJDWV	B000002NHN	Music	5	0
US	RKCBWSBUZTDBS	B000002BSG	Music	5	1
US	R3VCGPOJ1DF1HQ	B000009PNY	Music	5	1
US	R3A04EHMFLEX4Q	B000001YOW	Music	5	0
US	R3HOFX6JFVRI0J	B000002H38	Music	5	1
US	ROYY5YITQUHD8	B000002HRE	Music	5	2
US	R2H0I910X9LH5W	B000000WF9	Music	5	1
US	R1LBMEECMLKFTW	B000002J03	Music	5	1
US	RX4O9WDHIWJSJ	B000005JH5	Music	5	1
US	R3VRCSNZX294LN	B000000FG8	Music	5	0
US	R25CBVXMY6SRV3	B000002JS6	Music	5	92
US	R3RKR5R0I53XW4	B000002J09	Music	5	0
US	R3FPSGADL2VVM0	B000002BHE	Music	5	0
US	R2B0HD4X2OBB6W	B0000039QA	Music	5	0
US	R3MG60653IM1JY	B0000084J7	Music	4	7
US	R3B0RIF4UFXPWT	B000007R1A	Music	3	3
US	RJG1Y11T26DIW	B000002J09	Music	2	4
US	R32F0YWCPOFGKG	B000001ESF	Music	5	0
US	R1QGLL46XJVMW9	B000000YBQ	Music	5	0
US	RB9BLDQBSVEFU	B000002KP3	Music	5	1
US	R2UV4UYDCGTK2L	B000000WJZ	Music	5	1
US	R1N7GVRZ1V1TMO	B0000057C5	Music	5	0
US	R3UHKBP545JSLA	B000000H66	Music	5	0
US	R3UNXX9QMURLWQ	B000002L9B	Music	5	1
US	R3SP61CAUJTJBP	B000002N2Z	Music	5	0
US	R14K0USQOVE489	B0000062W7	Music	5	0
US	R3EQPDHTVO5IS6	B000001Y79	Music	4	0
US	R1SYJHMEF8GDCJ	B000001Y79	Music	5	0
US	R3U7LY1223KW0U	B000002IAS	Music	5	1
US	R1PR6GA4EA6FXH	B000002GDJ	Music	5	2
US	R24RDTVKNEZRX6	B0000057C5	Music	5	0
US	R39TZLB710B6AF	B000000OAN	Music	5	0
US	R1SLPZQNDXZ8OM	B000005K48	Music	5	1
US	R3240EZ339GWZ4	B000000993	Music	5	1
US	R1ADJWKJMEK02T	B000002BQK	Music	5	0
US	RG7EH2HBX6K1B	B000003TA4	Music	2	3
US	R2LZFTM96SO8NS	B000003RCY	Music	5	0
US	RQ9PQ68802AC4	B000001E7L	Music	5	1
US	RFYSRAWI1J720	B000002UKS	Music	5	0
US	RNP5ROBQ8O7Q9	B000002MY3	Music	5	0
US	RDMW1DCVIY3HD	B000001Y5X	Music	5	0
US	R39Y733RAGK8ZM	B000001E7L	Music	3	2
US	R12EOQEXZTJBKY	B000006NPY	Music	4	0
US	RW53EY1PJQ7C0	B000000Y27	Music	5	1
US	R38K5AEWOLEK23	B000002UA0	Music	5	1
US	R3DRLIQSXRXX7F	B0000024JN	Music	5	0
US	R1WWKM29Q7LGD5	B000001FY9	Music	5	1
US	R3VVUJDOAXAT8B	B000000XB9	Music	5	0
US	R286FBB6X8S1B6	B000002UVZ	Music	5	1
US	R2OCIXSTGISKB6	B000002BBY	Music	5	0
US	R278CTE5U1F3M6	B000002UW1	Music	4	0
US	R392VKS1U2PA7I	B000002LFU	Music	4	2
US	R1V65SHPCHQ2W2	B000002LOE	Music	4	7
US	R2FB07BL388HNQ	B000002UW1	Music	4	0
US	RB2TQR0ASWZ0K	B000001OAA	Music	5	0
US	R8ATYQR8FZCA8	B000002N2Z	Music	4	0
US	RMZ40DHPZQA3K	B000002J6F	Music	5	4
US	R2P74SYKFP02NA	B000002B30	Music	4	0
US	R8BAB4FC1HL9	B000000OAA	Music	5	26
US	R1HHG3CUS1O6D	B000002C4J	Music	5	0
US	R1GXKUB46UM8N0	B0000057C5	Music	3	0
US	RMR40W9E0CID0	B000002L7R	Music	5	0
US	R3TLGQCB5Y1QWO	B0000062GE	Music	5	0
US	R3614QGR3NYIIN	B000002A3T	Music	5	0
US	R3K61BIIL38J7C	B000003TA4	Music	5	0
US	R33LRR7DVKVZKS	B000002AZZ	Music	5	0
US	R1303GX71PI05S	B000002UJQ	Music	4	0
US	RJAW8AW5A57HQ	B000002INJ	Music	5	2
US	R9N3BHHMITV25	B000002TQV	Music	5	0
US	RI2PH8XSHUHLD	B000002IWH	Music	5	0
US	R3TQG7EJ8G0TJU	B0000025NU	Music	5	0
US	R2QH1JS45GUY9N	B0000028UK	Music	5	0
US	R20D2CBR3ALM75	B000002IWQ	Music	1	4
US	R2TK3R4MTVG1D2	B000006O7C	Music	5	0
US	R25F8BQ5KEKJXF	B000002J09	Music	5	0
US	R3FC5LD5H49GRG	B000002KDG	Music	4	18
US	R28B1DTUMKC908	B0000067L3	Music	4	2
US	R2SFEMI56FBM4	B00000253N	Music	5	2
US	R1RCH1UXECDGPP	B0000025T6	Music	4	1
US	R2JYKUJHZR3B08	B000002552	Music	5	12
US	R3LU2L70GJVGP	B000003BDJ	Music	5	0
US	R3TPZPLY3S2AM4	B000000993	Music	5	1
US	R19LFRX1ELFNUA	B00000099Y	Music	5	0
US	RM6URWTW7ITCD	B000001FFJ	Music	4	1
US	RQ1X1OEFJWABR	B000000OEI	Music	3	0
US	R2BKUCWIODWUA6	B000005C1B	Music	5	0
US	R1GK9Z53AYYU97	B0000062S0	Music	5	0
US	R1W8TANSWW7TKX	B000000OA6	Music	4	1
US	R1HRPOCRPI114F	B00000293E	Music	5	4
US	RSC8L5USGVD5G	B000001FI7	Music	5	0
US	R2MS4E5ZV3DLBX	B000002C1W	Music	1	2
US	R2DTCHD10VH057	B000001DU5	Music	5	0
US	R2ZDKF8H2KC42M	B000002NHN	Music	5	0
US	RIU4Z1TKCUMIA	B000002IQW	Music	5	0
US	R2ZEDK9UV4H490	B0000025VI	Music	5	0
US	R28AQL5US26ZM7	B000003TAL	Music	5	33
US	R2JJQEMBVRDBOP	B000005K23	Music	4	1
US	RDNPJLO8E1367	B000000OEI	Music	4	0
US	R8TEVWY1MWBGC	B000001GBJ	Music	5	0
US	R57L292A6YUC9	B000002GBK	Music	1	7
US	RNMEGKEPA4PJY	B000001FY9	Music	5	0
US	R3MUKF9O8N9ATD	B0000028RR	Music	5	0
US	R2PF476CAKPDXV	B000002L71	Music	5	2
US	RQWK4H0CEVFWH	B000001FDP	Music	5	4
US	R24DITIUZVE8XL	B000002TLX	Music	5	0
US	R2H8DSIZ191YAR	B000002H97	Music	5	0
US	R7TT9B9AMSHFF	B000002BBY	Music	5	0
US	R3ZCJHNW66V8L	B000002AGB	Music	1	11
US	R1WPHBM7VS1VEH	B000003NA4	Music	5	0
US	R304AC6EU5BCIG	B000002H72	Music	5	0
US	R3K7J9FPKN48U5	B000000IV0	Music	5	0
US	RPIGKSMP84J6M	B000002R48	Music	5	1
US	R16GYATWIUKB4T	B000002PCS	Music	5	0
US	R1JJ72P92DCJRY	B000002AT6	Music	5	1
US	R3FCZ5UI8J6M2A	B000002UAU	Music	5	8
US	R70BNYTZNIT9G	B0000042MY	Music	5	0
US	R1JYDBHDJPVIEW	B000002UAX	Music	5	1
US	R3GAAEQ7S0NETK	B000004286	Music	5	0
US	R22KOLX60EKX6O	B000007NYS	Music	5	1
US	RCDFWHGBF7W2I	B000009PNY	Music	4	0
US	R3TQMXN6S3BRQL	B0000024K1	Music	5	0
US	R15K04PDV3R01E	B000005ZGZ	Music	5	0
US	R395X33PL3HGW1	B000002PCS	Music	5	1
US	R388BN96QYLUJ6	B0000025D0	Music	4	16
US	RDF4H00RDKGIP	B000002NHN	Music	2	3
US	R1JDPOU2KYAS6C	B000002TYK	Music	3	0
US	RQX5L33WZEDFN	B000002BHE	Music	2	0
US	R1HUC8YHEK4EVK	B0000062GE	Music	5	0
US	R2ISOENHZ47MVA	B0000057C5	Music	5	0
US	R3MX2HQZ0FEZRB	B00000099Y	Music	5	0
US	R12W3VTJ4CLKWJ	B000003BEV	Music	4	0
US	RF0E3XAZJLXDE	B000002W4V	Music	4	1
US	R2UFQ7XOX62WVY	B000001ESP	Music	5	0
US	R2AUKXOA6XWBMW	B000002LK1	Music	5	1
US	R326AFQMWQ8HPB	B000002GYW	Music	4	13
US	R1RC7PDGPN30P1	B000002ULO	Music	4	0
US	RNJFLUJ70LYKE	B0000020C4	Music	5	0
US	R3IJIZA5G6TBI4	B0000019PA	Music	5	0
US	R2021HO7D7N9N7	B000002G87	Music	5	0
US	RN8LHW9V7RNOY	B000000LZV	Music	5	2
US	RF9ZYI4RKI7MF	B000005K48	Music	4	0
US	R1XTLBUEMOZVNA	B000002NHN	Music	5	0
US	R3P5MZJ4J2JD94	B000009QPO	Music	5	0
US	R2WPTU7M7MKSMJ	B000002TQV	Music	5	4
US	R1NSQEYQS7JG76	B000002UAX	Music	5	0
US	R3KMDZUFBD96AN	B000002A3T	Music	2	3
US	REV37X6FNHFV5	B000002UAR	Music	5	8
US	R9ZTP7KZY145U	B000000OYQ	Music	4	1
US	R3LMAEJ6HCLO7S	B000002LCI	Music	5	0
US	RJGMOFIRVJX4K	B000003NA4	Music	5	0
US	R2EGTFJ8644G2S	B000002MH5	Music	5	1
US	R22R8A1GFV62A5	B000002HMH	Music	3	1
US	RTUWLTC7KFI1F	B000002LMK	Music	5	4
US	R2JZN2NQPSVUN	B000009DUY	Music	5	0
US	R26TP4IO0RD8SY	B000002B7U	Music	3	0
US	R2SX6M2OVJVRL9	B000002B82	Music	5	0
US	RYARXT5ZLB80K	B000001FDQ	Music	5	1
US	RS8W4U1LR8X4N	B000003N89	Music	5	1
US	R1C3EPCGHE3999	B000002UAX	Music	5	0
US	R1TMMZMJ3UJ17Y	B000000WJK	Music	5	0
US	R1AQOJD768L3NG	B000002IAS	Music	5	1
US	RILKNCRN5PMOV	B000002NJS	Music	4	0
US	R375TINJFWTP1L	B000002UCQ	Music	5	1
US	R3CDQ4FY3J554N	B000002MP2	Music	4	0
US	RBB9DZB2LPNV	B000002NBY	Music	5	2
US	RFJKE5T31YPGX	B000003NA4	Music	5	0
US	R1DLW2SDNQBJI6	B000001ELF	Music	4	2
US	R3BVKQNG3OJH5S	B00000AFDW	Music	5	0
US	R12YMVYO6OA1NU	B000001EAQ	Music	5	0
US	RF9HCIB1KYVEZ	B000002GF8	Music	5	0
US	R1US2AGFDEES3G	B000003S0Z	Music	5	6
US	R2VT0FLARB8QWR	B0000025HU	Music	5	1
US	R19WMER9QVKVLW	B0025KVLTW	Music	3	1
US	R1IE155PGT4WBL	B000002UAU	Music	5	7
US	R3KLGPCNJUXGCA	1572522089	Video	5	1
US	R3MA0E2GWDNV6D	B000002GBJ	Music	5	0
US	R1RDWBYE8RI80Y	B000002R48	Music	5	0
US	RYVQFWEVV11Q4	B0000025P9	Music	5	0
US	R27GNS6Y7H9O9W	B000000OE7	Music	5	2
US	R3QCTB3E64YUJ1	B0000057C5	Music	1	2
US	R1THG2450KQE75	B000002HPV	Music	5	3
US	R358NTWKF5B3V9	B0000025RQ	Music	5	0
US	R27X2PDDDBQXCL	B000001ELP	Music	3	0
US	R2YVD4C90ZITIJ	B000002L7V	Music	5	2
US	R7AS5BYZ61EMT	B000002LCE	Music	5	1
US	RJBDBCLN3VHIY	B0000028TN	Music	5	7
US	RDH2M7E0BJ8KP	B000002MG1	Music	5	1
US	R2RJIVTGEV3H3G	B000002H70	Music	5	2
US	R2VMDPGS3BDF50	B000006NUW	Music	5	1
US	R3B35D6FQQUFA4	B000006OBQ	Music	5	0
US	R2FNLJ6NFDSXQ2	B000003S2O	Music	5	0
US	R2WI51L9DRYS0	B000002UB6	Music	5	0
US	R381BYBG4VXC0F	B000002X2B	Music	5	3
US	R1V83CFS1M4DCG	B000002MU3	Music	3	0
US	RZEPYWBGLRZM7	B000000186	Music	5	0
US	R3RC0Y0Y4NM2CZ	B000002MG1	Music	5	1
US	R3F8JLTP8HOLSL	B000002L5I	Music	4	0
US	R37L9ZFUW1SIG5	B0000057C5	Music	5	0
US	R1Z55GV3C14OD5	B000002GY9	Music	5	1
US	RQ404GFR9IA52	B000002HHB	Music	5	0
US	R2TW0Y1BCTXPYI	B000000OMJ	Music	5	0
US	R4VK5E5GRUPE1	B000002UDB	Music	4	2
US	R3SKVS0YJGBUIH	B000002GK1	Music	5	2
US	RFMBXIUMNHR68	B000002MFE	Music	5	1
US	R2O829UMO76QP	B00000099Y	Music	5	0
US	R1MOOWWIS66IIJ	B00000099Y	Music	5	0
US	R3CUTJ0Q76BQDP	B000002UV9	Music	5	0
US	R10XARHI5YDDIO	B000002HEP	Music	5	0
US	R2F9VDRNVUO50Z	B0000009RX	Music	4	1
US	R47PCKD1LS1A7	B000002J1S	Music	5	0
US	R1AWYPNL37LWTB	B000002NJS	Music	3	0
US	R83YORSELHC2I	B000006OBQ	Music	5	1
US	RATPKRPXAGHPD	B000002UDV	Music	5	7
US	R22WQVMLVDP2KG	B0000046KM	Music	5	1
US	RWS3ENUDHHKY7	B000002BE9	Music	5	0
US	R3IXAT5XCB8PVU	B00000251N	Music	5	2
US	R2NN4IM3C8L3IP	B000002BHE	Music	5	0
US	R1EZ30CFZLD4BD	B000002BE9	Music	5	0
US	R3A693MU0POSYW	B000002MY3	Music	5	0
US	R2M6641M2J2ERK	B000002G0P	Music	4	1
US	R3MG37OLF6QQG8	B000003BEM	Music	5	0
US	R38I8476A4O91K	B000002H2Z	Music	5	3
US	R1WN14XIEMV6AI	B000001F76	Music	5	0
US	R2GMFZ8Y15QPWN	B000001DQI	Music	5	0
US	R3J3H006CJOB5O	B000002UKS	Music	5	0
US	R1R45UNPI3W3OE	B000002G30	Music	5	0
US	R2K9VZXUTB2V8T	B000002L5I	Music	4	0
US	R3GH5Q592O8BC4	B000003S0Z	Music	5	1
US	R3VOK6OKML2C7L	B000005RXF	Music	5	0
US	R3AM1X5VLMYR99	B000002OAZ	Music	5	0
US	R1TJWBA1IC31BH	B000002OZY	Music	3	0
US	RKEBIX774DJBO	B000002IAZ	Music	5	6
US	R2ZQP16MVFJTH3	B000002UB3	Music	5	12
US	R3HQACDM3WX8QM	B000002U8G	Music	5	0
US	R960TL86D5Y8M	B000002UA0	Music	5	0
US	R2XW2XJTHXQVFV	B000000WCA	Music	1	4
US	R1H297Y52WGQPW	B000002U82	Music	5	0
US	R3IJY436KZBHFA	B000001Y16	Music	5	0
US	R15K44XWJA3S8U	B000002BHE	Music	5	0
US	R2R61BFBWBQ80S	B000002UA0	Music	5	2
US	R13S4FK11Q61OS	B000002MY3	Music	5	1
US	RC44EB4OFVE3P	B000002LIM	Music	4	1
US	R1IF0V9TJOJL4H	B000000WHC	Music	5	3
US	RC8WXVQTX819B	B000002KGT	Music	5	0
US	R1ONTCGR4M0UMT	B000009PNY	Music	4	1
US	R282AQ97QL493B	B0000074LY	Music	4	1
US	RJM4327T5R6KD	B000006NPY	Music	3	0
US	R2Y62F42V7FJD4	B000001FA4	Music	5	0
US	RIJKK7URI1PQI	B000002MG1	Music	5	2
US	RPUTK1QK01WCO	B000003N7K	Music	5	3
US	R1ER37233YX5EZ	B000002AT6	Music	5	1
US	R1N4VMVE3QBE8E	B000005K48	Music	5	0
US	R22HNVM3LFV58U	B000002ITG	Music	4	2
US	R2UHWIJJBDU0OX	B000001EAQ	Music	5	0
US	R1PCU4NH6F75IU	B000002UKS	Music	4	0
US	R1TA4Z57VUIMBR	B0000025VI	Music	4	1
US	R2NF5OQHT2WLI3	B000002IZM	Music	3	16
US	R17N8Z9KBFHF8	B0000057C5	Music	4	0
US	R1E6D0QPE55NST	B000001FDK	Music	1	2
US	R24KGT4FTF3PE0	B000005JLX	Music	5	3
US	RNC1DV0AZPFK0	B000002J09	Music	5	0
US	R3FR6P8YU7NTSV	B000001Y42	Music	5	0
US	R367Z84LSNEI6H	B000002LUB	Music	2	1
US	R28MI6D5PU3FST	B000000OSG	Music	5	1
US	RDPCRDZ3QQ1QV	B000002UDD	Music	4	1
US	R3RJJJ0BFQZF7J	B000000OSE	Music	5	3
US	R2L29YYD02RJBW	B000005B0U	Music	5	16
US	RT2QOC74M00HX	B000000OQF	Music	5	1
US	RJFULO4790R5U	B000002GHH	Music	4	6
US	R3VGZE9B5FC9C3	B000000OMJ	Music	5	5
US	R3VF1UCZCHMBVN	B000000P17	Music	5	1
US	R2OBK7S6LPJAKD	B000002LCK	Music	5	0
US	R26NUJ4V2KCTB9	B000002H97	Music	5	0
US	R5MLFLRRTZXR5	B000001EHS	Music	5	0
US	RXNWHX1LWSUHE	B000000OPU	Music	5	0
US	RSBKBMLMPRWGH	B000003NA3	Music	5	3
US	R33NJCOOQSRFX1	B000000OPU	Music	5	0
US	R25JZEE3SPIE31	B000000H5J	Music	5	0
US	R3EY5QKSHMTDCF	B000002TP7	Music	1	0
US	R3G242VTXI1Y28	B000002VCB	Music	3	1
US	R24RPUWHWXQW53	B000003N7G	Music	5	1
US	RCZO4Z9E30QTD	B0000025HU	Music	5	1
US	R37C5I1CW1NVMW	B0000046MM	Music	5	13
US	R3T8MYXXVHSKUA	B000003TAR	Music	5	1
US	R1BL85S56XPIET	B000002H97	Music	5	0
US	R3PP2D2L6VHO0B	B000000WA4	Music	4	0
US	R15KW1YAL0BAZZ	B000002IZ4	Music	4	0
US	RH4G6TI52MPVI	B000003TA4	Music	5	1
US	R2CPZSVI7UOX4O	B00000264Y	Music	4	0
US	R2YYXEPFT0SC9J	B000007ODM	Music	5	0
US	R1JWUNBEA47CCS	B000000W6F	Music	5	32
US	RYVBYGFB80DGB	B000002NJS	Music	5	0
US	R29D0F036TEJFG	B000005HNQ	Music	4	0
US	RETUVMURBHNNO	B000000H5J	Music	5	0
US	R3KAFQN3MMCNC	B000001FRY	Music	3	0
US	R2K6V08T5W4E4G	B000001EMW	Music	4	0
US	R1MERGZQF2VIS1	B000003CKH	Music	5	0
US	R1JQV7X5D7NXNK	B000001EGA	Music	5	1
US	RGL7KIA3S2ZT5	B000002ORU	Music	5	1
US	R28C09APSSJ4QT	B000001FOS	Music	5	1
US	R1W29IRUILQXIW	B000000WFU	Music	5	0
US	R4M9A58KY3VQU	B000002BUY	Music	5	0
US	RIVOXAS697N5U	B000006045	Music	5	0
US	R3AMWHKTE4MIOL	B000005C1B	Music	5	0
US	R4LTWLO2108NR	B000002KOQ	Music	5	27
US	R3VGTUWMK92A5X	B000002X2B	Music	5	3
US	R3B7OXVLX6AEOH	B00000099Y	Music	5	0
US	R2DI396LG3NATS	B000002KP3	Music	5	3
US	R2S6C88GSZ9G34	B000002LND	Music	5	0
US	RCL2LSAIBHPR4	B0000042MY	Music	3	2
US	R3U2CO0EZDVYPF	B000003S5H	Music	4	0
US	R2MENC81QU0SVY	B000002GBJ	Music	4	5
US	R1I5JULC0YW160	B000006045	Music	5	1
US	R3TNE10M90SFMW	B000002VTE	Music	3	0
US	R3MZRFPET3304Z	B00000099Y	Music	4	11
US	R1ZKF6MB4NGQVD	B000002JKA	Music	4	1
US	R3S69FKYAZWFLG	B000003TSP	Music	5	0
US	R1GSAD8P6Q2U82	B000006OAM	Music	5	0
US	R1DHGWRFPS5AAQ	B000002ADT	Music	5	0
US	R14NK9KKZ9VMPC	B000002UCE	Music	5	4
US	R8ZLWJOPWW2KC	B000003BEM	Music	5	1
US	R3QCW9460S2UCQ	B000005RFQ	Music	5	0
US	R12HUCS77SZHGB	B000000W5L	Music	4	1
US	R10T5DWULW9JDA	B000000OAN	Music	4	2
US	R1ATWVQ54K8FKN	B000002IZM	Music	4	1
US	RJYPDK5HZF7CK	B000002ULO	Music	4	0
US	RVZWF1F59W05V	B00000634L	Music	5	0
US	R33H1OQ8PQI94E	B000002TQV	Music	5	1
US	RZH9S7BMGQF99	B000002IQ9	Music	5	0
US	R20XWKXYEDRWAF	B000002AS3	Music	4	0
US	R327UTNLO8RVCB	B000002NFM	Music	5	0
US	R3B86HILJHXUTW	B000002B7M	Music	5	0
US	R1NA6ETOX1CWV0	B000002UAO	Music	5	0
US	RHGC808H7H3TF	B000001F9N	Music	5	3
US	R1R7N4E72W5XFK	B000002B7M	Music	5	0
US	R31UI0JT4AZ1XZ	B000001EMW	Music	5	0
US	R1W5JBO2PHWKTP	B000002BQK	Music	1	2
US	R2P8LGOAA0QRS	B00000AFGM	Music	5	0
US	R3VKRR8KCSI7Z7	B000002E5J	Music	5	2
US	R2NKC0OS4781C7	B000002V07	Music	5	0
US	R2J8XBMC73VDTW	B0000025HU	Music	5	4
US	R20YH6SCX1MABQ	B000005ITX	Music	5	0
US	R11F6H2UE0Y02R	B0000033P0	Music	1	9
US	R1NFGQLVGVSNTC	B000002UB3	Music	5	6
US	R4CH5VDDEU73S	B000002952	Music	5	1
US	R1W2K68S7TAT85	B000002IXS	Music	5	4
US	RESD4MTQT3RIT	B000009PNY	Music	5	2
US	R2FTOM2OUIVRJ5	B000001EPB	Music	1	2
US	R2UPP1B1SQHTUC	B000005C1B	Music	5	0
US	R2GPIQWDIGIDMF	B000005J56	Music	4	0
US	R566H4FEBWUXS	B000000OQF	Music	5	0
US	R23OIYKA0X5A3S	B000002U6E	Music	2	4
US	R3M47MUN77NX2P	B000001DQI	Music	5	0
US	R3NETPPDMRKFPU	B000002KET	Music	5	0
US	R1TEJA4NRPDIJB	B0000057C5	Music	2	1
US	R1Q02LVDVSLB2U	B000002URV	Music	5	0
US	R2FC6XKH6AC6IO	B000003S5H	Music	5	0
US	R3GVOIJ0O7LFH4	B000002UJQ	Music	5	0
US	R1GD9W6DTL8WBS	B00000ADG2	Music	5	0
US	RVILS8WT52ZKE	B000002C25	Music	1	3
US	RSFYOJV93W0GN	B000002GYI	Music	5	0
US	R1WIYKR2GTGFIT	B000006NPY	Music	4	0
US	R2F1MYHC944GXT	B000005ZGZ	Music	5	0
US	R2CJ0KPQ7Q0GFO	B000002NE4	Music	5	3
US	R3HOIKJSULVS6	B000002KHF	Music	5	1
US	R1DPIAH9EHLGZD	B000002513	Music	5	3
US	R31KY0K9QYCR7D	B000002U82	Music	5	0
US	RVTC2XGE8K59	B000002HH2	Music	5	0
US	R1KFW5I0FJ88O5	B000002G1Y	Music	5	0
US	R17RDQE8EKGKY8	B0000019PA	Music	4	0
US	R103FJJ611835L	B000003TBP	Music	2	2
US	R2I78MMAWJ1AI7	B0000009SF	Music	5	5
US	R34GQNPZ83LN9Z	B000002NJS	Music	3	1
US	R37W9KPR5Y7YF6	B000000OSE	Music	4	0
US	R2JP16XJG9BSBA	B000002HRE	Music	5	0
US	R29WJS3AFUXFJO	B000000IUX	Music	5	1
US	R1J2JA4ZILZMFU	B000002LK1	Music	5	0
US	R2ERS2MM25MGF4	B0000024RZ	Music	4	0
US	R2QPBM2PKC1B4J	B000002MUN	Music	5	1
US	R4NARPZBSQHYA	B0000025HU	Music	5	2
US	R1Y9D40X9WQDKS	B00000ADG2	Music	4	0
US	R15XQ2E27KCF5V	B000000WFF	Music	5	0
US	RX28F6R6HE9X6	B000006NPY	Music	4	0
US	R2RNJBCX6IZS8	B000002TP7	Music	4	0
US	R1L60PGCZM3D6P	B00000163G	Music	5	0
US	R1FDORM19QC5ZO	B000002VC3	Music	5	22
US	R1WHD8YWN5RG4W	B000006NPY	Music	5	0
US	R2UDJ706WGO1Y6	B000006UD8	Music	5	19
US	R336FTD1UT8FUA	B000002HMH	Music	5	3
US	R1MYBOXU84ISSA	B0000024JN	Music	5	0
US	R267T14X6NR236	B0000004V2	Music	5	1
US	R3W36IRS8LQ8AA	B000000I0Q	Music	5	0
US	R1YLL7DAFBUZTQ	B0000009UX	Music	4	0
US	R1DJTU6UCRUCB7	B000002HD5	Music	5	3
US	R1H2SLJ0VAS4CV	B000002UAO	Music	5	0
US	R14JS6BT5S54UL	B00000ADG2	Music	3	1
US	R141W8D7JAVULH	B000002LKF	Music	5	1
US	R2FTHWM66J277S	B000001F27	Music	3	3
US	RYALXA3RLUCQ9	B000002G7G	Music	5	3
US	R3OCCYE8QD1KU3	B000005AYM	Music	5	0
US	RETGHY21LKVXA	B000007SPT	Music	5	1
US	R2LDFTTKVMF5QU	B00000ADG2	Music	5	0
US	R2W9DT4OKXDI2R	B000000W5L	Music	5	1
US	R27B9TPQ63V7FK	B000003S09	Music	5	1
US	R3LVLSN5Z6XW2K	B000002GXJ	Music	5	19
US	R3CPHAUYL90CO	B000002BQK	Music	1	1
US	RSF5Z50229MU7	B000000H48	Music	4	0
US	R1V7NUBR5X2EFP	B000002GOZ	Music	3	1
US	R2FSXZ1BIDNS0X	B000002UKS	Music	5	0
US	R2ZIPGO4HDN7EL	B0000062W7	Music	5	0
US	R3TBGXO2HGATL6	B00000ADG2	Music	5	0
US	R1097AVVRSBA8I	6304498969	Video DVD	5	3
US	R3AEJIIU89HR8N	B00000ADG2	Music	5	0
US	RFDARGIQJCOK7	B000002AT6	Music	5	1
US	R2TLZBCO184GPD	B000002KDO	Music	5	0
US	R30GWQBL1TJ0ZG	B000001EMW	Music	4	0
US	RQ95CXMXN0T6Z	B000002KET	Music	4	0
US	R1275KXSMDVUS1	B000002UJQ	Music	5	0
US	R114OCXAWEH5J8	B000002LRX	Music	5	0
US	R29IPA6X3TQAH6	B000005JKS	Music	4	5
US	R2O8OSQUMT0BHQ	B000002J09	Music	5	0
US	R3LX5GAEC7XZQ	B000002NG7	Music	4	0
US	R1ICWUPFL71738	B000002KHH	Music	5	0
US	R30VRCJ3FNHBNX	B000002KE2	Music	5	0
US	R4VE0P1WJLG7M	B0000024SI	Music	5	0
US	RH4ZYBABED2WN	B000002LUB	Music	1	1
US	RIKA3F4ZPI6CO	B000002MU3	Music	5	1
US	R2KYUQA60211DS	B0000039QA	Music	2	1
US	R2CCBHWWQBU40G	B000006NPY	Music	5	0
US	R36UW8XHGG941M	B000001IQH	Music	5	1
US	R1VCZK8U1CD3GJ	B000003S2K	Music	2	3
US	R19JF2PPA8F4DM	B000002GYR	Music	5	8
US	R8WJBHP5E97EE	B000002NHN	Music	5	0
US	R14CCHM7YVA2JL	B000002AS3	Music	4	0
US	R3B44BQ2TR68LG	B000000WFF	Music	5	0
US	RJ3MLKVLCTW0I	B000006NPY	Music	5	0
US	R1HKJBMAHZZPLW	B000002UA0	Music	5	2
US	RBQ82BRWB9J0E	B00000ADG2	Music	5	0
US	R293WMHGVFD5U7	B000002AT6	Music	5	1
US	R1811DLXGOCSIR	B000002UVZ	Music	5	0
US	R1ELFMR9I5IJG8	B000001E8P	Music	5	0
US	R1DW4UGF3YQ6CT	B000002LIX	Music	5	0
US	R2S3X8AVTCA2EU	B0000028SU	Music	3	4
US	R1SO9U5N6G5VBQ	B000001DYJ	Music	4	1
US	R36N4YZ2WED2PT	B0000028SR	Music	4	2
US	R3NHIO6LHVARVG	B000002KDO	Music	5	0
US	R3BD1432UTT8W5	B000002B7Y	Music	5	0
US	RHG2DIONOUNXO	B000009QPG	Music	5	0
US	R2GNE5DIVMXUI8	B000002KE2	Music	5	0
US	R3C1BGF9BI74DM	B000002KFJ	Music	5	0
US	RSYCJZYG3DZ65	B000002KET	Music	5	0
US	R2W2Z4TWBYPLYS	B000002KB8	Music	5	0
US	R26GPIA6D6VIQY	B000002B82	Music	5	0
US	R3FPPMLKQPYX9I	B000002B7M	Music	5	0
US	R1M6PRPEJB460K	B000002KHH	Music	5	0
US	R2C6MYQDZYJMHF	B000002B7W	Music	5	0
US	R23321W216AAL	B000002B7O	Music	5	0
US	R347VSTYQJRLKU	B00000ADG2	Music	5	1
US	R3H9ZBVABOXHGJ	B0000024JN	Music	5	0
US	RZAFZQY9EY4UQ	B000002UYZ	Music	5	1
US	R281NPMV0W11W7	B000005J08	Music	5	4
US	R1NH762Q8DVQRV	B000002WYT	Music	5	0
US	R1HPO46BWX2Z5X	B000002H97	Music	5	0
US	R1ZY4TAOZXSUF2	B000006EB8	Music	5	1
US	R2PXOK0N6EW9FG	B000002AVF	Music	1	1
US	REYO43HBCF0YS	B00000ADG2	Music	5	0
US	R2GE4M4E2DS5M6	B000002BE9	Music	5	0
US	R1NQ85ZRX3ANRW	B000002ULS	Music	5	0
US	R2VGF2JX2W2B4U	B000002KBA	Music	5	1
US	R2M453Q2OIHAEB	B000005RQF	Music	5	1
US	R1AJPAS3EJQUCF	B000003TAR	Music	5	1
US	R2Q7V6D0K1YVH8	B000002579	Music	4	4
US	R3QW6TFCEL7X8N	B0000028RR	Music	4	5
US	R1XUCI2XN9I90Y	B000002J09	Music	5	0
US	RRV49Z04HEUIC	B000003BF1	Music	5	1
US	R3FOUS5TRXU2HV	B000002UJQ	Music	5	0
US	R2KS5UDY0IQ9MX	B000002KK8	Music	5	2
US	R1F1M0FN3ZVEOA	B000002L80	Music	4	0
US	R2NQRYZAT25049	B000002KDO	Music	4	0
US	R2AETCO7BBK2G8	B000001F2H	Music	5	1
US	RCGOQYQZFF50Z	B000002KCC	Music	5	3
US	R14CWF5CQVTH8F	B000001EAQ	Music	1	1
US	R2946UI0CLUZ8N	B000000WF0	Music	5	0
US	R3D5595DARRIKL	B00000AOUD	Music	5	4
US	R18WH41T316TTF	B000002LR3	Music	5	0
US	RUFD42AGKR2S9	B000000XCH	Music	5	11
US	R3A3TADTH7L5X8	B00000ADG2	Music	5	0
US	R2UQ87ER576LT8	B000000993	Music	5	1
US	R3P03Q1YRZA6QW	B000005DQR	Music	4	1
US	R39Z1MFTXC2XJQ	B000001ESF	Music	5	62
US	RDAHBWSLB7VP7	B000002ADT	Music	5	0
US	R32RLP268FIS8O	B000002ADT	Music	5	0
US	R39EGGIUFVPC9X	B000003BEV	Music	1	5
US	RLXI7SML9ZZPT	B000002UEB	Music	5	2
US	R3HWUDB6FHR38D	B000005ZFN	Music	1	1
US	R15YE88OHX7KLC	B00000ADG2	Music	5	0
US	R2YEIIZ7OYU7G7	B0000025ZF	Music	1	10
US	R3QPTPOTP4LF1M	B0000019PA	Music	5	56
US	RPPBPTL7R4X1O	B000000WA4	Music	5	0
US	R2EV5TKTV5G4NP	B000006NPY	Music	4	0
US	R3O2G2S3WB9OU	B000000W4M	Music	5	1
US	R2CR8HOZF7FP3L	B00000ADG2	Music	5	0
US	RB1E89BUGG8Y7	B000003BF1	Music	5	0
US	R32WUVI98LS178	B000002TLX	Music	5	0
US	R3KKR4DP70O2EV	B000002J1I	Music	2	5
US	R1T3DZ3VBIH3R8	B00000ADG2	Music	5	0
US	R3OBPS1KGDCR98	B000002J1C	Music	5	1
US	R3BQ1CO4L9ZBMY	B000002KHH	Music	5	0
US	R2J6IMCC2NAG8I	B000002UBU	Music	1	7
US	RLYBG761CXKS2	B000002KHH	Music	5	0
US	R3GSAA1CXJYUC8	B000000WFF	Music	5	0
US	R1NDR932P3PL58	B0000057C5	Music	5	0
US	R3RSD0U8OF3WVJ	B000002VMH	Music	5	0
US	R2J053SPR0DGFZ	B000001AJG	Music	5	2
US	R2O0A98V745338	B000002LRX	Music	5	0
US	RW7D7MS5EEYN5	B000002JEV	Music	5	0
US	RZ2QTNEX4193M	B000002L5I	Music	3	0
US	R2S4POMAAQ299G	B000001EAQ	Music	2	1
US	R2UTPJ5JTMJFS9	B000000JO3	Music	5	0
US	R144J8H9CS6TYS	B00000ADG2	Music	5	0
US	R2IYI6YUH6428T	B000006045	Music	5	0
US	R1NZ6OZLYFERO1	B000002UB3	Music	5	5
US	R3HY376RT1N9S1	B00000099Y	Music	5	0
US	R1V0EW5IG5RHZ6	B000009QPQ	Music	5	0
US	R1NKBA2GQOH6F2	B000000WA4	Music	5	0
US	R3O5W590SFSP43	B000002GLE	Music	5	2
US	R3TNPQ5LV2FR4N	B000002C4C	Music	5	0
US	R249IY1V7P9IWO	B000006JPJ	Music	5	0
US	R2ZUMGXVKS53G4	B00000ADG2	Music	4	0
US	R2TDLKSFNVSF54	B000002NJS	Music	5	0
US	R3RWT4FJ1WXSZF	B000003NA4	Music	3	0
US	R344737G2LGGL2	B000000W5H	Music	4	0
US	R3BQS7I4CXEYP7	B000002UBU	Music	1	8
US	R102ASSJSO5DLG	B000002JEV	Music	5	0
US	R2ZFFCZXN8203H	B000001E8S	Music	5	1
US	R1XGCRVAC0UW1B	B00000ADG2	Music	5	0
US	R157LTTQJEGEHJ	B000000I0D	Music	5	0
US	R2JIXCO8UBX1KF	B000002J1B	Music	3	0
US	R1JD3JQAVZUCFJ	B000005ZFN	Music	5	0
US	R1HVHU7TNNZ2ZD	B0000025VI	Music	5	2
US	R3H9NMHZ65ZDW7	B000003S0D	Music	3	1
US	R4XUSOWKPO3A3	B00000ADG2	Music	5	0
US	R2P1AB6AYLSV7H	B000002LR3	Music	5	0
US	R1LFL8W3DI0GSR	B000000OTY	Music	3	2
US	R2OL6LBLT4UHGY	B000002I2I	Music	3	2
US	R2ZABS3GY96102	B000002IZ4	Music	5	38
US	R2PLY36Q7CHFMY	B000001ZS5	Music	5	0
US	R1LK7K50QA5N7	B00000ADG2	Music	5	0
US	R2EDJF5NQSIJ1B	B000001ZS4	Music	5	1
US	R3AGJJPHR0AU3K	B000001Y79	Music	5	1
US	RSIE31H7JMJU0	B000002MY3	Music	5	1
US	R3C0JZL8SWQRRZ	B000002UAO	Music	5	0
US	R1HMUL99UAAIMM	B0000028MA	Music	5	0
US	R33FZQGWG1PXVM	B000000OTY	Music	5	3
US	RTHD0UUUCYM8A	B0000028RR	Music	2	3
US	R1XLMTMFW6TJOZ	B000002UDV	Music	5	0
US	R3TWIXX7YF6Q84	B0000033TE	Music	3	3
US	R3CLQB8453HJMQ	B000002KON	Music	5	1
US	R1UWJSD4MYGL0F	B000002GXS	Music	3	4
US	RIC8JY3HO29KV	B0000025GW	Music	5	3
US	R2R5R7F9YGN87B	B000002UAO	Music	5	0
US	R3HHVT76CCPC5M	B0000029AL	Music	5	1
US	R3HG1OUUUL2UIO	B000000WCA	Music	1	0
US	R27DNXI9QL4EWM	B000002NHN	Music	5	0
US	R297IWMXH1BD32	B000002HO3	Music	5	1
US	REO1F0LZ0JWL4	B000002N25	Music	5	2
US	R2RIL1VC9HMOI6	B000000OSO	Music	5	0
US	R2J1BKNDZ0XIGS	B000000WHX	Music	4	0
US	R1ZNNNJYGDJ8NZ	B000001FRY	Music	4	1
US	R3JEAD4P3TVPXR	B000000HHE	Music	5	0
US	R1B61WVIOEHYD4	B00000ADG2	Music	5	0
US	R2WET0GMQVM8BY	B000002UB3	Music	5	12
US	R1HPQFU0WJTF4C	B0000047EC	Music	5	1
US	R2RGWZBYBC8NCA	B000002X1O	Music	5	2
US	R1CSO4IRPV3A4O	B000000LZV	Music	5	1
US	RUUTHHKT141B7	B000001BZT	Music	5	0
US	RSBMZ9NDOT4AN	B000000XBE	Music	5	5
US	R1H3V7UTEA0A8B	B00000099Y	Music	5	0
US	R3LIDDDHABQFX2	B000002C1X	Music	1	15
US	R1WCIPQJ8J18I6	B000001Y5J	Music	5	0
US	R3U3YU4E0YF6CQ	B000002U82	Music	1	11
US	RG1RT4OOV5KC8	B000000WA4	Music	5	0
US	RAJFZ9VZ31UB6	B000002BSG	Music	4	1
US	R28W92GJ9NLEAF	B000002UAX	Music	4	0
US	RH1UHQS3WBM81	B000000OAL	Music	5	5
US	R1QHP0REH9RK20	B000006NPY	Music	5	0
US	R3AM22KY40SMNX	B000002A6O	Music	5	0
US	R1Q6SQ4NYPY7OJ	B000001IMX	Music	5	3
US	R1WKOKFNLKZRES	B000002UAI	Music	5	1
US	R2U34CAAPAWGUS	B000007VCM	Music	4	0
US	R1M1WJ3O96GJE4	B000002UY5	Music	5	1
US	R2ZOWPRJ96LH0R	B000002GY9	Music	5	1
US	R3MN4T95QISG64	B00000264Y	Music	5	0
US	RHVLY2MBIRFZK	B000002WYT	Music	5	0
US	R1BGVVZO8513LP	B000001E7T	Music	5	0
US	R2H1X2A41624EI	B000006NPY	Music	3	0
US	RSLPTOJYUA38T	B00000258J	Music	5	0
US	R2F1CUMX66TP85	B000003TA4	Music	5	0
US	R3IDJKCH8SUMQ5	B000002JNJ	Music	5	1
US	RZZ6OHA8X447L	B000001FQI	Music	4	0
US	R14NS6SF8Z2BI8	B000002LAC	Music	5	2
US	R38GI91E843XSN	B000003JAY	Music	5	5
US	RRJ4S4Y1RC5RH	B000006JPJ	Music	5	0
US	RML6KJ3AF7GUP	B000002KDS	Music	5	2
US	R1K04X5IHS49KZ	B000002UZ1	Music	3	0
US	R24SW66GY15863	B000002BWL	Music	5	0
US	R36BIZDL2DN1XO	B000002AV5	Music	5	0
US	RDPNH1ZH24RS4	B000002LQQ	Music	5	0
US	R3QZTY7ZWIV7RD	B000002MFE	Music	4	0
US	RWJWMUDD50WLI	B000002NHN	Music	5	0
US	R1G835VSFDTO6W	B0000025ED	Music	5	2
US	R3KJOFBXXVG6EA	B000002HFU	Music	1	4
US	R3JXRKXUX0D18P	B000000IVN	Music	5	3
US	R1R5J42FZSHY86	B000002A3T	Music	5	0
US	R2AUI294NKG7H6	B000002BE9	Music	5	0
US	R1DW1HGC11U3G0	B000002TYK	Music	5	0
US	R1Z0LRCUWMX27M	B000002579	Music	5	1
US	R2PWP15A1JZHHF	B000002UB3	Music	5	6
US	RP7742UVQYBQ8	B000002952	Music	5	2
US	RHX38O4M158QB	B00000ADG2	Music	5	0
US	R3UF4SP8IKFMZN	B000005RRF	Music	5	1
US	R3NNQS5FJMYE51	B000002UJQ	Music	5	0
US	RFG99RO6ATM8X	B000002UJQ	Music	5	0
US	R3BTIOLUBD9Y4Q	B00000ADG2	Music	3	0
US	R1M4C5SP8JM874	B0000062S0	Music	3	0
US	R1P2WKMQBB9Z5B	B000006OAM	Music	5	0
US	ROQOY3ANQN3Y5	B00000AFWW	Music	3	0
US	RVAC39YD1C78Y	B0000024UO	Music	5	2
US	R32U2R0A3IO5QS	B000001Y79	Music	5	0
US	R1L5JVNBFU5TJ2	B000001E7T	Music	5	0
US	R125ZCYXHRFFX4	B0000035E7	Music	5	0
US	R3E6GLGM2CZZV7	B000002MIY	Music	5	29
US	R2PIE2NVYOP91Y	B000002X1O	Music	5	6
US	RPMLI845HZN3G	6304806418	Video DVD	4	0
US	R2ZU1KVWW6OD1L	B000002HRE	Music	2	2
US	R2BR9FQMQGC8MY	B000000FG8	Music	5	0
US	R3JITXH6VWV45M	B000002MX7	Music	5	4
US	R1MW5TA0TW43TK	B00000ADG2	Music	5	0
US	R1AEUTZ6UNCHDO	B000000WFU	Music	5	0
US	R384I47QLNRX3W	B00000ADG2	Music	5	0
US	RBO17ZC1V3I6T	B00000269M	Music	5	0
US	R2IBEFMKV0VVKY	B000007ODM	Music	5	3
US	R32H9SFWJ8RGKD	B00000AFWW	Music	5	0
US	R1WX6DZYW7TBWW	B00000ADG2	Music	5	0
US	R1HYXVVZBU3E8A	B00000018N	Music	5	1
US	R2EYK0SRSXR9KD	B00000ADG2	Music	5	0
US	R2AISY004KEZV3	B00000AFWW	Music	4	0
US	RHSANVCH0COPK	B0000033P0	Music	4	1
US	R2HO5JP2NWPZFK	B0000057C5	Music	5	0
US	R16MB9BMH9LT01	B000001EAQ	Music	4	0
US	R2ROLX0PRLX3I2	B0000028W9	Music	5	0
US	R2QGKZPEL4GHQE	B000001XO3	Music	5	4
US	R8OX9XPKJKBB5	B0000032LS	Music	5	1
US	R2SAY0JKYL8R24	B0000029DD	Music	5	1
US	R3QOYWOQOXFN0L	B000002J1O	Music	5	1
US	R2PRSVQDUC5X4I	B00000AFWW	Music	5	0
US	R38JJHP8MM095	B000005ZGZ	Music	5	0
US	R3IPJ0HPKFX40Z	B00000AFHM	Music	5	0
US	R29GGGJKYGSWC7	B000007359	Music	5	0
US	R35O4VBYHM1BA8	B000002KXV	Music	5	1
US	R2Z31MUPV8FA8E	B000002X1O	Music	5	2
US	R1DHG2KE6G55GX	B00000AFWW	Music	4	0
US	R1228OS4UVUHZN	B0000069CT	Music	5	7
US	R3D1D0Q86XAOAL	B000007177	Music	4	4
US	R11EXLWFIM3LW6	B000002IZM	Music	5	1
US	R2TMMRWCV7YIUO	B000002NJS	Music	5	0
US	R1QW2FOJ40BB97	B000006OAM	Music	5	0
US	R2F2TIJK2DC52S	B000002GB9	Music	5	1
US	R3H1FF7RMSDLM6	B000002J1Y	Music	4	0
US	RWL42N10D6YR1	B000002UAU	Music	5	8
US	R1CX19FVM1RM2P	B000002NHN	Music	5	0
US	RX8GOKYJ46GZT	B000002S4V	Music	5	34
US	R309CC6DV5WSNG	B000003TAR	Music	5	1
US	R31LYHY5BT89XE	B00000253N	Music	5	2
US	RCJAOLKTH1DK5	B00000AFWW	Music	2	1
US	RZ321BZ0VX2OG	B000005JA8	Music	5	16
US	R3H1SUB2MKBTYC	B000001IMX	Music	5	1
US	R24NL47LMT027L	B000002UJQ	Music	5	0
US	R2FZBIG2H1AG4M	B00000ADG2	Music	5	0
US	R20GID0HO2ON9B	B00000BKDS	Music	5	0
US	R27P52JP69HJSR	B000002B5L	Music	5	2
US	R2JYM21UUTNPGT	B000002UAX	Music	5	0
US	R3NRL4D1SEUYWA	B0000047CX	Music	5	1
US	R2IDRREGDTBUWU	B000002UB3	Music	5	7
US	R1QASH3OYKQR5Q	B000006NPY	Music	5	0
US	R3D3OX8U1Z1XMN	B000006OBQ	Music	5	3
US	R4T4L7Y4N24I9	B000002AH1	Music	5	1
US	R17B1CT09M98J9	B0000024UO	Music	5	3
US	R372RSXTGDQSXN	B000002JOF	Music	5	2
US	R1FN511078YTHB	B000002579	Music	5	1
US	R249U7MFEDMWL4	B000003RCY	Music	5	0
US	R3008994IZKEAC	B00000AFHM	Music	4	0
US	R312VQMMMSXCYB	B000002LK1	Music	5	0
US	R3FAIMJGXR6AEV	B0000000LI	Music	5	0
US	R3MUPK8TR1ZVBL	B000001EAQ	Music	3	1
US	R21C1SUB12VNRB	B0000074LY	Music	5	1
US	R1GDCONI38EGPB	B000002UKS	Music	3	0
US	R2KHGHSS2TFTZY	B000005ZFN	Music	3	0
US	R3MHAWWEQS99K4	B000008H1R	Music	4	0
US	R3UKZ88ZS5D32K	B00000018N	Music	5	1
US	R376TA01X41FFQ	B000002H97	Music	5	0
US	R326YI1UFQQ29O	B000002AHM	Music	5	1
US	RWWXOZ68WO4VV	B000002LGQ	Music	5	1
US	R3SR7DO968Q7QL	B000002TQV	Music	5	0
US	R3CUG6UKZP16JG	B000003S09	Music	5	1
US	R37CSL0B867CWI	B000002KP3	Music	5	1
US	R30VIENCZVLB1B	B000002N25	Music	5	0
US	R3RNBUJT5ZKLLR	B00000AFWW	Music	5	0
US	R3DIB5OU58J6PO	B000001FLI	Music	4	3
US	R2HW8S6IBTH8BW	B000000WF0	Music	5	0
US	R195YCYL0MCHHJ	B000002C1Z	Music	5	0
US	R2SH1S36ALWM2U	B000001Y79	Music	2	2
US	RF0WH1ZM3D6PO	B000002952	Music	5	0
US	R1UPIQ4QM5IN08	B0000025YL	Music	5	1
US	R5F3O1YWAUQWU	B000002KDW	Music	5	3
US	RQYSK7TFHVIPN	B00000AFWW	Music	4	0
US	R3HL2O5QC3OR1J	B0000057C5	Music	5	0
US	R1564SCAR1Z9IN	B000002HRE	Music	2	2
US	R1FPU3SFGE3YKI	B000001FE0	Music	5	2
US	R3VCFM0KFT4QEC	B000002UJQ	Music	5	0
US	R1RXLDLFGY8XMZ	B000002ULO	Music	5	0
US	R22PQF60LNTBTH	B000005JU3	Music	4	0
US	R2WOCZBIPWQGK5	B0000069DB	Music	4	15
US	R1DKHZ0UOES9ON	B000001EAQ	Music	5	0
US	R1GB007FQY1H6O	B000002518	Music	5	1
US	R33IMU7LVP2D6Y	B000001E18	Music	5	0
US	RQUVPQC1JN2MO	B000002NJS	Music	4	0
US	R1FM929HYYN4XB	B0000024JN	Music	5	0
US	R1G0DV004UL41G	B000002C4J	Music	5	0
US	R1TIAJMYFEJSJI	B000002549	Music	5	6
US	R2RQY5ARO6QUY8	B000002BYD	Music	5	0
US	R3EEDJZ9VLTBIW	B0000057C5	Music	4	0
US	R22837VP7YSO8G	B000002UZ1	Music	5	1
US	R2WSV2DVH05GR7	B000000WFU	Music	5	0
US	R1L3TGWDBPPQOA	B0000062S0	Music	5	0
US	R3VCRCFRZ4QN1G	B000002HMH	Music	1	5
US	R185K7NQSGQWAE	B000003BEM	Music	5	0
US	R2X2RJ1B3Y77BX	B000002UWF	Music	5	1
US	R31TX8Z8MR9WKI	B0000062Y2	Music	5	0
US	R2F9YYZPCAFJ91	B000005H7D	Music	5	3
US	R2AQBQY76XLACP	B000000OR9	Music	5	5
US	R3N5TQGXW7DB0T	B000006NPY	Music	5	0
US	RO7HV5BHWCATC	B000003TAW	Music	5	0
US	RKVFBZA1PVNLL	B000001FY9	Music	5	0
US	R4NKPXL4SWSGC	B000005ITX	Music	5	1
US	R2QK316D2UA1PU	B000000H48	Music	5	0
US	R2NUHPO5LGO2Z	B000002HRE	Music	1	2
US	R10EMLIB0V2RHG	B00000DATR	Music	5	0
US	R353BARD9CWJ2N	B000002I25	Music	5	0
US	R2M67VF44YJSM6	B000001IQH	Music	5	0
US	R3PG0LUG20MAN0	B000002BFZ	Music	3	0
US	R3AQIPXFLZCEB9	B000002BYD	Music	5	0
US	R16TW95YSBA5E2	B000002J1U	Music	5	0
US	R2P79IGOEDF3DI	B000002JSR	Music	2	0
US	RMVVD0GN4G6H8	B000002GVO	Music	5	10
US	RHUG2WCLUKC7X	B00000ADG2	Music	5	0
US	RZ7QCHWH65WA4	B000001GBJ	Music	5	0
US	RC9MPISWTMW56	B000003CKH	Music	5	0
US	R374PEK3AE00DR	B000002UWF	Music	5	1
US	R2PM61DQRJ5E6B	B000005GW2	Music	4	2
US	R1GUCB7VUXG1X8	B0000033TE	Music	3	11
US	RYVGMLXXTPOGG	B000006TG7	Music	5	11
US	ROKZ57H7G7Z76	B000000P17	Music	4	1
US	RCFE5E1K5R258	B0000041Q3	Music	5	29
US	R1DH41EBE65AEU	B000002UB6	Music	5	4
US	R1CF54JOS0G2Y0	B000002UKS	Music	5	0
US	RJC9312M9IGW6	B000002LQQ	Music	5	0
US	RPIWYNZ7RCPJT	B000002NJS	Music	5	0
US	R1QC3LDTBIX53G	B000002WPI	Music	5	0
US	R1QKWYT9KJT2JR	B000002IKR	Music	5	0
US	R3N2OAATXUOQ41	B00000163G	Music	5	0
US	R36BR47FX0HS9P	B000000QFV	Music	3	0
US	R1SMLT2013D4QG	B000005RFQ	Music	5	0
US	R371G09GP0DPYM	B000006ZL4	Music	4	0
US	R334VF15KNE1P0	B000001OAA	Music	5	0
US	RURAXUF0SN4G6	B000002BVN	Music	5	3
US	R2R42E655G7FH5	B00000AFWW	Music	5	0
US	R2NFBE06IULCIA	B00000AFHM	Music	5	0
US	R2C5DTO3XKT10	B00000ADG2	Music	5	0
US	R1JG8I5EN00GTP	B000000HSU	Music	2	1
US	R146HLLAALBXMK	B000002BYD	Music	5	0
US	RGY0PL8N7EKV0	B0000025L8	Music	5	0
US	R3EEKIGWC73NRI	B0000028UK	Music	5	0
US	R22W6APLFLIF9O	B000002LAB	Music	4	2
US	R1Y2CXSZOQC53H	B000008H1R	Music	5	0
US	R2QCSH0OMOJZCL	B000002518	Music	5	3
US	R3MFP0HKTWZ0YU	B000002HHB	Music	5	0
US	RBW8HN4A71YRB	B00000255X	Music	5	8
US	R1ON5MDEYFCIKG	B000002UJQ	Music	5	0
US	R1TWZDTBYX5SX0	B00000BKDZ	Music	5	0
US	R1ZL09A1C376VA	B000000OF6	Music	3	131
US	R2EMXW89H29TMX	B0000025NU	Music	5	1
US	R3O6OE2SIAZ5BV	B000002UZ4	Music	5	0
US	RWE31E0ZPTVPT	B000007VKZ	Music	5	0
US	RLZRLEA1VR8L6	B000005J56	Music	5	4
US	R27A17KIS247Z	B000002MNR	Music	5	2
US	R4BQK27D3456P	B00000AFWW	Music	3	2
US	R37T6LMJ1DE6CP	B000002NJS	Music	4	0
US	R37V8I5VVMMJKN	B000002NJS	Music	1	0
US	R185A2KUC1KIEB	B000002TQV	Music	5	0
US	R1O8PS5IBKEOU1	B000002HRE	Music	1	5
US	R1YYH9H2IDGU1M	B000002IZ4	Music	5	0
US	RVU0CNU01FF5P	B000002C4J	Music	5	0
US	R2A721I65IJPAU	B000002NIW	Music	5	0
US	RQIYXQBFQOY8K	B0000024R8	Music	5	3
US	R2ZERBO5V50OLG	B000002IAZ	Music	5	4
US	R34Y7NI5W7QWET	B000000W9Z	Music	5	0
US	R19DYIVVGNG39M	B00000420F	Music	4	2
US	RWO12PG0TYID8	B0000025ED	Music	5	0
US	RDRSGGLR8J0NQ	B0000025NU	Music	5	0
US	R2SK6KA21K7YAY	B00000AFWW	Music	3	0
US	R29RVL9ONH5TEM	B000005KFN	Music	5	3
US	R26QXJBL6P2XH7	B000002MNL	Music	5	0
US	R2XEWYWVURKXW8	B000002OMN	Music	5	0
US	R24QDW05IV3IVY	B000002HPV	Music	5	0
US	R1C7JGF1FSKR89	B0000028UK	Music	5	1
US	R12LB9YVT5N8G9	B000002H2H	Music	5	0
US	R2ARSIL9R9M3V9	B000002AV5	Music	5	0
US	R1FIYC5U0HZABK	B000002MZ6	Music	5	0
US	R2PV0OPZH58KIM	B000005RFQ	Music	5	0
US	R1VZZQ2N2334F9	B000000WHX	Music	5	0
US	R3R0OBOQL6AS6T	B000005JA8	Music	5	1
US	R3Q14JL7MLV3JQ	B000002HRE	Music	1	2
US	R1Y17P9Q8445ON	B00000AFWZ	Music	5	3
US	R68XCGBUZES6S	B000007ODM	Music	5	0
US	R36H0KT8G7ZBS6	B000002ADT	Music	5	0
US	RMLQYVVGAHHF0	B000002H33	Music	5	1
US	R38PM1ADB49O1E	B00000AFGM	Music	5	0
US	RHQ67T4C9MK0W	B000002GGO	Music	5	13
US	R1K82LXAUQWCSX	B000003BEV	Music	5	0
US	RVWKJ57E7SK4N	B00000253N	Music	5	3
US	RY9XHCG01GS21	B000001Y79	Music	5	0
US	R1C3L1BAPWP2E3	B0000009SY	Music	5	1
US	RMZ61NDNJ0M0X	B000002NFM	Music	5	0
US	R1S5ERDS1O8Y27	B000002AT6	Music	5	1
US	R30OPM06TIJIKP	B000026156	Music	5	6
US	R2201EIRGRB10	B00000DATR	Music	2	3
US	R27SDXX5IKOBLV	B000001DTM	Music	5	0
US	R3DB8E1UJBDF23	B000003CKH	Music	5	0
US	R13DN44I3WBEOE	B000002H97	Music	5	0
US	R1XCMMHW6ENT00	B000006OAM	Music	5	0
US	R1AF46P0S88ZOM	B000007VKZ	Music	5	0
US	RBXG04WLKC5ZY	B0000025BA	Music	5	2
US	R35PA2KRCL5IPD	B000002NJS	Music	5	0
US	R3H02TOK11KCPH	B000001Y42	Music	5	0
US	R8PDTK7PBEPR6	B000003N7G	Music	5	0
US	R1PG2WRMPZ1BTX	B000002JSN	Music	5	0
US	R17WFYWWAPTBKQ	B000002GW5	Music	5	0
US	R2G7R1WVNUMT2H	B000002C1X	Music	3	1
US	R1DQOLH1HIGCM6	B000002NE4	Music	5	0
US	R3P6FUJU8MO2EW	B00000AFGM	Music	4	0
US	R1D83LO242O0LM	B00000AFWW	Music	2	0
US	R2DN7LASSEP4X1	B000002BYD	Music	5	0
US	R1F881IU4K0T5Y	B000002MY3	Music	5	1
US	R16QYXUP8WY3R3	B000002NHN	Music	5	0
US	R2GUORHM1S5CMO	B000007UEY	Music	5	0
US	RJYZ712EP15LF	B0000029LG	Music	5	0
US	R3TTVIIJG2XJB1	B000006OBQ	Music	5	1
US	R1NP1IR1WFCNLI	B0000027I6	Music	5	0
US	R1FYTTTYZDL8CB	B00000BKE0	Music	2	2
US	R1K88ST8SVOMOX	B0000024JA	Music	5	0
US	R2WHD13Z608TCC	B000002UV9	Music	3	0
US	R1FUDBYT8VROGT	B000002UZ6	Music	5	1
US	R3VS7CLM1GS1J0	B000001DTM	Music	5	0
US	R25RJ7QNL4K2RG	B000006NPY	Music	5	0
US	ROPJ226MU3035	B000002HMH	Music	2	2
US	R1ZWBGAIMURUR2	B000002H97	Music	5	0
US	R15BFQ8FR2N3UO	B000002H33	Music	5	1
US	R2MO9U955G3SJI	B00000ADG2	Music	5	0
US	R1YK4IE4BTN5GT	B000002B2T	Music	5	0
US	R27GKW6V8YCHTL	B000005ITX	Music	5	0
US	R1Z9A5KL9F4RG	B00000ADG2	Music	5	0
US	R3S5ZOQQ4KFA2X	B000002KHF	Music	5	0
US	R3DVJJ2J873CSM	B000002UKS	Music	5	0
US	R37LI9JUON4BS1	B000006MS3	Music	5	3
US	R1FAEXUSFQR0EF	B000002HRE	Music	5	0
US	R1LU84LP7L1OM	B00000263T	Music	5	0
US	R1L5OBWG10A45Y	B0000009OP	Music	5	0
US	R23OMZR5VU4XM1	B0000057C5	Music	4	0
US	R23IQHG9SHLRHR	B000002BYD	Music	5	0
US	RN15UGQGR49WG	B000005ITX	Music	5	1
US	R3A2VXNYCSK1EB	B000002KH3	Music	5	0
US	RHRF3KCCWPYO2	B000002J7U	Music	5	0
US	R2RJKN9YGVXHCL	B000002C2E	Music	5	0
US	R2ZDZ269SQREKR	B000002NFM	Music	5	0
US	R3AFKPS1CQCU98	B000002HEM	Music	5	0
US	R6B4J3VLHJWC8	B000000WCV	Music	5	1
US	R1JTFSC9NX9GN3	B000002UJQ	Music	5	0
US	R2EP4SL7AUQ5PM	B000000W74	Music	4	0
US	R1DV8XNAJOVHYK	B000002HRE	Music	1	2
US	R2G3ZCVRBBLJHX	B000002VC3	Music	5	2
US	R34Z4INQQ7NYC6	B000002J1S	Music	5	0
US	RD88AK099T0YM	B000001ZS4	Music	5	2
US	R1F7OM1E4JBOO2	B00000AFWW	Music	4	0
US	RLKBD89T98AC5	B000002L9B	Music	5	1
US	RP3WWJY0L1H37	B000002J23	Music	3	0
US	R3CP9E9VSTUS2I	B000002KHF	Music	5	0
US	R1XGSVLUMKNULL	B000002U9L	Music	5	0
US	R2I33V0NKXDK61	B000002H6C	Music	5	0
US	RW0U3IQYOYFRS	B000002U9E	Music	5	1
US	R12HLX4KVE3XTZ	B000000WA2	Music	5	0
US	RF3DZXCW0XCWG	B000002KIE	Music	5	1
US	R1L156F1NDMTRR	B000000OSW	Music	5	2
US	RG8SZR1ONQ1ZK	B000002VSN	Music	5	31
US	R1WB1W4CVXBKZK	B000002KIE	Music	5	4
US	R12KOE1O45ZEL4	B000001E7T	Music	5	0
US	R1IERKWBWZLWKG	B000002UR7	Music	5	0
US	RVVNX2N2XJNYG	B000002HJR	Music	5	1
US	R3VGX3SJH0SMNN	B00000BKDW	Music	5	0
US	R2D2D7GAM4GVKY	B000004286	Music	4	1
US	RG5UT7MWSDP3N	B00000AFWW	Music	3	1
US	RDWO6VD09A6H9	B00000AFDW	Music	5	0
US	R1F6VB3EILINXE	B00000AFDW	Music	4	0
US	R3MFC1CBG9RAON	B00000253N	Music	5	0
US	R3V6J0W1WXWHN3	B00000AFGM	Music	5	0
US	R1ZJPT8Q1MALK0	B00000255X	Music	4	0
US	R3CXP23PONA1JP	B000002VBY	Music	5	0
US	R1XN8XSRJQO7OS	B000002C25	Music	5	1
US	RDYFZTCYPID67	B000002KB8	Music	4	0
US	R27DHGL5QX16Y6	B000001BX0	Music	5	0
US	R23TPGRTO41NRP	B000001FNL	Music	4	0
US	RHY9U1242Z2AF	B000002KXV	Music	5	2
US	R2F6T72YD8NGZF	B00000ADG2	Music	4	1
US	R2AZHWAZ3O3XC2	B000002UDG	Music	5	1
US	R23E0YHBB56DDW	B000002UAX	Music	3	1
US	RAPXHSI0M2YMN	B00000D9TK	Music	5	0
US	R29M1SJAFS7IHR	B000007SIN	Music	5	3
US	R3JGEOTXLFKYML	B00000AFDW	Music	4	0
US	RQGMQRU4XZL39	B000001Y5X	Music	5	0
US	R219TW7AEYTXD5	B000009QPQ	Music	5	0
US	RIQ333HPDS08Y	B00000255F	Music	5	4
US	R29ZUH93Y4YZYU	B000002TQV	Music	1	4
US	R2SQ5DWNUYTN7K	B0000024ZT	Music	5	0
US	RC6N66OX12KRE	B000001Y5J	Music	5	0
US	RXIL6TMV310FX	B000002568	Music	5	0
US	RJOV09CO6K9OE	B0000000LI	Music	5	0
US	R1MFL0FGIMEZEV	B00000AFDW	Music	2	0
US	R2LQEWOCQVOJBK	B000002UWF	Music	5	0
US	R27MTFPLCU3D47	B00000AFGM	Music	4	0
US	R1RPYQ32DLNNCG	B00000AFWW	Music	4	0
US	R3HCA44KYY1Z8O	B000002UJQ	Music	5	0
US	RQRFJWUMYBCTI	B0000057C5	Music	4	0
US	R1VSQ59H7FXT7U	B000002GEY	Music	5	4
US	R1YS7IXGF91JZO	B00000099Y	Music	5	0
US	R2XPBXTQXT1KF2	B000002HPT	Music	4	0
US	RSEABCO5SJPWH	B000005RTG	Music	4	5
US	RN9EVS9M5FIPM	B00000AFDW	Music	5	0
US	R2K1WXI22W8S9V	B000002H6C	Music	5	0
US	R1TWZVRIRYEI8U	B000002TQV	Music	5	0
US	RYODJ4T86NSL2	B0000024K1	Music	5	0
US	R39VYHGRGZII6H	B0000024IE	Music	5	0
US	R2LEZ7BITW3ZS5	B0000047CX	Music	5	1
US	R1XRBNLS7R7E3W	B000003S5H	Music	4	1
US	RNRNLIRCH3IH7	B00000AFGM	Music	5	0
US	R2FKJ3R1T8ISVA	B00000AFDW	Music	4	0
US	RUHUHN7QZJB1	B000002UZ4	Music	5	1
US	R2Q9L9Q5IRNEP6	B000002NJS	Music	5	0
US	R2UAN9CXI3P6R	B00000AFGM	Music	5	0
US	R2TZAMUZG3TRFP	B000005ILF	Music	4	1
US	R7PCOO66E8VG8	B000003NA4	Music	5	0
US	R1N8PIWN8FOMOW	B000001ES4	Music	5	0
US	R2LVIBJPBJ0XTY	B000002BYD	Music	5	0
US	RCJUV4IY5TCPU	B00000AFDW	Music	4	0
US	R3P7SCWS9ZJCJ4	B000002GQG	Music	5	1
US	R3EOB0YWT8GVIV	B000007SPT	Music	3	0
US	R35IW3NDOOPXBU	B000002MP2	Music	5	0
US	R19FI8WKE8I8J0	B0000028VT	Music	5	1
US	REXVJRH0T8RVB	B0000029J5	Music	4	0
US	R1FAXH0DMO9BXA	B000002NJS	Music	5	0
US	RLNUI8AT6GHGI	B000002AVF	Music	5	0
US	R3IP1JDG74NYO4	B0000029J5	Music	5	0
US	R1QP6RWND9QXQG	B000006NPY	Music	5	0
US	R12MYSVUXRV3NU	B000002LFZ	Music	5	0
US	RMGLA04HBSNM6	B000003TSP	Music	5	2
US	RJ3WEXSMJC7NM	B000001FA4	Music	5	0
US	R93DGLEV4MIRE	B000002UB3	Music	5	7
US	R2ZWHW40H1HX88	B000003JDA	Music	3	0
US	R2O0FVG52ABLJB	B0000025HU	Music	5	4
US	R105THAUEBQTY5	B00000DCWQ	Music	5	1
US	R3LW7W1GUYQ8YG	B0000062Y2	Music	1	6
US	RS1G2F6FCJFMT	B000000WFZ	Music	5	11
US	R1PFLCASNG2LG0	B000002LGW	Music	5	0
US	R1F4CWVCDB5G0K	B00000BKDV	Music	5	1
US	R1FQQBM5QBZRX5	B000002KL3	Music	4	0
US	R1JZRJBSFA286D	B000005843	Music	4	0
US	R1R5CPTSUQUVRX	B0000048CX	Music	5	5
US	R2PE931BE6PC24	B000002E5J	Music	5	0
US	R3RL0Q1I07LYRT	B00000AFDW	Music	5	0
US	R34Q7WI3LZ7W06	B000002OAZ	Music	5	0
US	R3STA89LMRMJV	B00000ADG2	Music	5	0
US	R2GMIDRY0RGY8I	B000009SFR	Music	5	1
US	R2385JO5ZBW0GG	B00000AFDW	Music	5	1
US	R2WM8XJWDN0AYX	B000002H2H	Music	5	0
US	RXJAI0B4KYAEH	B00000253N	Music	5	1
US	R2BMI0PK9V6CFW	B000001C6M	Music	5	0
US	R2WBB5FK8JJD0Z	B000002IWQ	Music	4	0
US	R2UNCDOAYDUFQK	B00000292K	Music	4	1
US	R1EQULB2O1Z7XP	B000000WHX	Music	5	0
US	R1AMAA8GAMT74L	B000001FSP	Music	5	3
US	R2JHKOXJL7KHCM	B000002KOG	Music	5	6
US	R51M2XTF4M8G8	B000009RC2	Music	5	1
US	R1VQN397PO8AO7	B00000ADG2	Music	3	3
US	R21RKHRKPENZG1	B000000WJZ	Music	5	1
US	R3LSIZYV6WB8W2	B000000OMJ	Music	5	0
US	R2K0A4VPJCNV3A	B000002UY3	Music	3	1
US	R22D2QT88RK1CY	B000007XUQ	Music	4	0
US	R2OVJIP4CGWYEL	B000002GKT	Music	5	2
US	R1GUYQWD230LOB	B000002L9J	Music	5	1
US	R2LFPT4YT40B0G	B000003RCY	Music	5	0
US	RFQWRYNMOGSJC	B000005ALP	Music	4	1
US	R3C7WEWULWED1N	B000002NJS	Music	5	0
US	R34LVPGTDLS3LR	B000002UKS	Music	5	0
US	R1LKQVJOPDT122	B00000AFGM	Music	5	0
US	RW1KFWLN1B0FW	B00000AFDW	Music	5	0
US	R1G9GS4BPKZT65	B000000OQF	Music	5	0
US	R2H8C61M1B833I	B0000033P0	Music	4	0
US	R1MPGWRU3JKUHD	B000002HGD	Music	2	2
US	R2RLRHPACBTASX	B000002C1X	Music	5	0
US	R205URX44BFZWR	B000002OR6	Music	5	3
US	RBLU9R4EMLCLG	B000002C4J	Music	5	0
US	R9XEY9U2884IW	B000002H97	Music	2	1
US	R1Q7YCJWR4ARK	B000000W5F	Music	5	2
US	R3P1XTQOKG46QY	B000002NE4	Music	5	2
US	R33TBYXAS50PXS	B000006NPY	Music	1	1
US	R1LQIOP2Z9VYQ8	B00000AFFF	Music	5	0
US	R3FCXV60F7LMYX	B00000273M	Music	3	1
US	R3069EPW6UIEI3	B000002GB9	Music	5	1
US	R1C93M3O8ZJKIB	B000006045	Music	5	0
US	R3C4FEQUTNFRME	B000006045	Music	5	0
US	R1BUSKDA79EXOT	B0000020C4	Music	5	0
US	RNV2S3N0E7S39	B000002A3T	Music	5	0
US	RXDD6RGK5OIDM	B000002U9E	Music	5	1
US	RFRC9DHS8D7JE	B000002L42	Music	5	0
US	RCPUF8QFJRC0E	B000001ZS4	Music	5	3
US	R1YEQ9ZPGE2OV4	B0000025L8	Music	3	2
US	R1OSYKMSPF4ILJ	B0000057C5	Music	5	0
US	RVFIYO6TJX4U6	B000002C1X	Music	5	0
US	R1GVRV3WPN7H6H	B000002IU9	Music	5	0
US	RKE6JO540YGQP	B0000027F8	Music	4	0
US	R21EE9008UVS79	B00000D9TK	Music	5	0
US	RH5N6EHBBK780	B00000ADG2	Music	3	0
US	RBVTTH52N5CL5	B000002J1L	Music	5	1
US	RAVC8XOXTBHF0	B000005IU2	Music	5	2
US	R3CTCFJYZ1LT23	B000002WYT	Music	5	0
US	R38FYWR1Z7JRJX	B000009DUY	Music	3	3
US	R2GP0T41QGL5S0	B000002AV5	Music	5	1
US	R3Q59X7ECFCL9J	B00000AFGM	Music	5	0
US	R2S55IPQYDBQFD	B000002NHN	Music	5	0
US	R34VJGRN5CYE8G	B00000AFGM	Music	5	0
US	R34UES134A3JY2	B000002KIE	Music	5	0
US	RBMBW55BBPDOF	B000002JR8	Music	5	0
US	R1KED4AZX0IIHG	B000002GB9	Music	2	7
US	R39VHE0895NHWC	B00000AFWW	Music	5	0
US	RIFOL6OEHXL5R	B000002LN9	Music	5	15
US	R12XFEHWS4VI7V	B000006045	Music	5	0
US	R2PJLJR15N630J	B000002G8L	Music	4	2
US	R3QCE8WZRGT7O	B000002MY3	Music	1	6
US	R2DSCFCHHNDPQH	B000002HRE	Music	5	0
US	R3FP44P6F0I80Z	B0000009RX	Music	3	8
US	R19MIVUBD9E9NL	B00000AFFI	Music	4	1
US	R2G1OL0BESR2V8	B000002UA2	Music	4	1
US	R2GG19TEDN6DYL	B000002C1X	Music	5	0
US	R26F94MJK6C6O4	B000002GB6	Music	5	2
US	R16F81O6J1VWXI	B000002U82	Music	5	0
US	R1EO18EI03PHQT	B000002MY3	Music	5	1
US	R1QCTJAO5ATAGN	B000002LMM	Music	5	2
US	RSEZYP7GORXFS	B00000D9TK	Music	5	0
US	R1VJIMWMZ7DLVX	B000002KET	Music	5	0
US	R12O4UFWZ4V9O0	B000002KFJ	Music	4	0
US	R3K79EE7RCOBDE	B000002Q88	Music	3	0
US	R1FSF2SFUXNC1A	B000005J56	Music	5	2
US	R1985ZQH3Q1LJV	B0000028M7	Music	5	0
US	R2KBLM07YKHNQ1	B00000D9TQ	Music	5	1
US	RJEFAE7BZR2KS	B00000AFDW	Music	4	0
US	R4AVZ0P5289JI	B000002GFT	Music	5	0
US	R370YAR4SWH92B	B0000029LG	Music	5	1
US	R1HWWO0GWBDOME	B000002C4J	Music	1	5
US	R1LCWC9BPVAKI	B000006TSC	Music	5	4
US	R2TFH46PJ27RPP	B00000ADG2	Music	2	0
US	RVDWGT4DWHA2K	B000003PB7	Music	4	1
US	R1O86M4A4HDP1T	B00000AFDW	Music	4	0
US	RZPWTPNV0I1I8	B000002IZM	Music	5	2
US	R2W955TS5VJJ8D	B000002IAS	Music	4	8
US	R2JE2BR3O5YUW7	B000001EHS	Music	5	0
US	R2JCV8PP0MBOL8	B00000099Y	Music	5	0
US	R1ZNMGSJZ7Z22S	B000001E21	Music	5	2
US	RF0FZJCZCEYEX	B000002IZM	Music	5	3
US	R32AITK129KF8R	B000002U9L	Music	5	0
US	R3HGCL1P5AZOOB	B000001DV2	Music	4	0
US	R1HKFEBF0RN4HH	B000002C4J	Music	1	4
US	R2HC7TZXQBZ6VU	B000001FKY	Music	5	0
US	R1OLWW41L3VUHZ	B00000AFFF	Music	5	4
US	R2LN8TMHT4LW9J	B000002GY9	Music	5	3
US	RJKDZ5QHD36L9	B000002GQK	Music	4	1
US	R28SRBNHMURQ4U	B000001EYO	Music	4	0
US	R17O7TT8T7V6K1	B000002513	Music	5	10
US	R2P5SPX8XK5102	B0000027DJ	Music	5	1
US	R3BU2O97M0SEGU	B000000WCX	Music	5	0
US	R3TDZ46N711MNR	B0000025DI	Music	5	0
US	RQQ0H4G89MV1R	B000002H4C	Music	5	0
US	R120F17Y1DZ7BT	B000002KBU	Music	5	1
US	RKIARMEPUOHU3	B00000AFDW	Music	4	0
US	R19M6DJCI9ASTD	B000000H57	Music	5	0
US	R1SEQOJMMC196D	B0000047CX	Music	5	0
US	R324LJ5CNMRLO5	B00000016O	Music	5	0
US	R3GHI8XZG9B145	B000000WFF	Music	5	0
US	R3JMM2N13FUZAU	B000002UJQ	Music	5	0
US	RDQ8X32H3S3FM	B000002LCK	Music	5	0
US	R2Y3DWQ8SWIGHJ	B00000AFDW	Music	4	0
US	R1Z5TQICURU4GS	B00000AFFI	Music	5	0
US	R2WVXS59NG7FMC	B000002G8N	Music	5	9
US	R1GS5U3DJ3E670	B000001EMW	Music	5	1
US	R2A8C0AHFFGUXQ	B000001F9E	Music	5	2
US	R2QZHCDJNDK36A	B000002E5J	Music	5	0
US	R11EM918Z98NK2	B000002HJD	Music	5	0
US	R1IGXM03R6OPTI	B000002HMH	Music	3	0
US	R3HOJICWKZM8FY	B000005HO0	Music	5	0
US	RCOWR1NBPPY1I	B000000OTU	Music	5	0
US	R25A2WFC4O9ETQ	B000002U6E	Music	5	0
US	RTY05NV7KJPL3	B000002O4X	Music	5	6
US	RZVN94YP84ZUL	B000002N3N	Music	5	1
US	R5KXXEUWMVXJZ	B0000024U8	Music	5	1
US	R3QD68SVIVL8WA	B000005RRF	Music	5	1
US	R1TF5A10TTDT30	B000001E7T	Music	5	17
US	R2WPINDUT5EJ8L	B000002OX7	Music	5	1
US	R34MF324W3YYYZ	B000005IRG	Music	5	7
US	R1524OI8C77OER	B000002KAT	Music	5	90
US	R1FL3QAUVXT1Y6	B000005H4F	Music	5	0
US	R27EPU3OSOIAUE	B00000AFDW	Music	4	0
US	RQWP5OB6GX1WE	B000000OAN	Music	5	2
US	R4LIGGKWDUBDK	B00000AFWW	Music	4	0
US	RGHONKZWSDVOP	B0000026DJ	Music	5	2
US	R2VWGAXL8URJP3	B000009PNY	Music	1	0
US	R1T8AQON6OOJ94	B000001DYY	Music	5	1
US	R3KY9RVM01GCCO	B000000W6F	Music	5	6
US	R2SNOWEH079ZQJ	B00000D9TQ	Music	2	1
US	R3GQ8WSCRA4N9R	B000002JS6	Music	5	0
US	R255N4UFQLRNKP	B000002579	Music	5	2
US	R3ION6YN5SVSOH	B000002U82	Music	5	0
US	R3TK4SUUSK8U40	B000006ED1	Music	4	1
US	R1L3GPCG8BBQ6U	B00000255F	Music	5	4
US	RVMQVAPO2JG6V	B0000024K1	Music	5	1
US	R1V1ZNKJEI8QDW	B000005JH5	Music	5	0
US	R3F6MH6Y7V7UP3	B000005JHF	Music	3	0
US	R1LQ4YZWT1JFNP	B000002H33	Music	5	1
US	R2JN2JRYQ7HBNU	B00000D9TQ	Music	5	1
US	RUDONDAFHMPK	B000002UEB	Music	5	0
US	R1SVBG85U4GAB0	B000002N2P	Music	4	1
US	R2TK9C6DBKZA5L	B000002MUW	Music	5	1
US	R3TYSFHO38SMA	B000003NA4	Music	5	0
US	RNOOJILS6IGXN	B000002NHN	Music	5	0
US	RGXMUOAW76UL7	B000005IKX	Music	4	0
US	R3NN2FC123BTEP	B000002MT0	Music	4	3
US	R19N669A9KXPNB	B000002WYT	Music	5	0
US	R3RS2G0R911OPY	B000002PB2	Music	4	0
US	R20UJQ0KDFH6UC	B000003FPN	Music	5	3
US	R13QFWZZM7WS37	B000002OX3	Music	5	2
US	RT3RQWTT4XFL2	B00000AFWW	Music	5	0
US	R2NBCIKUH7U81Z	B000002NJS	Music	4	0
US	R2DBYAK33G6ACO	B00000BKI4	Music	5	0
US	R3ST0H6M0EOQ3Y	B00000634L	Music	5	0
US	R6ESPBA6OKWSW	B000002BE9	Music	5	0
US	R25P5JFA6M26F3	B000001F6N	Music	5	1
US	R4RAKVMG8L1LQ	B000000OPQ	Music	4	0
US	R1PUITZUG56HZC	B000002L9S	Music	5	0
US	R1PT9T2XN52RQO	B000000WZ4	Music	5	1
US	R3TRQ68S5UF5N8	B000002C4J	Music	5	0
US	R3UNDPWCB1C9JV	B000002LK1	Music	5	0
US	R3S0OUFC0T2OV9	B000001Y42	Music	5	0
US	R256CVEXXXXRVV	B00000D9TQ	Music	5	1
US	R2I7AI80BEAFOJ	B000002BFZ	Music	5	1
US	R2WE7CYODY253A	B00000AFDW	Music	4	1
US	R1AOPEEL5RWGU5	B000002AZ8	Music	5	0
US	R3JD7F9G6VBXY9	B000000WCX	Music	5	0
US	RC36OD6F0YBQU	B00000AFFI	Music	5	0
US	R2T02SZ02ELQG6	B0000025SB	Music	5	0
US	R3V03WNTR7X133	B000002H2Z	Music	5	0
US	R19ZUGMVZ41EPP	B000002W9Q	Music	4	0
US	R22F56EGKPJ4IF	B000000WA4	Music	5	0
US	R12A8EMNS6B9EP	B000003NA4	Music	5	0
US	R3QLHOPA07QX5Q	B00000DC7L	Music	4	0
US	R10C27QRJ1E2OI	B0000039QA	Music	5	0
US	RMAHUZNC9XJZ5	B00000AFWW	Music	5	0
US	R2VK9TS2JS1AHP	B00000D9TK	Music	5	0
US	R2E495BZO6TTQM	B000002ADT	Music	5	0
US	R2QRMIIAR5I8RY	B000003NA4	Music	5	0
US	R22GD7GRSETS27	B00000ADG2	Music	5	0
US	R280DAR2FKSJEJ	B000002AQQ	Music	5	0
US	R1UJKGL2CZUZZW	B00000AFDW	Music	4	0
US	R1Y23OX3O7RWPF	B00000420F	Music	5	1
US	R1AB075VP1TH6W	B000002TPS	Music	3	0
US	R1HK6A4G2UMEKR	B000002J1F	Music	5	0
US	R1X5WH7NX7ZOAC	B00000AFFI	Music	5	3
US	R3P336NH3VHGBG	B000001E8S	Music	5	10
US	R3QDT7WCC1WUMB	B000002HH9	Music	3	1
US	R19Q2N8BZ2VI04	B000002GG0	Music	3	0
US	R3O3S4OP1K8YVF	B000002C1X	Music	5	0
US	RMOAG55PXK6G0	B000002UJQ	Music	5	0
US	RCNSXRGJEFDPX	B0000026J6	Music	5	34
US	R2YG2VACGQBLJ3	B000000OXH	Music	4	3
US	RWQFS6BMBO1VR	B000002J20	Music	4	0
US	R1HQVZGRTPMSWG	B000006OAM	Music	5	0
US	R1WUGUQ5JAN0ZB	B000002KZA	Music	4	1
US	R3TUAW4K49JJQ	B000003CKH	Music	5	0
US	R3S2YK9ZXTYFL3	B000002L9M	Music	4	0
US	R3V6K5ICT4NITZ	B0000028SR	Music	3	0
US	R3D5KGFU0JU2LO	B000002WYT	Music	5	0
US	R21BYKZ8H3QYZO	B00000AFDW	Music	3	0
US	RM713TC17P4O9	B00000AFHM	Music	4	0
US	R1P5SL9Y1XHEG3	B00000AFFF	Music	4	8
US	R37BSBU4SMU3AI	B000002B38	Music	1	7
US	R1LXWLY91B1H0N	B000004286	Music	5	0
US	RTDEE3XP6BUQJ	B000003BF4	Music	5	0
US	R1CVAN3PKRFI5Q	B000003S5H	Music	4	1
US	R3BUM16WOD5SLN	B000000W3G	Music	5	0
US	R3JQZ6RH0UQFYT	B000002ITW	Music	5	2
US	RWP8KQAQ6YIVD	B00000D9TQ	Music	5	0
US	R1IJAYKJYPRF7	B000002B38	Music	1	3
US	R1HLF26MY42PXC	B000002UB3	Music	5	7
US	R2ELVJSCTHND4M	B000002NAK	Music	3	2
US	RWYL6961040F	B000002TQV	Music	5	0
US	R3TNCB0KXJBBA1	B000001DTM	Music	5	0
US	R2MMZP1Q83KYKQ	B000002H97	Music	5	0
US	R3O321YLU2GXQ7	B00000AFFI	Music	4	1
US	R1W6JUEOKPBKSJ	B00000AFFF	Music	5	0
US	R2OHCFFVUPBBPN	0312955006	Books	4	2
US	RFM6MMJRX0MKL	B00000AFWZ	Music	5	2
US	R2X9FIU881KDDE	B000001FMC	Music	5	2
US	RUJGJJ41LNQHG	B000002U82	Music	5	0
US	RUP684L74C7UM	B0000041Q3	Music	5	18
US	R33EMKO6OBX513	B000001GBJ	Music	5	0
US	R2HL5OM8ZY1IHD	B00000AFGM	Music	5	0
US	R2ZBFIXP3JIDHV	B000002IQ9	Music	5	0
US	R21ZNL8SXLK45G	B00000DBXL	Music	5	0
US	R320QBVGDYZ7MX	B000002NHN	Music	5	0
US	R2RJB4M0T86711	B000000XB9	Music	5	0
US	RL62WCVPN0ECW	B000002NJS	Music	5	0
US	R2HRL7A9WUAHYE	B00000AFWW	Music	5	0
US	R3LQ2FZ4ECANUK	B000003BEV	Music	3	1
US	R12R7ESMIE5M39	B000002KHB	Music	5	1
US	R23R8K634QJQ2V	B000002JEV	Music	5	0
US	R2OCER09LR08H5	B000002J09	Music	5	0
US	ROXBDCLYSHH87	B000002JB3	Music	5	0
US	R1JT0N46S5CZ9A	B000003CMC	Music	5	2
US	RY4K4V3BOETM	B000000H4V	Music	5	1
US	RFB47S2DVQXDC	B000002G87	Music	5	0
US	R38L0YUNIINCTC	B00000AFWZ	Music	1	10
US	R35TAWIJ4CZQL5	B000000W5L	Music	2	8
US	RSW5OHLBKXCYI	B00000AFDW	Music	2	0
US	RT9RZLLAZYSPE	B00000AFHM	Music	4	0
US	R2XHJ85OVQH8NK	B000000ZGO	Music	5	5
US	R17PRZ3M8R5HQA	B000002I97	Music	5	2
US	R3IR01948T90TF	B000002UKS	Music	1	1
US	R19P5WADQW3SPK	B000002C1X	Music	5	0
US	R36H7A6MXQW1RX	B000000W5L	Music	5	0
US	RU8ZR2NO0O2SJ	B00000DGUG	Music	5	0
US	R21WDQXA6616V4	B000002UAO	Music	5	0
US	RNYLZFG0F0GEU	B000002UB3	Music	1	8
US	R26K59OWW3D0U6	B000002Q7Y	Music	3	5
US	R3HVO9O8JHD8PC	B00000DBXL	Music	4	0
US	RUQPT36SLCG79	B000005843	Music	5	0
US	R3K2RUQUIZL2VY	B000005K9N	Music	5	0
US	R1PWS2VQ610CZ1	B000001FDI	Music	2	4
US	R2527ALTOO8Y3H	B0000025BL	Music	5	0
US	R3LRQZ2YYQSANV	B000000XCA	Music	4	0
US	R1ZMJPNQBF8QCD	B000002J09	Music	5	0
US	R11E3RFLY403FT	B00000AFGM	Music	4	0
US	R17D28P82MHLIU	B000002LUB	Music	4	0
US	R31WM5MWAW7CIJ	B000000OQ5	Music	5	0
US	R2YJRJ1DAOLDZT	B000002B7M	Music	5	0
US	RRQ5D1409E6TO	B000005RFQ	Music	3	2
US	RP5M408IM8OCP	B000009PNY	Music	5	0
US	R2P33FUT3YFKFC	B000002A3T	Music	2	0
US	R2UHNZ0OQJY8BG	B000001Y5J	Music	5	0
US	R33WDSH8MTJ440	B000002TP7	Music	5	0
US	R2RT5KXVSLRE61	B000002UZ1	Music	5	0
US	R22J9S6GXTNYZD	B000002UA9	Music	5	6
US	R2PJ9NNZG4CDRW	B000002OMN	Music	5	2
US	R2JBMRRRNWQK4U	B000001EMW	Music	5	1
US	R2WD6230CWWOWL	B000005JA8	Music	5	1
US	R37B1QZHFZNVPF	B000002BYD	Music	5	0
US	R2LYYZ9TLMP1MN	B000002KHF	Music	5	0
US	R16VURZBG06Y4C	B000001GK9	Music	5	105
US	RCTD4WASAO14K	B000003493	Music	4	3
US	R2Y0ZRW0ET1SWH	B0000070QS	Music	5	1
US	R1GEO1CKZW0Y4H	B000002L9J	Music	5	1
US	RRGK1H8JCIRR9	B00000AFFF	Music	5	0
US	R1TKNR4K245ZQ0	B000002UWF	Music	5	1
US	RLUZOJUEVC28O	B000002HAF	Music	5	0
US	RGSYMKT6SE75	B000002UAX	Music	5	0
US	R3SV25TVDLHUOL	B000001FSP	Music	2	6
US	R2IGEIP7PBONS8	B000002KIE	Music	5	3
US	R31ABQL2IHBR39	B000002AEN	Music	5	53
US	R28JJW10S0U3S9	B000002UEB	Music	5	0
US	RLN4H1J2Y6148	B000000W5P	Music	2	5
US	RT8WQ45A7W1DK	B0000062S0	Music	4	1
US	R3IOG64MEI3J06	B000002LEE	Music	5	0
US	R1OJQLRKCJEQGZ	B000003TA4	Music	5	0
US	R2CCZEVRR52EH7	B000001FN1	Music	5	0
US	RI0YWK16P7T0L	B000002JEV	Music	5	0
US	R1YIQ4QAYSFSF1	B0000085N4	Music	5	0
US	RWKXQU7SI14Z3	B000002BQK	Music	1	1
US	R3SOWQNGPDVSLL	B000001EGA	Music	5	4
US	R8BE8ANKXODRV	B00000AFFF	Music	5	1
US	R3NMZI6ZFBQC1S	B000003S5H	Music	5	0
US	R5LF30RWWZPCY	B00000AFFI	Music	5	0
US	R36VEVZRP31YLO	B000005JXG	Music	5	0
US	R1BEGAY1DSHMIR	B000002C1Z	Music	5	0
US	R2ZVE6T3IJ1N95	B000002NHN	Music	4	0
US	R3NR3C59WRA8ED	B000002ITK	Music	5	2
US	R3M5MYFNDAA0KI	B000000WA4	Music	5	0
US	RMJ2S1BVPDV5J	B000009CEM	Music	4	0
US	R3N15D41WCR1CQ	B000002JR8	Music	5	0
US	R335DR0X46ORE5	B00000AFWZ	Music	5	3
US	R15X6FDPVG142U	B000002I6T	Music	5	5
US	R2LHA9F598N23I	B000000WZ4	Music	1	5
US	R32N6SUUI7D0WA	B000002IWH	Music	5	0
US	R1UC1LODNNCDXR	B00000ADG2	Music	5	0
US	R2VTDYP5GHSIW3	B000002BYD	Music	5	0
US	R2NFGVQ3A4W7VU	B000003Z4C	Music	5	1
US	RZPEU5FS4XSC8	B000000WFZ	Music	5	1
US	R1GMUJ1P0CCEGO	B000002KDO	Music	4	0
US	R1Q1GTWP72S2V7	B000000WA2	Music	5	0
US	R2MF1J2WGCKFR0	B000003NA4	Music	5	0
US	R1L7U1544RLQWA	B00000AFDW	Music	3	0
US	RTPL1OO8TDEI3	B000007RV5	Music	5	0
US	R2ILFD40UWXRU2	B000000W6R	Music	5	1
US	R1YBF1VZAYB943	B00000D9TQ	Music	2	5
US	R2IDGZLUPNIJVQ	B000002KBA	Music	5	3
US	R2U9C3FUWPV9CX	B00000AFDW	Music	4	0
US	R3GXWMD517WF96	B00000AFDW	Music	4	0
US	R4IB2KZYHZXW0	B000002MG1	Music	5	1
US	R1208C4CZW8OEZ	B000002L5I	Music	4	0
US	RH4ETJSXP4TNS	B000000WFU	Music	1	4
US	R253ROF3IZ51PF	B000002I6X	Music	4	6
US	R145DNK5PEBIK0	B00000AFWZ	Music	3	16
US	R361YB9HGL1EGI	B00000AFWZ	Music	4	1
US	R3VULWLZVBYTEN	B00000DBXL	Music	1	3
US	RHZFFASEOZSPM	B00000DBXL	Music	4	0
US	R3ERMKEEBA9HGF	B000001EAQ	Music	5	0
US	R16QM5WNSCF5LF	B000002NHN	Music	5	0
US	R1SX1OJ1WLLO9T	B000005S5N	Music	5	2
US	R1R3NMLMQFC0ZA	B00000D9TQ	Music	5	1
US	R2BQ0UWHSOQXDO	B000002KET	Music	5	0
US	RS6YV9BD7SNAT	B000002NHN	Music	5	0
US	R1VBJFBZ8DCMBO	B000002E5J	Music	5	0
US	RNKCOB50Q0FQQ	B000002KIE	Music	2	6
US	RT0KS0PGEWWLN	B00000D9TQ	Music	5	0
US	R2C87X9T1LIE1S	B000002UAC	Music	1	6
US	R29BILH2RV2NM9	B000002N2P	Music	3	0
US	RBCEIM9TL0S5R	B000002UB6	Music	4	0
US	RL172CBJN2WQX	B000002A3T	Music	5	0
US	R36134XFRUOEEE	B000002KIE	Music	5	1
US	RZG08BS6RMJ47	B0000024SI	Music	5	0
US	REHEWCGRF0VZT	B000001EAQ	Music	3	2
US	R2LO5UEKYRHRLK	B000001FS3	Music	4	0
US	RNZZ1X1M9JQBX	B000006045	Music	3	2
US	R2GDLM9DW2EFHQ	B000003BDJ	Music	5	0
US	R90UADZSZGD3O	B000002JS6	Music	5	2
US	R1Z5N5IIBPVJRS	B000001DTM	Music	5	0
US	RJLRW29LR9ZO	B00000DBXL	Music	5	0
US	R1DSZ7J01S2ZVO	B0000033P2	Music	5	3
US	R2KIXPKLA4N4YB	B0000033OZ	Music	5	1
US	RVJ39974IYJ4K	B00000AFFF	Music	2	2
US	R2GG4214MWK8OZ	B000000W5N	Music	5	4
US	R8WNW1J1EZRYY	B000003S09	Music	5	1
US	RBS9BOYU4AEZX	B000002HRE	Music	4	0
US	R32HEARWUNIOGK	B000002I6T	Music	5	6
US	R2M9GJWDADMX9Y	B000002JPA	Music	5	0
US	R2R8E6FVFJFD3W	B000002HPV	Music	4	0
US	RYXTBNWAXCOV6	B000000WCX	Music	4	0
US	R1688OA00ON9IA	B000002B38	Music	5	0
US	R17FW0V5GZLV5L	B000002G7E	Music	5	1
US	R1WXL0A4MK2DBH	B000000WF0	Music	4	0
US	R1C921DX168VBK	B000002LK1	Music	5	0
US	R37NW8S5L1JRL4	B000000WZ4	Music	5	1
US	R21NQMIZZB1Q0T	B000002KOJ	Music	5	2
US	R3NYRG70ZTB4OD	B00000DBXL	Music	5	3
US	R1ORC9E1X746BD	B000001EAQ	Music	5	1
US	R3NODXL6H1FWUU	B000000WCX	Music	3	1
US	R1UMYGG56NJ5KR	B000002UWF	Music	5	0
US	R3TZORNE9ND8TA	B000003TA4	Music	5	0
US	R12PWUZH6KN50U	B00000DHTF	Music	5	0
US	R1BUBDAE5JRG86	B000002BBY	Music	5	0
US	R4ZKKR9AWCFYP	B000000186	Music	5	18
US	R25YD34J5Z0NBI	B000000WJZ	Music	5	1
US	R1YP08KFYZ8Y8V	B00000AFHM	Music	5	0
US	RRVASGFRNTQXY	B0000025GW	Music	5	6
US	RQER111NO8DX2	B000002OOY	Music	5	1
US	R2IB2FRB9LHTGL	B000001FMQ	Music	1	3
US	R2EMJ7XABGR24P	B000001FQQ	Music	1	3
US	R2F7IDK3F771PQ	B000002KAT	Music	5	0
US	R3V5RXY31JH5QG	B000002P86	Music	5	0
US	R33MCLKKLP7143	B000002JA8	Music	4	0
US	R36Q4YLQKWZH7W	B0000028WD	Music	5	2
US	R27IEQE7WTYX1S	B00000AFFF	Music	5	0
US	R1K5G9KAD7I3K9	B000002AGB	Music	5	0
US	RLQZXOJD2PKYN	B000002HHB	Music	4	0
US	R2KDMPTQGKG6ND	B000005S37	Music	1	2
US	RYS8ADEFMCZMS	B000000W5L	Music	5	0
US	R2PTLVGDJ04FK4	B000001DTM	Music	5	0
US	R240HZTFUA2XK6	B000002N3N	Music	4	2
US	R3S24AO4RLFJ73	B00000AFFI	Music	5	2
US	RCPPVVF6KVAUV	B000006NPY	Music	4	0
US	R20999BM5RIGLX	B000002UAU	Music	5	9
US	R3MPYH98DAF58F	B0000039QA	Music	5	0
US	R3PN1YM624794A	B000026156	Music	5	63
US	R29GGI5XINCPUM	B000000OAN	Music	5	3
US	R1V3HYWY433VN	B000002MU3	Music	5	0
US	R3NDL1E9E35DIT	B0000039QA	Music	5	0
US	R245THIKMEG8EU	B000003B6J	Music	5	0
US	R12WBT5VQUJBOD	B0000019PA	Music	5	1
US	R70QF376FYNKO	B000006E4C	Music	4	4
US	RK508B7NCT74U	B000002LK1	Music	5	0
US	R3US8VDEKL6DIG	B000002UAU	Music	4	6
US	RVL5PLIGOCXWJ	B000002UAX	Music	5	0
US	R30C3K8ALUBXTJ	B00000D9TQ	Music	4	0
US	R2D9C6RKJYME3M	B00000BIBQ	Music	5	1
US	RLYHPO72RQY1O	B0000028WD	Music	4	4
US	R2OGODK1US3HBA	B000002J2B	Music	5	1
US	R10VGFMD4OBY0Z	B000002J29	Music	5	3
US	R1Y6V7FQ4K3EW2	B000002J27	Music	5	4
US	R37BKL9ER4KIJA	B000002VSN	Music	4	1
US	RHT896HOOAT18	B000004286	Music	5	0
US	RWMU9E2KET3Y9	B000002C1Z	Music	5	0
US	R3T0IJECPUJIQR	B00000DLUV	Music	5	0
US	R1L3BIB2JODXHT	B000002NJS	Music	5	0
US	R23Q5Z3ZUXP6N2	B000002LIX	Music	5	0
US	RZ4UNQGRTJSAK	B0000039QP	Music	5	1
US	R1EAP94QQUUM94	B0000025H6	Music	5	0
US	R3VX7JCX29Z3XI	B000002UAX	Music	5	0
US	R1STAKXNH7NGQY	B000002OXU	Music	5	1
US	R3MJZ0894SAKAF	B000001EAQ	Music	5	0
US	R2UGQ58K91J3B7	B000001DTM	Music	5	0
US	R2UDHD73QFXZQ2	B000006NPY	Music	4	0
US	R2DC6Z4AP8W8EG	B000001ES4	Music	5	0
US	R1TXHT5YSL83I0	B000002IZM	Music	4	0
US	R38SAJSYKWK62L	B0000029DD	Music	5	0
US	R1TX4UATRSVKM1	B000001FOL	Music	5	2
US	R1LW0KI2JWPAMK	B000009QPG	Music	5	0
US	R356KFO8QEO7AT	B000003S2K	Music	4	0
US	R8L6TFM1IHQ39	B00000AFGM	Music	5	0
US	RIJ1O2V3CA3U9	B000005S37	Music	4	0
US	R1CNYTRCJ8RDDO	B000005RTV	Music	5	1
US	R1Y1U1LS2A7DX8	B000002O51	Music	5	1
US	R208S5O92LC2UV	B000002MU3	Music	1	6
US	R1YJYG22D0EXGD	B000002572	Music	5	0
US	RSU4LH04GIFL6	B00000DBXL	Music	5	0
US	R24G1WUUSF4CE7	B0000009UX	Music	5	1
US	R1XI35D6I3G87U	B000002O4X	Music	5	10
US	R1TSO71AF9Y2E1	B000005H7D	Music	5	2
US	R2U6007CHAJO4K	B000002GFC	Music	1	15
US	R2XZX0EQ2WMQBN	B0000025L0	Music	5	1
US	R8DQ0FMDQ7T2P	B000009CEM	Music	5	0
US	R2NZUYRQAC6Y24	B000000JO3	Music	5	0
US	R6D7Q7Y7DPU07	B000007NYS	Music	5	1
US	R1S9O0QRYG2DW0	B000002UEB	Music	5	0
US	R3OPWASCQWEYE8	B000002G87	Music	5	0
US	R32ZF5A5BG5NVS	B000003AE8	Music	4	0
US	R1IW58RDLK683Y	B000002U82	Music	5	0
US	R1XXGJNFT7CA27	B000005ROC	Music	5	0
US	R2368KMQ93ISVG	B000007T2Z	Music	5	6
US	R9OI0AYW1HW4I	B0000057C5	Music	5	0
US	R27EXCSHO95YW1	B00000637V	Music	5	1
US	R2AXDAUWJPTR40	B00000AFWW	Music	5	0
US	R2IGN07ODNO61V	B000002R6A	Music	4	6
US	RU7R6KS7VLZ7G	B000007ODL	Music	5	1
US	R164Q5FNUIBKJM	B000002KO3	Music	5	0
US	RCSZHW28GC3J2	B000002TQV	Music	5	0
US	RRJS32YH5PFCS	B000002MFE	Music	5	0
US	R1DPPINTCQG833	B00000D9TQ	Music	5	1
US	R3KH3FHBYHBMJI	B000002MY3	Music	5	1
US	R18660TAVSD398	B000002TYX	Music	3	3
US	RRVOWU0DXS41O	B00000D9TQ	Music	5	1
US	RWK5BW5LI28NW	B000006NPY	Music	5	0
US	R3ZQELHQ4CBX5	B000002UB6	Music	4	5
US	RV2EU043GOS59	B000002AGN	Music	5	0
US	R2HYAO5TPBED6W	B000002UB3	Music	5	5
US	R1HGFMAS99M277	B00000DHTF	Music	5	0
US	RJ7F3HVVS24RF	B000002KGT	Music	5	0
US	R3Q1D90AJUUAH0	B000002UCE	Music	4	0
US	R3I7F4SGB5FGLQ	B0000013GT	Music	5	1
US	R24LNSYZ1PWS96	B000002HRE	Music	4	0
US	RAEM1U7TCPN81	B00000ADG2	Music	5	0
US	R3T1SJFG9NL1OY	B000000WA4	Music	1	6
US	R2W4GUC1YN8SR9	B000000OU6	Music	5	0
US	R1SZXL3BMYJACF	B000002VMH	Music	5	0
US	RDC4EH6KJ6GIV	B00000AFHM	Music	5	0
US	R1AKO2YMI195WW	B000003RCY	Music	5	1
US	R38EZ1Z04UXXL1	B00000AFDW	Music	3	1
US	R3MHRL784V84JJ	B000002GOZ	Music	4	0
US	RGJSRFO3MXZEV	B00000AFWW	Music	5	0
US	R3E3R00S3WP50O	B000002H97	Music	3	1
US	R4U4HIFC3LYB9	B000002TQV	Music	5	0
US	R2SDJJD1TGRX0E	B000008H1R	Music	5	0
US	RJKFXD89RI3Y4	B0000027F3	Music	5	0
US	R3PGQT6TL70WE9	B000009DUY	Music	5	0
US	R1PIFWBQ4AJOVA	B000002TPS	Music	5	0
US	R2E9KMOA8V2MBI	B000002OR4	Music	5	0
US	R21L67M5X0US1G	B000002MJC	Music	5	0
US	R26DB1YWOB0HMK	B000002H48	Music	5	3
US	R2P6UK7ECC858S	B000000WCA	Music	5	0
US	R1HRQIFT23TKWX	B000006NPY	Music	5	0
US	R1JAYWV65V22R3	B00000251N	Music	5	2
US	R3SPPC2EDX7SMT	B000003TA4	Music	5	0
US	R22T5LBG6T9XEU	B00000DGUG	Music	5	0
US	R12ZESU02WYMAT	B0000046KM	Music	5	1
US	R1D2LOS1RCA3YD	B000002HPT	Music	5	1
US	R1S8WADMJ3C7DZ	B0000029DD	Music	5	0
US	RP16FZAIB3BXJ	B000000OF6	Music	5	0
US	R931XH21W92JA	B000000W3G	Music	5	0
US	R16KUC8D1S2JO0	B00000099Y	Music	5	0
US	R13M16C04RNBB1	B000002KZA	Music	4	1
US	R35YINOKVN0HIR	B000002SYG	Music	5	0
US	R346D3RZYKUF3E	B000002JKA	Music	5	0
US	R1LDFGDXLRRO8	B000002KJL	Music	5	0
US	R2LBOJFOP8GF5P	B000002UVX	Music	5	3
US	R6OH5RR4H75Q4	B00000DC4A	Music	5	1
US	R2P2EBQPJM80WO	B000002AT6	Music	5	1
US	RP9DAJ99IZNHJ	B000002UJQ	Music	2	4
US	R1JDHEWO3BHRKF	B000002GHH	Music	5	1
US	R35MQRNNAE81FW	B000001DQI	Music	5	0
US	R2IH0SUPUZWOIN	B000002G89	Music	5	2
US	RTK9KR7E0K6SP	B00000BKDV	Music	5	0
US	R2TK4CLLEH4JTZ	B000003S5H	Music	5	0
US	RKL7WUNKINLZW	B00000D9TK	Music	5	0
US	R1M1JE6T68V0U2	B000002MG1	Music	5	1
US	R3POZUL5BM58GV	B000002MFN	Music	5	0
US	R2Y1MNFPJZRKO6	B000002MU3	Music	4	0
US	R3U6N5Z890TFEN	B000002UWF	Music	5	0
US	R1LZTHJOTSCP7V	B000002UA0	Music	3	0
US	R2W1UAJ5RDIY0W	B000002J1S	Music	5	15
US	R1S2CFWNH24N3R	B000002UB6	Music	3	61
US	R4MPDJG2FXTM7	B000001EQT	Music	5	0
US	R2AP6OU1MWEPQW	B000000YG5	Music	5	1
US	R3BAL4KAM79VJ8	B000002KKC	Music	5	0
US	RZDUPQX2JL30O	B000000WCV	Music	5	0
US	RF7UDB73OLRQ	B000001GRZ	Music	5	43
US	R2M3EG0YIGKQE2	B000002NBY	Music	5	1
US	R2EOUFLRT0WX6N	B00000BKDS	Music	5	1
US	R8M9PL0659K0R	B00000AFFF	Music	5	0
US	RBBKSGR98AZSJ	B000009PNY	Music	1	0
US	R2Q709A2K92Y2P	B00000BKDY	Music	2	0
US	R1A68ZB6HA570D	B000001EPB	Music	5	0
US	RXM7D7OB0JHEJ	B000002BMD	Music	5	0
US	R1N60EFXIACXXC	B00000DGUG	Music	5	0
US	R1978K88VQBJ8H	B00000DBXL	Music	5	0
US	R2LMY51847YD7A	B000000P17	Music	5	1
US	R1URAYHPLM5WLZ	B000001EAQ	Music	2	2
US	R23ZXBYJETFOSQ	B00000DMJF	Music	5	0
US	R35TOP8FEV3GAD	B0000025H4	Music	5	0
US	R97VK0GUNOYOK	B000002U8G	Music	5	0
US	RBEFI6U1NPREM	B00000DHRX	Music	5	2
US	R294Y9HQFVZ20L	B000002C1X	Music	4	0
US	R3RON7A4CKBIF1	B000002UA9	Music	5	2
US	R1FKWZG4V0Q0DP	B000002B38	Music	4	0
US	R1CXTYEUD8S1KH	B000002RAA	Music	4	0
US	R1RK9XUKC1EDLG	B000002A3T	Music	4	0
US	R2OQP3T6G5Y70O	B000002KBU	Music	5	1
US	R250FCN9X15CS5	B000001E7L	Music	1	3
US	R36NXXTJ8I1JC2	B000002H33	Music	5	1
US	RO2V4I7QY2FMA	B000007NYS	Music	5	1
US	R1AJXER5NYR7NR	B00000F1D3	Music	4	0
US	R33XB8GAXJNQ0L	B000002W5J	Music	5	3
US	RYXORCLLKC84W	B00000BKE1	Music	3	3
US	R1M6B3FQ68JMPP	B000002UJQ	Music	5	0
US	R2PGSOIXWF5CTB	B00000DF6O	Music	4	0
US	RK8VH3M77Y8VE	B000002WYT	Music	5	0
US	RPUSJB6THZ2LI	B00000DGUG	Music	5	0
US	R1L84EUDCQPLSY	B000002AZ8	Music	5	9
US	R2TTRGN38ARNEF	B0000062Y2	Music	5	0
US	RB0HM6XSVQP5I	B0000025HU	Music	5	2
US	R1R5DBQ710OWM0	B00000DC4A	Music	5	2
US	R1TTGXL4KATY9B	B000002C4J	Music	5	0
US	R2FVD6QCV166Z1	B000001Y2U	Music	5	0
US	R1BBCSIWMZYJHS	B00000AFGM	Music	5	0
US	R3VRJ1SJNFCPRV	B00000AFFF	Music	4	0
US	R2X45GPJQG751M	B0000004V2	Music	5	0
US	RSMOY3LL5ATTO	B00000255F	Music	5	1
US	R38A2ZFPEJBMY1	B000001Y42	Music	5	0
US	R2VBFT3ZJF57EE	B000002NC4	Music	5	0
US	R1NAO08A4IC3V1	B00000DHRZ	Music	4	1
US	R22MN9RPK84TWX	B000002B49	Music	5	0
US	R1A5MLIPI0B1GL	B000002UJQ	Music	5	0
US	R3916BQG90G0NL	B000002J2F	Music	5	4
US	R7KQPUVVQBUFU	B000005RXA	Music	5	0
US	R33HT9YQ30I9OY	B000002KHF	Music	5	0
US	R175LMPOQQX7ZF	B000001FA4	Music	5	0
US	R3KWU1YAEY08X1	B000001DTM	Music	5	1
US	RZOMNKSCSB03S	B000001EAQ	Music	4	0
US	RAPCH7GGXBGWL	B000002LR3	Music	5	0
US	RYTNXSM8H0MDX	B000001FTQ	Music	5	2
US	R2XW0GKR77QSQO	B00000ADG2	Music	5	0
US	RMVOKDZ8RVUVG	B000001FS6	Music	1	7
US	RD77X5JCBQCPU	B000002MY3	Music	4	0
US	R1FRP1X5T655M6	B000001F3C	Music	5	0
US	R2ZTSD3FGEIXNS	B00000AFFI	Music	5	4
US	R2WTY7KU1U5H8U	B000001F5F	Music	5	0
US	R36EL5IGELHX7Y	B000007XUQ	Music	5	4
US	R3AK8Z5VMJK1SR	B00000DF6O	Music	5	1
US	R2J6MAC1F0XFCB	B000001DQI	Music	5	0
US	RN1G5DUHWKKG4	B000002LR6	Music	4	0
US	R1J8IHZOQ8W3LT	B00000DFTG	Music	4	0
US	R9WIYIFVKQFB4	B000001FTQ	Music	4	1
US	R3MDRWTOP3B25Y	B000002KO1	Music	5	1
US	R3IAXI3XZA3320	B0000024SI	Music	3	4
US	RPYQOLJLNRJ66	B000002KIE	Music	5	0
US	R2QLSLZ87DFC4X	B0000025SB	Music	3	1
US	R3M6IV0XSXGRP8	B0000009RX	Music	5	1
US	R1RW7VKO5A9JDC	B0000025ZF	Music	5	0
US	R1453IJCPIZBEJ	B00000AFDW	Music	3	0
US	R13FRLG1UKOJ5I	B00000D9TQ	Music	5	1
US	R3UCWX2FORIFMN	B000001DYD	Music	5	0
US	R1PSC8ZAK6ASVU	B000002UA5	Music	4	0
US	R1V6K7CKOKMQEZ	B000002I25	Music	5	1
US	R30OBP49GERE42	B000002IZM	Music	5	0
US	R1EWO17XP3QWXC	B000002952	Music	5	2
US	R12WHCO9B35M96	B0000025DV	Music	5	0
US	R2VTZZ52FPR8SX	B000002TYX	Music	2	0
US	R3IRYWJ5GQ6DM8	B0000035E7	Music	5	0
US	R22FQIKINFNY3Y	B000002J1U	Music	3	0
US	R3ENSVLNYCTGO2	B000002BBY	Music	5	0
US	R2UOM23KS19TAD	B00000DFTH	Music	5	0
US	R3TZRK7J8DVBH9	B00000DBXL	Music	5	0
US	R2TQTU0DN5D1GO	B000003CKH	Music	5	0
US	R2BXGC55PTN8ZJ	B000002KDW	Music	5	3
US	R13ZARO2Y4WL0F	B000002G87	Music	5	0
US	RQ6UPMJTS551X	B00000AFFF	Music	5	1
US	R3857CTW8POX6R	B000000W5L	Music	5	0
US	RBILQ2PTAMDRU	B000000WFF	Music	5	0
US	R2E5T2LHMASJ2Q	B000003BDY	Music	4	22
US	R4XEKHX6WNKZZ	B00000D9TK	Music	5	0
US	R3L1NV9N42WKXH	B00000DHR0	Music	5	0
US	RF5556B3MPRG2	B000006YVQ	Music	5	1
US	R1UCVFDKUEO22L	B000002UY5	Music	5	0
US	R2WTV7C2FGNNX8	B000000LZV	Music	5	2
US	R1236LSMCM0V3I	B00000DFSK	Music	5	1
US	R3I0Y7SXMS7IHQ	B00000F1D3	Music	5	0
US	RJAILWMCLBJBY	B000003CMB	Music	5	4
US	R93GS1U9WHJG4	B000001FI7	Music	5	0
US	R2R0E1Y6S7J3FU	B000002LMK	Music	5	1
US	R26FVTSXO6F40E	B000000OPU	Music	5	0
US	RDTXC5XO4IZTD	B000002UVX	Music	5	1
US	R1IMSOFTPPZ1N9	B000000WA4	Music	1	6
US	R3Q3VOTS1J6LSU	B00000AFWZ	Music	4	1
US	R1N89WVKU5J9FX	B000003H2Q	Music	5	1
US	R3DWGPXKIR023K	B000009DUY	Music	5	0
US	RCHJ0RP4VU98V	B000002TQB	Music	4	1
US	R3A377G9C2VNKS	B000002UDV	Music	5	2
US	R30GNSTNB5AEHR	B000003CMB	Music	5	7
US	R231R5142KL3TV	B00000D9TQ	Music	5	1
US	R39BEL2ECCQD1	B000002MG1	Music	4	2
US	R2OAFAB6YFZ94U	B00000D9TQ	Music	5	1
US	R2Z1Q0KNYDA8R2	B000002LOE	Music	2	6
US	R37B9CJAYDGURJ	B00000AFFF	Music	1	2
US	R3AASIAKB819QD	B000002NJS	Music	5	0
US	RH79LAJJ2ES8E	B000002UJQ	Music	5	0
US	R1BRM7INTNKAGW	B00000DGUG	Music	1	0
US	R18UFMG263RT9R	B0000047EC	Music	5	2
US	R76OUXXPEK0NI	B000002H8F	Music	5	0
US	R3UJASNHXFQJ1A	B00000D9TK	Music	5	0
US	R279LD6O7RDZNL	B000002AT6	Music	5	1
US	R3D7ADRVCIYUDF	B000000WFF	Music	3	0
US	R3COLDEGJ43999	B000002UAU	Music	5	9
US	RBQCGRSUJ9I30	B000001F2H	Music	4	1
US	R2M4XRIAMD1R3J	B00000AFFF	Music	5	0
US	R3LALS91T3YGOP	B000002UEB	Music	5	0
US	R37XF08U2ZB9M7	B000001ESF	Music	5	0
US	R2B4V0LIIEWO6P	B000002BYD	Music	5	0
US	R1GNG9KIEPVDD3	B0000027RL	Music	5	0
US	R255T6CL295HGA	B000002J3W	Music	5	0
US	R38F4QJDJHCG8U	B000001FCB	Music	5	3
US	R2HXOJM3GVX6XK	B000002GJH	Music	5	0
US	R1AJIZ79HZDUV1	B000000HTO	Music	4	8
US	RU2YWCCETNTTD	B000002N2Z	Music	5	0
US	R1S2ILPTDY52HC	B00000AFDW	Music	4	1
US	R18MBMTL5T74F2	B00000DGUG	Music	3	1
US	RJ6IB5CR5NZW4	B000002JPA	Music	5	0
US	R2PLD0MANME8GV	B000002WU9	Music	5	0
US	RDQ2VDB3X0GDN	B000002BBY	Music	5	0
US	R2WHEZVCEJYF75	B000000OPU	Music	5	0
US	R17FLMJ7PKDLXN	B000000OUJ	Music	5	0
US	R3OWOUAQFBMEK4	B0000025DV	Music	5	2
US	R1CAZ5JSCQFH7D	B000002BQK	Music	4	0
US	R2MOVOIFZVC0VD	B000002J2F	Music	5	0
US	R2QAVSMWK5KOXA	B00000AFDW	Music	5	0
US	R3S3RUH8Z1YIQH	B00000DBXL	Music	5	0
US	R3I9UZZ0JPYTBW	B000002MY3	Music	2	0
US	R19KUM16LK2CA0	B00000F1D3	Music	5	0
US	R31QUCZBZHQ16C	B0000027RL	Music	5	0
US	R1ZQ5UMLCOKP0R	B0000047CW	Music	5	1
US	RUQ00S0EMQCJB	B00000D9TK	Music	5	0
US	RJHL15IS8317Q	B0000028RR	Music	5	0
US	R17EFOWLB0222N	B000000WHH	Music	5	0
US	R3SRAYO99EA0EA	B000002JNJ	Music	5	1
US	R2QPOGKGRZ33A5	B000002UKS	Music	5	0
US	R169GBJWXML52Y	B0000060NF	Music	1	12
US	R2K7L56VHDDONT	B000002L5P	Music	5	3
US	RP6AYQJ63OG96	B000002NJS	Music	5	0
US	R343P9QXUVCNHC	B000002LKF	Music	5	1
US	R26W1PYEE6DUX3	B000002AH7	Music	5	0
US	R1V7YL3T74724R	B000002B1M	Music	3	1
US	R1QTN5J6SUAAAG	B00000DGUY	Music	5	1
US	R2PL8AAY8YJ06P	B000002C4J	Music	3	0
US	R1BU4NKMW1WV29	B000001EAQ	Music	5	0
US	R3H3D9CJPMMC4I	B000000H5K	Music	5	0
US	R2BQAFK6QDRHXA	B000002MG1	Music	3	1
US	R30RH8XDHJ6XL8	B000000OF6	Music	5	0
US	R2O5F0HROB97OR	B000002HRE	Music	5	0
US	R2G0IW5GMI08GW	B0000024SI	Music	5	1
US	R2C6PSNIEQW49C	B00000ADG2	Music	5	0
US	RY6V1RTJCAA76	B000002E5J	Music	5	15
US	R87VYRCQ8KHC7	B000002LFU	Music	2	4
US	R17Z2UKQH68QE9	B000002A33	Music	5	1
US	R2FO27CGYOLV93	B000002A6O	Music	5	1
US	RL8XUXT8W49KJ	B000002L9J	Music	5	0
US	R201KMGYGCTFYV	B000002JEV	Music	4	0
US	R3R4PEAJ5AWP6K	B00000DC4A	Music	5	0
US	R38TUCMDR9DA1J	B0000009SM	Music	5	1
US	R3OUPWZ27CVV2T	B000006PYU	Music	4	5
US	R2MR8URB8LD2C9	B0000009SE	Music	4	6
US	R350B64X8QV41P	B000001DTM	Music	5	0
US	REUB00B44LTVF	B000002KDG	Music	5	0
US	R3V0YN30APF4KY	B00000DFSK	Music	3	0
US	R17T7KAT710BIH	B000005JA8	Music	5	1
US	R3BUQF61T45S02	B000009QPG	Music	5	0
US	R28ICLE98WCP0K	B000002B7S	Music	4	1
US	R248LT55EDWZDI	B000000H40	Music	5	11
US	R330DVYGJO48WK	B000002H33	Music	4	1
US	R252LGHS9SZK1D	B000002KBU	Music	5	2
US	R367I0AUSNMOYK	B000002GGU	Music	5	0
US	R1MSGNT791AECU	B000000OQF	Music	5	0
US	R366RA7RGUAUPE	B000002HRE	Music	5	0
US	REFHZA8GW7QWU	B000009DUY	Music	5	0
US	R1IJVFCMSDEH1U	B000002H5I	Music	5	1
US	R1QTW2QEFXEUBK	B000002KOO	Music	5	1
US	R1Q38VR2JAW6RU	B000002WYT	Music	1	5
US	R3G0VWJXG8QO7M	B000000WFF	Music	2	0
US	R35YXD0H51ZZNU	B00000AFFF	Music	5	0
US	RNXEC7G88935Q	B000002NHN	Music	5	0
US	R33S772H7N2UHN	B000003CKH	Music	5	0
US	R284X3D52Y1MQ	B000002H70	Music	5	0
US	R3OPU7AYJYD1RW	B000000W5B	Music	4	1
US	R2NRXNN0X58H0	B000002J09	Music	3	2
US	R2LDPUWIPHBNMY	B00000AFFI	Music	3	0
US	R1ALQY6GAWJ4YF	B000002UJQ	Music	4	0
US	R302JTNVGIOQ4B	B000002ADT	Music	5	0
US	R1PGLQB3IWVR0E	B000002JSN	Music	5	0
US	R2M0TZX9D6FK5R	B000002OOY	Music	4	1
US	R3HCIMHSDFH9V2	B000001FI7	Music	5	0
US	R31URKCLUHJD26	B000002OR4	Music	5	0
US	RMMKQZDDOHNNJ	B000000OU6	Music	4	0
US	RVU1FLW6HF9N0	B000002OX7	Music	5	0
US	R11M0H6IS66P7Y	B000002UA0	Music	5	1
US	RPY551VKDC8C6	B000000OQY	Music	5	0
US	R2E7U3O4MY87QV	B00000AFWW	Music	5	0
US	R163ZZWB2RBIAN	B0000024SN	Music	4	0
US	RUV0DSTGO53Z7	0312958455	Books	4	7
US	RYVJF6TBR0AZC	B000002NJS	Music	5	0
US	R2LN76OCM14SKH	B000000H4V	Music	5	0
US	R2FD35NDW7L3K3	B00000ADG2	Music	5	0
US	RZ6684A7ZX7PA	B000002L9J	Music	4	1
US	R2FKH7CQ9VXR5Z	B000002UJQ	Music	5	0
US	RM374BC2TF3DG	B000002L7J	Music	4	2
US	R31RV1XWICQCO3	B000001DTM	Music	5	0
US	R1HDN69UFA4CMD	B000002C4C	Music	5	0
US	R2800OZ476HGQU	B00000DGSN	Music	5	0
US	R337BF387PZ6HM	B00000AFFF	Music	4	0
US	R736F4OJT1FL	B000000OAC	Music	5	0
US	RIYZYOMC6UJK0	B000002NHN	Music	5	0
US	R17IIKKNVWIFL3	B000005H55	Music	3	6
US	R1S9ITIWH9PK7G	B000000WCV	Music	5	0
US	R3EE7FAWZKSX2F	B00000DGUY	Music	5	3
US	RGSFWIUQ27GTF	B00000AFFF	Music	4	1
US	R10SBSASRCGQXD	B00000AFGM	Music	4	0
US	R2D87PNFGTPGNV	B000003AE8	Music	5	0
US	R20XGSBNP5760S	B000003TBP	Music	5	0
US	RDEZ44DCL1TOL	B000003TAL	Music	5	0
US	RDF2W4U3HGXLZ	B000002H2Z	Music	5	0
US	R2HHSYKQC9L9X2	B000001FV3	Music	4	1
US	RO2WUSP4HHRVX	B000005ILF	Music	1	2
US	R1LMBA7H971J49	B00000BKDX	Music	3	1
US	R3W545CCR9CZ5W	B000002BE9	Music	1	5
US	R1W1B3IZZIYKK0	B000002OX7	Music	5	1
US	R2KZBRVLCYUJK6	B000006NPY	Music	1	0
US	R2Y3ECIHPXUPQT	B000002KJM	Music	4	2
US	R5WOG86XANDH9	B000002UJQ	Music	5	0
US	RDZEB0HK3GHQH	B000002GFU	Music	5	2
US	RXC62YN2V8I20	B00000269J	Music	3	0
US	R3KIWEXA2GTV7T	B000002U82	Music	3	1
US	R2SGGBN5QCXSPP	B000002B38	Music	5	0
US	R1VVXW94SIMEUW	B000002GLE	Music	4	5
US	R11PBO1Q5OYA3P	B000002NHN	Music	5	0
US	R3MM2BOQSV5MXN	B00000BKDX	Music	5	0
US	R26TRR54BL244J	B000009CEM	Music	5	0
US	R3VS1AGL5EXS31	B00000ADG2	Music	5	0
US	R1139ABZXOQAYV	B000002C2E	Music	2	4
US	R2284HDZVWTFR8	B0000042MY	Music	5	1
US	R2URGAQP6Z2TU3	B000002UE1	Music	4	2
US	R3BKGLZM1YQCS	B0000027RL	Music	5	0
US	R2Z7MBAVZFU7KG	B000002UWF	Music	5	1
US	R3317IP0HGEZBM	B000000WFF	Music	4	0
US	R1P0LYGIK0X23W	B000002KBA	Music	5	0
US	R2DSOQ321MUQDL	B00000BKI4	Music	5	0
US	R2BNNH1JMT2V49	B000002LGQ	Music	4	0
US	R1TNB4EU167DYP	B000002J1M	Music	5	1
US	R25XFITP8WKQMC	B000002TYK	Music	5	0
US	R1J95YTMTTRLPK	B000006OAM	Music	1	1
US	RG3VSZ90O368C	B00000AFDW	Music	4	1
US	R2H7DI0PD02TU7	B000001Y42	Music	1	2
US	R2N6VE6PY7XKN5	B00000DGUG	Music	5	0
US	R19REUJG5FAGAF	B0000047BA	Music	5	5
US	RKB7W82TPCNI6	B00000DHR0	Music	5	0
US	R362VPMFPRW49	B000002UJQ	Music	5	0
US	R1G6APX7B12D7B	B000002AHM	Music	5	1
US	RHYLA7XM64DQX	B000001FHV	Music	4	2
US	R38SMQ3KHGBEEU	B0000025HU	Music	5	0
US	RIT64I01EKFAR	B000002G23	Music	5	1
US	R1SA9D31HI4F9G	B00000DFTH	Music	5	0
US	R2OXPCQ7UBWWZT	B000000WCA	Music	5	0
US	R3HY9ZN8DOE9PE	B000002KY8	Music	5	0
US	R3J2HFALV6THQ2	B000002TQV	Music	4	0
US	R2KPDYPYM8GYM2	B00000099Y	Music	5	0
US	R2O62MZZCIYJAG	B00000DGUG	Music	1	1
US	R34NKFIA08BQFK	B000000IWE	Music	5	1
US	R278EV8T8M00SC	B00000DGUG	Music	5	0
US	R32EBVDMX0AOPM	B000001DTM	Music	5	0
US	R33A4F23RUNDUI	B000000ITM	Music	3	0
US	RHM7LMH5WKO6Z	B000003TBP	Music	5	0
US	R76MDMYG34G5V	B00000DLVA	Music	4	0
US	R12OOYLJCU5MU7	B000002MY3	Music	5	1
US	R3VG1UY98B1SHT	B000002MY3	Music	5	1
US	R341WM4JCJB8V6	B00000612G	Music	4	7
US	RYGKYNACQHHJ8	B00000DLV1	Music	5	0
US	R3EPZEMQEZUHHB	B00000018T	Music	5	4
US	RE6N7LCL5978X	B00000DGUG	Music	1	0
US	R37OBTQBOBC9UG	B000002WMH	Music	5	2
US	R2VFIQ3PRBN9JW	B00000DGUG	Music	5	0
US	RZWMBSJOA3LTC	B00000DGUG	Music	4	0
US	R1FV8IMWSC09VW	B00000DGUG	Music	4	0
US	R1YAQL4HF8NCGH	B000002GI0	Music	5	2
US	R2BEWMW3HOM8ZU	B000002UUX	Music	5	0
US	R3KCPHT3AGA5ZV	B00000DATR	Music	4	0
US	R3L73WCJ403TJR	B000003BEV	Music	5	11
US	R2UXJW54UUHW78	B000002H2H	Music	5	0
US	RQR7G1NJN7T6O	B0000024JN	Music	5	0
US	R2KJ9X6BDMSAK7	B00000DC4A	Music	5	0
US	R9H26DON9ZMZO	B000002J2D	Music	5	3
US	R3J7KNCOXY9RGR	B00000DLUV	Music	5	0
US	R3D7FZFMW9L2UY	B000009ROK	Music	5	1
US	R8FNGTOOVRCHR	B000001U3K	Music	5	1
US	RA6CL6OBJS4PX	B00000255O	Music	3	1
US	R32CA0ELWV4N1I	B000005B0U	Music	5	0
US	R2V8K7X2QKNN3O	B000000132	Music	5	4
US	R3TDZ3JM6JU8CL	B000001DYD	Music	5	2
US	R3BFZRWK3IEWWA	B000001IPL	Music	4	0
US	R18JDNM5TV2355	B0000039QA	Music	5	0
US	R2NH2H08MQWK5V	B000001Y5X	Music	5	0
US	R3NBV4ZZ573RC6	B000002MFE	Music	5	8
US	R3D43YQZAQGNLK	B00000DGUG	Music	3	0
US	R135POQ07DFLXL	B0000029GA	Music	5	1
US	RHDAU3JT900CX	B000002UB6	Music	5	0
US	RMZUUFFBFYHSS	B000003TA4	Music	2	1
US	R3APQVQDS0S10J	B000000W5N	Music	5	13
US	R2I5MKAIJ7UD4T	B000002MG1	Music	3	3
US	R2Y9M6TSUAM93Q	B00000DG1R	Music	5	0
US	R288VW0X8PNDUR	B000001GQJ	Music	5	1
US	R1J8EHFCRT2JON	B00000DGUG	Music	5	0
US	R36QT1QA13WPQ1	B000003C2S	Music	5	1
US	RENBUDN33LQG7	B000002X4T	Music	4	0
US	RIUAMXUPABK0X	B00000DGUG	Music	5	0
US	RK72KDKIEGZ5R	B00000DG1R	Music	5	0
US	R32FG6MKG3XYVY	B000002L5I	Music	2	0
US	R2GXUES94UAT7A	B000003BDJ	Music	5	0
US	R1UUNYRK1J3CYD	B00000DFSK	Music	2	0
US	R36T2BEMMPFONH	B000002UA0	Music	5	0
US	R16P3IHOHC0Z7Y	B00000DFSK	Music	5	1
US	R37L3LG2M3XEZU	B000003TAB	Music	5	1
US	R3K7Z6QRXWGLFK	B000007VYV	Music	5	0
US	R3D03OYOTMYKJ3	B000003TA4	Music	5	1
US	RHH6HQ5EATBU1	B0000035E7	Music	5	0
US	RMPDB7JFDVXE7	B000005KQT	Music	5	8
US	R3U3KP0H8EYQ3H	B00000ADG2	Music	5	0
US	R1QKNERGFHEVMN	B000002JSJ	Music	5	1
US	R1BTTUJ6R3LY3J	B000002PCS	Music	5	0
US	R37UGN3FM8EL3	B000002UD7	Music	5	0
US	REZQLQCOXPABH	B000001Y79	Music	5	0
US	R39YAZF6S3VJKO	B00000DHR0	Music	5	0
US	R1SDQ4IBK0BHU2	B000002UZ4	Music	5	1
US	R1WXYK9K4JX8JI	B000002BQK	Music	5	0
US	R3UZZ5R0JB5A5U	B00000DGUG	Music	1	2
US	R13MZT2EUBLOKU	B00000DGUG	Music	1	2
US	R103Z51G27S031	B0000027RL	Music	5	0
US	R2BOWZ6ITGQIEO	B000002NJS	Music	5	0
US	RFWTLO9HCM7XJ	B000002J2B	Music	4	2
US	R1YWKE0PLFU9KE	B00000AFWW	Music	4	0
US	R1V3WORA8UHHA	B000002J2D	Music	3	0
US	R1LURH00FVQAUU	B000002HMH	Music	5	0
US	R17292NHOIIDF1	B000002H6C	Music	3	0
US	RI9XXZLVBYSDW	B000000OAH	Music	5	3
US	R329CTWI9IMN4U	B000001C6M	Music	5	4
US	R1I7MF2GHZIWQZ	B000002H33	Music	5	2
US	R2ZVWFYXQ8QMQS	B00000DGUG	Music	3	0
US	R14HP0PP2D213P	B000002LCI	Music	5	0
US	RJ01T4LNAGH6G	B00000DGUG	Music	4	0
US	R3VEFC2UFRLQLX	B000000QFV	Music	2	0
US	R1D9IJSZ9X6LXV	B000002GFT	Music	5	2
US	R11KHDR18Q19GH	B000005ALN	Music	5	0
US	R3Q78TC0MQQ0AY	B000003TAR	Music	5	1
US	R3LO7BTQKDD18O	B000005ZFN	Music	3	2
US	R3K9R0PNFTI8RB	B00000AFDW	Music	5	2
US	R3BYDG0EF8TU9Q	B0000026NC	Music	1	6
US	R39ACK0OA37CNA	B00000DGUG	Music	4	0
US	R295CZZO75ODXL	B00000DGUG	Music	2	0
US	R1FXIY7W1A7IV1	B00000163G	Music	5	0
US	R22D9CE59F3M21	B00000DGUG	Music	5	0
US	R9HGXG6C4GXVW	B00000F1D3	Music	5	0
US	R3HU2JUP5O9X81	B000002NJS	Music	5	0
US	R1F24H5UAD7GS1	B00000DGUG	Music	2	0
US	R1P2T28U2V8F67	B000002OX7	Music	5	1
US	R1YKS07MVPTNP6	B00000DHRZ	Music	5	0
US	R3RPFXQ7414BEY	B000002AS3	Music	5	0
US	R1Y6QRTI01LW8Z	B000002L99	Music	4	0
US	R3S5PO15LBGVJV	B00000DHR0	Music	5	0
US	R1X854BS5QYVCO	B00000DBXL	Music	5	0
US	R2OAU8C510YET7	B000002HPT	Music	5	0
US	R1DTXS98Q8011J	B000003CKH	Music	2	0
US	RGZFZKZODVBS3	B0000069NM	Music	5	1
US	R3GZ05E32VLO02	B00000DGUG	Music	2	0
US	R2C9UO4QJZDOHI	B000002MY3	Music	5	1
US	R2TEGDF5RCNXT3	B000003S09	Music	5	3
US	R3EIJ25IGBOG8M	B000002UYZ	Music	5	0
US	RHG6J1HQLVWJX	B000003S0B	Music	3	1
US	R1CCNQ20CWJGRU	B000000WA4	Music	3	0
US	RANCMURPUH8DR	B000003S0I	Music	5	0
US	RUX363R6OJ4PJ	B000000W6R	Music	5	1
US	R2K1YOQIBB96LA	B000003S0F	Music	5	4
US	R3OS38618EHJV2	B00000DGUG	Music	5	0
US	R1KDM7QEQ68J7B	B00000DHR0	Music	5	0
US	R1QU2IV4DG7RKY	B00000DGUG	Music	3	0
US	R19TEKA82057ZB	B000001ES4	Music	5	0
US	R30UJUSNE8DUJA	B00000DGUG	Music	5	0
US	RHILS8RB5I00U	B00000ADG2	Music	5	0
US	R17B9Q5I0369ON	B00000DHR0	Music	5	0
US	R1RS90GJ8OS259	B00000AFFF	Music	5	0
US	RJP76PEPNZUOG	B000003TAR	Music	5	1
US	R1HQ0XTPFVBSTI	B00000DGUG	Music	4	0
US	R17D1PU8BK42PZ	B000002WCJ	Music	5	1
US	R3VTH9ZU2OYTMA	B000001FN3	Music	5	1
US	R1HIBOJ2328OKZ	B00000DGUG	Music	5	0
US	R1MIXW191784H8	B000000WF0	Music	4	0
US	R14IJHUGJN0KET	B00000DHR0	Music	5	0
US	R1XRYSUBLAH345	B000006NPY	Music	4	0
US	R18LGAGWBJ45LG	B000002UZ4	Music	5	1
US	R1RYB2CUGQVM2	B0000057C5	Music	4	0
US	R3VLM3ZR1FEJRV	B000001E18	Music	1	5
US	R1F0WSB05H7C2E	B000000W5B	Music	5	1
US	R354HS2444JAMV	B000000WFU	Music	4	0
US	R3462L6N6C7XIT	B000002UEB	Music	5	0
US	R32C9L43V9KQ2B	B000001ZS4	Music	5	1
US	R1JL53ZF4K5HX9	B000006OAM	Music	5	0
US	R3JIZ1CWK2JV6P	B000002KDZ	Music	5	2
US	RUOUMLAZIVLK9	B0000057C5	Music	5	0
US	R1J3GZ4ITYCHRQ	B00000DGUG	Music	3	2
US	R2NZ5H694P1B93	B000003POI	Music	5	1
US	R2OH2QSGJG7CDX	B000000HHE	Music	5	0
US	R1AAGBJKBP5EPK	B000003S5H	Music	4	0
US	R10WAI2BRNVNGC	B000002WEH	Music	5	0
US	R1ZBFBELXIRN90	B00000DGUG	Music	4	1
US	RV3GWQ6OEMT48	B0000024SI	Music	3	4
US	R1RDTO42061R8U	B00000AFWW	Music	4	0
US	RJ4Z6Y9ZU9MKB	B00000ADG2	Music	5	0
US	R3ECOXYX1VOUQ4	B000002KHF	Music	1	7
US	R1MC61LOC5DKT5	B000002HMH	Music	3	1
US	R2SW02BP59MIQQ	B000005H40	Music	5	3
US	RU0941LMKHMT0	B000000ORX	Music	4	4
US	R425DJ4VRKDJU	B00000DGUG	Music	4	0
US	R2K40T50IXITJ2	B00000AFFI	Music	5	0
US	R2CN3NKHFXH3I1	B000002OR6	Music	5	1
US	R3PD3E5MWXZD7E	B000002L7J	Music	5	2
US	RPRBHYFFE3CYK	B000002JS8	Music	4	0
US	R3PSROMSYN040O	B00000DHRX	Music	5	2
US	R1FORQA3BB264W	B000002534	Music	5	3
US	R1A6JEESH6Z2OD	B00000DGUG	Music	5	0
US	R2MJ0GI3RSBV85	B000000WJZ	Music	5	1
US	RV31LMNTK7934	B000002HRE	Music	4	0
US	R3RL1A7EWUXKNR	B0000025SB	Music	4	0
US	R2S2R9HNRVHC76	B00000DGUG	Music	4	0
US	RU2W2X9C4OWK0	B00000DMJF	Music	5	0
US	R1U9X5O8QQ3A22	B000002KCC	Music	5	2
US	R12PFGCQHDIFT2	B000002BYD	Music	5	0
US	R1LJSADR6J970F	B000002MY3	Music	5	1
US	R1P8MS0LWQLF2V	B00000DGUG	Music	3	0
US	R3JU6DVNYF3G9B	B000000W3G	Music	4	0
US	R25R9Y8GVRQ61O	B000000WA4	Music	5	2
US	R1OSPP1JD4RJ60	B00000DGUG	Music	4	0
US	RWGHSVZ4U0KY1	B00000DGUG	Music	4	0
US	R278BRCSK6TVHD	B00000DGUG	Music	5	0
US	R2E2JJQQF15L0E	B00000DGUG	Music	1	3
US	R2XP5Z5L9TVCMT	B00000AFGM	Music	5	0
US	RCG7338NIHU5	B000005ILF	Music	2	0
US	R9UP213MMXI6V	B000001E8P	Music	5	0
US	R3VKANM93461PQ	B00000D9TK	Music	5	0
US	R4LYNNZJ6PD6X	B000000WFU	Music	5	0
US	R2OWAAEUK7JBEM	B00000DHR0	Music	5	0
US	R2MZOQFOEIRPOG	B00000AFFF	Music	5	0
US	R3CNZ8R1YZLB0X	B000002VCU	Music	5	1
US	R3EAENBVIB2NWE	B000002H97	Music	5	0
US	RIF7QY5CI2F9I	B000002NJS	Music	5	0
US	R702PWHLSVIC8	B000002C25	Music	2	2
US	R3UYY8BPVENUHK	B0000047CW	Music	5	2
US	R36LPT7HM77YWM	B00000DGUG	Music	2	0
US	R27NNSI14S2NST	B000002KH3	Music	5	0
US	RGMX877SK3SFK	B00000DGUG	Music	5	0
US	R25VZ9455FCU05	B000001FP8	Music	5	0
US	RBMPMTEK3J3AW	B000002H2H	Music	4	0
US	R1AALL5W8PNLT3	B000002I25	Music	5	0
US	R4J9720TUF2OE	B000000W5N	Music	5	1
US	R209VH0182BXI7	B00000DGUG	Music	1	1
US	R1X8L2AVTIZ80B	B000002KFJ	Music	5	0
US	R1SC4G5NPM7U40	B00000DGUG	Music	1	2
US	R1WKL17LGFMPH	B000009FJL	Music	4	0
US	R38JTN8DN378NJ	B000005J56	Music	5	0
US	R3GUWJ7S77OODP	B000002AV5	Music	5	1
US	RQYQNQQ9WLLWP	B000002I2M	Music	5	0
US	R254K1KLHNECP5	B000002IST	Music	5	0
US	R1ZWDN1V5ECNMT	B000000WFU	Music	5	0
US	R510CPED29XZ1	B00000DGUG	Music	5	0
US	R11JNP618WB7MN	B000001ESF	Music	5	0
US	R18D3870L2TUUK	B000005J56	Music	5	0
US	R2R18SJKVXE17Q	B000002MU3	Music	5	0
US	R9VJH4KEGJVKL	B0000062GE	Music	5	0
US	R3BBUS647CBHQ5	B000003TBP	Music	4	1
US	R1AXXKY54P6QZV	B00000DHRX	Music	4	1
US	R1VV142EPBD6L6	B00000DATR	Music	4	0
US	R2B4IO433XCY6Y	B000002OR6	Music	5	0
US	R3TK8YBL270TIF	B00000DFSK	Music	5	1
US	R32EYNXT39229J	B00000DHTF	Music	4	1
US	R2J4O6IKLUOB9E	B000001G1E	Music	5	0
US	R29C882VNG2DID	B0000026CM	Music	4	1
US	R2QAJ7WBTIAAOB	B000002U9P	Music	5	1
US	R2PU9EPLRXMK5P	B00000DHRX	Music	5	1
US	R1N37FMP2Z2HCC	B000005H55	Music	5	2
US	R1XX3LS40X90RZ	B000001F45	Music	5	0
US	R1XX9JZ9UCC6DD	B00000DHR0	Music	5	0
US	R1SRV2U3UQT7IM	B00000DHRX	Music	4	0
US	R30R4NKHA7XR8A	B000002IHU	Music	5	0
US	R3BSPXMXA14S0K	B000002GCT	Music	4	3
US	R3HEJBQDXBQ6XW	B00000DHTF	Music	5	0
US	R12FT2ZI9I6OMV	B00000DGUG	Music	4	0
US	R2ES5946UC1E29	B000001GQP	Music	4	2
US	R1MJY7OIMKCV9C	B00000DHRZ	Music	5	0
US	R3RY2MFO5X2OWX	B00000DGUG	Music	4	0
US	RLV8H1MW6NCWV	B00000DGUG	Music	5	1
US	R1PD07CDBPC3FA	B000002MY3	Music	5	1
US	R10XAQFGE2JM3G	B000002UAO	Music	5	0
US	R16NCKZCYYZQOZ	B000005K8B	Music	5	0
US	R2O0ERY1Z8B1SV	B00000AFGM	Music	5	0
US	R1M0HTWOILDVYZ	B00000DLVA	Music	5	0
US	R1T9JWTRMMSNGH	B00000DLUV	Music	5	0
US	R2PYOLYJFQ9J32	B00000DHTF	Music	5	0
US	R3I1XNEGRRARWM	B00000DHTF	Music	3	0
US	R1X3UH0L28G3D5	B000002TQV	Music	5	1
US	R16WXM6V2KYSJ6	B00000DGUG	Music	3	0
US	R13ED1QPLN2OUM	B000002UJQ	Music	5	0
US	R1JQNFNG6XSNLS	B00000DHTF	Music	3	0
US	R2XTDP3GP2BPVT	B00000DGUG	Music	4	0
US	RHXNF463RI8CK	B000002C1W	Music	5	3
US	R3O94WY2QKO0GL	B00000DGUG	Music	4	0
US	R11X1NFLRQDBTO	B000002C1X	Music	5	3
US	R1HCDRDLLVWMC1	B00000273P	Music	5	2
US	RIS9LG8RY92TS	B000002A3T	Music	4	0
US	R36NACHD5EV9AS	B000002A3T	Music	5	0
US	R2HXV7B9O7ALXH	B000002HRE	Music	5	0
US	R296FDFHBKWWMA	B000002BSG	Music	5	1
US	R3PSQN6X6NLH4Z	B000001GPX	Music	5	2
US	R29W607FOC6828	B000002KN8	Music	3	1
US	R2782ZEVFUZYB6	B0000004V2	Music	5	0
US	R3H85J1XOH2SVJ	B00000DFSK	Music	3	0
US	RA7XYCNZKL89X	B00000DC4A	Music	5	0
US	R1C4GX4YGDYUMX	B000002U82	Music	5	1
US	R1GXJRN6HHJRG5	B00000DGUG	Music	5	0
US	R27B3MUNIXCITK	B000002MJC	Music	4	0
US	R29HR4FOECOBKB	B00000DLV1	Music	5	1
US	R1MGSWMY2FRBMF	B000002C1Z	Music	5	0
US	R315QZM3T70BO8	B00000DGUG	Music	5	0
US	R3C2LE6PBZK797	B00000DHTF	Music	5	0
US	REMJNDOZXRSYK	B00000DHTF	Music	5	0
US	R3OQPUPEPFPM8Z	B000002AZ8	Music	5	0
US	R191TIC6GD2BE	B000001FA4	Music	5	0
US	R1NPTXXXGA62KJ	B000003TAW	Music	5	0
US	R21A24D0J2BOFU	B00000DHTF	Music	5	0
US	R3MI8QDNN64XR8	B00000DHTF	Music	5	1
US	R1KRPPDUPY5WM	B000007NYS	Music	5	1
US	RV6HZ1VF5C8J	B000002ULO	Music	5	0
US	R2A5GX16BFZMRB	B00000DHR0	Music	5	0
US	R2YIQOPFNDLKT6	B00000DGUG	Music	4	0
US	R3NPADMI4V0G2Q	B000002H97	Music	5	0
US	R1Q0DYAMZS5Z0K	B00000DGUG	Music	1	0
US	R31SK18PBTK1B0	0790738074	Video	5	1
US	R1FO1ZXE5HRM1Q	B000002C4J	Music	5	0
US	R1U1FNSIK2DOV	B00000DLUV	Music	3	0
US	R2CV948LOLIQBK	B000002V0Q	Music	5	1
US	R388DIQ6WF36IH	B000002G1Y	Music	5	0
US	R37D4ZVEXUP0ZW	B000001F3C	Music	4	1
US	R399WVEPJYNVBO	B0000025HU	Music	5	0
US	R260ZMHC8YM2AO	B000000QG8	Music	5	36
US	R372NH6VVWU816	B000001Y2U	Music	4	0
US	R3L5PH7UV6URRJ	B000002BFZ	Music	5	0
US	RLMCY0GEYNNM8	B00000DHTF	Music	5	0
US	R2ZPRSCBHZZXEL	B00000AFFF	Music	5	0
US	R26GH7JS7JNUCX	B000002AGY	Music	5	3
US	R2UL0IIAJ4B7OT	B00000AFGM	Music	5	0
US	R2OZO8FZY06XEV	B00000DGUG	Music	4	0
US	R3EQMPOA24XM65	B00000DHTF	Music	5	0
US	R3PKV0YS48N26M	B000002UCQ	Music	5	1
US	R10I9NU2KCL7ZM	B000001Y5X	Music	5	0
US	R1AIMAZHNF377	B000005ALN	Music	5	0
US	R3VAN3GTT71RUP	B000002AV5	Music	5	9
US	R4ZS6EKRYLWXQ	B000002BFL	Music	5	0
US	RUKIZ1D7MWL63	B000005RRF	Music	5	2
US	RO83GGV12RVT6	B00000DHR0	Music	5	0
US	RPIKMRBRTJCDB	B00000DHR0	Music	5	0
US	R2UODNG9ER86V4	B00000DHTF	Music	2	2
US	R3ITFFIKB3P4T1	B00000DHTF	Music	5	0
US	R3G72POCHIQ42D	B000002NBY	Music	5	1
US	R1285363DH2601	B000002572	Music	5	0
US	R2UBFKJUMRKWZ7	B0000025RI	Music	5	0
US	R25DS39SSB0DWJ	B00000DGXN	Music	4	50
US	R14JURMQNZ2QL7	B000001E18	Music	1	8
US	RF4CB8L801GNN	B00000251N	Music	5	1
US	RV0LX5VPOY6D9	B00000DGUG	Music	3	0
US	R2HKYZ1E7T74VH	B00000DHTF	Music	5	0
US	R4LPKWJBV2SN0	B00000DLUV	Music	5	5
US	R19FBKO3RSK6JY	B00000DGUG	Music	4	0
US	R2P0QK4S78JBQ7	B00000DFTG	Music	5	0
US	R15MOJ3DJRU0BW	B00000DHTF	Music	4	0
US	RDRQRMOTHFVBX	B00000DGUG	Music	2	0
US	R1JPJ2PIR7JYU8	B00000F1D3	Music	1	0
US	RY9XJCFRMBLVF	B000002BPS	Music	5	0
US	R3RGMUYCRWDR1Z	B000002OX7	Music	5	0
US	R2XFK64FJEZK6Z	B000002J0B	Music	5	1
US	R2VY7OCXX9IN5Z	B000005J56	Music	5	0
US	R3FH7OUWONL6QK	B00000BKDX	Music	5	0
US	REPSCBIUABPL7	B000000WCV	Music	5	2
US	R2G8HAC4KDNP9T	B00000DHTF	Music	4	0
US	R201A71FKD7SOR	B000002NBY	Music	5	1
US	R2TG49JONXRM8B	B000002BE9	Music	5	2
US	R2G8BTHX8L61TG	B00000DHRX	Music	5	2
US	RI19JO8T07OCH	B000000WCX	Music	4	0
US	R59A8A3JL855T	B000002UEB	Music	5	0
US	R11X2RN6TZXTR4	B00000DHTF	Music	1	2
US	R3VQ0LF304R5ED	B00000DHRX	Music	4	0
US	R3EQIINTZAHXIC	B000002UDG	Music	2	1
US	R37EJUVYD4XQPK	B00000AFDW	Music	5	1
US	R3NVPYETMYJDPV	B000005RSW	Music	5	2
US	R3GCKESM4UJ4T4	B000006OBQ	Music	5	0
US	RJWBY961B3A13	B00000DHR0	Music	5	0
US	RZ1VIYUCEOFK	B000000WCA	Music	5	0
US	R2W3X3GZDDPKGC	B000006NPY	Music	4	0
US	R3RX38LNSBDUU6	B00000DLUV	Music	5	0
US	R35ZBXBGBG2WVC	B000002P5W	Music	5	1
US	R33OYCWZQAT40O	B000007T1M	Music	5	0
US	R1OYMOMQB99U9U	B0000026NC	Music	5	3
US	R2V1ELUCLJXGAE	B000002BUY	Music	5	0
US	R3PVPKGUPZ2P9D	B000002MTR	Music	4	0
US	R34LT6IH6ZX09W	B00000AFDW	Music	5	1
US	R3H39WZCA0AG1C	B000002B38	Music	5	0
US	R93LWUX389OYA	B000002G0P	Music	4	2
US	R300SM36ABY83N	B00000D9TQ	Music	2	4
US	RO2H33LJY98DI	B00000DGUG	Music	5	0
US	R21RDYK56AA5NL	B00000DHTF	Music	5	0
US	R3KK7G0AF7JYH5	B00000DGUG	Music	4	1
US	R1M2METHAGIJFZ	B000002C4C	Music	5	0
US	R1JELUKZNEKSO	B00000DHTF	Music	5	0
US	R1J2XPAYJDSQVZ	B000005RYR	Music	5	1
US	R2K0JNEJCSVX5V	B000003S0D	Music	5	1
US	R3AVOU7PVQ69P3	B000002GZ1	Music	5	2
US	R2BO89LS9BDRYQ	B00000AFWW	Music	5	0
US	R8B77W3X913XH	B000001DZQ	Music	5	0
US	R10GB3VQSD14KR	B000002BBY	Music	1	4
US	R2W6ISZKV1P1OS	B0000021RG	Music	2	4
US	R1HBXTIBO1EH83	B000002UAO	Music	5	1
US	R3JZB9X4AZOQ07	B000002NJS	Music	5	1
US	R3474GI5TL8R8K	B000002BQK	Music	5	0
US	RWFQ1R4CL9PER	B00000FCBC	Music	5	0
US	RLLEUD8UFRH27	B00000DHTF	Music	5	0
US	R2HQ4N3O7O6SAJ	B000001E8S	Music	5	0
US	R1M552CSKXQKK8	B00000DLVA	Music	1	0
US	R1FUWDJXC339AF	B000001ZSF	Music	5	1
US	R1Q9GKMFLRP1GR	B000001EMW	Music	3	3
US	R370PPVCS4LRPM	B000001Y79	Music	4	0
US	R2JK97KCMN0GKX	B00000AFDW	Music	5	1
US	R5F5F3UTD02BL	B000000WA4	Music	4	0
US	R3ORQK0T05J48V	B000001ABD	Music	5	0
US	R3NYLZNHKM3VPC	B000002UEB	Music	5	0
US	R1PC4YDUL0XCAG	B000002GFU	Music	5	0
US	R2BKWXGDP8C2HV	B000009ROK	Music	5	2
US	R111MPTLVA2Z16	B00000DHTF	Music	4	0
US	R1RCHDJKIN9M9E	B000001XO3	Music	5	2
US	R3MSSYLUZPQ1I2	B000003BEV	Music	2	2
US	R1M3N01K8HOXWT	B000002C4J	Music	5	0
US	R3FS3GWQBMFJZ3	B000002HRE	Music	1	9
US	R3JGJE6OMFVDCR	B000002UKS	Music	5	0
US	R1P97MP3LHIIKC	B00000DHRX	Music	5	1
US	R28NM5VWRNWC3G	B00000DHTF	Music	5	0
US	R3P6PEORQVXHLU	B00000DHRX	Music	5	1
US	R1UFHQNVPEUD15	B0000009RX	Music	5	1
US	R146HEZEP74U0U	B00000DHTF	Music	5	0
US	R2PA2NCXO74EOF	B000003AEB	Music	5	1
US	R1NIXVN6IZOTKQ	B000002UCQ	Music	5	1
US	RPOXT1Q7MIOG9	B000001DTM	Music	5	0
US	R2QUC7379LRV1C	B0000024ZT	Music	5	0
US	R32VLT9B373KQ4	B00000DHRX	Music	5	2
US	R12OANDTYG6WQD	B000000I0K	Music	5	0
US	R2MATRW5WBK9R4	B00000DGUG	Music	4	0
US	R2STN0X0YD8MZ4	B000002ULO	Music	5	0
US	R3OL6YFBYO9VUL	B00000DHTF	Music	5	0
US	R3APADH5AZSEYN	B00000F1D3	Music	5	0
US	R1YH1CHAQKUIEC	B000000WCA	Music	1	3
US	R154BW16XWDN8X	B000002MY3	Music	5	1
US	R2GSEFZHT0XO2K	B00000AFFF	Music	5	0
US	R2A5WPUEAJJLVX	B00000ADG2	Music	2	0
US	RTVF28S5ENCPQ	B000002UAF	Music	5	1
US	RO85A3D96JZVQ	B000002BFL	Music	1	6
US	R10ACMLSO8IEYK	B000003TA4	Music	5	0
US	RFUHG3BE1LKX3	B00000DLUV	Music	2	0
US	R2GKVOEQ0NFKF0	B000001EYW	Music	2	0
US	R2KDA3SYVLZX2O	B0000025BL	Music	5	0
US	R1ROAH2TSP3K90	6304117752	Video	5	1
US	R19GR3PQJM1Z1D	B0000025L8	Music	4	0
US	R1N5P20JFWIUJB	B00000DHTF	Music	5	0
US	R2905GJE040CNS	B0000009UX	Music	5	1
US	RN01KOG5QRYLI	B000002AH7	Music	5	3
US	R3J9DQHAI2BQZE	B000002UB3	Music	5	5
US	R6TEBY5UAROFS	B00000AFHM	Music	5	0
US	RG33MJDHKYZ3M	B00000DLVA	Music	4	0
US	RJ3G0RPVH12IJ	B00000F1D3	Music	5	0
US	R31D8QKJXU93BT	B000002H33	Music	5	1
US	R386AQRBJUJZNF	B00000DGUG	Music	5	0
US	R127CLWO03JYLV	B00000DHTF	Music	5	0
US	R1Y2SRWE7CA74I	B00000DGUG	Music	2	0
US	R354H0YPFPGZY7	B00000DGUG	Music	1	0
US	R14YYCYL1TNDE6	B00000DGUG	Music	5	0
US	R2QLPVCSVO1IDD	B00000DHTF	Music	5	0
US	R3VKEMAD7WHAKR	B000002C1Z	Music	4	1
US	R2LDML54Z829Y	B000005J56	Music	5	1
US	RBTDTSIOIQTGF	B00000DCWQ	Music	5	1
US	R15QDVLJLKZPMI	B000002BPS	Music	5	0
US	RK4VNPM9RDCZK	B000005IU2	Music	5	1
US	RCSMK4L591KN1	B00000DHRZ	Music	3	0
US	RZ8YXYF903KYF	B000002TP7	Music	5	0
US	R2QQ1RGOLIVTIL	B00000DHRX	Music	5	1
US	R3JTFVVQKMP18	B000002KOJ	Music	5	1
US	R265OM2UBZGANJ	B00000DGUG	Music	1	1
US	R2N1T55A6IGY7I	B00000DFTG	Music	5	0
US	R1TH5XQTQC3U5V	B000005ZFN	Music	5	0
US	R1AAWUYA2YIFL1	B000000W5L	Music	5	1
US	R20DNR1ULZBRTN	B00000DFRS	Music	4	0
US	R6D3CUXJ0IRYH	B000002LFU	Music	4	0
US	RNMX1CPDWX73Z	B000002JSN	Music	5	1
US	R2D9W0K5OA57EP	B00000DLVA	Music	5	0
US	R38IJDNUALICXC	B000003TSP	Music	5	0
US	R240YIPNPNUUEC	B00000DHRZ	Music	5	0
US	R3FEZH7OUJR9RQ	B00000DFSK	Music	5	3
US	R2SY2HQL9BLYZV	B00000DGUG	Music	4	0
US	RW7NIA2RQKXNR	B000002LQR	Music	5	0
US	R2GI2GK0YQRM4I	B000005H7D	Music	5	6
US	R38LZVLBNRJ1SR	B00000DFRS	Music	5	1
US	R3UTI14J73ZOR7	B0000024UO	Music	5	15
US	R18CV4NHE4Q89H	B000002URV	Music	5	0
US	R2PKE5A2KZGI9R	B000000WI6	Music	4	8
US	R32WTY2YSPMTV0	B00000DLV1	Music	5	3
US	R37LKFOD2IHFIQ	B000006OAM	Music	4	0
US	R3R9I4SU65XV4H	B00000DFRS	Music	4	1
US	R3C9P47V2DPNCG	B00000DHRZ	Music	4	0
US	R3B835D9MXXKX4	B000002JK2	Music	5	11
US	R19E8R9E1SSC1O	B00000F1D3	Music	4	0
US	R26D18G5AY08I4	B00000DFRS	Music	5	0
US	R78M4ANP5MLVK	B000002A3T	Music	5	2
US	R2ZXMLUBNLANJF	B00000DHRZ	Music	5	0
US	R2C5E9MQSPPCJS	B00000DFRS	Music	4	1
US	R108GU1XNE5ET5	B000002BUY	Music	3	0
US	R2DQBKFBNMHL0M	B000001F3C	Music	5	0
US	RQ1W756TUN2XF	B000002C4O	Music	5	0
US	R3OCTP6DSHXB1Z	B0000074BS	Music	5	6
US	R186WWXET1X3VU	B0000004V2	Music	5	0
US	R3FHTU55KSY3F5	B00000DHRZ	Music	4	0
US	R37UJJFB8DGFCW	B00000DLUV	Music	5	4
US	R95ODG2JVC9WW	B00000DGUG	Music	4	0
US	RAIVF17F3J17S	B000002WPI	Music	5	0
US	R3BKA1B4I30YEY	B000002A3T	Music	5	0
US	R3T00FP16VWNJI	B000002546	Music	5	0
US	RZ9J66N01WVYO	B0000062GK	Music	5	1
US	R4UW1CXDANX9C	B00000DGUG	Music	3	0
US	R1Y25W5SIU0N9W	B00000DGUG	Music	2	0
US	R1BSAP1SRB7FFD	B00000F1D3	Music	4	0
US	R2Q1TVS5ZLZ20B	B00000DGUG	Music	5	0
US	RLWFVEZW9DKL0	B000002GJH	Music	5	0
US	RHDDHO5BY7LFZ	B0000026NC	Music	5	1
US	RPYH3E5IGGBG3	B000002AOD	Music	5	3
US	R2J9Z2I718OIUJ	B000000I0Q	Music	4	0
US	RHNBMR73Z3KOI	B00000DGUG	Music	4	0
US	R23GC8437DYZYM	B00000AFWW	Music	4	0
US	R179FCAB5HNRDY	B0000028RR	Music	5	0
US	R3URCMM0E15WV8	B000003S0P	Music	4	0
US	R1AMASW5YAM4L1	B000002HMH	Music	4	0
US	R1GS6UR8ZY0CVV	B0000029GA	Music	5	0
US	R3PPG148C2KPVE	B000002HRE	Music	1	1
US	R1VT8XX9FDOLPM	B0000017CA	Music	5	0
US	R1LQYF16XU29LO	B00000DGUG	Music	5	0
US	RRZMG73GCNTBY	B000002TQB	Music	5	0
US	R1G2RS6NNJKPQJ	B000003NA4	Music	5	0
US	R27ES09DKD4PZQ	B00000DFRS	Music	4	1
US	R2026NOLPKUZI0	B000002G8N	Music	5	7
US	R39EOJPVIED38G	B00000BKE0	Music	4	0
US	R37Y2TWD0Y6JG6	B00000BKDW	Music	5	0
US	R30J7Q4H3YEBVW	B0000025IE	Music	5	0
US	RFQDF89I7I7UX	B00000BKE1	Music	5	0
US	R12WSQBLCKJK3E	B000002C4J	Music	4	0
US	R2EW8YN6W05I94	B0000027F3	Music	5	0
US	R2VBWQ4CWCDMOE	B000006NPY	Music	3	0
US	R2NICM4IMR58I5	B00000DFRS	Music	5	4
US	R2U9BROFXXJQTD	B00000DGUG	Music	5	0
US	R4PSESJQ7UBE3	B0000062GE	Music	5	0
US	RR58NEU35R7VW	B000002ADT	Music	5	0
US	R1BLWVXFCPXNBY	B000002ADT	Music	5	0
US	R3UJ6YIGFTSY26	B000002NJS	Music	5	0
US	R1C2R44OU8JCCC	B000002MZ6	Music	5	0
US	R16AB2ADWDGSJ2	B00000DHRZ	Music	5	0
US	R2UTKRLTCT4C7H	B000005H3M	Music	4	3
US	RQ275GXHROM6R	B00000I01A	Music	5	0
US	R28R3QV1DYD79S	B00000DGUG	Music	5	0
US	RIGVD0Y1R4X7X	B000002PCS	Music	5	0
US	R1QQ6UZXI3PMHY	B000001ABD	Music	2	2
US	R135XH322O9VXM	B000007XUQ	Music	5	25
US	R3VLR8B0GV4B6S	B000007XUQ	Music	5	2
US	R1K5K4UJOJJMO	B000002HHB	Music	5	4
US	R33YHB5SQCQ6CF	B0000024SD	Music	5	0
US	R18VBAA8XTK3CB	B0000024SI	Music	5	0
US	R284PHVNR4BQS6	B00000DFRS	Music	5	2
US	RZKR9YWVNIOM9	B00000064G	Music	5	1
US	R2OXCSGQQURRF0	B00000DHR0	Music	5	0
US	REBW4M2XQKPF4	B000002MY3	Music	5	1
US	RDWEIKXYCBSCJ	B000001ED1	Music	5	2
US	RU7H7JN1EIZUV	B00000ADG2	Music	5	0
US	R33NY3FU91HPGX	B00000DGUG	Music	4	0
US	R2WEDI6V0M4LG1	B000002L3P	Music	5	0
US	R2O3FWS2OEPSOT	B00000DHR0	Music	5	0
US	R2QO74CKS7SMPD	B00000DHRX	Music	5	1
US	RJQEGSRBWZJAR	B000005JKS	Music	4	0
US	RHXRYP75IM64U	B000001EEN	Music	5	4
US	RGTRHX2NDKEF9	B0000028P8	Music	5	0
US	R3P8WYIB1WB5H7	B00000FCBC	Music	5	0
US	R1YY5ZNE9OXFO6	B000002C4J	Music	5	0
US	R3EJ3HS6K4LLSR	B000002A46	Music	5	0
US	R254OJ7K52VW5U	B0000028SR	Music	4	3
US	R217HGHLILQNLY	B000002AVF	Music	5	0
US	R3GJLBLYHR1I97	B000002BQK	Music	5	0
US	R3AKTNNIFH02NW	B000001FY7	Music	5	0
US	R25SGXOAPY7SGI	B000002UAF	Music	5	1
US	R1LUS7E6FUTXE1	B00000DMJF	Music	5	0
US	R2YFGB138ZYNIO	B0000029DD	Music	5	2
US	R3B7JJGRJFW7H6	B000000OQF	Music	5	0
US	R1LHVVUCAE2TSI	B000009PNY	Music	4	1
US	R2TLULOVSBLW8O	B00000DGUG	Music	1	0
US	R1H82D3UKP0E66	B00000DFRS	Music	2	0
US	R21RJSS3DQCYM8	B000000WA4	Music	5	0
US	R3A2SU2HAFYVDV	B000001AJG	Music	5	1
US	R2KJM9EGE4VNCA	B00000DHR0	Music	3	0
US	R3CZLL93JZSUI9	B00000ADG2	Music	5	0
US	R21B0IRZQOE4W4	B000002V0Q	Music	5	1
US	RM5WKVMMFTDHL	B00000AFWZ	Music	5	2
US	R3DMXZ84M6TIVE	B0000039PW	Music	5	0
US	R2E1KR4Q9IG0B5	B000002O1P	Music	5	2
US	RQF6W7J3PA0AL	B000002H2H	Music	5	0
US	RP7PH462WYS9P	B00000099Y	Music	5	0
US	R3SAD86Y7GN9AO	B000001FV3	Music	3	0
US	R2QZSQ0SP84750	B000004286	Music	5	0
US	R2MPQQQDBGHCRM	B00000DHTF	Music	4	1
US	R2GYM8KLOW3TPX	B00000DGUG	Music	5	0
US	R35L3FN3Q7DAXE	B000003TA4	Music	5	0
US	R2I93C505LT9PQ	B000001E18	Music	5	0
US	R2RGE0SGHOEB59	B000001DTM	Music	5	0
US	R32YBZ4953SZHH	B000000FG8	Music	5	0
US	RTR13NTC4XZPH	B000000993	Music	5	1
US	R3E9QQAQX42ZJP	B000005S5N	Music	4	0
US	R9SOWAZKROM7I	B00000D9TQ	Music	5	3
US	RKUL5IAO9DMQZ	B00000DHTF	Music	5	12
US	RO017AIDAQP1G	B00000DGUG	Music	5	0
US	RWH858AEIA6F8	B000006NPY	Music	4	0
US	R6NWB4JK98IO0	B000000WA4	Music	5	0
US	R25QL3BQXLD69B	B00000DGUG	Music	4	0
US	R9NOEAOMY3AZT	B000001IPL	Music	5	0
US	R3N3HYUHO8C4LZ	B00000DG1R	Music	5	0
US	R32SAJKOPGE1K2	B00000D9TQ	Music	5	1
US	R2CYIMHD55V2TJ	B000005RHR	Music	5	0
US	R1ZOK8HNJCVZKM	B0000025ZB	Music	5	0
US	R3D2LPZE17K0OA	B000001FK3	Music	4	6
US	R16TSXUMNUJMJX	B000005H40	Music	5	1
US	RSVTB190GBQSO	B0000028VT	Music	5	0
US	R2J2YVI22LEN6A	B000009DUY	Music	5	0
US	R5QFYKK74CKBW	B00000DGUG	Music	4	0
US	R3OBSL0HR2X9VX	B00000DHTF	Music	5	0
US	R2MSLRPB10WW48	B00000AFWW	Music	5	0
US	R2I6NW9YO6DUYG	B00000DFRS	Music	5	1
US	RKQ5NZUWSUQKC	B00000DHR0	Music	5	0
US	R2HZA2GEEZPNW2	B000002KBU	Music	5	1
US	R2ZLEO2L1ZK3XT	B000002AK4	Music	5	1
US	R2724QEUICGUSW	0792837614	Video	5	4
US	R3DG9JNAO6BG5	B00000DLV1	Music	5	1
US	RHSXJG6SKXSQ9	B00000DGUG	Music	1	0
US	R1IHTXDU8NI5SH	B00000DGUG	Music	5	0
US	R3JI4PPQDH9FYD	B000002QWD	Music	5	6
US	R1AMKI2AQBYK4T	B000002BUY	Music	5	0
US	R390J7P47OKGOZ	B000009RC2	Music	5	1
US	R3HP9HTFR734BV	B000003S5H	Music	5	0
US	RPASASPGOXK7O	B00000DFSK	Music	4	0
US	R1JG62QDTYZ0C0	B0000009TT	Music	5	3
US	R26E8V5A7E1SYP	B00000DFRS	Music	2	1
US	R1M0Z53HIBCVDK	B000002LOE	Music	2	3
US	R309XA7FNW75Y7	B00000AFWW	Music	5	0
US	R14W5SO980HA2L	B00000DHTF	Music	5	0
US	R2TKXTVFHW8EWI	B000002H97	Music	5	0
US	R3PB7R6UKN1OZU	B000002KHF	Music	5	0
US	R1WVUBF56V9TLJ	B00000DHR0	Music	5	0
US	R29GAN4DHEU9KS	B00000AFGM	Music	4	0
US	R1VPEEVTW5EF1K	B000005RZ4	Music	3	0
US	R1B3KG5ZXL5JC6	B00000FCBC	Music	3	0
US	R35U746GG78I3R	B00000DGUG	Music	1	0
US	RF3SEAOYT3BDR	B00000DFRS	Music	1	0
US	R2PMHVYFIOZ87I	B000002C4J	Music	5	0
US	R18E1BPWZ32PU	B00000DC4A	Music	3	0
US	RR0SPGFHJXRI2	B00000AFWW	Music	4	0
US	R132QZRZFBCWLL	B00000DFRS	Music	5	1
US	RQJ4B2AFMFZ08	B000000WA4	Music	5	0
US	R3VWNETCPPVX0Z	B00000DGUG	Music	5	0
US	RTPA26DV8Z6QD	B000001EAQ	Music	1	4
US	R28SZ1599Y92KA	B00000DMJF	Music	5	0
US	R27SYA8UHK9IJK	B00000ADG2	Music	3	0
US	RQJZ1FVGC24WU	B00000DFRS	Music	5	0
US	R2VU3T1428KIB7	B00000DHTF	Music	5	0
US	R2J2L3L9ZR9UH7	B00000DMJF	Music	5	0
US	R1B42Q09MXZ5EV	B0000042MY	Music	5	1
US	R3VTF8WG8VKZ85	B00000DHTF	Music	4	3
US	R22T02U52H7PM	B000002NJS	Music	5	0
US	R16Z1W12RHCZ2T	B000002LQR	Music	5	0
US	R3Q366DD6M85RI	B00000DHTF	Music	4	1
US	R3QVG61AHNJHBD	630512065X	Video	1	4
US	R2DS4YLK2OYH0U	B0000062GK	Music	5	2
US	R1QUDE11I2CO54	B000002GIE	Music	5	0
US	R2HZCOSGCQCSOA	B00000DHRZ	Music	1	0
US	R2JSYCXEAG33N0	B000001FAK	Music	5	0
US	R8P99DM8YNRTJ	B00000DHTF	Music	5	0
US	RLM9U31PBYWH9	B000001OAA	Music	5	0
US	R3PT2N0NADRDWV	B000003S0K	Music	5	0
US	R1ZWBWZMZ198KM	B00000BKDV	Music	5	3
US	RZFTZF41LEZH3	B000002UDB	Music	5	1
US	R32C0DF9UO4XQK	B000001FS6	Music	4	0
US	R2NWXWM1P0WJO6	B00000DHRX	Music	5	1
US	R20G30U9P56Q75	B000000W9Z	Music	5	0
US	R325OJV8ELCYDP	B000002ARV	Music	5	11
US	R2AWE5IXTUC1I5	B000002B7W	Music	5	2
US	R32Q3WVKBXPJFR	B00000FCBC	Music	5	0
US	R24OE8XGVTPJ65	B000002IXS	Music	5	3
US	R3JCPF9JNQM4AY	B000002G9S	Music	5	1
US	R1JBIWBSBAMP4W	B000002JSP	Music	2	5
US	R1RD7SQQN6LKOF	B000002KHF	Music	5	0
US	R3Q32RMTY3DY98	B00000DFRS	Music	5	1
US	R2R7GEHL2HBRHX	B000001E3V	Music	5	2
US	R2BSPP0RTEONXT	B00000DGUG	Music	4	0
US	R35EL2JQQ7NQ3J	B00000FCBC	Music	5	0
US	R3AHBE4D1PRI0G	B000002549	Music	5	6
US	R3198OSSGWMEYW	B00000DHTF	Music	5	0
US	R2LOGCR2XW2KFA	B000002OQT	Music	5	6
US	R3P6UF1GKLQRVJ	B00000FCBC	Music	5	0
US	R3QBY2NIRF8F7E	B000002OX7	Music	5	1
US	R1FH5HXIMMSDRD	B00000DGUG	Music	3	0
US	R3ILQAEWEBPVE	B00000FCBC	Music	5	0
US	R3CR2PKE3WU41G	B000002U82	Music	5	0
US	RGZEWRCKITNKC	B00000FCBC	Music	3	0
US	R1QWM66814R30O	B00000FCBC	Music	5	0
US	R10C0O116JC2T7	B00000FCBC	Music	5	0
US	R2HGHFOCOTPA5Q	B000002UE2	Music	5	4
US	R11SNY4HTPYVVP	B00000FCBC	Music	5	0
US	R1SGN40UHDB0W7	B000002B2X	Music	4	0
US	R208JK0WMD7UD4	B000003RCY	Music	5	0
US	R7CYJTB2IDCFZ	B000000OPU	Music	5	0
US	R3JE97A33BCZNC	B00000DMJF	Music	5	1
US	R1FW2GAAZOGYE6	B000005ILF	Music	5	0
US	R2OCEK0HOJ16A0	B00000FCBC	Music	5	0
US	R9PK7K13PU1H2	B00000DGUG	Music	5	0
US	R2L0MF4AQSRWPX	B000001G5H	Music	5	6
US	RNIIP883F46SJ	B00000DGUG	Music	5	0
US	R19NJDWVU8GEH2	B000005J56	Music	5	0
US	R3P8VZKQM04XQ1	B00000DFRS	Music	5	2
US	R1OINCOI1C7MT8	B000002UA9	Music	5	0
US	R14EH2UISP94YS	B000001FDK	Music	5	0
US	R31LG4R2N07KUD	B00000AFDW	Music	5	1
US	RLEOCFRUO811E	B000002NIW	Music	5	0
US	R38F1XX8HSMQII	B00000DHRZ	Music	5	0
US	R24AUZ09Z1M5CU	B000003TA4	Music	5	0
US	R2UR53NR9I71LB	B00000DHTF	Music	5	1
US	R1XGUKIH854L9C	B000002MG1	Music	5	1
US	R238KD4UAQQ91L	B0000057C5	Music	5	0
US	R12J6M2D46BAXZ	B00000DHR0	Music	5	0
US	RFWLYYRTNNVCE	B000002OX7	Music	5	1
US	R13OXEOJU2DIAD	B000002IZM	Music	5	0
US	R1ZTSGXVGUQPEO	B00000FCBC	Music	4	0
US	RG09EUPOM0OCK	B000002AHC	Music	5	1
US	R2D0MXR3KUQAB4	B000005JHP	Music	5	1
US	R36YLL735I8SHG	B0000025VI	Music	5	0
US	R1WIIFBH4774BP	B0000009UX	Music	5	7
US	R48DJUOCVYVFK	B000002GOZ	Music	5	0
US	R2DZKHRRLDTKOD	B00000DGUG	Music	5	0
US	R2DZPMACUT7TBO	B00000AFDW	Music	4	1
US	R11LBFOD3AMDES	B00000FCBC	Music	5	0
US	R1S3S82AKY7TRW	B00000DGUG	Music	2	0
US	R1B0WXK8IC3PIO	B00000DFRS	Music	5	1
US	R3NSH2KLD4Z9J8	B00000425R	Music	5	17
US	RTQHPENF4ZIRR	B00000DHRZ	Music	5	0
US	R1Y1UFXAM0V13N	B0000062S0	Music	4	1
US	R271GN97TTH20I	B000002UB6	Music	5	0
US	RUBDQ87VPDVFQ	B000001BX0	Music	5	0
US	R1PHAUDHOSEK5J	B000002L7Y	Music	5	0
US	R1SKMWA30PAM8F	B000001DVD	Music	5	0
US	R1UTPGR8JPFTLP	B000002E5J	Music	5	0
US	R22OOG5AYYW3LY	B000002WEW	Music	5	4
US	R16QNMUT5QRU4N	B00000F1D3	Music	5	0
US	RF2GT7OABUXPO	B000000993	Music	5	1
US	R1N4CHJZQ20EX5	B00000G28U	Music	3	0
US	RUNUQKXHRP7ME	B000002E5J	Music	5	2
US	R1KL74W1NKH9B7	B00000DHR0	Music	5	0
US	R27U0ZU3WESDMY	B00000DHZJ	Music	4	0
US	R2923RIYX1N1XJ	B000001FRY	Music	5	0
US	R19V27Y1EACISF	B000002OG5	Music	4	20
US	R89YJ4MQH610S	B000003RCY	Music	5	6
US	R2Y1060VAAQ2D1	6305166021	Video	4	4
US	RDLJE7VRDNP0T	B000002C4J	Music	5	0
US	R1LSZ7317WDIJS	B000001Y79	Music	2	1
US	R1QT5L8IV7LV0A	B00000FCBC	Music	5	0
US	R2PV00CZGA18LX	B00000C28M	Music	4	37
US	R1H6KO48T64XYV	B00000DHRX	Music	5	1
US	R383JBJDEL2FFI	B00000FCBC	Music	5	0
US	R13JAQXSVF5ODJ	B000001GK9	Music	5	3
US	R2Y1STZ253V7BS	B00000AFDW	Music	5	1
US	R31B28WWMOP4E1	B00000DHRZ	Music	5	0
US	R3AG8QG4ZG1IM6	B00000AFGM	Music	5	0
US	R1PTINJYR6QW1N	B000002NJS	Music	5	0
US	R2BASI7L9Z3V2M	B00000FCBC	Music	5	0
US	R1J6O11UX2D7RO	B000002J1I	Music	5	2
US	R1YN4HZWUIS3HX	B000002KMY	Music	4	0
US	R31JPUQIFFMNCO	B000002KGT	Music	5	0
US	R28GW7QHGSWJUA	B000002HPV	Music	5	0
US	RHGDZXYRIUMBJ	B00000FCBC	Music	5	0
US	R216T690V317MA	B00000AFFF	Music	2	2
US	R18GDL4AECYXML	B00000DHR0	Music	4	2
US	R1RHKY30A0UF7K	B000002UB3	Music	5	6
US	RZ7HY1X3UL59P	B00000DHR0	Music	5	0
US	R1YSH5C7GUTZMU	B000006PYU	Music	5	9
US	R1EVOURFLX83JB	B0000024TT	Music	5	2
US	REPMXNC4H6S6K	B00000AFGM	Music	2	2
US	R3BFE0O5E92JRX	B00000DFTG	Music	4	2
US	R2Y2HYO78JA2CF	B0000025HU	Music	5	0
US	R5CO9UQQYNKQZ	B00000DHR0	Music	5	0
US	R3FN9HE860XRC	B000002BE9	Music	5	1
US	R11H6JT51MFMQQ	B0000028M7	Music	5	2
US	R2LCGZCA7Q5CN9	B00000DLV1	Music	5	0
US	R2G9ZW8JEXDP25	B0000032LS	Music	5	4
US	RV7A78QLTDOXY	B000002C1Z	Music	5	0
US	R1BDA2GY49PDYT	B000002HRE	Music	5	0
US	R1RAHSKL4YPLEB	B000002AZX	Music	5	0
US	RPT8ORFRJDYX3	B0000024TT	Music	5	2
US	R1Y5ICML340GC9	B000007UE7	Music	5	1
US	R3VYHUBEH64ZC6	B00000FCBC	Music	5	0
US	R1E3AGWJ7OZC9P	B000002BYD	Music	5	0
US	R3SAUFUEO41JFY	B000000WCA	Music	5	0
US	R380XZZ9LBF6KN	B00000DHR0	Music	5	0
US	R1BG83RWYWYAXR	B000001Y79	Music	2	1
US	RA5BRIWUD9WIJ	B0000042MY	Music	5	0
US	RQ1BIAQ34QS7N	B00000DHRX	Music	5	1
US	R3KF6MGTGACLJN	B000005HFH	Music	5	1
US	R3497Z5J32FMVV	B00000AFFF	Music	5	0
US	R3U5HIFEEC5J2J	B000001IPL	Music	5	0
US	R1OLXHQIAF8V40	B0000028VT	Music	5	0
US	RK0BB4T5NU7XD	B000002UBB	Music	5	0
US	R217JRDD7T17FA	B00000DHTF	Music	5	0
US	R22EJ86J7J0DRO	B000005B0U	Music	5	0
US	RRM831UR4WCNY	B000000XH4	Music	5	12
US	R29490JWTMTQ93	B000002J1O	Music	5	0
US	R1979RC992PRD8	B000002J27	Music	5	1
US	R3MA8V6A0MPSFI	B000005J56	Music	5	0
US	R1B26MPQ8QDR9H	B00000FCBC	Music	5	0
US	R32FJRQJTGYSZN	B000005S0E	Music	5	1
US	RYHOR5QHTEH8G	B00000DGUG	Music	4	0
US	RYHDVKS31ZIWP	B00000BIBQ	Music	2	8
US	RVTXUXIEHVVHT	B00000FCBC	Music	4	0
US	R3C10EFERD7JFS	B000005HNQ	Music	5	0
US	R3MEN6LFVWXS4C	B000002KOO	Music	5	1
US	R7K5GU93BQ2Y0	B000001F3C	Music	5	0
US	R2L0IY0YEEMXVQ	B000002H97	Music	1	3
US	RFHRQG6Q2FW5E	B00000163G	Music	5	12
US	R238ENC1GKCBJY	B000002H33	Music	5	1
US	R1NNK4WROF9YMG	B0000029DD	Music	5	1
US	R39QQ29A62PYL0	B000002H97	Music	5	0
US	R336BQY2LZXINP	B000002TQV	Music	5	0
US	RZ98CNJW82WZM	B00000FCBC	Music	5	0
US	RVKPWSA29YYX7	B000002AVF	Music	4	1
US	R3IRVRGTTEQAJ6	B00000FCBC	Music	5	0
US	R3T53TEEH6B95N	B000002MP2	Music	5	0
US	R3UBCDO9QS1S7G	B00000C28M	Music	4	16
US	R3LR6IZ6R5VWEA	B000002H6C	Music	5	0
US	RUIDQ4LZDVZ5M	B000006OAM	Music	5	0
US	R1G3JM53KYI70L	B000002H33	Music	5	1
US	R17IN6RG02LLBM	B00000331V	Music	4	5
US	R2OT9RP3K3P4WA	B000002HMH	Music	4	0
US	R3IX5XY91CSVCI	B000002UB3	Music	5	6
US	R3AW1QCRF3AYVM	B00000DGUG	Music	4	0
US	R32G026YCJ5CYZ	B000002MY3	Music	3	0
US	R12A216TAY5CFN	B00000AFFF	Music	5	0
US	RSR745X484JK1	B000003NA4	Music	5	0
US	R1WA14DC3A6FRI	B000008H1R	Music	5	0
US	RMRP2EAVGGHH5	B000002ULO	Music	5	1
US	RDIYYG96GK3LT	B000001DYY	Music	5	0
US	R3UQDP7P9BMSWW	B000007RV5	Music	1	2
US	R3MZ8YVVRH8CC8	B00000DHRZ	Music	4	0
US	R2341E6YIQCOOF	B000002NHN	Music	5	0
US	R33FYKRUYYDH75	B00000DHR0	Music	5	0
US	RGD6CF568K80D	B000001ESF	Music	5	0
US	R30KJWARERQM9O	B00000FCBC	Music	5	0
US	RNY0ZPE51GK6R	B000002A3T	Music	5	0
US	RJYXJATM9N7QM	B00000634L	Music	5	0
US	R1XX2DFEV11Y33	B000005JXG	Music	5	0
US	R33EVYHTEL3UM9	B000002AV5	Music	5	0
US	R1WOLW262XQ1LR	B00000FCBC	Music	3	0
US	R3339V6HUY3ST	B00000DHRZ	Music	5	0
US	R3BFZ60UGTVLQ6	B000002UDV	Music	5	0
US	R3FXUCPPWFA8D3	B000002J1I	Music	3	3
US	RIR4VC3VU2ZV4	B000002KIE	Music	2	3
US	R2IAFEZJDWZVL5	B000002JSR	Music	5	0
US	R2OWAWNG6OEZS3	B00000FCBC	Music	5	0
US	R20ZQOTC4C9OSE	B000002JSP	Music	5	2
US	R1Z374CTFLFD9N	B000002J09	Music	5	0
US	R2M6IKKMDB2YDI	B00000FCBC	Music	4	0
US	R108D1PDPCX6U3	B00000DHR0	Music	5	0
US	R1209E1M4JGJT8	B00000DHR0	Music	5	0
US	R19ON559DFVMJ3	B000002UA5	Music	5	0
US	R1V4OJ35YTTERE	B000000FG8	Music	5	0
US	R3S4GFLD3Q5E7M	B000002LCK	Music	5	2
US	R20PJBDOPRUC0S	B000006NPY	Music	5	0
US	R39RMVC9W46D3H	B000002HMH	Music	4	0
US	R7SLZCCFQ9YZ0	B000002BSV	Music	5	0
US	R32T4BOKIW7V16	B000005EJL	Music	4	4
US	RZWJKRJC5VT4V	B000002BPS	Music	5	0
US	RXV7URVF6HD9C	B00000FCBC	Music	5	0
US	R2A29GAMQSN0VU	B000000WFF	Music	1	1
US	R2MM7EEXT32N3W	B000007RV5	Music	5	0
US	R43RYQYNZMMAD	B000002KIE	Music	5	0
US	R1UI9PVFQC7TRU	B00000ADG2	Music	5	0
US	R7KNHQZVRT05C	B000002HMH	Music	1	5
US	R3UVFA03050OS2	B0000009SY	Music	5	1
US	R2MMC7LH8GABO3	B000002OK3	Music	3	0
US	R25PPVMPHRAV1T	B000002LCI	Music	4	0
US	RFGMVYSWVZVIJ	B000002UJQ	Music	5	0
US	R9S9PVY9GEF0H	B00000FCBC	Music	5	0
US	R3DJJTFTFC72LS	B00000DHRZ	Music	1	2
US	RLRYG685TX9FD	B000006OAM	Music	4	0
US	R3GIXZX5TOL5R4	B00000DGUG	Music	5	0
US	R2T0FOTYK8WRO3	B00000DMJF	Music	5	5
US	R2WFWEHXTKYVXF	B000002UB6	Music	3	1
US	R294DW8QX58MUD	B00000AFGM	Music	3	0
US	R1UBOUBG26MVNT	B000003NA3	Music	5	1
US	R10OJGIIHFTYPK	B000006OAM	Music	5	0
US	R2LZ0LDU8CSA7N	B000003489	Music	5	6
US	R15HMDI3UBL2WT	B00000DFRS	Music	2	0
US	R38ONXOCTXZ0P2	B000000OEI	Music	5	0
US	R13DTRZ28JMFFL	B00000DFRS	Music	3	1
US	R22KA9HLBF83QU	B00000DMJF	Music	5	0
US	R2XA9N0COOXL9R	B000002V07	Music	5	0
US	R2QRQBCV0PTA08	B00000D9TK	Music	4	1
US	R230YM55KFLGIZ	B000002UY3	Music	5	7
US	R15UITIIG8N7NF	B000002INJ	Music	5	1
US	R2CF6Z0DQR8TLE	B000002G87	Music	5	0
US	R2G3AHFTNKD3AL	B0000000LI	Music	5	0
US	R1W8UVRNHJYMRY	B000002TLX	Music	5	0
US	R1YWC9RMDHAWBI	B00000DFSK	Music	3	0
US	R13JBB7N0Y6MK	B000007NYS	Music	5	1
US	R1FKBF0QBD1B88	B000002UE9	Music	4	1
US	R3L10G68KAEYP8	B0000042MY	Music	5	0
US	R3OO3KJB69H7HD	B000002L7V	Music	5	1
US	R563VQCXTKTPW	B00000016K	Music	4	3
US	R285S29T2R90U	B000002UAX	Music	5	0
US	R2NEV9OJAKZUPQ	B00000DHRZ	Music	5	0
US	R1NPPYKT8HDYLC	B00000DHR0	Music	5	0
US	RJ0NIV48QNKH1	B00000DFTH	Music	5	0
US	R3P0MC038GXBK1	B000003S5H	Music	4	0
US	R2L6VFRSX42719	6305036365	Video	5	2
US	R29TE73QBKRQET	B000002J1M	Music	5	0
US	RPUYTWXWMUBAY	B00000AFFF	Music	5	0
US	R28DFG9DED4SP7	B000002IWH	Music	5	3
US	RE9VZXIGXNSLJ	B00000DGUG	Music	5	0
US	R3P5XX67RDKHY8	B000002UDB	Music	3	0
US	R3HLLODMOE1R9J	B00000F1D3	Music	5	0
US	R20VW237XXYCON	B0000019PA	Music	5	0
US	R3T36K2O5ECR82	B0000028UK	Music	4	0
US	R2BDZZNOZ6FE9J	B00000DHTF	Music	5	0
US	R15HEY5DMV3DS7	B000005L86	Music	5	3
US	R3NWWAMO51WIV3	B00000FCBC	Music	5	0
US	R279BMBHKRPVEP	B00000FCBC	Music	4	0
US	R318ZHP0VWRIZP	B000002UZU	Music	5	4
US	R3HOU6TZRUMDI6	B000002I2I	Music	5	0
US	R26TQ4GN53OQFU	B0000025BL	Music	5	0
US	R1XIVMK9EGJCYN	B000003TAL	Music	5	3
US	RX53UKIWJUMEN	630417893X	Video	5	1
US	R31TSPY04V9ZHH	B00000DGUG	Music	4	0
US	RQFDB51BJ0Y5U	B000001FY7	Music	5	4
US	RYQ0WA0ARHXVG	B000001E8P	Music	5	0
US	R37Q4GF49LZM4W	630218021X	Video	3	15
US	R1P3XPZ471R55G	B000002INJ	Music	5	4
US	R1KAWY5UXIA2B1	B00000255F	Music	2	6
US	R3TL6P1LTJM9SV	B0000028W9	Music	5	1
US	RUADZDB90LML8	B0000024JA	Music	5	0
US	R1C5RCFFQLMR9O	B000001DVD	Music	3	0
US	R2EXP792MMNYEK	B00000DHR0	Music	5	2
US	R38GAJ8CVMWY3V	B000002UJQ	Music	5	0
US	RUV7JHXDA43HF	B00000DFRS	Music	5	1
US	RGQ3YD9LIR6KO	B00000DHR0	Music	5	0
US	RR8J7X68KV6JF	B000002KAT	Music	5	0
US	R2653R33BAHV26	B000000WJZ	Music	5	1
US	RZLDCUBMAUNHV	B000001FK3	Music	5	15
US	R3QAIVV96X94OU	B00000DHTF	Music	1	5
US	R3BDS4H0G65S6V	B000002UV9	Music	5	0
US	RCW2I6QX0D0U2	B00000AFFF	Music	5	0
US	R2H3QE36L0FMMC	B000000OSE	Music	5	18
US	RPB1SD4SL54PK	B000000OSG	Music	5	0
US	R2T0J18075QLB4	B000000OU6	Music	4	0
US	R2RNUTBWOTUA2A	B000002TQV	Music	5	0
US	R1HPQF901RRO7C	B000002AS3	Music	4	0
US	R1A7BGMOZ54UHX	B000000OAC	Music	5	2
US	R1FADQV0S9XQRO	B000002552	Music	5	2
US	R3DRQFND47F0IF	B000001IPL	Music	5	0
US	R1ASKW936FGKJR	B00000DHR0	Music	5	0
US	R3002OVXROF4RF	B0000027EP	Music	5	0
US	R1RBX0Q5KQWK2O	B00000FCBC	Music	4	0
US	R3NY03QSZ4GMGY	B00000APLB	Music	5	4
US	R10502XUVKH8GJ	6304510861	Video	1	1
US	R1DAL2655MIS49	B0000028W9	Music	5	0
US	R276IAAA1PZ9Q3	B000002H33	Music	5	3
US	R3TAMWJA04HM4A	B00000DGUY	Music	4	8
US	RW18899A2LIBY	B000000OAN	Music	5	2
US	RY8LO1A1QNUYZ	B000002L7Y	Music	3	0
US	R15QJSYXUG8MXN	B000005S5N	Music	5	1
US	R3O411RFP5V3CT	B000005ITX	Music	5	0
US	R18H8SXHCRHI7J	B00000DHR0	Music	4	0
US	R3DHAB0KEXE9PA	B00000DHTF	Music	3	3
US	R3GUY9GVEKRQII	B00000AFFF	Music	5	0
US	R3819551SN3BV	B0000029LG	Music	5	5
US	R3M7V7JDUWQPLG	B000002H33	Music	5	1
US	R14EH7MUVINGBA	B000000W5B	Music	4	0
US	R30QMM89L66AZX	B00000G28U	Music	4	0
US	RREYGY30LDZA7	B000002AT6	Music	5	2
US	R3DWDMHMS3TGHG	B000002KAT	Music	5	2
US	R2VG0JKD4YQQI0	B00000DGUG	Music	5	0
US	RWV3P3EO1ZVOC	B000000WA4	Music	5	0
US	R3MMZNZBF162F8	B00000DHTF	Music	2	1
US	RZYEB9W6XDQRA	B000002J27	Music	2	0
US	R9J3EC6NLKMU2	B00000BKDZ	Music	5	0
US	R30CS7XYENVAAN	B000005EJL	Music	4	2
US	R2N321FLU28HBF	B0000026WD	Music	5	3
US	R2C3008LLMBT0N	B000002ZM3	Music	4	4
US	R1FFLLYMIF6I6O	B00000AFFI	Music	3	1
US	R2MWFL67CS4P5W	B00000DGRX	Music	5	1
US	RSRXLVVFION2C	B000002NHN	Music	5	0
US	RTYXZGTP79QJF	B000000WAC	Music	3	0
US	R3MAC1ZLJXWCCW	B000002BUY	Music	5	0
US	R2DQMWJ6QKMMJ4	B00000FCBC	Music	5	0
US	R3RFOYFFI562JZ	B00000F1D3	Music	5	0
US	R3H3Q355FHPK4Q	B000002H97	Music	5	0
US	R32NLN64R24A1U	B000002H2H	Music	5	0
US	R3LBA3WMFBIZ5Q	B000003PBB	Music	4	1
US	R25RGOKO3U9EPB	B000002LGQ	Music	5	1
US	R118H3CZVDR8YA	B00000DHR0	Music	5	0
US	R1VH3MJUTU0ZJG	B00000DHTF	Music	4	0
US	R1CWH856GFNJ57	B00000DHRZ	Music	3	0
US	R3OCOZRO4LDJUY	B000005IRG	Music	2	9
US	R1OO7WTN6BON10	B000005RXA	Music	4	0
US	R2ZEYKSBT22ZAZ	B00000DGUG	Music	5	0
US	R3CHGMTV3UIFI3	B000002UJQ	Music	5	0
US	R2BCRJXW463ZCD	B000000993	Music	5	1
US	R24JC75VJP1LGI	B00000295Y	Music	5	0
US	RYVRGYTPO692	B000002AHM	Music	5	0
US	R30LFUAM15EBDA	B000002RAA	Music	5	0
US	RCQANX6VS3MZY	B00000AFDW	Music	4	4
US	R33PSQU32M89C4	B0000019PA	Music	5	0
US	R1X93YZ8OV2RM9	B00000DHR0	Music	5	0
US	R2562LS1Q8M2T3	B00000DCER	Music	4	4
US	R1AO0Z3YSM9CIP	B000002NJS	Music	5	0
US	R38B0HWB71JW7H	B00000G28U	Music	3	0
US	R1CB37PM1WRYAB	B00000ADG2	Music	5	0
US	RP1ZU0Q2DK99F	B000001EKX	Music	3	1
US	R371TA2IE39FOD	B00000AF95	Music	5	3
US	R23G74RFWLKSN	B00000AF98	Music	3	3
US	R3RV9SUIZB5PIM	B000001ELR	Music	5	20
US	R2ZCHNK7F1JT8B	B000002TQB	Music	5	0
US	R1MOT490UECYWL	B000002A33	Music	5	0
US	R22FMIYNSRQT1R	B000000W3G	Music	5	0
US	R2MAG54XXXY1DF	B00000FCBC	Music	5	0
US	R1066XA3OPW8ZZ	B00000AFFF	Music	4	1
US	R36CE8YD3CKQPS	B000002MFN	Music	5	0
US	R33PXU8MKX8Z9B	B000002LTV	Music	5	7
US	R13DECMAGWJA4M	B000002BYD	Music	3	1
US	R1FPX8ALF57H5Y	B000002KHF	Music	5	0
US	R2MEM6F7YW7WQT	B000002AJZ	Music	5	6
US	R3OQTOALKSR5AT	B000002KGT	Music	4	0
US	R2XM6X4NX55847	B000000FG8	Music	5	0
US	R3FEVZ3YK2MVUW	B00000F1D3	Music	5	0
US	R1K8N22TMV1W35	B000005KCG	Music	5	0
US	R99PX8G0SN66O	B00000DHR0	Music	4	0
US	R30QQGU9WLU302	B000002GVZ	Music	5	0
US	R29ZLKQSP28UOL	B000005YZM	Music	4	4
US	R1KN9JV2DS130O	B000002O5L	Music	5	0
US	R1URV24C9MK4XB	B000006OBQ	Music	5	0
US	R2JE0F7FBPG9EB	B000002H33	Music	5	1
US	R36068JN80BCBY	B0000025BL	Music	1	3
US	R1H9CN8VSVUX1K	B000002N25	Music	5	0
US	R224K2F2IEXSA0	B000002OMN	Music	1	0
US	R3CNESVR95NWG6	B00000FCBC	Music	5	0
US	R2AFRP0DKLKYAP	B000001FRY	Music	5	1
US	R32ZCGZ08G128T	B00000DFTH	Music	5	0
US	RICXTLW1KZHC4	B00000DHR0	Music	5	0
US	R7LPKQH1SPRCZ	B00000AFDW	Music	2	1
US	R1265BWOT1NF04	B00000DGUG	Music	1	2
US	R2TEZLHD707R7Z	B000005KB9	Music	5	0
US	R39KFBOCNAYOSQ	B00000DGUG	Music	4	0
US	R1NS07H6G2EOK7	B00000AFWW	Music	4	0
US	R2ZXUYAQHXFX0I	B00000DFRS	Music	4	3
US	R2EE5V07FURAZI	B000001ELL	Music	2	1
US	R1NJ1LHHX3J6AI	B00000AFDW	Music	5	1
US	R6DLBQ4WPZTIB	B000002QWD	Music	5	1
US	R1UKEO9LND33TB	B000002BWL	Music	5	0
US	R2KFLMT94QVXPN	B000005H4K	Music	5	2
US	R3GYQX1YEA8XM4	B000002J0B	Music	4	0
US	R27XPOVH7URVF1	B000002I2G	Music	5	0
US	R3AUAD8ZAWU3A4	B000002MTU	Music	4	0
US	R3TZRBE4MXPMVS	B000007R1A	Music	3	0
US	RLOER2LQ86UWZ	B000002NBY	Music	5	1
US	R1A7DH1GMGE1GC	B000005C1B	Music	5	0
US	R38HGHYHX229ZX	B000002VC5	Music	5	1
US	RQTKENDJ9SNKO	B000002JB8	Music	1	1
US	ROE5K5SZQ76EH	B00000AFWW	Music	5	0
US	R2RX8K3NVLSNA4	B000002J7U	Music	5	1
US	R1VOZ46S25F7BS	B000002ORU	Music	4	1
US	R3VECWVSVKF554	B000002IJO	Music	5	1
US	RIIOBYI6OT3SE	B0000020C4	Music	5	2
US	RRWQWWBM959U0	B00000DMJF	Music	5	0
US	R28VM1M57XY4WC	B000000OQY	Music	4	0
US	R1HGVRPRK4NQJW	B000002U82	Music	2	5
US	R22ECR2VDK0VJ0	B00000G28U	Music	1	0
US	R2SIF4EROV1U9K	B000002H6C	Music	5	0
US	R3FKU878O4KIA5	B000002H97	Music	5	0
US	R25GNFVTK1WIBY	B00000AFGM	Music	4	0
US	R2JXAWCXUAK76C	B000002L7Y	Music	5	1
US	R3M46LK7F0NCDK	B00000634J	Music	5	0
US	R1SUD0UKJR5932	B000002R0Q	Music	5	1
US	R23GTFB765TV8L	B000001GPW	Music	5	23
US	R26BU1ZNFNC3A	B00000DHR0	Music	5	0
US	R2R69LZ24FON14	B000002UB3	Music	5	6
US	R15QAN8R2ISPG8	B00000DFRS	Music	1	0
US	RTRMNIUPJVYF6	B000002UJQ	Music	4	0
US	R3RT3OGT8CWK80	B0000024W3	Music	1	12
US	RG2365U6OEUK0	B000002PCS	Music	5	0
US	R20VVYPQUWC10I	B0000027RL	Music	5	0
US	R26J1CNAOM9QJV	B000000I0Q	Music	4	0
US	RC96IW8LQLS4L	B000002KAG	Music	4	2
US	R3GGRJ90X6LDZA	B00000DFRS	Music	4	1
US	R1V8TB3GTR55ZC	B00000FCBC	Music	5	0
US	R3CJPZHBSTXFZ7	B000002BFZ	Music	5	0
US	R3EYVRK2JROTOS	B000002J29	Music	5	0
US	R1E7OQS05GIAAV	B000002J2D	Music	5	0
US	R3ASU7ZCRPZPRM	B000005RY7	Music	3	1
US	R4FK7K06PZ838	B000002ADT	Music	5	0
US	R3CXXAZTXASGSB	B0000047EC	Music	5	2
US	R11YQI8I89B6OL	B0000027I6	Music	5	0
US	R3E0UGDTEAFA71	B000002ULS	Music	5	0
US	R9ZTFA4O4RXZK	B000002ULS	Music	5	0
US	R2JCZR41AM291S	B00000FCBC	Music	5	0
US	R2SV9YMKTBN53G	B000002GF8	Music	5	0
US	RYJ7UU80J8N7M	B000001EXR	Music	5	3
US	R1AI9Z3RDGGBP4	B0000025QC	Music	5	0
US	R3KMZC3Z0GZE1O	B0000020C4	Music	5	0
US	R34JCX5W83NB8Y	B000002UJQ	Music	5	0
US	R2AGT4LBUO6DOO	B000002JB3	Music	5	0
US	R3E6LRJVIXJNX2	B000000W6R	Music	5	1
US	R2MMDKO3C3AY13	B000000WA4	Music	4	1
US	R1YBPETYMPQCNH	B00000DHRX	Music	5	1
US	R135ME1T12ZBXC	B000002W3R	Music	4	4
US	R1GCKTF7LV8CTV	B000002C1Z	Music	5	0
US	R1ZHAZRBQFJ8EY	B000002WEH	Music	5	2
US	RFNU86P2M0RZ2	B00000DHTF	Music	5	0
US	R29O76LIXRUC7V	B00000DHTF	Music	5	0
US	R18QOFXNU1A0ZA	B00000AFWW	Music	4	0
US	R1KOYOE8O2F1J4	B000002UTK	Music	5	2
US	R2YUAAGF08QF9V	B000002KAT	Music	5	4
US	R1TIKWC62IMNUD	B0000026UV	Music	5	1
US	R3NI8HA4TL52I2	B000001G89	Music	5	10
US	RMWFJ3SBWYF7T	080013558X	Video	4	0
US	R3GEFPXQ5DHVT7	B0000027I6	Music	4	1
US	R2B5WI86PG1STG	B000007NYS	Music	5	0
US	R2ME90CGJKXO9	B0000039QP	Music	3	0
US	R2AUD852C3SXW9	B000002KYK	Music	1	5
US	R2YX28OJEBDY8C	B00000DGUG	Music	5	0
US	RQH85EFFD24X	B000001DTM	Music	5	1
US	R1L40WCAVGZVWG	B000002IZM	Music	4	0
US	R36ED9IN9GNNTJ	B00000DHRZ	Music	5	0
US	R1LUZ6IW8Z6RYS	B000002J09	Music	5	0
US	RPS2MBRSA7XQK	B0000039PW	Music	5	1
US	R15LHLQHSOLJEW	B0000000LI	Music	5	0
US	R64SIFQOZ4YWM	B000000WCA	Music	4	0
US	R3DXSPX53UWIBD	B00000DC4A	Music	5	0
US	ROEP7JSW01V6L	B000002N25	Music	4	1
US	R22RDU505G4JFB	B00000FCBC	Music	5	0
US	R2AWGKIIUU8PJE	B000006NPY	Music	4	0
US	R21IKU2JW8KJLG	B00000F1D3	Music	5	0
US	R2NJORQLBGBQ0N	B000007O9L	Music	5	0
US	R3NZGU5BCV27I2	B000008H1R	Music	5	1
US	R58ROZYCBB396	B000002J5K	Music	5	1
US	R1JPPX87WS0WA5	B000001FKY	Music	5	0
US	RW4CYPV35EZ0	B000001F95	Music	5	14
US	RM56D5DFARU61	B000002AOD	Music	5	3
US	R2FHBITTWVV9V8	B00000ADG2	Music	5	0
US	RE0ZPXADO1MLL	B00000ADG2	Music	5	3
US	RAVDAUXND256N	B000001F95	Music	5	0
US	R3QTY0UFCL1G4R	B00000ADG2	Music	5	0
US	R3DTFN5UGRRLYT	B00000DLV1	Music	5	0
US	R1XY6KHZZT0MO9	B000002MFE	Music	5	0
US	R2SW3XTPCYBQYM	B00000FCBC	Music	5	0
US	RG1Z464Y0IMGP	0790738074	Video	5	1
US	R2PVOWR1VERXAQ	B00000ADG2	Music	5	0
US	R329JPJ7AVQY6I	B000002B5L	Music	5	2
US	RY3C9J87Q57ZA	B000003N7K	Music	5	1
US	R62DLURFGFU6Y	B000002I7H	Music	5	8
US	R3L08MNT62QCT1	B000002JOH	Music	5	0
US	R2XB4VLOOPPTGI	B00000DHRX	Music	5	1
US	R2F5C0DGSI56DE	B000002JPA	Music	5	0
US	R1QFS3A6PPYWTA	B000002MU3	Music	4	3
US	R3UVAUCZ29ILF	B00000DHR0	Music	5	0
US	R1JAM3S08BALRC	B000002UAU	Music	1	14
US	R2NJWVE8YB913I	B00000AFFF	Music	4	0
US	RUA6ZRXYSFGR4	B000002GFC	Music	5	0
US	R2KUKDJ941PG5O	B00000FCBC	Music	1	2
US	R3PBZWMSY0T9X6	B000002UJQ	Music	5	1
US	R3123F8WFQHR8	B000002OX7	Music	5	0
US	R2ZEBZIJFKTXBO	B00000DMJF	Music	2	0
US	R2ZN9KSEL7SZRO	B000002JSN	Music	5	1
US	RIU3Y23T17I9N	B000002LKU	Music	5	3
US	R3KJJ9UPPHHCKJ	B000002N25	Music	4	0
US	R3ALUDS754B1P1	B000002LCB	Music	4	0
US	RT1855JUYQG5G	B000002JNJ	Music	4	1
US	R3KA3WK5T0V63N	B0000024Z7	Music	5	0
US	RBYFV26G1JPE5	B000001ELB	Music	5	0
US	R27IMJRLQNYA4M	B000002C2E	Music	5	0
US	R3G620744SNNRI	B000002UEB	Music	5	0
US	R3PFWY79JI368O	B000002UZ1	Music	5	0
US	R3L0CJNYWNYIE9	B000009RC2	Music	5	1
US	R2EUKB81EYJT8J	B00000ADG2	Music	4	0
US	R2QLLEJTC9ELUN	B000002UB3	Music	5	6
US	R2197DBCSYEVIR	B000002LOE	Music	4	1
US	RF23DGV5TWZ8T	B00000DGUG	Music	4	0
US	R25D7NPFQPXYS4	B000002MG1	Music	5	7
US	R5578AQGWZFLS	B000000OSW	Music	5	3
US	R2UUDU578SIASB	B000002LFU	Music	5	0
US	R3PS53VHAB2IVG	B000002I8D	Music	5	0
US	R7NTUG87V44RR	B00000DHTF	Music	4	0
US	R2DC125W7FCCF9	B00000DHR0	Music	5	0
US	R2B388T404IXMT	B000006OAM	Music	4	0
US	R2YP1DBDY1U7VF	B000006045	Music	5	0
US	R30U3NBTO7RFN3	B000002AHM	Music	5	0
US	R3QRE7RENVV877	B000001F45	Music	5	2
US	R3IZOVATRJT0AS	6305169187	Video	5	0
US	RTOKJWCN8OIJ8	B000002NJS	Music	5	0
US	R2L9JQ1SKOEU1Z	B00000DGUG	Music	5	0
US	R28P0PRNN0A3I2	B00000AFDW	Music	4	1
US	R1SVKLRZL5M0TH	B000002U82	Music	3	1
US	R2IVFAZ89ZJ5YC	B0000028RR	Music	2	7
US	R1OIIQU0F4PLK0	B000002GF8	Music	5	1
US	R2F9LBPZWY33ND	B0000025YL	Music	5	13
US	R171YHY8FC6WHO	B000002GBD	Music	5	0
US	R3KLKAYK1DSNNZ	B000003S5H	Music	5	0
US	R2JWDX5XKHKHA9	B00000018N	Music	4	2
US	R30JADL70WMLI0	B000003RCY	Music	5	0
US	R3GEK3NHMJNHWF	B00000DHRZ	Music	4	0
US	R38ME7ETS9N8A2	B000001ELP	Music	5	1
US	RQ7GBHTII2DPI	B000000WG4	Music	5	0
US	R2AZ5G616HLJP7	B00000DGUG	Music	1	0
US	R3ARL09A8C382U	B0000029GA	Music	5	4
US	R3EMUC6TPLX3NY	B00000DF6O	Music	5	1
US	R303Z9W0YNIZTV	B000002KOJ	Music	5	5
US	R2J8UGMEIYA4AK	B000002O2Y	Music	5	0
US	R3UBAGP08YWAOT	B000001EAQ	Music	5	0
US	R1P2FYNSW8Z3JK	B00000AFGM	Music	5	0
US	R237VRLWJ52PY1	B000000XCK	Music	3	3
US	R250E7RH3JPWDU	B000002BSG	Music	5	1
US	R1186Z5L188U26	B00000DBXL	Music	5	0
US	R2TWO17DWKQBVD	B000002E5J	Music	5	1
US	R2XHSUJZ7XQFGK	B000002ADT	Music	5	0
US	RJV2SLJP33380	B0000042H4	Music	5	1
US	RHGAGHFFC597M	B00000099Y	Music	4	0
US	R31211BJ7I4MBR	B000003TAR	Music	4	0
US	R5O5BXA4ALFG0	B000003TA4	Music	3	1
US	RJ8OM33P7V733	B000005ITX	Music	5	1
US	R1UT32DD0H6ZV1	B00000FCBC	Music	4	0
US	R3DSJCC20OIZ0D	B000002UDV	Music	5	1
US	R33T7C8SN1HG89	B000002NBY	Music	5	2
US	R2ARAN4FGFBN15	B00000G6TK	Music	4	3
US	R16SLOIDCZMWKP	B000002UAU	Music	5	8
US	R2B4LZX8XT1SGJ	B000005S2F	Music	5	0
US	R2XYBMM8EUTM2T	B000002UZ1	Music	4	0
US	R23VM0VT30V87H	B000002UAX	Music	5	0
US	R5B3MZ95H3SKZ	B000002KAT	Music	3	1
US	R3LP6HTEEPIR1U	B000000WA4	Music	5	0
US	R1M3JO56P9BV0J	B00000AFWW	Music	5	0
US	RD71TNOBVIZGA	B000000JO3	Music	5	0
US	R3U0T30AHK2D22	B0000057C5	Music	2	1
US	R30P8V7VNV4YXP	B000001GE5	Music	5	3
US	RSX722CYRYNYN	B00000F1D3	Music	5	0
US	RCL7EKOQ2O782	B000000WFZ	Music	5	4
US	R134P7634V3G1C	B000000OPU	Music	5	1
US	R137VJ5CR4AR3R	B000003TAW	Music	5	0
US	R1H1HK344PXXN5	B000001FA4	Music	4	0
US	R2NXCLSWDPSTL	B000001E2W	Music	3	1
US	R1FRN0YZSHUO89	B000002JSH	Music	3	2
US	R3RJW1IHP61ZSL	B00000D9TQ	Music	5	1
US	R14WBYLC09GYF6	B00000DHR0	Music	5	0
US	R2VV9YAMJUL9J9	B000005ALN	Music	5	0
US	R2CDQRBFIR8B1	B000001EIA	Music	5	1
US	R3QM4DI9RG1S1E	B000000WF0	Music	1	2
US	R3BS4E1M4DU2EV	B000001ED1	Music	5	1
US	R1R6L1DN051LMH	B000002GHH	Music	5	1
US	R3T34HPGW4RT78	B00000DHRZ	Music	5	0
US	R35ZXB1V9EKS32	B00000DLUV	Music	5	0
US	R35819GWBVJ1YU	B000002UAU	Music	5	16
US	R1HOHQRDJ0HJYX	B000002U82	Music	5	0
US	R1J9S5D7UVJOWV	6305120706	Video DVD	5	0
US	R2LYS0IZZ20VPN	B000002MU3	Music	2	1
US	R1BRPYJ4WO7N0T	B000003BEV	Music	4	0
US	R3OQ0WLLTMVLDJ	B0000025QC	Music	5	3
US	R101L927FOHFTP	B000001EAQ	Music	3	2
US	R385LOM11YRW6M	B000003BEM	Music	5	1
US	R22H59SSR3IJD6	B000002NJS	Music	3	0
US	RS1PCS7ERNFIY	B000002UDB	Music	5	0
US	RXELBJVLHZMP6	B000001E7L	Music	3	1
US	R1V576422P4QOX	B000003S5H	Music	5	1
US	R2PTRKHOPK0STF	B000002KYK	Music	5	3
US	R1I1LMXTTGWU9W	B00000DFRS	Music	4	4
US	R1AEMEMLM3DCRW	B000006NPY	Music	5	0
US	R1I7A4HTH0MFUV	B000000ITU	Music	5	0
US	RVA6UJCRS2GR0	B000001EL3	Music	4	0
US	R17ZB3NJ4BE0YR	B00000253N	Music	4	0
US	R3XED7LG1FFAW	B000009VOL	Music	4	0
US	R2B1I3XL7NOTNY	B0000027I6	Music	5	0
US	R22C83NQ8EPBBO	B00000F1D3	Music	4	0
US	R10OIX83TBEJ64	B000005JKH	Music	5	1
US	R1Y4LRWIS9CVSD	B00000DHR0	Music	1	1
US	RSNNGJB7GD3IJ	B000005IS1	Music	5	1
US	R1LQURTL9Z8RB5	B00000D9TK	Music	5	0
US	R6MBB08IQ01QT	B000003S0K	Music	4	9
US	R1UY1O9L8NJO6A	B00000DGUG	Music	4	0
US	R2QGS3WXI0GRZB	B000002TPS	Music	1	0
US	R3U9404CD4PRCQ	B0000017CA	Music	5	0
US	R2T1JIWPIYTZV3	B000005S27	Music	5	3
US	R1W2CRGZ6M9GC9	B000002BFZ	Music	5	0
US	R1LUYWDWVON36Z	B00000258P	Music	5	0
US	R1BHE6CEKW39EP	B00000DHR0	Music	5	0
US	R3AO0HIXQ2UMWA	B000002897	Music	5	0
US	R3GFVNN1GTNLHN	B000000WJZ	Music	5	1
US	R2G7732WXUVGC0	B00000DHTF	Music	5	2
US	RSJRZEJHX92ZA	B000001Y42	Music	3	0
US	R1HJAC172NSVE8	B000002KGT	Music	5	0
US	R165XFO7IGDG2I	B000001DYD	Music	5	1
US	R1D5HPBH9U4LDF	B000002I6V	Music	5	1
US	R2G03JBGD51TWC	B0000057C5	Music	5	0
US	R1M64O31AS4HHT	B000002H6C	Music	5	0
US	RIAT32H4UWUAE	B000002HMH	Music	1	2
US	R38K75LMZWGCY3	B000003TB6	Music	5	0
US	R16ZVW39X227XY	B000002UZ1	Music	5	1
US	R275XSVC4MXK2Z	B0000057C5	Music	5	0
US	R22B2UODQJZKJK	B000002UYZ	Music	5	2
US	RKRT0GSO25GM1	B000002G26	Music	5	1
US	R2IOUQRY6POTSH	B00000D9TK	Music	5	0
US	R34C28OOOLBA8R	B000002WPI	Music	2	4
US	R31815DU1OFALF	B000001E7T	Music	3	3
US	R1M5JCOLEP6LTU	B000002H48	Music	5	5
US	R3LIHQE0B4PEBQ	B00000DBXL	Music	2	3
US	R7YW5NZ1I67EH	B00000DHR0	Music	5	0
US	R9KQZHER5MHGC	B000003CMB	Music	3	3
US	R380ZNPV3W1B4D	B0000067L2	Music	2	3
US	R3VYKD8VVSBS8Q	B000002UW1	Music	4	0
US	R2U0YT8MXX0BDQ	B000002WPI	Music	5	0
US	R168TMB64LVKJ0	B00000ADG2	Music	5	0
US	R1DOEFI5HDSAEP	B000002MP2	Music	5	0
US	R2X6TF5TCN9131	B000002JAX	Music	3	4
US	R39DENVKEZB2BJ	B000003Z12	Music	5	1
US	R3VVFIU7FKE400	B000003TBP	Music	5	0
US	R19ZG4YW25EOTW	B00000DHTF	Music	4	0
US	RB63GQJX1N4HJ	B000001EPB	Music	5	0
US	R3J3MEBCDSCLQ2	B000005JXG	Music	5	0
US	R2KJHY7W7YOXW8	B00000AFFF	Music	5	0
US	RQP6OHTDM2HEB	B000002KM6	Music	5	2
US	R2Q0MFATRGP6CP	B000001ESF	Music	5	0
US	R10Y67QL91R4OT	B00000DATR	Music	4	1
US	R3FM0QIX7505BM	B00000BKJA	Music	5	7
US	R36JJ70VSH0V8S	B000001EAQ	Music	2	2
US	R27APIZHHN0L90	B000002KBH	Music	5	0
US	RDQQ9NMR0EASR	076780421X	Video DVD	5	1
US	RXAIYKNGO7FTB	B000002GGO	Music	5	7
US	RI1AHN9S62CAU	B0000024JN	Music	4	0
US	RTAHEZGX691Q2	B000002J09	Music	5	0
US	R7QXKYLNARQUE	B000003S1A	Music	5	0
US	RRWZ2VNDV27XY	B000006NPY	Music	5	0
US	R263VKP4GW9Q5Y	B00000DGUG	Music	5	0
US	RE8YIG49DEI4M	B00000897V	Music	5	2
US	R3C8TNS6YYPXC1	B0000024V2	Music	5	4
US	R2ZKG4F9X67UQF	B000002U82	Music	5	0
US	R2ZUW8Z0HP4N0E	B00000ADG2	Music	5	0
US	R3U2USO6GK40HQ	B000001EUN	Music	5	1
US	R3U3LKHF5NL4ZL	B000001F45	Music	5	6
US	R1D42VAV8OGNR5	B0000027RL	Music	5	0
US	R61W8S2YWW0A3	B00000FCBC	Music	5	0
US	R3W0SI3K39JISQ	B000003TA4	Music	5	0
US	R1Z3WJ75WCRXJU	B00000DHR0	Music	5	0
US	RV9V7CQN0W95Q	B00000F1D3	Music	1	0
US	R2EY6FE3L7EJNK	B000002UJQ	Music	5	0
US	R2MWU3CPBDHR06	B000001FY5	Music	5	2
US	RXQQPX8T79DWT	B000001IPL	Music	5	0
US	R2BH6BB4PRQBM1	B000002RAA	Music	5	1
US	R16KHEW6I43L44	B00000DMJF	Music	3	1
US	R5AYGDLKBL7EA	B000003BDJ	Music	4	0
US	R12PYXCO1G33NO	B000002KKC	Music	5	1
US	RFI8QCZREB5UL	B00000AFGM	Music	5	0
US	RF9T1WMNYETBX	B000002LMK	Music	5	1
US	R21HROCDII2QD6	B00000DR52	Music	4	1
US	R13077LRG8ZNDF	B00000DQSS	Music	5	3
US	R1SJMHCY6A6FJX	B000002L5I	Music	5	0
US	R2V8PCD8YLS4WS	B00000DCWQ	Music	5	0
US	RSC3PD7YXIXG3	B000002C4J	Music	5	0
US	R1Q0D530A4ZHZE	B0000025BL	Music	1	3
US	R25BQY15LN8GFO	B000001EKX	Music	2	1
US	RPD6NII432BIZ	B00000DFRS	Music	5	1
US	R3JTHKM8A5XT8J	B000006NPY	Music	5	0
US	R11GUY7VBRX9MT	B000002MP2	Music	4	0
US	R32TJZBR4207JN	B00000AFFF	Music	2	4
US	R1ZQ7EGUD21IXC	B000000OQ5	Music	5	1
US	R1AEMI2NY6RPDW	B00000AFFF	Music	2	0
US	R1XNCZL8ZAB9CD	B000005K23	Music	5	1
US	R3ENO0WO3IDCPL	B000002BFZ	Music	2	2
US	R1PJEG8L0R2O4T	B000002NJS	Music	5	0
US	R1KF40HDJV9ZZK	B000002JS6	Music	4	0
US	R3K5SDM1Y38UNV	B0000047CW	Music	5	3
US	R1YN29TGUMX7QO	B000002UA9	Music	5	4
US	R1WQFK0HCD7OXN	B000000XCA	Music	4	3
US	R1C38WNXATOYSY	B000002J09	Music	5	0
US	R1UIP0EAPE7TJQ	B0000024TQ	Music	5	1
US	R21KQMKSFWE5Z9	B000002NIW	Music	5	0
US	R1DHPNN2YV33EL	B00000F1D3	Music	5	0
US	R1YUPV4RX4H9JO	B00000FCBC	Music	4	0
US	RKISMMU38L2ZL	B000001IPL	Music	5	0
US	RKFYQVIIM9XWB	B00000DHRZ	Music	5	0
US	R1PZ8FAVNLLMD2	B000007XUQ	Music	5	2
US	R7Q360QJTDVT4	B00000099Y	Music	5	2
US	R3UUTZEUDPCMR3	B000002H97	Music	1	12
US	R2OQXX5UVKUTGY	B000001085	Music	4	7
US	R127OBS8XG6S6C	B000001Y5X	Music	5	0
US	R3VADLGIILK8V6	B0000025CP	Music	5	0
US	R3FJUDPN8RC1NG	B000001Y9I	Music	5	2
US	RZPHYSLVQP624	B000006TSC	Music	5	6
US	R3FJ89UAVT6FAR	B000002UDB	Music	5	0
US	R28EKUYKTIZZ45	B00000AFGM	Music	5	0
US	R159VV5BNUAC7R	B00000APLB	Music	4	1
US	R2BR6XXJIB9I9I	B000001FS3	Music	5	2
US	R3UD5LIX0CXKBH	B00000DHTF	Music	4	0
US	R1KRXIPTHS2337	B000002I27	Music	5	2
US	R3109PUFTRSD7E	B00000DFSK	Music	2	0
US	R11XKU54ZEVGW5	B00000253N	Music	5	1
US	R1316EDE2AB2W0	B000000WF0	Music	5	0
US	R3HYZSY4LJV7IM	B0000025VU	Music	5	0
US	R26EZUGRITTG5U	B000005RS7	Music	5	2
US	R3IQJ962GCF1JM	B0000025DV	Music	5	5
US	R2GJU2LVW4AMAY	B000000OSE	Music	5	0
US	R3LZGRZ7PNM5JN	B00000DHR0	Music	5	0
US	R2SYPA7GAF33DU	B000002A46	Music	5	0
US	R2RYVSP6DZUAHG	B000001E18	Music	5	0
US	RE1RNO7ZITNRL	B00000DHRX	Music	5	1
US	R2EV2YMGR4QM8E	B000002H33	Music	5	1
US	R1ZUCQ6U45WHX4	B000002KD5	Music	5	0
US	R122HEIJW142NI	B00000FBRE	Music	4	0
US	R2O3RQF2K7219S	B000002GQE	Music	4	1
US	RRJ8VODJIUJF5	B000002VMD	Music	2	4
US	R2PSRGDZP7AA1I	B000007XUQ	Music	5	1
US	RPAHGH4DD5BQ7	B000002UA0	Music	4	0
US	R3FINQEYI23KVG	B000002U8G	Music	4	0
US	R17XKN0QLQ905H	B000002MI4	Music	3	3
US	R1RURIECEJDSGQ	0790738074	Video	5	2
US	RT6E7DE88N2SW	B0000025RI	Music	3	8
US	R2WE2I68IVDAL0	B000006ZL4	Music	5	0
US	R2EZZ1GCLCJ7TV	B0000087QO	Music	4	2
US	R3U5KMCH8V0XQJ	B000002GDJ	Music	4	2
US	R138BL22AQ8CL4	B0000017CA	Music	5	0
US	R3JDG9O0RQPN3J	B000002NHN	Music	5	0
US	R3TDPWOS3ADNPN	B00000FCBC	Music	5	0
US	RO4Y58QGFSXNS	B000006EBK	Music	5	1
US	R21SN0ZQGNV9R8	B000000OQY	Music	5	0
US	RC43UHAZ5ET5A	B00000FCBC	Music	5	0
US	R2UB9TCXDUEHXN	B000005RSW	Music	5	0
US	R1ROZCW32HJ2YA	B000003TBP	Music	5	0
US	R2TS3OIX1C9T2	B00000DHRZ	Music	4	0
US	R29OH1ZYBTGOAJ	B000002BE9	Music	5	0
US	R12ZEZJNP7ISPO	B000000OSW	Music	5	0
US	RX586G6T0SJ8A	B000002BYD	Music	5	0
US	R3LSFJJ25F8RZF	B000005HCM	Music	5	7
US	R2IT2QL87RUC4M	B00000DC10	Music	5	3
US	R5IN9HT99EQQW	B000006MV8	Music	5	2
US	R2XTLV286WA8CD	B00000DHTF	Music	5	0
US	R38NCZWP91LPKW	B000002UJQ	Music	5	0
US	RSZE3UGXY6227	B000001F6N	Music	4	3
US	R3IWBPFI56RHSQ	B000002H33	Music	5	1
US	R1SYTKQIQU84NY	B000001ZS8	Music	5	4
US	RFW7CF7A111QD	B000002LKF	Music	5	2
US	R2MFKT7UGS43F	B000001FS3	Music	5	2
US	R2VND23HWJ55KY	B000002UAR	Music	5	7
US	R19MOBER2IRKJN	078061755X	Video	3	5
US	R1VH1I01QKMMS	B00000DGUG	Music	5	0
US	R2PBMKMO7EPTUJ	B000001FI7	Music	5	1
US	R15B159T53Q9IQ	B000002C1Z	Music	5	18
US	R1A948LAMQPY6Z	B00000BKI4	Music	5	0
US	R3ELZSZJNJE3N4	B000002UVZ	Music	4	0
US	R30JOF9TTG1ZPF	B000002NJS	Music	5	0
US	R2HHM1L4A02QOH	B000002UJQ	Music	5	0
US	R3MJXCBWQUTEJ0	B000002HPV	Music	5	4
US	RPZO65YD3BKVG	B000002GG0	Music	4	1
US	R2P262RYFV4FPC	B0000024SI	Music	5	0
US	R2Y3CE1SAKA2FG	B00000DMJF	Music	5	0
US	R37FMZYLRDVRPD	B000006OAM	Music	3	0
US	R30628854MXL23	B00000DD1S	Music	3	8
US	R2GPTYHZBBM275	B000002BQK	Music	4	0
US	R4RJSM313MS89	B000002OOY	Music	5	0
US	R1QWQ0CO0KGBAJ	B00000AFWW	Music	4	0
US	R3PL573OZVUL3B	B000002NHN	Music	5	0
US	RMZ2EHMZ09ZB9	B00000D9TQ	Music	5	1
US	R3FV4YJ0XM2T3D	B000000OPQ	Music	4	2
US	R9MCI10WFPJ36	B00000DLV1	Music	5	0
US	RCATEU4T87VYZ	B000003TSP	Music	5	0
US	R1RUKNFXBOBESB	B000001FI7	Music	5	0
US	R1IJEA9HLNQC9V	B00000DF6O	Music	5	0
US	R1H3XMOLJ1JES7	B000000I0I	Music	5	11
US	R341AJ3I5PK4HS	B000002BQK	Music	5	0
US	R3HZYCL3NVVF99	B000002OG5	Music	3	0
US	R3BJZJTXJZYB73	B00000253N	Music	5	0
US	R1ME76JVY7BV8Z	B000002KKC	Music	4	0
US	R2IFE6SMHHAEP5	B00000AOTZ	Music	3	3
US	R25RBZZ7HKSC1F	B000002KD5	Music	5	0
US	R14M9KMZ39VWG8	B000002LFZ	Music	5	0
US	R2CAJK2TRGFVIM	B000001EGE	Music	5	1
US	R3D7551H0HPSY	B000002L9Y	Music	5	0
US	R3OCMFHK4C0MLK	B000001FY9	Music	5	0
US	R33CU4CKA51IZL	B000002KKD	Music	5	1
US	RTVYTM3HGVPIN	B000002KXO	Music	4	0
US	R2A6X0SX33PE2L	B000002IZM	Music	5	4
US	R2WMS21VPNM268	B00000ADG2	Music	5	0
US	R2TDEDO56X1JOW	B000000IVW	Music	5	0
US	R38ESW3U37X3CZ	B000001GBJ	Music	1	4
US	R1RGZ5KIJNKWXZ	B000000WFU	Music	5	0
US	R3RBDH8WNLNEG0	B0000021RB	Music	4	0
US	RL5Y3CEO1X8G6	B00000DHR0	Music	4	0
US	R5DC8TG4DAJ5V	B000002ADT	Music	5	1
US	R5EWXM8YGOI8Y	B000003PLZ	Music	4	1
US	R2VLT912PO8HMF	B000002UJQ	Music	5	0
US	RYZ41HKYI2R6P	B00000AFDW	Music	5	1
US	R2IWCEMCP7SBHX	B00000AFWW	Music	5	0
US	R223R53ISRUCP1	B000000W6F	Music	5	0
US	RYY06631FSZXV	B00000DHRZ	Music	5	0
US	R3FH88HQV2A7AX	B000000I0I	Music	5	2
US	R1WWENHWXYRJ34	B00000DHR0	Music	5	0
US	R182B96VXVGVII	B000001FAU	Music	5	1
US	R3EVV69JG7KJM7	B00000AFFF	Music	4	0
US	R2AXT0RP8OFLJ6	B000001ELF	Music	4	1
US	R36V51N4IVMMQ5	B00000DHRZ	Music	1	0
US	RW3EHSBVDDH55	B000002B82	Music	4	0
US	RWWSQ3POAR0J4	B000000H57	Music	5	0
US	R2GC1O08N4GVTV	B000003N7G	Music	5	0
US	RI811QZ0T47EZ	B000001F27	Music	2	0
US	R1O3SHTOJOE13C	B000001FBM	Music	4	0
US	ROER5MJK6B5MN	B000002JS6	Music	5	0
US	R1RKHJQ82HXMNO	B000002JK4	Music	5	8
US	RLS9LB4F0AJNZ	B000005RFQ	Music	4	0
US	R31ZW5T7R5LCX9	B000002JSV	Music	5	6
US	R3MQ26FLS87CGC	B000002B7O	Music	4	1
US	RR8IONFTRFV9D	B000002JOF	Music	5	1
US	R3P79ZMCIUDXMW	B000001ELD	Music	2	2
US	R2NI2E1KXW0WOM	B000002KE2	Music	3	3
US	R8EKXIM8GS4B3	B000002L7V	Music	3	0
US	R1UI6VVRTCGOUF	B000002KKS	Music	4	1
US	R2EALUK6B1P5NJ	B000000OPZ	Music	3	1
US	R150G0K1VQRK6O	B000003PLZ	Music	4	2
US	RK5ZBX4OZYDQT	B000002B7S	Music	4	0
US	R3IZNA66JUXW6Q	B000001EAQ	Music	3	1
US	R2VC2NT8F7PBAT	B000001FMQ	Music	5	1
US	R15S36T0LFWUFR	B000002IQ9	Music	5	0
US	R1X62DT0XGIMYX	B000002GJH	Music	5	0
US	RO3W4CONRZHYQ	B000002UDB	Music	5	0
US	R7OIP40PQT1H6	B00000F1D3	Music	5	0
US	R27OQ62A2BRY45	B000003CMB	Music	5	1
US	R33BU7A7VE3OIW	B000002I25	Music	4	0
US	R22I1KPI57GPKY	B0000024SI	Music	5	5
US	R38Q16Y7JC04CW	B000002UB6	Music	5	2
US	RVXZ1YSOUHLW1	B00000DHRZ	Music	5	0
US	R1LA55NY6B6BKJ	B000002UB3	Music	5	8
US	RFAO4PN4AQEX6	B000002BSG	Music	3	2
US	RDJSP2AD08FZ5	B000000W5N	Music	5	12
US	R20JTEWXJPUFGY	B000003NA4	Music	5	0
US	RC6YKT5B0QNYI	B000002LIR	Music	5	1
US	R190TZ9P32I762	B000002HMH	Music	4	0
US	R39MW2G7PE4SLJ	B0000025HU	Music	5	0
US	R3HXPK0FZBGZO9	B000002H33	Music	5	1
US	R312NQV63UBGMG	B00000F1D3	Music	5	0
US	R2C2V4L800UAMU	B00000DLVA	Music	5	0
US	R3L6R6PHJ0OJXD	B000001ABD	Music	4	0
US	R2RKVLH913TMXZ	B000002H70	Music	5	0
US	R3818DF73HNWUO	B000002MIB	Music	5	0
US	R39LXEC6BIOBKE	B0000029LG	Music	4	0
US	R2UM8HLYM5FUH9	B000002IO1	Music	5	2
US	R2Z0ZSKCMT0ZAL	B000002L5P	Music	5	0
US	RXZ6Z3V8IF70D	B000002HHB	Music	5	0
US	R4DJ6KS15Q319	B000000WHX	Music	5	0
US	R3SKOJSAWJTHFG	B000001FI7	Music	5	0
US	R2F647DYGW0OWG	B000002UJQ	Music	5	0
US	R37N75K0ZZDSTO	B000002MY3	Music	1	8
US	R307VWPSTPQDMD	B000001IPL	Music	5	0
US	R1XE5564BQB3D2	B000002BBY	Music	5	0
US	R1LT1TU4GUNTIB	B000002UAU	Music	5	7
US	R12HS3FSN2E2IS	B000002MT0	Music	5	2
US	R9HBK1YUX72CO	B000006U44	Music	4	0
US	RCPVOTB0RYQHJ	B000002AVF	Music	5	0
US	R2H8S5EUYAJ00C	B0000028RR	Music	5	0
US	R3R6U4KV1FB0QN	B000002MTU	Music	5	0
US	R1JVQOPLJ1MOG	B000002GG0	Music	5	1
US	R2SUG5M1J48S2R	B00000G6QK	Music	5	5
US	RLRLVCX5BIXZT	B000009VOL	Music	5	2
US	RNHCXX567SG2P	B000003TA4	Music	5	0
US	R31LTM5H7J1JQF	B0000041TD	Music	5	41
US	R2DNLOAFY7D89U	B000005S37	Music	1	3
US	R15GYTEA1OU62F	B000000I0H	Music	4	3
US	R1RR8NIAN6CY1G	B000002HAJ	Music	5	0
US	R1FKRSBDFW2RAG	B000005IZ8	Music	4	1
US	R1V4JZWVI6EFCG	B00000DGUG	Music	5	0
US	R2PBWUH6IEHOUY	B00000DHRZ	Music	5	0
US	R76XMYLNMELTI	B000002BFL	Music	2	2
US	R18Q43OTTSEKNZ	B000002UA0	Music	5	1
US	R1M2Q2AOHB7IMP	B000002U82	Music	2	2
US	R327ZPD40QKKIY	B000002LFU	Music	5	3
US	RGCQXHT4D8XD	B00000255F	Music	5	2
US	R280WMJTD2S5AH	B00000253N	Music	5	0
US	RCYKRI8A6TBYW	B000002AGN	Music	5	1
US	R2LL2H9TVO0RB5	B000006XXV	Music	5	0
US	R3TPQPDZ7ZTI93	B00000DGUG	Music	5	0
US	R29HY1TJ4HU1HV	B000003TAR	Music	5	1
US	R2S3XR6X4OY35F	B000002KBU	Music	5	0
US	R3SUVG91KX4WST	B000002BFL	Music	4	0
US	R12SM0UX3814PV	B000001Y2U	Music	5	0
US	R2F8UN5EIPM932	B00000AFHM	Music	1	7
US	R17G8F6RKFHU9Q	B000000OSE	Music	5	0
US	R37IW98KCU1L8X	B000003TSP	Music	5	1
US	R2JWA87S2G4XXT	B00000AFGM	Music	5	0
US	R2YHWRH4NO96TJ	B000002UA2	Music	5	0
US	RU7MW8YQQYHXX	B000000OQ5	Music	5	0
US	R3A7MMYQL580HK	B00000DBXO	Music	4	0
US	R2R9BNMYWK8XVQ	B00000AFFI	Music	5	0
US	R2QF31OQF9G653	B000002J0G	Music	5	2
US	R3207I5R5JCVVA	B0000025DV	Music	5	11
US	R1JOOXXGII6WTI	B000001Y2U	Music	5	0
US	R788IWH7V2DBP	B000002O4S	Music	5	0
US	R3DBH70S3NY4SO	B00000DF6O	Music	5	0
US	RD7F4WX4SICH	B00000ADG2	Music	5	0
US	R3LH32ALFQMAPH	B00000DGUG	Music	2	1
US	R64HT5MKFNGHG	B0000025HU	Music	5	0
US	R3G5PDPZYS23W3	B000009PNY	Music	3	0
US	R2DXWP916EI8BD	B000002BE9	Music	4	0
US	RP608P69XM4F6	B000002OXU	Music	5	6
US	R1U0DVK6J2K2U9	B000005ITX	Music	5	0
US	R1PQURKYLD28YR	B0000025RI	Music	5	0
US	R1WSQEQOR1ACBD	B000002OZY	Music	3	0
US	R1GELAEOHMPTQ6	B000002L5I	Music	5	0
US	RDLSJS8ISXMX2	B000002UD0	Music	4	0
US	RWN76IIVQ3SHO	B000002UCE	Music	5	0
US	R1WBQCVO9WGQ31	B000002IWJ	Music	5	0
US	R34APCLKK9UMJU	B000002ADT	Music	5	0
US	R3E7YME9XD4OP0	B000003S09	Music	5	1
US	R2AY9CD8DNWS4R	B00000DHRX	Music	5	0
US	RDVTLT8ZFBYI8	B0000025F7	Music	5	0
US	R8ATV5H9SBHHC	B000002MZ6	Music	5	0
US	R3Q2RMI8ETS4MB	B000002UQJ	Music	5	3
US	R3DA4VCHRFDCUF	B00000AFHM	Music	4	0
US	RHWLELRZCVI7M	B00000DFRS	Music	1	0
US	R2AT44BY111PHA	B000002MZ6	Music	5	0
US	R3PT2VV3YUTFM8	B0000029DD	Music	5	2
US	RCDSJNMRO7JCZ	B000002H2H	Music	5	0
US	RQS4B5IE6S6E0	B000002P72	Music	5	3
US	R1NOXP7AGV3489	B000002OX7	Music	5	2
US	R31V0KRL1SM3BF	B000006ZH9	Music	4	8
US	R2DF00HUBKGH03	B000001IQH	Music	5	0
US	RKY6KSWA68TZU	B00000DHR0	Music	5	0
US	R310B2DRTUDRZ0	B00000DHR0	Music	4	0
US	REPD4946J1OO7	B000002GYI	Music	5	1
US	R2UHXSUNIZI1C1	B000002IPZ	Music	5	1
US	R3DVAKCLO26C2S	B00000FCBC	Music	5	0
US	R1XWZXNQ6N24H0	B000000OUE	Music	5	0
US	R11F5BXZ56IXDQ	B000000W5L	Music	5	5
US	R114OYE1TLXJ1B	B0000019PA	Music	5	0
US	RPJF47KSKORUP	B000002UAU	Music	3	0
US	R1GZD9ORIUHFWF	B000002H97	Music	2	1
US	R3727RXWFCY5X5	B000002513	Music	5	3
US	R19R21KQPPX87B	B00000G28U	Music	5	0
US	R3S9OYXOJDEMFU	B00000DHRZ	Music	3	0
US	R2E20LJBSXA9WN	B00000AFWW	Music	4	0
US	R201GNJH0BX5CX	B000000WA4	Music	5	0
US	R2WENGMF0OGS15	B00000AFFI	Music	5	0
US	R309P5G5P3ITNT	B000002MG1	Music	5	1
US	R2IOCM2DL6KAKL	B000002OR4	Music	5	0
US	R2BWHJO1ECDWGT	B000002UJQ	Music	5	0
US	RPOBKLOIQA8RU	B000009DUY	Music	5	0
US	R3VREXV4GRYLLI	B000002NFM	Music	5	0
US	R47AG45A3P40P	B00000DHRZ	Music	5	0
US	R7QX86Y6G2NC4	B000001FS6	Music	5	0
US	R2DOW1QMB1IDC9	B00000DGUG	Music	5	0
US	R2FAIZRYSK7U22	B000002HMH	Music	3	1
US	R3QDRV2006NVR9	B000002NHN	Music	5	0
US	REEP5VP8SHY8E	B00000DHR0	Music	5	0
US	R2FGFJEB0E6YLQ	0790729350	Video DVD	5	2
US	RS6UJN3FEZ29	B000003RCY	Music	4	0
US	R3I71OARBQY2I1	B000002NJS	Music	5	0
US	R208NQ2YP1IJLO	B00000DGUG	Music	1	1
US	R2VSJS0SZ0GB0Q	B0000013GT	Music	5	1
US	R4PXN22H771CS	B000000OTU	Music	5	0
US	R1BUAF9APNE4NT	B000002NJS	Music	2	1
US	RAOBFMEJTWBLO	B00000BKDZ	Music	5	0
US	RBM02XDCRK5HZ	B000002WYT	Music	5	0
US	R2TC9TIYM7YH63	B00000DHTF	Music	5	0
US	R1EVKHEYCJULZD	B00000DFRS	Music	2	0
US	R3ER1553WLX7JR	B000002NHN	Music	5	0
US	RRDD0IUWUC98R	B000002JS8	Music	5	0
US	R3CMLAWZ5WCTLH	B00000DHRZ	Music	4	0
US	REV6LLYAA8EON	B000000LZV	Music	5	1
US	R3F2RDWIZ8PFIK	B00000DHTF	Music	4	6
US	RTE6C322JTV5K	B000002MG1	Music	5	1
US	R3GBKJS44LMC8L	B000002L3P	Music	4	2
US	RC2M2IKF26OM4	B000002UJQ	Music	5	0
US	R16S9MN6BPSC0P	B000001IPL	Music	5	0
US	R2V9F994M2D03S	B000002UB6	Music	4	1
US	RWH28BG0Y3SIE	B000002TYX	Music	5	1
US	R1SZZL4E6FO4DT	B0000025DV	Music	5	0
US	R2SV4XESVC4B1P	B00000DFRS	Music	4	3
US	R21Z2SSEFK7TJK	B00000DHRZ	Music	5	0
US	R8Z3YOG4Z502S	B000000OYN	Music	3	1
US	R2REH09I7WVJMM	B000000WHX	Music	2	1
US	R153TFCRDFFUOX	B0000027F3	Music	5	0
US	RRXE69FB1A5R9	B000002HHB	Music	5	3
US	RFTIC2P6113Y7	B000002I97	Music	5	0
US	R38Y0BVYSB3NWG	B000002TQV	Music	5	1
US	R1ZTNARCS22V5D	B0000019HU	Music	5	1
US	R1NPTN37XQQGTI	B000002USP	Music	3	1
US	R2NHIKC0CJN4J4	B000006OAM	Music	5	0
US	R1BK9DK8RVECTC	B000005J56	Music	5	0
US	R1CSCASS7TB9XE	B0000028RR	Music	5	0
US	R2IBMBP3EPV9PH	B000002H70	Music	5	0
US	RUVM6QBI93HL2	B000002GB9	Music	5	1
US	RKO6VPKRUHLBQ	B000000OE7	Music	5	0
US	R1VQ74314VUMID	B000002UAC	Music	5	0
US	R3EUGNY2M08HZ8	B00000DHRZ	Music	5	0
US	R25ADJTZ483A5A	B000002UAU	Music	5	8
US	RNZES3XEXHFH0	B000002HJD	Music	1	12
US	R2EG1FBA0Q0BCM	B000002BQK	Music	5	0
US	R1QBNOFDAXPS6E	B00000DFSK	Music	5	1
US	RJZR0A8M0II3	B000003S0P	Music	4	0
US	R12MD0I1E30912	B00000DHRX	Music	5	0
US	R83D43FKOCHMP	B000002H97	Music	5	0
US	RVS1WS8KC36L9	B00000DGUG	Music	5	1
US	RVFTBC4RA0MBV	B000003S09	Music	5	4
US	R28J8TEY5A97RJ	B000002C2E	Music	5	1
US	R34JDHEVMYPSI	B000002HHB	Music	5	0
US	RVNUKCGU7YCJB	B000002HFU	Music	2	5
US	R1C3ZMAV2BHIE6	B000003TAR	Music	5	0
US	R3M5VYWAQBG5A4	B00000DLUV	Music	5	0
US	R36ZQLU7J0DQTH	B00000DMJF	Music	3	0
US	R2MS4BASZ3890K	B000002J09	Music	5	1
US	R1MVN1PONAXS16	B000002TQV	Music	5	0
US	R39CP9O5L5LG80	B000002NJS	Music	1	1
US	R3FMFFDREODM22	B000001FAC	Music	5	2
US	R2RS3HE2S8KIJW	B0000027D5	Music	5	3
US	R2WJ3DAQE8GHKH	B000002LQR	Music	5	0
US	RCN2XR2GAZ0ED	B000002AQQ	Music	5	3
US	R1CC8MWQ7NE84Z	B000002KOO	Music	5	1
US	R3V66RXTMNP5VZ	B000001OAA	Music	1	1
US	R1OZ1RVOPRI8QL	B000002UDV	Music	5	1
US	R334I9REL4ZPI7	B00000DGUG	Music	4	0
US	R1US7GADZE6EPO	B00000AFWZ	Music	5	2
US	R3LFT86V7OKDDU	B00000DFSK	Music	5	1
US	R15TWP1NB1AYFZ	B000002UCQ	Music	4	1
US	R2S9S2XRYXC88C	B000002JOH	Music	5	1
US	R37T7Z7REZRCI9	B000002KDB	Music	5	2
US	R2KXIXO6NF43E8	B00000FCBC	Music	5	0
US	R21GZT03UF2FGY	B00000DMJF	Music	1	3
US	R3CTR4WZSNI5U0	B000002C1X	Music	5	0
US	R1BQAQKMHU2D4R	B000002UXZ	Music	2	5
US	R2XV2V0O75KN58	B000001EPB	Music	5	0
US	R3IBD2OI62V707	B00000ADG2	Music	5	0
US	R2A13J86AI4ZHT	B000002HGD	Music	3	0
US	R2O3N9WOU6FQF5	B000002KGT	Music	5	0
US	R1LIJFLZNFWB5Y	B000002H4Q	Music	5	0
US	RKGCWVGSBTSFU	B000002BYD	Music	3	1
US	R2EMV6R2WA2S32	B000002UJQ	Music	5	0
US	R2RMWOB5KP0KLT	B000003TAW	Music	5	1
US	R25T7S528KJ8KY	B000002UAU	Music	5	8
US	R3PCTE3GKKP6SW	B0000071J0	Music	5	4
US	R1UNLGEDEFO5K4	B000006Z8E	Music	5	11
US	R3J1ELS1IFV1OC	B00000AFWW	Music	3	0
US	R2NZ3JI1NCRS31	B000002BQK	Music	3	0
US	RIK2FIKU08ARG	B000002L7J	Music	4	1
US	R34YFSM5ZV7299	B000006OBQ	Music	5	1
US	R2YX7CS20T9P4A	B00000BKDX	Music	5	0
US	R1JB03GT1S3A6X	1559408758	Video DVD	4	347
US	R2BC06HVCEYAQT	B0000019PA	Music	5	0
US	R2UCN2RY9A999Y	B000002H70	Music	5	0
US	R9Z8NDKC4Q9VY	B000002C4J	Music	5	0
US	R293WZ4F9FSMMJ	B000002G7E	Music	4	0
US	R37ZPW5FHVDZ76	B000002C1X	Music	4	0
US	R14IMD73BBZ8P3	B000002UAF	Music	5	2
US	R2PBIXR8RPHYEL	B000001DTM	Music	5	0
US	R23U446WH423NX	B000002I25	Music	4	0
US	R3LDD5NDGU40P	B00000DGUG	Music	5	0
US	R1MQP2IT4TUSOV	B000000WZ4	Music	5	0
US	R3OB4OBUBXIKB1	B00000DMJF	Music	5	0
US	RAQKV5ODI9MKC	B000002JS8	Music	5	0
US	R8JADALMTJD4L	B000002MZ9	Music	5	0
US	RC2K6DT4IPFD7	B000001DTM	Music	5	0
US	R2S4HK59KPPU56	B000005Z0G	Music	3	0
US	R29DDLOWXBNDDF	B000001Y16	Music	4	0
US	R1W7TCIDQBHWJY	B000003CMB	Music	5	1
US	R1MDGGEDZO5FX7	B000002UAI	Music	5	0
US	RQVU95F6QF09K	B000002MP2	Music	5	0
US	R25IEOOOZK9MIG	B00000DHRZ	Music	4	0
US	RU3PVCEFPV0LJ	B000001DTM	Music	5	0
US	R3KPJ5C3TJDWH7	B0000025GW	Music	5	19
US	R1T0BKYFJZVWOL	B00000255X	Music	3	0
US	RMX5K9OXT76A8	B000002BSV	Music	3	2
US	R2BH8SOGJ6PZQR	B000002NJS	Music	5	0
US	RBHSYDFMN7E0Q	B000002L7R	Music	5	0
US	R49TKZDZ3MXWV	B000000W5L	Music	5	2
US	R2MOEJS9CU8AZ3	B00000DHRZ	Music	5	0
US	R2JIPDQR9AYJAA	B000001DVD	Music	5	0
US	R3Q3LQ8IBVTEZ	B00000018T	Music	5	4
US	ROOOIZV8PQJQK	B000000YG5	Music	5	2
US	R3DUIBW7KPS5GP	B000002J1S	Music	5	1
US	R14S6RRUKL44NQ	B000001F45	Music	5	4
US	R10KC3PZ1G9LMF	B000009CEM	Music	5	0
US	R1G0Z0WA5WQ3TV	B000002UYZ	Music	5	0
US	R3NNBF4IQ75M2Y	B000005J56	Music	3	5
US	R3P6UA0U07FPU0	B000002VBY	Music	5	2
US	R3G6EWCBD6E9PC	B0000027RL	Music	5	0
US	R327A9VWMVJ73N	B000002HD5	Music	5	2
US	RYTBPLCYTAN4	B000001Y16	Music	5	0
US	R38I8W4OO1TCDX	B000002C4J	Music	5	0
US	R1MBKNQ0PGG21M	B000002NJS	Music	1	1
US	R2SOFOHZLN1DYQ	B000003S1A	Music	5	1
US	R15QUFX14QSDIV	B000002BYA	Music	4	0
US	RIHM5YQNBE0FG	B000008GS2	Music	5	2
US	R36TORJO2Z8RIO	B0000025VI	Music	4	1
US	R38R5X4KZBT0WG	B0000029DD	Music	5	0
US	R1KGLE9ONDG8UL	B000005J56	Music	5	0
US	R1XYJNQIGDWYPR	B00000DHTF	Music	3	0
US	R3EJNVEJUZN8N9	B000002J1M	Music	5	1
US	RCIXF0KFP3FT5	B000001Y2U	Music	5	0
US	R1J8NJZJZ1VRMN	B000001Y5J	Music	5	0
US	R3MPHHCFJ3GN40	B00000DGUG	Music	1	1
US	R1956F9JYG7GAI	B000002P5R	Music	5	5
US	R1YIVOJTKGCJ7C	B000003TAW	Music	5	0
US	R1R1X4Q85GO0L7	B00000DGUG	Music	5	0
US	R19IO6MNAL78ES	B0000027F8	Music	5	2
US	RIS2CSTCOXK3C	B000002GYG	Music	4	0
US	R3KO3NQ4QY731C	B00000253N	Music	5	0
US	R12BAK7B13B7EF	B0000026UL	Music	5	1
US	R9D6I8N9IOYSJ	B000001F5A	Music	5	1
US	RHOKIA3A7U66E	B0000019PA	Music	1	13
US	R26TP46QDHEU7Q	B000002TLX	Music	5	0
US	R12E5Z0D6SDUYC	B000001Y2U	Music	4	0
US	R2J3TNXNRNNPQ6	B00000AFGM	Music	5	0
US	R1CH69KDRO76OO	B000003AEB	Music	5	1
US	R1MA9V0UVYUPN	B00000DFTH	Music	5	0
US	RDQNAP91BOQ56	B000002MUW	Music	5	1
US	R2L1P8EPJ6JJOP	B000002NJS	Music	5	0
US	R2GU37CKAWR5ZR	B000000OQF	Music	5	0
US	R3C9S8HA3EDJ9E	B000002LND	Music	5	0
US	R1OZU6KRV3HSWY	B0000074PH	Music	5	4
US	RCBPT1ZDVV50F	B000003Z4C	Music	5	24
US	R2RGAJQ9R2ES5E	B00000DGUG	Music	5	0
US	R150CGXBD260SA	B00000AFFF	Music	5	0
US	R3M2F1L1UABS2L	B000000Y27	Music	5	2
US	RKKQ3WRAUSVLS	B000002ULS	Music	5	0
US	ROWZVE6TNOBX2	B00000AFHM	Music	5	0
US	R1AY2FVGXXP67Y	B000002BPS	Music	5	0
US	R243MI9Z2C35P0	B000003C4K	Music	5	2
US	R2TJAJBBKXS4L	B00000AFWZ	Music	5	1
US	R13BXTAYGW2WIB	B000002J09	Music	5	1
US	RPOV4UPBNG772	B000002NJS	Music	5	0
US	R3BEJHA59OD4JX	B000002JS6	Music	5	1
US	R1CUQ6NHHJLRPX	B000000OF6	Music	5	0
US	R28548TOJJOCU6	B000002UAU	Music	5	7
US	RD3L593RUR0Z6	B0000033TE	Music	5	2
US	R19JI252MKE34J	0316152196	Books	5	1
US	R1YDJKNQZDMARO	B0000026T4	Music	5	0
US	R3IM0CHCR6K49D	B00000DG1R	Music	4	0
US	R3NU6MSWCOF3H8	B00000DGUG	Music	1	1
US	RIZOJD2EYKPMZ	B000002BPS	Music	5	0
US	R2FOZPGEW8799M	B0000013G9	Music	5	0
US	R3VHLNBK9JNBB0	B000007PSR	Music	5	2
US	R15MAIC7R1RIN4	B000001Y42	Music	5	0
US	R66HR3XAV3WTL	B000001F6N	Music	5	1
US	R2QM2K2ZTB3VBZ	B00000F1D3	Music	5	0
US	RHS1RDE6W4IK6	B000000ITM	Music	5	0
US	R26WK2IE1PHRUL	B00000897V	Music	5	2
US	R2SA0GEPR8A1V1	B000002JB8	Music	5	1
US	R3NXSWTNCWUGQF	B000006ZH9	Music	5	0
US	R3FKVWXO73SNX6	B000002KM6	Music	5	2
US	R3LFOT2BM586WF	B000000HHE	Music	5	1
US	R2QORV6PPAWHV8	B000000IVS	Music	5	2
US	R21A1O0LC4RHD9	B00000AFHM	Music	5	0
US	R11587DZ6ZAV0Y	B000002NBY	Music	5	2
US	R35IRLIO1C1V7A	B000002HMH	Music	4	0
US	RDA7Q3TT1DAOY	B000002A3T	Music	4	0
US	R94N8D4YFIEVJ	B000002699	Music	4	4
US	R3GZE08JHS8SH6	B000002J0B	Music	5	0
US	RA4VTZSQ5Q7ON	B00000DFTG	Music	4	0
US	R16VYNDFQT0FSF	B000002KDG	Music	5	0
US	R38E9IFN6B5A4V	B000002BE9	Music	5	1
US	R1IRJ5ZMZ4H134	B000002NJM	Music	5	2
US	ROC5YCLXQ4ZOY	6302732786	Video	5	0
US	RGDNFH2MY8NBE	B000002J20	Music	4	2
US	R1M6ILQL2DHYQ3	B000002J1B	Music	4	0
US	R1TURWM7MNLKJT	B000000OSG	Music	5	0
US	R2EJGRPZXBEI1E	B000006045	Music	5	0
US	RB7RTCDHZOM8A	B000002MP2	Music	5	0
US	R2BHN5BT33OQ6M	B000002MU3	Music	4	2
US	RJL0HABDRMW75	B00000FCBC	Music	4	0
US	R2RP4737FHH2Y7	B000002UV9	Music	5	0
US	R3PHGBFH3A1GIS	B00000DLUV	Music	5	0
US	ROTGBUROWNR1C	B00000DHTF	Music	5	1
US	R3OXCKXKEXCYWW	B0000020C4	Music	5	2
US	R21PCM5J2ED22P	B00000FCBC	Music	4	0
US	R1DNGTDRND18E	B000001EYO	Music	5	0
US	RBX8XVCPPNMBW	6304117752	Video	4	0
US	R16PU23QQ8DPAN	B000002G6J	Music	5	0
US	R1ZXMQBBW17TZD	6304504012	Video	5	0
US	RAB0M5FESPHQP	B000000WFU	Music	5	0
US	R2KKKEN123TZFQ	B00000BKDX	Music	5	0
US	R1BU8LC2IMRIA7	B000000OPU	Music	5	1
US	R1YRQYGNKE96UA	B0000057C5	Music	1	0
US	R25BQLEJMGWQBD	B000003S5H	Music	5	0
US	R1HU9INYDCRTW0	B000009PNY	Music	4	0
US	R2LB5ZKLYWGQVA	B000004286	Music	5	0
US	R234I8D4ZU3NTB	B000000XCH	Music	4	1
US	R1RYMAYCTJWLM5	B00000G3PA	Video DVD	5	1
US	R6J4DPVKE8MSO	B000002UWF	Music	5	0
US	R9JK3RK0N4USH	B000002GGO	Music	5	3
US	R22JF2WXG1AC0W	B000001FDI	Music	5	0
US	R1YLSBMYQ2TS6W	B000002BBY	Music	5	0
US	RS2PAM8QZNNCK	B000002MQ9	Music	5	3
US	R2ON7API2JF681	B00000F1D3	Music	5	0
US	RHC4BCUCX4HO9	B000009QPE	Music	5	0
US	R2N6CHS1UEGZ29	B000009CEM	Music	5	0
US	R3VMP3CHEHBRU4	B000002KHH	Music	5	0
US	R32G104K8VSJGV	B000002B49	Music	5	1
US	R2XDB9RIAKO85F	B000002UTI	Music	5	2
US	R2J7NH6X3UGMDH	B000002ADT	Music	5	0
US	RX59L7GANNBIQ	B00000ADG2	Music	5	0
US	R5IGMWOX6JM0E	B00000DGSN	Music	5	1
US	R11PRH0NUDID6O	B000002UJQ	Music	5	0
US	RJBMBU3NB20FW	B000000H57	Music	5	0
US	RPSQ2LG45Q9QQ	B000002O5L	Music	5	0
US	R1QFKQ9D07X5UH	B000002O1P	Music	4	0
US	R1TVM07CYAX8F6	B00000DHTF	Music	5	0
US	R22CODCZ0RZYD3	B0000019PA	Music	5	0
US	R2FIXW36Y5L2F2	B00000ADG2	Music	5	0
US	ROPNZ3QWFK2A4	B00000AFFF	Music	4	0
US	RZNF5XNXWOYJN	B000001FQQ	Music	5	1
US	R1C7EQJ824KHIJ	B000007ODM	Music	5	16
US	R1SP3LOWM91113	B00000DHRX	Music	5	1
US	RZ2IGW4T04EBS	B000002BUY	Music	5	0
US	RER7I4T0LKBT	B000002TYX	Music	5	0
US	R10030WFHUBO5E	B00000DHRZ	Music	5	0
US	RYOHQ8XHKFGNP	B000002J1B	Music	5	0
US	R3E465DH4CZFAX	B000002KK2	Music	4	0
US	R260UH2JI5REA7	B000001FCB	Music	5	12
US	R1VEH10C6CHJOW	B000001OAA	Music	5	0
US	R28UQ85UZQ7YX7	B0000025DD	Music	4	0
US	R1IQ2FYVWCPC8O	B000002KLG	Music	5	7
US	R2J5Q6HZPD6Z9T	B000007PSR	Music	5	0
US	R29T57GJGIT4WO	B00000DC10	Music	2	12
US	R3KKSOQCDDF8FH	B000002KLG	Music	5	1
US	R1Z97HAHX6LPI4	B00000FCBC	Music	5	0
US	R30E423QVHB08D	B000009PNY	Music	5	2
US	R10WPX0PVFQEPB	B00000F1D3	Music	5	0
US	RU31LZOHRF64H	B000001E18	Music	5	0
US	R1K9340ESA4YJI	B000002BQK	Music	3	1
US	RTK1V7DGYXDRY	B000001EAQ	Music	5	0
US	R1ATC960AUCPAH	B000001DTM	Music	5	1
US	R6OOBF39D24A0	B000001DTM	Music	5	0
US	R3RIN4IE54YZB0	B000001GQB	Music	5	7
US	RXPS5DHS09Q5T	B000002572	Music	5	0
US	R2XT0RIQ6B4Y1C	B000002H97	Music	5	0
US	R3TSZ9FYECICWO	B000000OS2	Music	5	2
US	R35CJKF40WTUXO	B000001EUN	Music	4	0
US	R16QTIJ1BDWII0	0316152196	Books	5	0
US	R2U7BIIQ8VXBVT	B000000ORX	Music	4	0
US	R6RPBIR3O1FHN	B000002KLZ	Music	5	0
US	R21RVRVHEP0YNW	B00000DGUG	Music	5	0
US	R6RHUMB3E0OQW	B00000F1D3	Music	5	0
US	R2AD6OU1TW9STK	B000000WF0	Music	5	0
US	R1XKWRMWZ2DTY5	B00000AFWW	Music	5	0
US	R16BOMR5WWRXMM	B000001Y16	Music	5	0
US	R3CIK6B963RKMG	B000002JSR	Music	4	1
US	R2NSOHTUQTZQ5	B000007RYQ	Music	5	21
US	R336XYTU9CRTJ5	B0000026J6	Music	5	4
US	R25EEW7J0PJGKB	B000002LND	Music	4	0
US	R1DM3POKPECPN4	B000002UA2	Music	4	1
US	R23804T2UDZINK	B0000028W9	Music	5	0
US	RN26ZB57X1XY8	B000002TLX	Music	5	0
US	R2O6NQOX0CPU4H	B000002UT5	Music	5	0
US	R35ISUKHB68S12	B0000069NM	Music	5	1
US	R2Z5W6BM1ZIME3	B000002J1S	Music	4	0
US	RBR3WJ4F7DASS	B000002L7G	Music	5	0
US	R1QCI2JXEVITKJ	B0000019HU	Music	5	1
US	R24I3QSQ74TP9G	B0000026J6	Music	5	0
US	R3G53L70ZU5MZO	B00000FCBC	Music	5	0
US	R2PKLKWQBLT89O	B00000DFTH	Music	5	1
US	R3Q8QYWBPA9UVN	B00000DGUG	Music	1	1
US	R28SG37IHW65LM	B00000DHRZ	Music	5	0
US	R1TA5M2XYLKT57	B000000OPU	Music	4	1
US	R2T3D44U9R0PZ2	B000002HNR	Music	5	2
US	RQXXP9PZ9X486	B000002UDB	Music	5	0
US	R3JKM6SUBF0PAM	B000001DYD	Music	2	4
US	R3FDAFDAKZI5Q1	B00000ADG2	Music	5	0
US	RUFY80GA8J7GY	B00000GAMF	Music	5	6
US	R7XA09WFHA1ZK	B000002JEV	Music	5	0
US	R12ETTZ3RW4SWH	B0000027RL	Music	5	0
US	R3JMLNAN3OIXVZ	B000003S2O	Music	5	0
US	R126MMTMDGIBLY	B000002HPV	Music	5	0
US	RD7BTLV26KMRL	B00000DHTF	Music	5	0
US	R1HHFXGG0OIY4X	B000006NPY	Music	5	0
US	R1HONIKR5QL37J	B000009EAD	Music	4	0
US	R3JGNMV1UV1ME7	B00000AFFF	Music	5	0
US	R31W1ZW4S5V84X	B000006OAM	Music	5	0
US	R2YRP888QGI1Z0	B000002H33	Music	5	1
US	RKNJE6SB810X1	B00000ADG2	Music	5	0
US	R1VGYHZ9DQJMUT	B000002NJS	Music	5	0
US	R3P81QNH64L8HC	B00000DG1R	Music	4	5
US	R1IHN5USN5W6XS	B00000DFRS	Music	5	2
US	R14YJ4Z1F9JJZT	B000002JB8	Music	4	1
US	R2JWP1ARSMUR8O	B000002J7U	Music	5	15
US	R3V0Z865M0S5YB	B000007R1M	Music	3	1
US	R3FYPW9FAUYQOR	B000001FQ4	Music	4	2
US	R2017SLIWXVDKQ	B00000DLVA	Music	5	0
US	R3R9R92WXEMKOI	B000000WJZ	Music	4	0
US	RMFDLOEWURNKV	B000002MU3	Music	5	0
US	R1JTWWCPQMN25P	B000002NHN	Music	5	0
US	R2GGFC9ZOPBWY3	B00000373U	Music	4	0
US	R177UUK9ABV38I	B00000FYIL	Music	5	0
US	R2991POKDVDC21	B00000DBXL	Music	5	0
US	R8CJQCR51E85M	B000005ITX	Music	5	1
US	R387FPTL9C75E9	B000002J0G	Music	5	1
US	R71QT9HCVV65B	B000002ITW	Music	5	1
US	R2QG4J51T6E8AY	B0000025L8	Music	5	0
US	RQ30T8U9T29P5	B000002HHB	Music	5	0
US	R2VMK4RKBCKRPX	B0000013GT	Music	5	0
US	R2XLVMWZSZNYL2	B000002JQ6	Music	5	1
US	R2FTRC6MNHGQFG	B000002IQW	Music	5	0
US	RM3DP02Z5C18J	B000002JKA	Music	5	0
US	R3Q94ROGSENLUG	B00000DI2T	Music	5	16
US	RHVG4H3CB4D6N	B000006045	Music	5	0
US	R38K7T8TTNB7B6	B000006O7C	Music	5	0
US	RQTS4HELIWB9A	B00000DLV1	Music	5	0
US	R1J6M8J6D7EUPS	B000002KKC	Music	5	10
US	R329G4KNHA6YXD	B000000WJZ	Music	5	0
US	R3QO7C6PS6E2X1	B000002B38	Music	3	0
US	R2UO6IM26BNHBT	B000002UAX	Music	5	0
US	RSEY15V3RC8Y1	B00000DLVA	Music	1	0
US	R28C4HX0HH20KX	B000002NHN	Music	5	0
US	R2PSE3B85PY9ZV	B00000ADG2	Music	5	0
US	RDHH8P5WSCGW2	B00000DLVA	Music	4	0
US	R3VWU0EMEBGWBP	B000002BUY	Music	5	0
US	RMOBBN8V0MLC2	B00000DFRS	Music	4	1
US	RNKCWM8PIPF42	B00000099Y	Music	5	0
US	R16TURF4MHS4IE	B0000004V2	Music	5	0
US	R3GXCAJJZ26GOY	B000002NBY	Music	5	1
US	R11I6A5AHYA880	B0000017CA	Music	5	0
US	R3KXFOI21WYN3P	B0000057C5	Music	5	0
US	R5OGGYSQRUYCU	B000000OSW	Music	5	2
US	RV31WCNA1VDM0	B00000DHRX	Music	5	1
US	RTX3LZIPW5XRN	B00000064F	Music	5	1
US	R8OSVYKV02SLL	B00000FCBC	Music	5	0
US	RXYP7C87IDSR2	B000000ZGO	Music	5	0
US	R30MUBWY2E4P97	B00000FYIL	Music	4	1
US	R1N9DFEG8T0T8E	B00000FCBC	Music	5	0
US	RG87U0Q8KAE1L	B00000099Y	Music	5	0
US	R3FF0EO2H88JAB	B000002OAZ	Music	5	0
US	R16EKZ7L0JIS47	B000002L7G	Music	5	0
US	R2HF6CGW21HSLD	B000005JAK	Music	5	0
US	R3OXXXK74B84YW	B0000062GE	Music	5	0
US	R1X2Y1CAQDOZAA	B00000DCER	Music	4	1
US	R2JYM6UYUNXP0	B000002HRE	Music	4	4
US	R2QWYBYBKCSNP7	B000005ITX	Music	5	2
US	R3CVPOC1HN2MEM	B000002542	Music	5	37
US	R22Y162J72TMEL	B000005EJL	Music	5	5
US	R3GG31CQGS5994	B000001GPX	Music	5	3
US	R1JILV92Q2SWNS	B0000019PA	Music	5	0
US	R3LNDOFHB0BDKT	B000002BPS	Music	5	0
US	R13Z6SX4KXTX9H	B000003N89	Music	5	1
US	R9GXPOWWCKYWP	B00000AFGM	Music	5	0
US	RI8IR17J8UCZ2	B00000DD2D	Music	5	3
US	R1YLT6JTADXZRS	B00000FCBC	Music	5	0
US	R10VBKLPPKAM9S	B000002ADT	Music	5	0
US	R24B8PPCSKM9NY	B000002UJQ	Music	5	0
US	R1MFUTUKPAD63X	B00000ADG2	Music	5	0
US	R1Q62Q0YXDWODA	B00000634J	Music	5	0
US	R22KLZI4T25EBR	B00000AFHM	Music	5	0
US	R9FTI1NPMZ0PY	B000002PH1	Music	5	0
US	R1A0095BEMCIMT	B000000WF0	Music	5	0
US	R38AXVBJW4DHMV	B000001FVL	Music	5	2
US	R1TFX0HY082CRF	B000005IRG	Music	5	0
US	R2DE8338PYEUP	B00000DGUG	Music	5	0
US	R2LOZ892VMSP6J	B00000AFFF	Music	5	6
US	R2LYT5XUBDD41N	B000001FS3	Music	3	2
US	RAC9S5KNBWD16	B000002KDX	Music	5	3
US	R1Z7UEMS8IUIAH	B000002UAI	Music	5	1
US	RXFZS650E5O7S	B000002MX7	Music	5	2
US	R1WVWK8F7G2LT7	B000002R48	Music	5	0
US	R2A4CGGV2AC5L2	B000002MIF	Music	5	0
US	R2P7223LLWJ0RS	B00000F1D3	Music	5	0
US	R33RMBDSTZSNVW	B000002NJS	Music	5	0
US	R3NE9CIHLUDDU	B000001I0Q	Music	4	0
US	RC6YLDP26HX9N	B000002R68	Music	5	5
US	R1CZ1957QKZMIT	B000000WCV	Music	5	0
US	R84EA5QFBJD9P	B000002H70	Music	5	0
US	R3B7X8ZJ6YW8O7	B000003BDY	Music	5	4
US	R2D4MDZXPF3UK6	B00000DF6O	Music	5	1
US	R1ECDW0EK1R2PX	B00000F14B	Video DVD	5	1
US	R9FTXM5X9JGAN	B000005HO0	Music	2	1
US	R5HOVBPP3RCTB	B00000DGUG	Music	5	0
US	R3J0VQ46AYC466	B000000WFF	Music	5	0
US	R2TPG4ZRZKGJD9	B00000DQSF	Music	5	1
US	R1204KAEI3LP8Y	B00000ADG2	Music	5	0
US	R3S3UHVVTMFYVO	B000002B38	Music	5	0
US	R3Q3MCWMKE40QH	B00000FCBC	Music	5	1
US	R25LU65DNWY7H7	B00000DHRZ	Music	5	0
US	R23U1QCPW2FXFG	B000002U82	Music	5	0
US	R3JR0OR321NGWB	B0000041Q3	Music	4	1
US	R1XX42TZI3NXKC	B000000OTU	Music	5	0
US	R2O0KS8Y2PBBA8	B0000041TD	Music	3	16
US	R39BFXN4X0Z173	B000002KE2	Music	5	1
US	RWIDKXY355T67	B0000027D5	Music	5	2
US	RK4XC1DLWPAMA	B00000DCER	Music	4	0
US	R5UB60N120Q7H	B00000DHRX	Music	5	1
US	R3R044PASZI8LI	B000002LVB	Music	5	0
US	R21SOBEJAYVJ4M	B000001FS3	Music	5	1
US	R2BMQNYZC1CKCE	B00000099Y	Music	5	0
US	R3C83ETI2E59CA	B00000DLUV	Music	5	0
US	R32IMGFW1C8XIQ	B00000099Y	Music	5	3
US	ROWEWLLVYQHWR	B00000ADG2	Music	5	0
US	R68B02PPIXDXG	B000002U82	Music	5	0
US	R19MH0YXNVNGW8	B00000DF6O	Music	5	0
US	R16MYSKCOLEGXP	B00000F1D3	Music	4	0
US	RPYR2W1V9WJL1	B000000WFF	Music	4	0
US	R2RW1I2B1L5WZX	B00000DGUG	Music	5	0
US	R1X4LKR9ZILTO4	B000002KB8	Music	5	0
US	RBIOKCJJP26DB	B000002JSP	Music	4	3
US	R2QH9D2CYRPKXF	B000002KXO	Music	3	1
US	R1SWY9NZQ40IPG	B000002HNR	Music	3	4
US	R1J38Z41MS6YJP	6304117752	Video	4	0
US	R1EARL1NLFHVDL	B000002P7R	Music	4	2
US	R1IAEC3U3NIQ6R	B000000WFU	Music	5	0
US	R3T084ADLEGYRB	B000002WYT	Music	3	1
US	RWRBDG6XHPE4Y	B00000ADG2	Music	5	0
US	RHQH43YM8WAIE	B00000AFFF	Music	5	0
US	R2ZA3TL7OQZHNG	B000003TA4	Music	5	0
US	R1QFQ82P896QSJ	B000002KKS	Music	4	0
US	R2JCQ76TWWF6KJ	B00000AOUD	Music	5	2
US	R1AF8IYCZRHSS9	B000002H97	Music	5	0
US	R1EQY4O0TL44Q8	B00000DFSK	Music	5	1
US	R1UJOZU5SQRF3M	B00000099Y	Music	5	0
US	RAIB5NZ9FE1KM	B000000W5L	Music	5	1
US	R11MH08R5WVZ1	B00000AFFF	Music	5	1
US	R2H0WRKEMR13B8	B00000DLVA	Music	5	0
US	R2I25UCFKYC26L	B000009FHN	Music	5	4
US	R24BQXPQUHZDUH	B000005AYM	Music	5	0
US	RZ1KD85W8S913	B00000DFSK	Music	5	1
US	R31AXFCUP2B5KM	B000000Y2R	Music	5	5
US	R3SJMN84BDU3QL	B000002H2H	Music	5	0
US	R2KDNQXVKA22NN	B000002H33	Music	5	1
US	R1PSKBHYZNQV33	B00000FCBC	Music	5	0
US	RHAB36HXCKUBS	B00000F1D3	Music	5	0
US	R2X0476GFDWOK6	B00000AFWW	Music	5	0
US	RARQ952JTYCJD	B000002H97	Music	5	0
US	RWA93B1ORIEOO	B000001DV2	Music	5	5
US	R11RY9S8SIVOSO	B0000019PA	Music	5	0
US	R293TMLTMQJ5EC	B00000273P	Music	5	1
US	R295Y9THSJCXQ2	B0000070QS	Music	5	0
US	RKXGVYHME2J46	B0000019HU	Music	4	1
US	R2XHRJE6AGYSVE	B00000FYIL	Music	4	0
US	RU5JSSZ0H3NPX	B000002G1Y	Music	4	0
US	RPX4XBJCX74Y3	B000000OQF	Music	5	0
US	RTFIQKUKKSZMT	B000002I8D	Music	4	0
US	R3Q72M6FLO6TH1	B00000ADG2	Music	5	1
US	RXQW6JSNRUABE	B000002MTU	Music	2	10
US	RDB675W298G79	B00000ADG2	Music	5	0
US	R3M5QTS9BSL5QT	B00000DHTF	Music	4	0
US	R1HB8R63DXRAF4	B00000DCHI	Music	5	5
US	R1HPG1V8KJ91ZV	B00000DR52	Music	5	2
US	R14SI7K4S66Y03	B000002AZX	Music	5	16
US	R2LCUCOSP1S1M5	B000002UAU	Music	4	3
US	R66IET1COZ3YZ	B000005RXF	Music	5	0
US	R3VRQBNZGRWM3N	B000002U84	Music	5	0
US	R3UK6H9MHYLLP2	B000002H6C	Music	5	0
US	R1KMDL9TYYAB8V	B000002G60	Music	5	37
US	R13Y5TQIM99RFR	B00000ADG2	Music	5	0
US	R2OAQQV2V6L57Q	B000001EYW	Music	3	0
US	R1UMPC1CFCYJDP	B00000DLVA	Music	4	0
US	R2ES6MEZXYORL9	0790738074	Video	5	4
US	R26QG720QVIGWV	B000002BMD	Music	5	3
US	R3KQUS73XGZ5ON	B000002AZZ	Music	5	14
US	R3S16FWQ5DXKBF	B0000024UF	Music	5	10
US	R1YQW1IHDMH65S	B000002MY3	Music	3	1
US	R2OBA3F8FHXFB9	B000002R0R	Music	4	5
US	R3ADHY7EYBPZ58	B000005AYM	Music	5	0
US	R3MHMKAEG4TFTC	B000000W3G	Music	5	0
US	R3W4ZFYAFF27GA	B000009VOL	Music	5	2
US	R25NAABBC706OZ	B000001FI7	Music	5	0
US	R2C7ASA0L3LOP6	B000000W5L	Music	4	2
US	R2KXQCNO15JO1Q	B000002UJQ	Music	5	0
US	R3MTY388V67KF3	B000002AV5	Music	5	1
US	R3K98KVTKB9ZBX	B000002WYT	Music	1	4
US	R12YGD6X22VS17	B000001FOS	Music	4	0
US	R1JFIJCK2VJFPZ	B0000019PA	Music	5	0
US	R8RHCADX23QI6	B000005AYM	Music	5	0
US	R1SEE6A4N0ZG4H	B000001F95	Music	5	0
US	RH9FJO0L5R2T6	B000003S5H	Music	5	0
US	R36RCIDG32FW63	B000001E7T	Music	5	1
US	R11LF6P311TBU0	B000007S5B	Music	5	0
US	R1IQLC78I2IBDN	B00000AFWW	Music	4	0
US	R5RAR4497MN5S	B000002NHN	Music	4	0
US	R32E042ZXN2XIA	B000006NPY	Music	5	1
US	R3F7H3F7WQHC6S	B000007UE6	Music	5	4
US	R3RJEU4PPFQ1V9	B000005GYI	Music	5	2
US	R147SLS5JU340D	0792837622	Video	5	9
US	R9VF4ZQJR8QE6	B000001ES4	Music	5	0
US	R11SW0J9Z013V3	B000002J09	Music	3	1
US	R3A0BN3OCL7BC2	B000001GBJ	Music	5	0
US	R1PXOTS8LLHVPF	B000001Y42	Music	5	0
US	RRGRREO1MNG2D	B000001ELD	Music	5	1
US	R1IQQNZBHR7DJV	B00000DFTG	Music	5	0
US	R26AL9KMYX4VV1	B00000ADG2	Music	5	0
US	R2860S0JX50YOI	B00000DHRX	Music	4	0
US	R3DQ48NCUI4OYG	B00000DFRS	Music	3	0
US	RFA25R071P50B	B000002H5I	Music	4	1
US	R2J7EUJ1HTN0DF	B00000DGUG	Music	5	0
US	RB3G8UXORUV27	B000002GLV	Music	5	1
US	R7QF1U8PHOVAL	B000002H97	Music	5	0
US	R2QVWK2NZ2Q5XB	B0000032LS	Music	5	4
US	RUBXB0R7F8LUV	B000002HRE	Music	5	0
US	R1VMDGHGG1DS00	B000001GQP	Music	5	3
US	RKSHF80T0YZQB	B000000ISM	Music	5	2
US	R2RJSTHE4ZP21	B000002OMN	Music	4	0
US	R3P5ITPHTR8WLW	B00000AFWW	Music	4	0
US	R1W2XCM73557AG	B000005RFJ	Music	5	0
US	R15I78A58WR6OI	B000002KH3	Music	5	0
US	R3G8CIVMYF47SM	B000006NPY	Music	4	0
US	R1GZI5TY6CHU6D	B000002NHN	Music	5	0
US	R1MNX2JC15HYQ0	0767812646	Video	4	0
US	R28941MNHNUQ3T	B000001FKY	Music	5	1
US	R2TWNFUT2KM4AC	B0000021RB	Music	4	0
US	R570L2KRIPFIK	B000002H33	Music	5	1
US	RQ08S84JYNYFT	B00000F1D3	Music	5	0
US	R1D2LKB9ZMDRYA	B000002L9Y	Music	3	3
US	R6QF2T3JT5XQZ	B0000025L8	Music	4	0
US	RK71DU1URF4L3	B00000099Y	Music	5	0
US	R3RDCYTSRTMHPG	B000002LIX	Music	5	1
US	R1HSZFAKEAJVG3	B00000DGUG	Music	5	0
US	R30H8KN8UUDIMQ	B00000DFSK	Music	4	0
US	R26F560S7WD6ET	B000002AOD	Music	5	3
US	R2N9SYED2KWPBM	B00000DGUG	Music	5	0
US	R2EE5T69INI8IY	B000002MU3	Music	2	3
US	RSU6NKHBILCTT	B000003CKH	Music	5	0
US	R1DVZXLDUNPRMQ	B000001IQH	Music	5	0
US	R13ABP4IQK6KSR	B000002JKA	Music	5	1
US	R4QIZ6YARG7GP	B000002LOE	Music	2	4
US	R17FC4IP2MBVCP	B000002R48	Music	2	0
US	R3W3T2JS8TI9G3	B000002MG1	Music	3	1
US	R1ESWEDKDOXKOW	B000005JLX	Music	5	1
US	R2S7G14TYOSKUH	B000003TA4	Music	5	0
US	R8A9HP81PTRQW	B000006OAM	Music	5	0
US	R3T90K7F9WVC2I	B0000057C5	Music	5	0
US	RK91D50UAPE6V	B000002NHN	Music	5	0
US	R3KOH0QX4A3SHB	B000006OAM	Music	1	0
US	R1XU74755L5QHK	B000002UJQ	Music	5	0
US	R2U3KDU7336V8Z	B000002J2B	Music	4	0
US	R10YI0UAYX5N7	B0000025D0	Music	4	6
US	R1V1RZ0DW8TX12	B000002KCC	Music	5	0
US	R2WUXHNENMNJLR	B00000099Y	Music	5	0
US	R2UBWZMG2DAAWR	B000002KB8	Music	5	0
US	RUFFD2HLAE9QN	B000009DUY	Music	5	0
US	R1MO8PDSCAD4KU	B000002UV9	Music	4	0
US	R3CJKRQW3F100P	B00000DFRS	Music	4	1
US	R2LHUFK0AQMAU2	B000002HPT	Music	4	0
US	RALFGZTSRT708	B00000BKI4	Music	4	0
US	RTH4DXW5EWIQ2	B00000257O	Music	4	2
US	R17XYPU4BQM9W4	B00000FCBC	Music	3	0
US	R24PHW12X30T8M	B000002KJK	Music	5	2
US	R1VJNG1Z0M12DN	B000002U82	Music	5	0
US	R1WJ89VMLAS6CY	B000002HMH	Music	4	0
US	R2I4U06UK1JR48	B00000FCBC	Music	5	0
US	R5ZYYP4CXT7UH	B000002GXS	Music	5	2
US	R1IAFG3BLP4M5F	B000006NL3	Music	5	0
US	R2DU2NPIZBL5U9	B000000FG8	Music	5	0
US	R2MVSNZYEFB09Y	B000002PF4	Music	5	0
US	R1MUWCYUWO1M8O	B00000AFWW	Music	5	0
US	R10J275YRC3HGQ	B00000DFTG	Music	5	0
US	R1GHUX5IT0STKX	B000006NPY	Music	2	0
US	R1DRLKLCB30BV3	B000002UZ1	Music	5	0
US	R39GMKCYDM1GWO	B000000ITU	Music	5	0
US	R2PX277WL11KXX	B000007RV5	Music	1	2
US	RTHDW865WOCG1	B000001ESF	Music	5	0
US	R3QQ2IR6A7LR6J	B00000DQSZ	Music	5	3
US	R1728D9FKPYQSX	B0000029GA	Music	5	0
US	R1VHTMCTQOOVB7	B000002KIE	Music	3	0
US	R33PCHC1PSMQM2	B000001FI7	Music	5	0
US	RZ53YBBVP8HPO	B00000DGUG	Music	1	1
US	R2BW5X2TJ0HXZK	B000002AZ8	Music	4	0
US	R6WP6HD6FTG8K	B000002BYD	Music	5	0
US	R2GAK65XTN8N3H	B0000028UK	Music	5	0
US	R3EMX7MD43SV6N	B000000WA4	Music	5	0
US	R1FNIK9L25S9PP	B000000W6R	Music	3	0
US	R37C1LS069F378	B000002AGN	Music	5	1
US	R3SO9V7KJGWN2Y	B000002KB8	Music	5	0
US	R1V4UKEBIXL043	B000002UAR	Music	5	5
US	R1KGNLBUE1YVJ	B000001FN1	Music	5	0
US	R1BC6DTWL4L4UB	B000002VTE	Music	4	2
US	R1EF76OGK0TZJI	B000002BYD	Music	5	0
US	R2RSZ2E4TI16H1	B000002UR7	Music	4	0
US	R3P9D1QM63Q6JY	B00000HZHS	Music	4	0
US	R3SQ5PM0CT2QHA	B00000DHTF	Music	5	0
US	R24QB6O5LYALH2	B000002IOW	Music	5	0
US	R3UVZUJGPIWPD6	B000002UJQ	Music	5	0
US	R10LGXCBWYTPQU	B000000WA4	Music	4	0
US	RQU9DZ14XG1QA	B0000020C4	Music	5	1
US	R21VKC4CJF23PO	B000002UB3	Music	5	7
US	RL2V97A4DJ2Y2	B000000W6R	Music	3	0
US	R2RRGZ9PD76NVH	B000002UDB	Music	5	1
US	R27RC93A2U2OJH	B000002HEM	Music	5	0
US	R2MLHYQTOWBBXA	B000000WJZ	Music	5	0
US	R2Z01MEZ11NY9W	B000002U82	Music	5	0
US	RMXAZSRBOKYCQ	B000003S5H	Music	5	0
US	RQN34SLJUS8LY	B000002BYA	Music	5	0
US	R25P30BSB3E07G	B00000ADG2	Music	5	0
US	R1BYCHSDGWMZED	B000001DV2	Music	5	0
US	R1DZT7MCHE0VQK	B000002C1X	Music	4	0
US	R2OSZJSO92RU2Z	B000001GBJ	Music	5	1
US	RDQH7MQRYE3JE	B000002B38	Music	5	0
US	R3N6EMWQ1NRRZF	B000002LR3	Music	4	0
US	R2UXCY9KRK8QW5	B000002MNL	Music	5	2
US	R2F66RC2LUXC6N	B000001EAQ	Music	5	1
US	R1G9LOROB9L05U	B00000ADG2	Music	5	0
US	R2TUJ8PYDO3GLY	B000001E18	Music	4	0
US	R3LSQW17C01ESG	B000000OMP	Music	5	1
US	RVTSYWF33XDH2	B00000DHRZ	Music	5	0
US	R2IKALOUE794DW	B00000DBXL	Music	5	0
US	R2XY24QMZA7KAB	B00000DMJF	Music	1	2
US	R3N2YQQ1P3UU6N	B00000F1D3	Music	5	0
US	R20LAK5Y1VF46H	B0000026J6	Music	5	0
US	R9GROFR1CPLER	B00000265X	Music	5	0
US	R2A7LCDR5OM1N0	B000002BE9	Music	5	0
US	R21Z3N96ZETT2D	B000002KBU	Music	5	2
US	R1PD7MHO9J1SB	B0000019PA	Music	5	0
US	R1Q9UN0R6EPFGV	B000002JEV	Music	5	1
US	R148SOD842T8F3	6305252521	Video DVD	5	0
US	R3SI8W3Q3KJOVE	B0000070QS	Music	5	1
US	R3GTG21OUV4SO1	B0000009SI	Music	5	0
US	R3G2LILZKTOQ8V	B0000029J5	Music	5	0
US	R3NPPKFY72DSNF	B000002KHF	Music	5	0
US	R1O33I92XZE111	B000002BQK	Music	5	0
US	R1FKHHPNSPXQ3E	B000005AYM	Music	5	0
US	R3LQIQX60MKWU5	B000002NIW	Music	5	0
US	RAJ9IYUZDEQJI	B000002LUB	Music	5	1
US	R1IH4CDEN1VCV1	B00000HZFH	Music	5	0
US	R3VWE2WYHPIEDX	B000002TLX	Music	5	0
US	R16A5SNQ8Q1SDH	B000002AHM	Music	5	0
US	RZT5WSL32JMJY	B000001EC1	Music	5	0
US	R36T6B2NDT7CD	B000000OMB	Music	4	0
US	R3GWCUS7AJ80GS	B00000DGUG	Music	5	0
US	R3LZ1GS8ETIJQP	B000002UJQ	Music	5	0
US	RCDRR10TEQ0B4	B0000025DV	Music	4	0
US	R3E763MNK9AK3H	B00000099Y	Music	5	0
US	RF4GA2OFC2DMJ	B000002UVX	Music	5	0
US	R2UBCFUH64I7FY	B000006045	Music	3	2
US	R2SM82J74ZCIST	B000002JSZ	Music	5	1
US	R2AGK49OUOFHD8	B0000027KU	Music	5	7
US	R1NBKDJZYTFEPN	B000000WF0	Music	5	0
US	R1DZ8MND93I5NJ	B0000024K1	Music	5	1
US	R237IJ0MB6LMMM	B000000WA4	Music	5	0
US	RO6P4GVU4QN1I	B000002NHN	Music	3	0
US	R38USF3C4BTBZ	B00000AFGM	Music	5	0
US	R35A7PXT5CQDG2	B00000AFFF	Music	5	0
US	R1A7OXGP7SB2JY	B000003BES	Music	4	0
US	R2B97LS1PPZ3BF	B000002JKA	Music	5	1
US	R1SEEUNCFV82OC	B000002LOE	Music	4	2
US	RDFVYQC0A61U	B00000DHTF	Music	5	0
US	R13IRMHSJMJWEM	B000002KDI	Music	4	1
US	RZ41IS7UDJ7RT	B000003N7G	Music	5	0
US	RG1REEJZ96NJL	B00000AFWW	Music	5	0
US	R3U3FTOPG09Z3Q	B000002J6F	Music	5	54
US	R2S2GVVUPQH9SW	B00000ADG2	Music	5	2
US	R11RRKDFU5JDDM	B0000057D8	Music	4	54
US	R3BLUDW8LGG7DP	B00000GAIW	Music	5	1
US	R2367FQRKEBMMW	B00000DHRZ	Music	5	0
US	R33Z6EPCCG73RN	B000003TBP	Music	5	0
US	R16IPPN898C63E	B00000F1D3	Music	5	0
US	RWEFY54ZAYHGB	B000002IZ4	Music	5	0
US	RW43WUUW52W2I	B000000W6F	Music	4	1
US	RZ7PZXNOW4YPZ	B000002UVX	Music	5	0
US	R3DKDZNBAKITEZ	B00000DHRZ	Music	3	0
US	R204IYAPD6S7JZ	B000006NPY	Music	3	0
US	RF6Z67AAQH2KH	B000002BE9	Music	1	3
US	R2HBQJB5Y1496V	B000002BFZ	Music	4	0
US	RPG2XEXW85ZOX	B000002BYD	Music	4	0
US	R3T1TPIQNCJ6CS	B000000WF0	Music	4	0
US	R4AWPRSHIK5UK	B000005RTV	Music	5	1
US	R2RUYS7F8PWB2A	B0000024SI	Music	5	0
US	R20PASWQRV4G21	B0000025DI	Music	5	1
US	R1R9WLCNYZEL76	B000003S09	Music	5	0
US	RVZP7KXPUZHRE	B000002GEY	Music	5	2
US	R32L5MJDGZSGQ0	B000001FN3	Music	4	0
US	R1RE5USDXXM625	B00000DGUM	Music	3	1
US	RHA6FJ83LKLT7	6304458304	Video DVD	4	1
US	R1M8WTBC4B4H6U	B000002C25	Music	5	1
US	R1BZTZ7HRXNGUZ	B000002UJQ	Music	5	0
US	R3SMPUKP8V8WPL	B0000021RD	Music	5	3
US	R2DW4SOC10NV2J	B000002PC6	Music	5	1
US	R1JKVU6ZEMZ61R	B00000F1D3	Music	5	0
US	R1HN27RPQ05XVQ	B000000W6X	Music	5	0
US	RFMGW9RCLRJ08	B000009VOL	Music	5	0
US	R1ESTT93OSEA2H	B000002MY3	Music	5	0
US	R3C5W3E46TS6ZM	B000002IWH	Music	5	0
US	R108DUYWEYZG8G	B00000DGUG	Music	5	0
US	R2MH5DYP6DXSJD	B000002Z71	Music	5	5
US	RZYFD3V1UJPUX	B0000041TD	Music	5	1
US	R1PMBEXWMYHJFV	B000000H66	Music	5	2
US	R2RYMYSNW7WKPH	B000002H1T	Music	5	3
US	R2CFQNIT9EBPHE	B000003S5H	Music	4	0
US	R3HXMQV3Y1THRZ	B000005HFH	Music	5	0
US	R1D7CWI2VXF4GH	B000002A73	Music	5	1
US	R1VKURCT4DMJXO	B000005B0U	Music	5	0
US	R3S3GFYN9992BU	B000002KEV	Music	5	2
US	R3PG7AWFQJ0W89	B000009CEM	Music	1	0
US	R1RT50ENMCWUNY	B0000024JN	Music	1	6
US	RC6RU7QC5WW6R	B000002C1Z	Music	5	0
US	RJ5DWFYGY4WBH	B00000DMJF	Music	1	0
US	R2HESGMB520KUE	B00000FDHG	Music	5	3
US	R260ZOCP2AY5M7	B000002UAO	Music	5	0
US	RRUC8PSZ70TPW	B00000DGUG	Music	5	0
US	R2PC0ABDGNONE6	B000002UAI	Music	5	1
US	R12AHEDPMNJBI7	B000002GBK	Music	5	15
US	R1SNXPCK86MO04	B000001ABD	Music	2	1
US	R3MW6FDH7L5LG7	B0000025SB	Music	4	1
US	R1MX018UQ38JFO	B00000DFMN	Music	4	0
US	R1I0XT5NUSBRK9	B000002H70	Music	5	1
US	RYWETNICNHPVA	B000002B49	Music	4	1
US	R28A2NPXUDLLB9	B00000FCBC	Music	5	0
US	R2FP1858IJCG02	B000002BE9	Music	5	1
US	R226W4O2Z73395	B000000WA4	Music	5	0
US	RRFITGFO9Q90M	B000005HCM	Music	5	1
US	R3U0105NDBDFXH	B000003NA4	Music	5	9
US	R2YKCRHHLE67SY	B000002JPA	Music	5	0
US	R1J5TUOS9ANWMW	B000002C1Z	Music	5	0
US	R1YHVOD2ZIEUFO	B000001GQQ	Music	5	6
US	R2TJF88GNXJNV2	B00000ADG2	Music	5	0
US	R11OPQDU9FJDH7	B000003CKH	Music	5	0
US	R1CFSRF1MBP9Z9	B000002H72	Music	5	0
US	RLQGLVA70V6YH	B000001Y79	Music	5	0
US	R3ROVAW3LE6WZH	B000006OAM	Music	3	0
US	R146CB1FUVG61O	B0000067L2	Music	5	0
US	R1GDXXBFPMC4WG	B000007MVM	Music	5	0
US	R2MZBXDHGFWKQ7	B00000AOTZ	Music	5	2
US	R160MXTGUWDB60	B000001E7V	Music	5	0
US	R13OQR01TED1BX	B000003NA4	Music	5	0
US	R2N7XWE2KG632L	B000001FQI	Music	5	1
US	REQ7YKVE3T856	B0000004V2	Music	5	2
US	RIQW3BO0AW5K7	B00000099Y	Music	5	0
US	R33KDH5DWYYSFT	B000005ITX	Music	5	0
US	R2ODSQAE3KU72J	B000002C4J	Music	5	0
US	R29W0K91H83YPB	B00000DMJF	Music	3	0
US	R1L0IP58QZEJQV	B000000OR9	Music	4	0
US	R1H2WQJT64152X	B000007177	Music	5	21
US	R38NFA8IQDSGF8	B000001Y79	Music	5	0
US	R2UWE4KA34QZJF	B0000041TD	Music	5	2
US	R2SUWIEJWKQW98	B000002UQJ	Music	1	2
US	R3EQKQYQXVL40N	B000005AYM	Music	5	1
US	R3PCD9W93JEWAT	B00000AFWW	Music	3	0
US	R31SMBO7W6ZZFH	B0000033RY	Music	5	4
US	R3PV6A78OQKWYL	B000007RV5	Music	5	0
US	R1DHQFAEPHNU2X	B000007VN4	Music	5	0
US	RLEI12B75HE3O	B0000021RD	Music	5	5
US	R1ZEPYZN6TFEWX	B00000DGUG	Music	4	0
US	ROY2DRMVCT0QL	B0000025BL	Music	5	0
US	RH5ZTSH4EW75C	B00000AFHM	Music	5	0
US	R20JNOJ4MZ9J2U	B00000DATR	Music	3	3
US	R1VRMWQ50HLJ9U	B000000I0K	Music	5	0
US	R2V24E8DFNF86D	B000002J6H	Music	4	2
US	R3EAQCP23BYIXR	B000002WU9	Music	5	0
US	R330HB7LOE8AGN	B00000DMJF	Music	3	0
US	R2KOHM2FMEGDYT	B000002952	Music	5	0
US	R11JBKMEI4VC2T	B000002H5I	Music	5	1
US	R1ZSV8I7KH0J74	B000002U8A	Music	5	1
US	R2CFGMVX8XLHSR	B000002UJQ	Music	5	0
US	R1GOS2GPQBAA32	B000007UEY	Music	5	0
US	R1VUB8LMMG0792	B00000DLUV	Music	5	0
US	RGFB7EE8J36TQ	B000000OSE	Music	5	0
US	R13AA51CZV5V6T	B00000DFTG	Music	5	1
US	RCII58OL6OM4P	B000002KHH	Music	5	1
US	R1BR6X875NVQ8L	B000007239	Music	5	0
US	RP18NEKD5OF2S	B00000ADG2	Music	2	6
US	R1T53OCWPRYLSC	B000009ED0	Music	1	2
US	R30QXFN0HS3QB3	B000002H33	Music	5	1
US	R1MTZ28H57I2AF	B000001IPL	Music	5	0
US	R15RO7D2TIKV10	B00000DMJF	Music	5	0
US	R25DGFIUUKA5I5	B000000W5L	Music	5	1
US	R2DX63W3APG765	B000001E18	Music	5	0
US	RXMJ4SIGHXS5S	B000002UWF	Music	5	0
US	R294TXGW9L7H2V	B000003BES	Music	5	2
US	RG8OPKTIFYPDP	B000003BDJ	Music	5	0
US	RN0H03BMCFRLO	B000001H00	Music	5	6
US	R3MCK4D4N2E4AW	B00000DHTF	Music	5	1
US	RFUGVPUB65TQP	B000000WJZ	Music	5	0
US	R3Q5EZECGQTOPW	B000002AGM	Music	5	2
US	R1OWIMKM6D7NCX	B0000057C5	Music	5	0
US	R3DX7DFZI8XN6K	B0000024SI	Music	5	0
US	R2BICLRB2MZSTN	B000003RCY	Music	5	0
US	R1OSU6G1VPCMBY	B0000029GA	Music	5	0
US	R3TH6PUKUO962J	B000000OUW	Music	5	0
US	R2BUKBLFPGCRXE	B00000FCBC	Music	5	0
US	R3P3WF2URBHQNO	B00000HZFP	Music	5	0
US	R231JFXQ6MCTDQ	B00000GAMD	Music	5	3
US	R1M2G1HIWQX110	B00000AFWW	Music	5	0
US	R3DG4KR62A4WE7	B000002UR7	Music	5	0
US	RZ8WDW7AJT6HR	B00000DFRS	Music	4	1
US	R25D55R8IRE65O	B000001EL7	Music	5	0
US	R12KEZPXIQ35PQ	B00000FCBC	Music	3	0
US	RBIT6R3Z9L83	B000001EKX	Music	5	0
US	R1QSEZTA6VSFH7	B000000WFU	Music	5	0
US	R2OEJZWDJP13KJ	B000002L7J	Music	5	3
US	RPV3WXJ2G85A8	B000002KCC	Music	5	2
US	R2GV7TGPHDFRVA	B00000AFFF	Music	4	0
US	R4CYEE2MQ7XL0	B000006EBK	Music	5	1
US	R10Z2ENK5UMGJU	B000002UZ6	Music	5	1
US	R3O1UZE2FG5AG4	B000001Y9I	Music	5	1
US	R3HHIQ7SYYRJJU	B000005RS6	Music	5	1
US	R187O1648GRPS9	B000002KIE	Music	5	2
US	R1N26B9EHJZ18J	B000001ELL	Music	3	6
US	R35IMFBOOF0LQ5	B000002H70	Music	5	1
US	R2ZAY6775YOVLZ	B000003S2K	Music	5	0
US	RMSRMS4LH1ULT	B0000062Y2	Music	5	3
US	R24QFPKWJQRO82	B000002UDV	Music	5	0
US	R3S2KU8KUT9JYD	B0000028RR	Music	5	0
US	RS8MSHNXB26NZ	B000005IU2	Music	5	0
US	R2Z8CQBZAJJUCA	B0000020C4	Music	5	4
US	R2ZMQJY8EQH388	B000002GB6	Music	4	0
US	RGBUZQBID5I9G	B000002952	Music	5	0
US	R1YA838NJQCZ5B	B00000DFMM	Music	3	1
US	REAEK7FIUX9W7	B000002INJ	Music	5	0
US	R2M6Z66AQ2OAZK	B00000AFWW	Music	1	2
US	R3F1YJ675FOWB0	B000002UAC	Music	5	2
US	R3AV9X7Q1OAIA9	B00000DGUG	Music	5	0
US	R12EUOP74CHN31	B000002UVX	Music	5	2
US	R3EOYWCEFOT7TS	B00000DHRZ	Music	5	0
US	R2MGD6DBIUVG8G	B0000060NA	Music	5	0
US	R15Q0AM4G9CSUN	B0000027I6	Music	5	0
US	RLOJZH5ODOUFD	B000003TBP	Music	1	8
US	R2Q3D6HVQWFGUM	B000000OQF	Music	5	0
US	R1D80XH8IJ8RRO	B000002AGY	Music	5	3
US	RYNKREXC97HNH	B000002N2Z	Music	5	0
US	RWR1Y3HX8JI16	B000002KKS	Music	3	1
US	R37V2DMPMK7CP3	B00000AD94	Music	5	2
US	R3NA0LS0J05CDS	B000002UCQ	Music	4	1
US	R1MCPYY4UHWEPC	B000006NPY	Music	5	0
US	RFGTT5E5FLU9	B000001GBJ	Music	5	0
US	R20MFM8RK3YWRS	B00000DHTF	Music	5	0
US	R1WKQS5D8RL36R	B000006NPY	Music	5	0
US	R2JGJVUNP2UCQ	B000005H55	Music	5	1
US	R2K0DAVA10GV2H	B000002LB6	Music	4	0
US	R2YQ9HY3OGKGFW	B000005IZ8	Music	5	0
US	R1ZAAMYAYKX683	B000002H97	Music	1	1
US	R2G2AN88V4UQVA	B000002KAT	Music	5	0
US	R1X5C6VJ5YQF08	B0000033IS	Music	5	0
US	R3XWE8ID11OY8	B000000OSW	Music	5	1
US	R2JJAZSA3D2NCO	B00000FCBC	Music	5	0
US	R1SA16LXT7IKEL	B000002J1S	Music	5	0
US	R2XKZWUGQIPJ1Z	B000002G6J	Music	5	1
US	RC5U3LQ2U6KX8	B000002NJS	Music	5	0
US	R3OUXRRZ0R245M	B000002UAU	Music	3	0
US	R120WD8AZEVGBW	B000002572	Music	5	1
US	R19QNUCBLP0LD0	B0000062GE	Music	4	0
US	R1FU5LAUE9SJTB	B00000DFRS	Music	5	1
US	R2DO266KDRYDKD	B000001FTS	Music	4	1
US	RZYPM5AX4PH45	B000002KHF	Music	5	0
US	R23Z6GCYU1QNYS	B0000025T6	Music	5	0
US	R1YVF404OZGK9U	B000000WCA	Music	4	0
US	RJRRJ4G8B5VGY	B000002HEM	Music	5	1
US	R8MUKM1QH1P66	B000002UJQ	Music	5	0
US	R3U1V4N1PAM8BL	B000002AQQ	Music	5	0
US	R1F7UJFJ737W8Q	B000007RV5	Music	1	1
US	R1685PZ4TE8HUU	B000002UB3	Music	5	21
US	REP298I7NQDCF	B00000FCBC	Music	5	0
US	R3F9CZWKC40EFA	B000001FI7	Music	3	3
US	R2LKVCSZOJQXQ1	B00000DBXL	Music	5	1
US	R178MV9Q09BCHT	B00000634L	Music	4	1
US	R1WPUKYJQNBSMH	B00000APLB	Music	5	9
US	R17L29DZ9D3ZRA	B00000F1D3	Music	5	0
US	R2OICIXP4LMM79	B000002U9W	Music	5	0
US	R1STKF6NXKYTQE	B00000F1D3	Music	4	0
US	R3DNC7B1DTC0ZO	B0000026NC	Music	1	4
US	R2FK7TS48ZQ14A	B00000AFDW	Music	2	1
US	R1PVMER69L81L	B000006045	Music	4	0
US	RVW5XWKZKVS8A	B00000FCBC	Music	1	2
US	R143QXVHNDJK2Y	B000002HMH	Music	1	1
US	R1MNODXK89WJ7	B000003NA4	Music	5	6
US	R3ZOJG04XT9ZF	B0000057C5	Music	5	0
US	R232161IT6KEDX	B000001OAA	Music	5	0
US	R1E0C2UMJ9PBV5	B000005IKX	Music	4	0
US	R1U4FS8ODKELW6	B00000DGUG	Music	4	0
US	R1HA7JUYJJV6O7	B000000WJZ	Music	5	0
US	R3IZL63AIRDYW8	B00000F1D3	Music	5	0
US	R2MH75XMC23GLQ	B000002LB7	Music	5	0
US	RD9FNQ5I11ZCL	B000007WNN	Music	5	0
US	R1QYNOBIVPYO54	B000000WFF	Music	5	0
US	R3T97E54PAGBXD	B00000BKI4	Music	5	0
US	R1JV4PR89ZS882	B00000253N	Music	5	0
US	R1ER4DESSGFIRT	B0000025L8	Music	4	0
US	R1JL8DHM8M6GFH	B000002UJQ	Music	5	0
US	RHX0N8WVRG985	B000002MG1	Music	5	7
US	R2R30F57PNVEID	B00000AFHM	Music	3	0
US	R3E3QTW8GSJ328	B000002IZ4	Music	5	0
US	R3LRGF6H1A6GCO	B000002JOH	Music	5	1
US	R2CEXCKAD915BN	B000003TA4	Music	5	0
US	R3MSULM9WIOJ7O	B000002HMH	Music	5	0
US	RXCA8L42MK9FJ	B000002BHE	Music	5	2
US	R1FSGL9K8F8K5M	B000000OUW	Music	4	0
US	R1Z3UT9PCKAFLG	B000001F9E	Music	2	3
US	R2HEPWXOCI1RDN	B000000WA4	Music	5	0
US	R1Q1800XQQLW8A	B000001GBJ	Music	5	0
US	R240QI2GF14B6U	B000002GWN	Music	4	12
US	R37SU7BQE00EHX	B0000024YL	Music	1	4
US	R119774FOZPZBR	B000002MP2	Music	5	0
US	R2JZXYD0QI3ANS	B000002ADT	Music	5	0
US	R1JR42KI451CIO	B000000WFU	Music	5	0
US	RPMACIDTD0T7O	B000002LLC	Music	5	1
US	R2UBKUISHTXQRJ	B00000FCBC	Music	5	0
US	RW6JAON6VKIO9	B000002N3J	Music	5	0
US	RZCZIIO2005XM	B000002UTH	Music	4	1
US	R3B8KN6ZMTY9S7	B0000028RR	Music	1	19
US	R3BD33XJA5SLGX	B000002C1X	Music	2	6
US	RXAIW1CH2GMQ1	B000002KDO	Music	5	0
US	R242J10T9AJLIN	B000002LUB	Music	5	1
US	R1XBDPBAHU9HOJ	B00000ADG2	Music	5	0
US	R2P1HDNR9NNF0P	B000003S5H	Music	5	0
US	R3KV3L99Q46ZTC	B00000AFDW	Music	5	1
US	RS7W7Y86LNANP	B000002GJ7	Music	5	0
US	R2IULS8RJMGXPA	B000002IWH	Music	5	0
US	R1T02Y3N3WCSTR	B0000021S9	Music	4	3
US	R1D7C8WJH1AMKT	B00000BKI4	Music	4	0
US	R1WQ9DBXBBKF8N	B000003TA4	Music	5	0
US	R3B96DC7051Z0K	B000002J3W	Music	4	2
US	RW8LDH23CP6F7	B000002W3R	Music	4	5
US	R5AEMK1YJCT1Q	B000001Y42	Music	5	0
US	R14EEKXVTDDSAW	B000001FE0	Music	5	2
US	R2K1F6A29OU2AP	B000002H6C	Music	5	0
US	R2X9X2ULQADD14	B00000F1D3	Music	5	0
US	R196V44QL3C7WV	B000002H33	Music	5	1
US	R2STB41PQM4ZWU	B000002U82	Music	5	0
US	R1IZ7HYG1R2W8H	B000001EYO	Music	4	1
US	R2PHC6EHFQ0VFD	B000002LK1	Music	4	0
US	R2YHV3LWRBKUNJ	B00000273M	Music	4	1
US	R2H40HXWB8CAGV	B000005ITX	Music	5	2
US	R3TIDF69960LX5	B000002B7Y	Music	3	3
US	R5N72EYA0LIJ8	B000006PYU	Music	5	45
US	R218QN7MA4VXQD	B00000DC7J	Music	5	6
US	R1IZU32DVR2VMB	B000001IPL	Music	1	2
US	RNZ8ATVP42F6Z	B000002KIE	Music	1	4
US	R24BKK3BUTJITL	B000002UAO	Music	5	1
US	RXLZ2XCHI780U	B000002J1C	Music	4	0
US	RCGYSZ0NXUKNK	B000002UJQ	Music	5	0
US	R1QIH2HLLDMAOC	B000002X1O	Music	5	2
US	R3DZYSRFU343K	B000001Y42	Music	5	0
US	R1GGP1XLW4RWJ1	B00000I01A	Music	5	0
US	R2QUDS1UXWPK4R	B000002UAR	Music	5	6
US	R14B8QXO4KFVQH	B000000QFV	Music	3	0
US	R1NGQ3FZ907SPN	B000002KHH	Music	5	0
US	R3UA706EVZKMY4	B000002KE2	Music	3	3
US	R2VE6FP2K42ZWN	B000006ZPY	Music	4	0
US	R8UW880YCAIEB	B000002H6C	Music	5	0
US	R211GU55X83F1N	B000002KFJ	Music	5	1
US	R3QDIDWM88VRBO	B000003BEV	Music	5	0
US	R32G3D1PX8TVP2	B000002KET	Music	4	0
US	R1AHVSAQE2OFU5	B000001FDI	Music	5	0
US	RD0O8XSI12ISH	B000002KXV	Music	5	1
US	R3N3S13RRO2KU8	B000005Z0G	Music	5	0
US	R3HDDBKMQ9WFM9	B000002LE6	Music	3	4
US	RJENF9G4ORVOD	B00000ADG2	Music	5	0
US	R3Q15TDSHCJS58	B000002AH7	Music	5	0
US	R299SF5PCPP36W	B000002WYT	Music	3	0
US	R2AKA3VOW5PX9U	B000002UZ4	Music	5	0
US	R29SMQ7Z36CEIX	B000002JA8	Music	3	0
US	R24W44DZNJAV2E	B000002UTK	Music	4	0
US	R3JQ5YFIWMET6P	B000002UDV	Music	5	1
US	RFJKP1EKEOSK0	B000002U9K	Music	5	0
US	R1MDL7VRWFXEW8	B000000WA4	Music	5	0
US	R38MV2I2HWSQFB	B000002USP	Music	5	0
US	R20BQN89UAOHAF	B000002UWL	Music	5	0
US	R1F34L9ECZTL6M	B000002ULS	Music	5	0
US	R26YABCNP0XTUH	B000002UD7	Music	4	0
US	R3T1ETKSDVIE3G	B00000AFHM	Music	5	0
US	R158YF3QNHGYUT	B00000AFHM	Music	5	0
US	R1CTAU3LY9XBI5	B00000DHRZ	Music	1	0
US	RLC7XPMRK6XB6	B000006MS3	Music	5	3
US	R2JCCSLPAYQI3B	B0000026SF	Music	5	1
US	R1NRVO2G5KLBG5	B000001DTM	Music	5	1
US	RC9AXI5XECM69	B000002U82	Music	5	0
US	R22R07B7OCDMAA	B000002MIF	Music	5	0
US	R3CI0QIUVFFZ2R	B000003B6J	Music	5	2
US	R7OOFF2D7MM0J	B000002HIK	Music	5	0
US	R1V63MXLL7AL0G	B000001E7L	Music	5	0
US	R2N7Q6CQLRQC9A	B000002UDB	Music	5	0
US	RYL3VAUV3T8T0	B00000DFSK	Music	1	2
US	R1B43MDA5CUYTU	B000002MTU	Music	3	0
US	R2ELFCARER5EJD	B000002ADT	Music	5	0
US	RD4AD0URAJ0GN	B000001FS3	Music	5	0
US	R1APURU64IW7IN	B000000WZ4	Music	3	2
US	R3LOF80A6P9GMD	B000002H6C	Music	4	0
US	R245LNTVVC1GS9	B000002H33	Music	5	2
US	R1PYNITWJJNFFE	B000000WFU	Music	5	0
US	R2C4D9CC1ALCU6	B00000FCBC	Music	4	0
US	RTWZFC5QXSDL9	B00000FCBC	Music	5	0
US	R33DAHEEHGQZNW	B000002LCB	Music	5	0
US	R1OTNOXRX3J8YO	B000002TYX	Music	5	2
US	R3KOIWT71RITOY	B000002WYT	Music	3	2
US	R3MLRQABBDJOKS	B000002H33	Music	5	1
US	RYU9NFE1NLE6F	B00000I2R5	Music	2	0
US	R31ZBZUW2FSXWT	B000002HMH	Music	1	2
US	R2TVHB0Q8AXQU2	B000000I02	Music	5	5
US	R1RZZSRPRGN6ND	B000002HRE	Music	1	5
US	R2C3TZCWWNQ2ZB	B000002IU9	Music	5	0
US	R3641VKYNELIKL	B000000WFF	Music	1	0
US	R3HJD24BNINBG2	B0000024ZT	Music	5	1
US	R2FX9D72C8M1XT	B000002TQV	Music	5	0
US	R31NP0I49646MP	B000002NJS	Music	2	0
US	R2NARRWY2R54S	B000002C1X	Music	5	0
US	R3CND9S9FRUNB0	B000002E5J	Music	5	1
US	R2XYVDL4IDP7B	B00000HZFP	Music	5	0
US	R38AVLMFSZWSBD	B000002ADT	Music	5	0
US	R1KAOBHG4IH2W3	B000009QOC	Music	4	1
US	R25NV40S4HP6XL	B00000HZFP	Music	5	1
US	R767W10AJGBY5	B000002KDO	Music	5	0
US	R1OSQEWW4HEUFQ	B00000DMJF	Music	1	2
US	R3JE6ED7A25PLU	B000000WCA	Music	5	0
US	R2Y8EEPKT23L76	B00000637V	Music	3	1
US	R1GM8TOTBWLCTB	B000000WJK	Music	4	3
US	RFYJZZUD0AIS8	B0000024K1	Music	1	8
US	RNAS3J6Y7F4NJ	B00000DHRZ	Music	1	0
US	R32VX0KK81ZUMG	B0000042MY	Music	5	1
US	R2XTJUBG17Z5O5	B000002PCS	Music	5	0
US	R2HR8840Y2GDLO	B000000OUW	Music	5	0
US	R1JASJ39F2FRSR	B000002J20	Music	5	4
US	R1HFFMOBC8ESW9	B000001F84	Music	5	0
US	R3N4MG63K51LY9	B000002HMH	Music	4	0
US	R2DUCGBH1GQAAS	B000009RC2	Music	5	4
US	R1NQNKN3VAQD27	B000002UEB	Music	5	0
US	R181MIHKQX0N0L	B0000028RR	Music	5	0
US	RG91F5TVSW6FP	B000002C1X	Music	5	3
US	R1716NWB3S40S9	B00000DGUG	Music	4	0
US	R2YWWGBWYB39HK	B000002BYD	Music	5	0
US	R2ZFA9ZCOUE5FC	B000002IGP	Music	1	4
US	R2XWLJVQ4MZRC6	B00000BKDW	Music	5	0
US	R1WBN4PTGHLD4P	B000002VCW	Music	4	1
US	R42NNXSZFY41W	B000005TQO	Music	4	1
US	R2VEJHPVJMFEDI	B000000OSE	Music	5	0
US	R134T945SJH2UX	B000000OSE	Music	5	0
US	R3KH9UZ5Y3PADR	B000002HMH	Music	1	1
US	R1AU3AWKSEXHKX	B000006045	Music	5	0
US	RXVZUARNF2ULU	B000002L9J	Music	5	4
US	R26YOMJG42OYX1	B0000025L8	Music	4	0
US	R2ADNW0UV57XHL	B000002NHN	Music	3	0
US	RB1H2D0GDWD8O	B00000F1D3	Music	5	0
US	R1THU6YFY4MI0J	B000000QFY	Music	5	1
US	R3JG82S5U7IDFM	B000001EXR	Music	3	1
US	R3927W9RM8FX8V	B0000028M7	Music	5	0
US	RPIGNP6HX20M	B000003TSP	Music	5	1
US	R2UK8MEMPTUZUX	B000002TQV	Music	4	0
US	R3HGTAF92FHXC3	B000002UJQ	Music	5	0
US	R2TA86UYJ9KDBJ	B000006NPY	Music	5	0
US	R1OC7M3E50KA1N	B000002H8F	Music	5	0
US	R22LCBZ10V2XRL	B000002KHF	Music	5	0
US	RS0FSLS3SK575	B000003N7Y	Music	4	17
US	R3OE3PKBRPNA9T	B0000004V2	Music	5	0
US	R2MCLHODKB21B6	B00000HZFP	Music	5	0
US	R2CLDN0Y67J30I	B00000DHRZ	Music	2	1
US	R1R0RTOS75WCK5	B000002UY5	Music	5	0
US	R3PBBK6TM0MGS4	B00000FCBC	Music	5	0
US	R1W5MSJL2MQ83O	B000003N89	Music	5	0
US	R17NNY5LPYWLAY	B000003TBP	Music	3	2
US	R3SGC0DIRA8PS8	B000000WAC	Music	4	5
US	R28Y7LKP3NI2PI	B000009DUY	Music	5	0
US	R3PF269DNOA80Z	B0000025VI	Music	4	0
US	R2OC2PSHT4AFKN	B000002ULS	Music	5	0
US	R3Z9CGSN5HNGX	B00000373U	Music	5	0
US	RCWVVLL5COLSS	B0000029AP	Music	5	1
US	R4U32LXJCU2JS	B00000DBXL	Music	5	0
US	RNDMQIZUZW8J	B000002JBG	Music	5	0
US	RXBQIL8XVDQ8L	B00000DFRS	Music	5	1
US	R9OE7UIZQNTBZ	B000007T1M	Music	5	0
US	RPW5EDTE42NGE	B000001DTM	Music	5	0
US	R3RR5UIF5TN12B	B000007T1M	Music	5	2
US	R39WDBYRI4E4X7	B000003NA4	Music	1	3
US	RZSMOURQFP2ZS	B000000WG4	Music	5	1
US	R3A1X8R4SQCKQH	B000009EAD	Music	5	0
US	RCGQGQGTD94ZZ	B000003B6J	Music	5	0
US	R2Q4IYQZRNJHFL	B000001GK9	Music	5	10
US	RSGMWITDC0Z14	B000003AEB	Music	4	2
US	R3904MB17F3IVX	B000002UWF	Music	5	0
US	R1F2OY52PGZBB0	B000001Y5D	Music	5	0
US	R3LW6CCKX2XRRS	B00000DLVA	Music	5	0
US	RLIAA5C5EJWNR	B000000W6F	Music	5	0
US	R2ON59G4KUEM4N	B00000064G	Music	5	2
US	R1CS828TNFTC9F	B000000OUJ	Music	5	0
US	R3I95U7F7BGXNZ	B000000OF6	Music	4	0
US	R2FMIHW9O23AXD	B00000DD2D	Music	5	3
US	R1IFMCFLFU924W	B0000026TD	Music	5	2
US	R3HF87NJ9A3KCF	B00000FBRE	Music	5	0
US	R1TH71I7H4GWEH	6302869390	Video	5	2
US	R3OSME9LYVQY7T	B000001FV3	Music	5	1
US	R2ZS4H0KKN9XL7	B000000W5B	Music	5	7
US	R37XL8EL7R9E9G	B000007T1M	Music	4	0
US	R2IRSLGD2ML1A5	B000002H33	Music	5	1
US	R2GRK1LG0AXTHO	B000002O4S	Music	5	0
US	RQUEIDQHOX31A	B00000253N	Music	4	1
US	R10JXY2MAO7MNC	B000002O4S	Music	5	0
US	R283W2R7HC3L0B	B00000DHRZ	Music	5	0
US	RRD670GI2RA5C	B000005DQR	Music	5	1
US	R2XS26CAEQ8P01	B000002C2E	Music	5	1
US	R2PM53Z7T2NG7N	B0000019PA	Music	5	0
US	R13PZBM42SA2U2	B000000WCV	Music	4	0
US	R2WQMHKKCBMYSO	B000002U9L	Music	5	0
US	R2L5VC8DWY3BF	B000002UAU	Music	5	8
US	R2XMXOPN88NXBG	B000002KMY	Music	3	2
US	R36P7O7QQ9C63H	6304117752	Video	5	0
US	R31EBAQI7JK0YX	B000002GMT	Music	5	0
US	R2XSJUWHDFL9EE	B00000DGUG	Music	1	0
US	R3G6PT14PXEYJ0	B000005ILF	Music	5	2
US	R1C8ARIQYGSEVH	B000007T1M	Music	5	0
US	RAAIGD6F0M41C	B000002NJS	Music	4	0
US	R29PRT129UBEUA	B00000DMJF	Music	2	1
US	RRJBKNLVBE7LR	B000002P7R	Music	5	1
US	R22B9FCKAXHRSH	1564428117	Video	5	0
US	R2O6GZLMLO9TUC	B000000OSO	Music	2	0
US	R30SYIF9IJSA36	B000002BBY	Music	2	1
US	R2VAOOAR9VYNH2	B000002UA0	Music	5	1
US	R107ELZZM9ZEIO	B000002GYG	Music	5	0
US	R3BL0MG114FB7E	B0000047CW	Music	5	2
US	RB9C6WPKVB4FP	B00000FC5H	Music	4	6
US	R2AH2ODVDL7POE	B000002UA9	Music	3	0
US	RPL9U0Q8E4P92	B000002GBJ	Music	5	5
US	R301H2KSLF8MLC	B0000025HU	Music	5	0
US	R1XI5QC0HTGW6E	B000003S0B	Music	4	0
US	R1O36FOC6LE80K	B000002G1Y	Music	5	7
US	RWTJKDK8NLJKN	B000003S0I	Music	5	1
US	R1PI0U4G3ZXV6F	B000002OHF	Music	5	7
US	R1A50NGMYYF4U7	B000003S0F	Music	2	3
US	R3SBID1LK028W5	B00000DHR0	Music	5	0
US	R1GZQRNTZK6Z9K	B00000AFWW	Music	4	0
US	R1W2FWNSZCO8OK	B000002H97	Music	5	0
US	RRIF557UFA7FV	B000000WA4	Music	5	0
US	R7F1TJEUYQ5JN	B000002L71	Music	5	5
US	R224PX71UHUT1E	B000002AHC	Music	5	3
US	R1B55BEKM8NXG2	B000002C25	Music	5	1
US	R3CPMUC2YJZ7PF	6301978587	Video	5	1
US	R30WKIXNFH9C37	B000002KBU	Music	5	0
US	R2N9HE7HTO8BHH	B00000DGUY	Music	5	1
US	RKB5BTVUS0V2E	B0000009SY	Music	5	2
US	R2SZ2NGZZGLQJ2	B00000DBXL	Music	4	0
US	R1S4MWI36YJ51B	B000002U82	Music	5	0
US	RXHRCSVJHQOAB	B000002KHF	Music	5	0
US	R3KCKE7BOWBRRB	B000002OK3	Music	4	1
US	R3GZWYXVFC75DF	B00000ADG2	Music	1	1
US	R2EV8NYRBKGYFC	B000003N7Y	Music	4	3
US	RFTM8F9PZX5U2	B0000046KM	Music	5	1
US	RJ2R78YXI86E5	B00000DGUG	Music	5	0
US	R1RBF9BTTFYIH8	B000002I27	Music	5	0
US	R10XFF3972M2DG	B000006NPY	Music	5	0
US	R1RD3TKFAZARGM	B000002V07	Music	5	0
US	R1EKX6YO9WIRQ2	B000003AEB	Music	5	1
US	R2B971ZU7AJ9TE	B000005H4K	Music	5	5
US	R2VCLG86TCRUAX	B000002MY3	Music	1	8
US	R3VZQ3KJ5D0NKV	B000002UAO	Music	5	1
US	R20M1Y3ZLVQKJ4	B000002UA0	Music	4	0
US	R32RXUQNS0SM4Z	B000002BBY	Music	5	0
US	R3SE0XSBKGFI9J	B000002UAU	Music	5	8
US	R2PKC534RW7E41	B00000DGUG	Music	1	0
US	R3SNZ3R4SSZ3HP	B00000AFWW	Music	4	0
US	R2QAMIWCVJ5J9U	B000005RT8	Music	4	1
US	R38KVY1HNRRMTO	B00000DHR0	Music	5	1
US	R129VCRZWTQGVD	B000007RV5	Music	4	0
US	R35ZAPKXNU46PK	B000003S0D	Music	5	0
US	R2Y6S1W1MLORDA	B000001BX0	Music	5	0
US	R2EC48S9BXO57C	B000002VMH	Music	5	0
US	R1AZRW454LGXKH	B0000025DV	Music	5	1
US	R39O2KB296A1HA	B000002HHB	Music	2	1
US	R2DH4DZAG7ZGIA	B000006OAM	Music	2	1
US	R1DZ9JTXKOGA7E	B000002U82	Music	5	0
US	R116YWOQ90EC6X	B000002KIK	Music	3	0
US	R2MACBNKBIUVS1	B000002L1L	Music	3	2
US	R1YR0GEOIL2I8O	B000002KKS	Music	5	0
US	R2OJAXJT418GII	B000002UC5	Music	5	9
US	R3V70W59Z4POC7	B000002I2G	Music	4	0
US	R23NGS1S00VHM6	B000002I27	Music	4	0
US	RV9GI03GTK6DJ	B000002KGT	Music	5	0
US	R1CS5S9MPLTUQ8	B000002I2I	Music	5	0
US	R2VB9OCGT3ZGHM	B0000024Z7	Music	5	0
US	ROAIWIO6UB5I2	B000002I2M	Music	5	1
US	RARXXEN5FN9MO	B000002I25	Music	5	1
US	R2SSOLA92HTMKA	B000002USN	Music	3	0
US	R3G78A0GXT801O	B0000035E7	Music	3	0
US	R29S3CY7Y0BWWP	B000001DYD	Music	5	1
US	R3LDIJA9T8H5Q6	B00000GAIW	Music	5	0
US	R6AGQYMVT3YBJ	B000002TQV	Music	5	1
US	R3FTHLNP4HM9UT	B00000AFWW	Music	5	0
US	R2PECDNOA8B52D	B000003GMQ	Music	5	0
US	R338CUXS8ZKI2T	B00000DHRZ	Music	5	0
US	R1BBFT3LJ4Z7G9	B0000069NC	Music	5	29
US	R114Y9QXSYMV6N	B00000DGUG	Music	5	0
US	R2B7EQDORQF1RU	B0000028UK	Music	3	0
US	R2SVK5M1BW74Q0	B000001Y42	Music	3	0
US	R3M3HKLGBCM4C8	B000002VCQ	Music	5	1
US	R1OEDDZZKWP9G	B00000DHRZ	Music	5	0
US	R2C76ZGOOEK3O2	B000002BYD	Music	5	0
US	R2YGKPFEXNUG0Z	B0000024Z7	Music	5	2
US	R1PAVL2BOSTSP0	B00000AFFF	Music	5	2
US	R27MW12WG24UAF	B00000DFRS	Music	5	1
US	RY89HPUWXLP	B000002BQK	Music	5	0
US	R1JMHP8V6C2BZH	B00000ADG2	Music	5	0
US	R1OO946YHP8GG6	B000002HPV	Music	4	1
US	R1QMFQ5PDWN0VJ	B00000DBXL	Music	4	0
US	R32BL6LWCNLGGB	B000005H4X	Music	5	12
US	R1BGFVBIRBYD8E	B000009CEM	Music	5	0
US	R3BJY14XPU9BDC	B000002HRE	Music	1	2
US	R1YCZVQRMRU3U5	B000002N2P	Music	5	0
US	R3B8H1Q8MU3F1C	B00000DFSK	Music	2	0
US	R1IIC34JLFDJ1A	B000002MU3	Music	4	2
US	RVPTI84FQVOLW	B00000HZFP	Music	5	0
US	R3O1GB43GG0TLV	B000002MTU	Music	5	1
US	R2QGCDMQU8FUCJ	B00000AFWW	Music	4	0
US	RCTYLI6DP3LDT	B000005ALP	Music	4	0
US	RKD2GNNSPE4BW	B00000HYXB	Music	5	0
US	R23X1KDPMM0EMR	B0000009OU	Music	5	4
US	R1ATZ5YEON5DHD	B00000DFRS	Music	5	1
US	R2DLS9R1QMSOPK	B000002IJL	Music	5	0
US	R2O6TCF5FOOUAN	B0000025D0	Music	4	0
US	R185ZDX43VFTA	B000002UJQ	Music	1	10
US	R22J97YBXZI2SA	B0000024UX	Music	5	1
US	R1P8QHXEOGZASS	B000002C25	Music	3	3
US	RJU1HMKW9X0BX	B0000057C5	Music	4	0
US	R275RXFC27XH9V	B0000024SI	Music	5	0
US	R3H8YWJ2945MO1	B000002AV5	Music	5	0
US	R43Z9S8CG2A6H	B000002UB6	Music	4	0
US	R2N7CKF0U6KH05	B0000025H4	Music	5	1
US	R2EPQ2Q9VFV4OF	B000007NYS	Music	4	0
US	RKR6OGQOEPBT3	B000001GQJ	Music	5	2
US	R39J891HOMEGU3	B00000258P	Music	5	0
US	RQQW6K7FJ46BN	B000002A3T	Music	5	7
US	R12ZSL3TK0MT9L	B00000HZFP	Music	5	0
US	RYMTCPZXQK82L	B00000AFWW	Music	5	0
US	R3P3DRIYDQB4CN	B000002HRE	Music	5	0
US	R3G8JYMJR19PS1	B000000WJZ	Music	5	0
US	RJMOBPQBOONK3	B000002BFZ	Music	5	6
US	R3U6TTBFEENC7L	B000002BPS	Music	5	0
US	R6H6LYOD71UBF	B00000DHRZ	Music	5	0
US	R2KPL86CU13ISN	B0000019PA	Music	4	1
US	R29SBGNORSWLDO	B000006OAM	Music	3	0
US	RH2GB49C0YP19	B000005YZM	Music	3	8
US	R2DLIO9XHHDBDG	B0000028RR	Music	1	11
US	R2SCL1UII33O1W	B000002VMD	Music	5	1
US	R127ZZ4AVBILOA	B000001EHS	Music	5	0
US	R1ADI2L00TG8VL	B00000DBXL	Music	5	0
US	R21C8IY16TNB2J	B000003S2O	Music	5	0
US	R3P361UQXGOQK5	B00000ADG2	Music	5	2
US	R1H8HP53TOJ5KR	B000002UJQ	Music	5	0
US	R12VWKYIO55CQD	B00000099Y	Music	5	0
US	R1BIW3UVY3O1W1	B000002UE2	Music	5	1
US	RCPIBIO3SQWXJ	B00000FCBC	Music	3	1
US	R9P02O6K0JRD2	B0000019HU	Music	5	0
US	R31WZI8W89N1YB	B000003S5H	Music	5	0
US	RL98NRK7BNMB6	B000001EAQ	Music	4	0
US	R20JTEZ43F6YJ2	B00000ADG2	Music	5	0
US	R1TGNOQ15UQBG2	B00000DF6O	Music	4	1
US	R15IJCJ4ERCV21	B000001OAA	Music	5	0
US	RT0FJVFKV2EOH	B000003BDJ	Music	5	1
US	R1FANDVLLBCW5L	B00000DHRX	Music	5	0
US	R16P6MQ4FG4EIE	B000003TA4	Music	5	0
US	R378PNWV4U1O00	B0000004V2	Music	5	0
US	R2YOBS13CUBJA5	B000002B38	Music	1	2
US	R21BO2K7FEX1TX	B0000025CP	Music	5	0
US	RVVP80Z1KQPNT	B0000029J5	Music	5	0
US	R33NWS0L3VK1NM	B000001FB6	Music	4	2
US	R1QEDIIXC42SCY	B000002P5R	Music	5	1
US	RA47K0LZLQAIT	6302902010	Video	2	0
US	RBU3ERC344G5Q	B00000099Y	Music	5	0
US	R2P5REPY4ZPR9J	B000002PHM	Music	5	10
US	R1G26T7YJ2K3YA	B00000DHRZ	Music	1	0
US	R95KLS7SXU2LK	B000002KOQ	Music	4	0
US	R21UC2B8J7FLXS	B000002ULO	Music	4	0
US	R1A03Q0Z2OM3K6	B000000ORX	Music	4	6
US	R3F3M5ADHHZ8G8	B0000025ED	Music	4	1
US	R2YTNPQ1IZTP1O	B00000F1D3	Music	4	0
US	R1D9PKLSZPJW19	B000001FP8	Music	5	3
US	R2E7O7G9DFRH34	B000002B7S	Music	5	0
US	R14TAI5DBI437L	B000002H92	Music	5	15
US	RSCPKYFX9MMHT	B000003NA4	Music	5	0
US	R3J6K3QIP9PGSN	B000002H6C	Music	5	0
US	R10FOZ9CXV1EJ8	B000001IPL	Music	5	0
US	R1O7O2ZLPNO066	B00000DD2D	Music	5	2
US	R1RVLO0WN2N1DP	B000003NA4	Music	5	0
US	RXHBBYATMVKKI	B000002A3T	Music	5	0
US	R2IA7GFME0P7HS	B00000FCBC	Music	5	0
US	R1GW4E5PKPPQSJ	B00000F1D3	Music	5	0
US	R2LJZN65R6RD86	B000003S2M	Music	5	2
US	R2N91V14L8ZKED	B000005S27	Music	5	1
US	R7AFT8I58MG6T	B000002UDV	Music	5	1
US	RU7JK8YJFCPMC	B00000ADG2	Music	3	0
US	R1M8Y78C5HIZBF	B000002H2H	Music	5	0
US	R1G4E414U816DB	B000002H33	Music	4	0
US	R22KHT2EQILYTS	B000002H97	Music	5	0
US	RJIZY5GA4G2JR	B000002NHN	Music	5	0
US	R2CMH9XM072STH	B00000FCBC	Music	4	0
US	RF8KHR4O1QF07	B000001FC0	Music	5	4
US	R3O7ELRLZTS61S	B000002HRE	Music	5	0
US	R2OLME6936I4D0	B000002HMH	Music	5	0
US	R3AXVEM53MMQ3E	B000002H6C	Music	4	0
US	R13IKYX7BZ50WX	B000002BE9	Music	5	0
US	R1XCZLRGODQI4F	B000002NAK	Music	5	0
US	R1FFSVV1RDAV0F	B00000ADG2	Music	5	0
US	R2821R47RSGV3Z	B000000WF0	Music	1	7
US	R33O618J2J2S4C	B000001Y79	Music	5	0
US	R14A1ABYXV8992	B00000HYXB	Music	5	2
US	RQ6JYXPA85S0H	B000000OTU	Music	5	0
US	R1ZPRAHLFKJN0Y	B000002B5L	Music	5	1
US	R1TSPZDXRKUXM9	6305014140	Video DVD	5	0
US	R3ZTEES49GBOR	B00000DLVA	Music	5	2
US	R3HXVO990AGG39	B000002UB3	Music	5	6
US	R2FLEM5GQONPTG	B000002NHN	Music	5	9
US	R22RI645HBKQO9	B000002UYZ	Music	1	5
US	RKCBBEFSXMVRQ	B000001FI7	Music	5	0
US	R1C5GV0UYHSNPN	B00000AFGM	Music	4	0
US	R2C3Y6NGNJ8UQU	B000003TSP	Music	5	0
US	R19V3GKNGTXFPL	B000000OU4	Music	5	0
US	R2GAXIWP8OCZ2U	B0000060NA	Music	5	0
US	R6453AOELW51J	B000002GJ7	Music	5	0
US	R784VG8SUNVGH	B000001FKY	Music	5	1
US	R3568PEG6WRAAO	B000000OU6	Music	5	0
US	R2PIQB6LXS7LRX	B000002G0P	Music	5	1
US	R339TTM5PN1XHO	B000002JNJ	Music	5	1
US	RGNBNNS41EFMP	B000002L82	Music	5	3
US	R10VZ26QZG1RAA	B000002C4J	Music	5	0
US	R1Z6J3GWUIGB2O	B000001Y2U	Music	5	0
US	R1P99NPC2M6178	B00000DHZJ	Music	5	0
US	R1Y3VIQVZOK5DN	B000002U94	Music	5	1
US	RJ0AO1K2NE86Y	B00000AFFF	Music	4	0
US	R2Z34AZVXWXLCE	B00000ADG2	Music	1	1
US	R3JDO9IDX1D34D	B000002HRE	Music	3	0
US	R1YOEAOBWLLI4O	B000002L5I	Music	5	0
US	R2VU1HRJFIA61K	B00000AFGM	Music	5	0
US	R2F89IW6P1F21Z	B000001Y2U	Music	5	0
US	RCG9RX2UUYZ68	B000001FC0	Music	5	1
US	RQE6L1LF5E9SK	B000001Y42	Music	1	3
US	R5RRMDXE2R25U	B000001Y42	Music	2	0
US	R2P0FYKQ4NUILF	B00000GAIW	Music	5	0
US	R3UYXCE2WFXO8C	B000002UAO	Music	5	0
US	RMTD3VOBBL2W7	B000001Y42	Music	4	0
US	R3NLFD5MRCJW3L	B000002UAU	Music	4	4
US	R2STZQE62KCCGC	B000000WJK	Music	5	5
US	R3HQJP7I9J5ZI5	B000002J29	Music	5	0
US	R18WLDO60I4Q4J	B000002513	Music	5	2
US	R3FIZNXDTVLFH3	B00000DHTF	Music	4	0
US	R26ME3LYTLTDMK	B00000I78Y	Music	5	1
US	R8PT77F2OAP3J	B000002C4O	Music	5	0
US	R1671637Y6FZBU	B0000025ED	Music	5	0
US	R1H9DYEQ0IXY70	B000002HMH	Music	5	0
US	R2LJAMLWPH9D3V	B000002UCE	Music	4	0
US	R2ZC7NT32HMMZ	B000001EPB	Music	5	0
US	RUS5PM1UVA331	B000002NJS	Music	5	0
US	R3TKL9P3QU7BIT	B000002UJQ	Music	5	0
US	R2CIHYRIXMHK83	B000002LGA	Music	5	1
US	R3F15OD01UT1QK	B000002VMH	Music	5	0
US	R3LAI03ZE9WLF6	B00000DHRZ	Music	1	0
US	R3C58N58UN6CR4	B00000DBXL	Music	3	1
US	R67SLULXWPVC1	B00000DGUG	Music	1	0
US	R2S0KMVL4H88CE	B000006045	Music	5	0
US	R24HH1AOFDSY8I	B000002LAC	Music	5	0
US	R2JY2AMUD2IPPV	B000002H70	Music	4	1
US	R2JWKQ3B640L9N	B00000ADG2	Music	5	0
US	R2B5X743HRQTFN	B000006NPY	Music	5	0
US	R2G2HW5MMYIU6D	B000006NPY	Music	3	0
US	R33OIQJB453PLC	B000001EHS	Music	5	19
US	R3JLAFMGMKV5KQ	B0000027RL	Music	5	0
US	R21HJG68TL2LME	B000002BYD	Music	5	0
US	R6AI03O2YS2E3	B000002HMH	Music	3	1
US	R2BGDQJKRUDG4K	B000003NA4	Music	5	0
US	R9KT9XE7BQKBY	B00000F1D3	Music	5	0
US	R2B9LHT5IWUPM2	B000001Y42	Music	5	0
US	R211BTRRBKZEGG	B000002KET	Music	5	0
US	R1XONJB6XTNNWO	B000003S5H	Music	5	0
US	R2UE4QAQMEZRMR	B000009QPE	Music	5	0
US	R1Q1M73AM7JTJ9	B00000DHRZ	Music	5	0
US	R3A2AN8QQP1B0N	B00000HZFH	Music	5	0
US	R1M6JQUVEM1IQ7	B000002KDO	Music	5	0
US	R2BOA0651U47YL	B000000OU6	Music	3	0
US	R1Z417U6TCD0GH	B000000LZV	Music	5	1
US	R1NDWOWO5Z4917	B000002G26	Music	4	1
US	R25ZZ7OYLUEXYL	B000006NL3	Music	5	0
US	RLJLH00NYEKEU	B00000DGUG	Music	1	0
US	R3SWJYJY9OK25N	B000002H97	Music	5	0
US	R3NBFEAYX0TTAP	B000000OSW	Music	3	2
US	RLIMAA69RRVK5	B000002UE9	Music	4	2
US	R5MK0AOR2K0HF	B000005ALN	Music	5	0
US	R1IBKW2K3TEWPD	B000002OR4	Music	5	0
US	R3UPESDFKWUD9M	B000002NFM	Music	2	0
US	RFBZ3MRPIQ14L	B000002J09	Music	5	0
US	RKZHB15WIJP08	B000002UAO	Music	5	0
US	RTBZYFZ7FAW33	B000002KJQ	Music	4	0
US	RKZZBHLHM3J07	B000002KYR	Music	1	4
US	R1RRCYTXYKC00P	B0000047D5	Music	5	1
US	R31WEERQ5658SZ	B000002ULO	Music	4	0
US	R34WWATRNUFPVK	B000002KGT	Music	5	0
US	RV11L6L0REVW4	B000002J09	Music	5	0
US	RF9INJCGPAU20	B000002J03	Music	5	1
US	RSRM2SF6A2O0L	B000002J0B	Music	5	0
US	R2G4TM3F7YME3W	B000001Y42	Music	5	0
US	R2E8BCT1IT57XT	B000002NC4	Music	5	1
US	R2EPJVHDU2WBCN	B000002NHN	Music	5	0
US	R28EAHE92YWM3M	B000001GBJ	Music	5	0
US	R2RDR31NZH7VPA	B000002MP2	Music	4	0
US	R50HMRLL2G7UE	B0000041Q3	Music	5	83
US	R3L2IJRKF4ZQ8E	B000002UJQ	Music	5	0
US	R126NAHGZ9GL3V	B000000W3G	Music	5	0
US	R3ED0S2C8UCP51	B000001IPL	Music	5	0
US	R3MN1TCXKBVWZ2	B0000020C4	Music	5	0
US	R1SPK25ZXGA2GN	B000002IRL	Music	5	0
US	RRGSAHL3KZANF	B000002BBY	Music	5	0
US	R2DC9A3F9MTHA5	B000009QPO	Music	2	1
US	R23KTYKMANCHWW	B00000BKI4	Music	1	2
US	R1KQC0ZM9LXFT0	B0000069CT	Music	5	5
US	RA6V0XXIZBVDC	B000002U82	Music	3	1
US	R3W3AS88TOB9HN	B000001DU5	Music	5	0
US	R10XJVRP3SUSR5	B000002KHH	Music	5	0
US	RS8Y49VWYZ833	B000005DQR	Music	5	0
US	R38NQKADXGMRJA	B000001EHS	Music	5	0
US	R79ZS91G1UW8N	B000002L5I	Music	1	0
US	R1TZE81LT7QF50	B000002U82	Music	5	0
US	R1FQ4OJTK7MWSP	B000002HJD	Music	5	1
US	R2O57W4COQHU8Y	B000006O7C	Music	5	0
US	RU2CHZXFGD3RO	B000001FS3	Music	5	0
US	R1CKQ5WW5EYQDN	B000002U82	Music	5	0
US	R2VHHCV4W1UEC3	B000009VOL	Music	5	0
US	R10L65GIS7CEDT	B00000ADG2	Music	5	0
US	R1NCHU12J2EI4	B00000ADG2	Music	5	0
US	R1HAVOLBIZ074T	B000002WYT	Music	5	0
US	R28XQ03YLRMXBS	B00000253N	Music	5	11
US	R2QX6RH0XYUE3T	B000002H97	Music	3	0
US	RNSUWRF1RNXIF	B00000F1D3	Music	5	0
US	RTQW8284O68N8	B00000DHRZ	Music	5	0
US	R12I7BWYBTTYQN	B000000H66	Music	5	0
US	R2H1YV6QVX4JQH	B000005L86	Music	5	0
US	R2YP8NGGZBEYFJ	B000002HAF	Music	5	0
US	R1A50LSZNH7OOW	B000002VMD	Music	2	3
US	R3SHOQHRIEFZZJ	B000007VMY	Music	4	28
US	R1BZAIMRD5OK61	B00000ADG2	Music	1	2
US	R2RKKDIQYZMT8P	B00000F14B	Video DVD	4	2
US	R3VOKQ0LKUW44X	B000002H97	Music	5	0
US	R10AXYKLYW1E8S	B00000DHR0	Music	5	1
US	R15T3S89DXLFFO	B000002IXS	Music	5	2
US	R30IZ2J0JKPDZ	B00000HZFH	Music	5	0
US	R2H7R0HCS1V1NI	B00000ADG2	Music	5	0
US	R1DV7GYZMBKOOM	B000001OAA	Music	5	3
US	RTF9X4NWVCUNX	B00000ADG2	Music	5	0
US	R23TB0HK1LKANW	B0000062GE	Music	5	0
US	R1B2EXZ78AZK23	B000002UAO	Music	5	0
US	R3UQRNJV3U6WJL	B000002UVX	Music	5	0
US	R2TQ6GCLJU3W96	B000000W9Z	Music	5	1
US	R2NQXI1INKVLAQ	B000006OAM	Music	2	0
US	R16HL9Q4N2FFIG	B000000W3G	Music	5	0
US	RKCZKSEYQ2Q4H	B000002UDB	Music	5	1
US	R2ZNNPW92G97Y6	B0000024SI	Music	5	0
US	RQMX55K5PMOGC	B000002C4J	Music	1	5
US	R2J2DIB4XTUUPL	B000002H33	Music	5	1
US	R379LM0GDRULGT	B00000AFHM	Music	5	0
US	R3752SS8OYICB2	B00000I0XW	Music	5	3
US	RC4M1FBEJP8WJ	B000002J2B	Music	5	2
US	R26B4T9ACCZP3D	B000005ITX	Music	5	1
US	R345DCUGQYL794	B00000ADG2	Music	1	1
US	R10W9LFYHN1L6F	B000002C1X	Music	5	0
US	R3B25UXHDZ36GC	B000005AYM	Music	5	0
US	R9YC8DS26SIY8	B0000029GA	Music	5	0
US	RM8SC1E40FIVN	B00000ADG2	Music	5	0
US	R1R9QJKVQJJD7D	B000001Y42	Music	5	0
US	R26TDCOQB6AR3Q	B000005AYM	Music	5	0
US	R10TMRKWK67GZB	B00000AFWW	Music	3	0
US	RWDQMMQKHS5VM	B000000FG8	Music	5	0
US	RM5H4NHOWLGLK	B0000070QS	Music	5	2
US	R2RNPOLV18H6K7	B00000ADG2	Music	5	0
US	R3KZ9BN8R5RDTG	B000002I6T	Music	5	4
US	R25JIX9DNK0N23	B000002WU9	Music	5	0
US	R380DM7X7GMQYT	B00000ADG2	Music	5	0
US	R7J9KVCFK35NA	B000003BEV	Music	5	1
US	R20ET7C190RLSX	B000002IOW	Music	5	6
US	RNU1N8JQGFU6O	B000000WJZ	Music	5	2
US	RSL0GFLBHCG4S	B000002BBY	Music	5	0
US	R1L36020Y3OKGX	B000002KNY	Music	5	1
US	R3UZ2CNU26NO59	B000002MY3	Music	1	11
US	R3KYWHWKTM6CAE	B000002552	Music	4	0
US	R1250IX1YR4QJG	B00000DGUG	Music	1	0
US	RCU7FLSDXXZPJ	B000002NJS	Music	5	0
US	R2BDAYKPYQRUCC	0312955006	Books	4	5
US	R255LPG5Q7ULXF	B000002U8G	Music	5	1
US	R2XWP7VPPTXEZ2	B000006NPY	Music	2	0
US	R32JCGR0A43HPH	B000000OQF	Music	5	1
US	RHI1YDUNYB332	B000001FTH	Music	5	1
US	R35FX4CVEKWBYM	B000002BFZ	Music	4	0
US	R3IVFVCOT4XS64	B00000F1D3	Music	5	0
US	RW2ZFBB25ASSD	B000003S5H	Music	5	0
US	R1EHJYCPO821FT	B000006ZAE	Music	5	6
US	R16XZ7XRTK38XG	B000002MNR	Music	2	8
US	R37H0X85YHKMWZ	B000002KLZ	Music	2	1
US	R3DNLFYDWAT274	B00000DBXL	Music	5	0
US	R5EFTMCBMZ5SO	B000002C4J	Music	1	7
US	R1CZBZ6CGFFWA	B000003S5H	Music	1	2
US	R3CANKB5GZE0NQ	B00000ADG2	Music	5	0
US	R3PJBD475EVYD6	B00000583F	Music	4	0
US	R355KKIQECJNTP	B0000047EC	Music	5	5
US	R38F0O4V03YHXQ	B000002UJQ	Music	5	0
US	R32H21EQ89G5OR	B000000W5F	Music	4	3
US	R1C5NCUBN83UJY	B000001E7L	Music	5	0
US	R2JD6U77Q2UAMV	B000002L9O	Music	5	3
US	R8RKY669BMR26	B000000WF0	Music	4	0
US	RDUJ6Z00H3AB0	B00000DHRZ	Music	4	0
US	R35ATYKA44TSKJ	B000001Y2U	Music	5	0
US	R3DQRD7PNGA34L	B000002UAU	Music	5	8
US	REDFTB3C9O0TI	B000002UJQ	Music	5	0
US	RMJAMQ0F9L8N	B000005ALN	Music	4	0
US	RTMPMGB7HXULM	B000005RZ4	Music	4	1
US	R383JJWF5HFMXA	B00000AFFF	Music	5	0
US	R2EK6LFEUC7FW0	B000002N3N	Music	5	1
US	R1FULV2YUMW85S	B00000DGUG	Music	5	1
US	R3IUME0QB7RTSA	B00000DLVA	Music	3	0
US	R3L0PQVZKVSWFU	B00000DGUG	Music	5	0
US	R3MR2UWJS7FVQS	B000002UAU	Music	5	8
US	R1ZQTF33HVDS25	B00000ADG2	Music	5	0
US	R13YBY1ZO2M4N2	B000002JOH	Music	5	1
US	R2VCRM4H5NEC2W	B0000041TD	Music	5	2
US	R29FUCF8Z3FITK	B000001ESP	Music	5	0
US	R32JWN09DBA4GY	B000002HMH	Music	4	0
US	R1UHDDW3PCB8I5	B000002C1X	Music	5	0
US	R3RO8PTAHA16S7	B00000ADG2	Music	4	0
US	R1UXM5GOGK3VMQ	B000002JS6	Music	5	0
US	R2Q2QVL5EIFJW3	B00000DGUG	Music	4	0
US	R2SGPUVJOAPZJV	B000006NPY	Music	4	0
US	R1YHN4GJKFO7X7	B000000OU6	Music	5	0
US	R33E3O3EOCH12H	B00000DFRS	Music	5	1
US	R1KOEWX8W45M69	B00000AFDW	Music	5	1
US	R3KYHR4JAHSH6A	B00000F1D3	Music	4	0
US	R1K58CSB8E9TN8	B00000DFTH	Music	5	0
US	R39MD0RNTCRPNS	B00000ADG2	Music	1	0
US	RP0PXGTUDS53H	B000002BE9	Music	5	0
US	R2C6S4K1VG272L	B000002BMD	Music	3	2
US	R1SXL6XD119E0O	B000002NJS	Music	1	1
US	R3DHLGK9F7NOYG	B000002J1C	Music	5	7
US	R1XG7TSNYLZONT	B00000AFWW	Music	5	0
US	R9WHUN6OLOBTA	B000002C4O	Music	4	1
US	R1US0XHSWQV393	B000002VBY	Music	4	7
US	R3E82MXQDIUQKC	B000003NA4	Music	5	0
US	R2320200DS4P4B	B000002A3T	Music	5	1
US	RH62T1N2WCPNO	B0000062FL	Music	5	0
US	R2M6A3DA0VAT0J	B000000W5L	Music	5	669
US	R2S4A5HT6SL5X1	B000002L7G	Music	4	0
US	RJ8JJKZPD2F48	B000002TQV	Music	5	0
US	RNZ516N61RX3H	B000002KYB	Music	4	0
US	R2FPG9NZ4TCUMN	B000002KLQ	Music	5	1
US	R29SNLMOA67PAW	B000005RTQ	Music	3	1
US	R16GAPTV5UVO80	B000002KY8	Music	5	0
US	R12GF1SURDU9WH	B000002GBJ	Music	5	8
US	R33G3H3UM3L6CL	B000003CMB	Music	5	1
US	RK3PDAEXOFSKS	B000002C1W	Music	5	0
US	R1DJM2D8L18ETB	B000000OUW	Music	5	1
US	R1WTGDPCT68ZV3	B000001FQ8	Music	4	2
US	R7T67PXT5FAKR	B000002KKD	Music	5	14
US	RWS4WUTQAA5D4	B000002UZ4	Music	5	0
US	R9QH90TUQXQUO	B000003TSP	Music	4	14
US	RZAYINI06L0WH	B000000WA2	Music	5	0
US	R296IIHDKNAR9W	B000002IOJ	Music	3	0
US	R11MRGMZ6PTGDL	B00000I3JD	Music	5	0
US	R3801MLRSZ1S2N	B000002IPZ	Music	3	0
US	R5QFXE3J7Y2NM	B000002J0G	Music	5	1
US	RX3OBBXMIE8M6	B00000634L	Music	5	1
US	R1105LL9SDO4WY	B000002IKR	Music	5	4
US	RK1I4CT1ZOB2S	B000002IMG	Music	5	1
US	R3MZN1VEOSXR6Q	B000005S37	Music	3	0
US	R38MKWQ3WC60RN	B00000DGUG	Music	2	0
US	R3DOJY5W1SG338	B00000DC4A	Music	5	0
US	R3A5F9HG1G360V	B0000024IE	Music	5	1
US	R1L28EW2HYIYR	B00000DHRZ	Music	3	0
US	R1HTUQUSGS5YV8	B0000009RT	Music	5	3
US	R26VUDQK565U26	B000002B35	Music	5	0
US	R399590UGPFKTJ	B00000ADG2	Music	5	0
US	R2QG1W8WX50VPS	B000006NPY	Music	4	0
US	R305UKN2INHCOF	B000006NPY	Music	4	0
US	R2RCTFQIXZOCGG	B00000AFWW	Music	4	1
US	R2K70ECRWDZ7J	B000009PNY	Music	5	1
US	R2UEIV4UWU7RE	B00000DFMM	Music	5	1
US	R2T8N2UK8LLWYV	B000002H33	Music	5	1
US	R1GHOEBJ0EQYG5	B0000025R3	Music	5	1
US	R1GCLCCJTMFW28	B000001DZM	Music	5	3
US	R2Z9DZHXAP3NM4	B000005RHR	Music	5	0
US	RM2ALJAW0PMN7	B000003TA4	Music	5	0
US	R27UFX9JQMDC33	B000002VQQ	Music	5	1
US	R1W4WWGRTNNK0G	B000002BYD	Music	5	0
US	R34CPXSXSJ32HI	B000003N7K	Music	5	1
US	RQKKJ6H7RMB48	B00000ADG2	Music	5	0
US	R3LY51JW0PMGH2	B000001Y2U	Music	3	1
US	R1FFXXU153DICF	B00000FCBC	Music	5	0
US	R2K7RHC884C1N5	B00000613T	Music	5	6
US	R2PYMVDJ7IATO6	B00000F14B	Video DVD	5	1
US	RF6OVPP8Q7OFL	B000002N2N	Music	5	1
US	R3P7LJATCUC4W8	B00000DHRX	Music	5	0
US	R2KT7W9BD9Z7WH	B0000029DD	Music	5	0
US	R1U496EX27FO85	B000007UHK	Music	5	0
US	R2EZRH9G185VPS	B000002UB3	Music	5	5
US	R3ILMO3CLRVMU7	B00000AFWW	Music	4	0
US	R3CEE0QWYYAVF5	B00000251N	Music	5	1
US	R21YP48M2DA5CH	B000002N2Z	Music	4	0
US	R27CRQTW2TH6JJ	B00000018N	Music	5	1
US	R1CXX2KTQAHTDW	B000007SIN	Music	5	3
US	R24A1HC13F6Y4J	B00000AFWW	Music	5	0
US	R23GOINKT18QAD	B00000ADG2	Music	5	0
US	R3SUDRWGW5X3IE	B00000DGUG	Music	4	0
US	REYI5AN8GELFA	B000002HPT	Music	3	1
US	R2Q3JGM0S1L5IS	B00000GAMF	Music	5	4
US	RF67LZGYY0FOQ	B00000GBO3	Music	5	11
US	R1OGJGN9UKLRWR	B000002JSV	Music	4	2
US	R31XPB5E7VR70R	B000002O3I	Music	5	6
US	R3SWSBZMRRGEPI	B00000HZFH	Music	5	0
US	R1HZLSPMSDKUKP	B000003N7K	Music	5	2
US	RYZY3M8Z4DFXU	B000002KOQ	Music	5	2
US	R2S7CQ6VPC5HH4	B000005H3R	Music	5	19
US	R3LSS5ELIPTO9L	B000002UJQ	Music	5	0
US	R2A05A4TSR8H1R	B000007NWI	Music	5	1
US	RGH5ZUZCZULH1	B000006OAM	Music	5	0
US	R23KW5HIEB4FZ4	B000002UJQ	Music	5	0
US	R26N8GNNZC8EOD	B000002LH5	Music	5	0
US	R20KMA3K7Q81DO	B000000WCA	Music	5	1
US	R27QWEFEMOOEC5	B00000DHRZ	Music	5	0
US	R10HYJCRPOHYD8	B0000085N4	Music	5	0
US	R22X50D4L707EG	B00000BKDW	Music	5	2
US	R2F7BKKZTBV05T	B000002AQQ	Music	5	1
US	R2CWIGBD7FA5VI	B0000000LI	Music	5	0
US	R2YKAGVG4OBHUA	B000002UW1	Music	5	0
US	R23V2UVJSXCTJZ	B000002P2V	Music	1	12
US	R10381ZUWUN29Z	B00000ADG2	Music	5	0
US	R2HOEW5ZZX77EX	B000001TAX	Music	5	0
US	R1UK0SBXLGBCQC	B00000BKDY	Music	5	7
US	R3OZPJXE1EMW8X	B000001Y5X	Music	5	0
US	R2MKPOI67L1ZUG	B00000DLUV	Music	5	4
US	RH0LYHI3QWFGJ	B000002U6E	Music	5	0
US	R36L34K2O9D8LR	B00000292K	Music	5	1
US	RO39YPGDTNR5R	B000002KCI	Music	5	1
US	R5I127WYWIK2L	B00000HZFP	Music	5	0
US	RPHJD88G8PXJM	B000002KJM	Music	5	0
US	R3VN9ZBC6FNR7K	B000000W9Z	Music	4	1
US	R2BJBN2JSQVBGF	B000000WZ4	Music	5	1
US	R1B72OM0TLJ1LD	B0000047D5	Music	4	5
US	R1PPLGX0XRVBO8	B00000FCBC	Music	2	2
US	R32EV0WB07F7BP	B000002TP7	Music	5	0
US	R2XZAJER93UZKB	B000001F84	Music	5	0
US	R1D3TX7CMIGLWW	B000002NJS	Music	5	0
US	R3QSCWW63PBPBD	B000002PCS	Music	5	1
US	R1ZD5DW6SIVRVW	B00000ADG2	Music	1	3
US	R2R5CS8JQKKUBA	B0000025HU	Music	5	0
US	R32CR25J7K309Q	B000001DV2	Music	5	0
US	RA4EX6H4ZCRJZ	B00000AFWW	Music	4	0
US	RNOD6E5XG754D	B00000DGUG	Music	4	0
US	R3F3DCZICR1LBY	B000005B0U	Music	5	0
US	R49JU5FSW9U6Z	B00000ADG2	Music	1	1
US	RPS1BFMETGHTL	B000000WFF	Music	5	0
US	R3TZAVBUTZRP1H	B0000029DD	Music	5	0
US	R1DL57M63GTZZ5	B00000DGUG	Music	4	0
US	R1IV3M2UGO8NEZ	B000002UJQ	Music	5	0
US	R2WYWAX4HILXFA	B00000AFFF	Music	5	0
US	R310JGG1E65GS9	B000002J09	Music	2	4
US	R3PI3FWONM5OTE	B000002J0B	Music	3	9
US	R399FR63GBO8L9	B000002UAR	Music	5	5
US	R3PNHOK2ZUX108	B000002UAU	Music	3	0
US	R3A7E8WWZDMG73	B000002UQJ	Music	3	0
US	ROG4EGLHXGXED	B000002GLE	Music	4	2
US	R9BQWHYEL7B5R	B0000024SI	Music	5	1
US	R1ED6KP1TLHY32	B000001FJV	Music	5	1
US	R39LX5WY4ZN8QV	B000002H33	Music	5	2
US	R3N2T8B77SOPED	B000002U9W	Music	2	10
US	R1OF3RE1AQ99MA	B00000AFWW	Music	5	0
US	R1APF49UGT3RW0	B0000026VZ	Music	5	3
US	R33QLNF5XSKPXM	B0000047CX	Music	5	0
US	R2RT9VV9XJVFP2	B00000HZFP	Music	5	3
US	R13TDCV5EBS0GH	B000002H6C	Music	5	0
US	R1S79RUGKAOVMZ	B00000AFWW	Music	3	0
US	R2KS0W40PT9BUX	B000002AHM	Music	5	0
US	R2ZIYIIVOVF9E8	B000002H97	Music	5	0
US	R2Q744F2WO2PV	B000002MQ9	Music	5	3
US	R2UZITFW08MCRZ	B00000DLVA	Music	3	1
US	R2NBANM1BU1SDO	B000002LCE	Music	5	0
US	R1TAOBNQMQH3DA	B000000WCV	Music	1	5
US	R2I0CDDAPTJ4XW	B00000ADG2	Music	5	0
US	R24B8NU23RP0WK	B0000025JT	Music	4	0
US	R1V5H250LOTEO1	B000002H70	Music	5	0
US	RQB4GQF19H9FS	B000001ELF	Music	5	0
US	R3PM14TAWIGM6P	B0000029LG	Music	5	0
US	R27G36D03U6W4W	B000001ELD	Music	1	9
US	RINU5UPMSPIOY	B00000DLVA	Music	4	0
US	R2EN12NKFX0880	B00000AF95	Music	2	1
US	R2PIP5W7I340KD	B00000ADG2	Music	4	0
US	RAW3VCQIWN6YZ	B00000ADG2	Music	5	0
US	R20QQB96Q1AEH5	B000000W6R	Music	5	1
US	RV4FBLVSMFCF6	B00000DLV1	Music	5	0
US	R1IPYZ41MS322V	B00000I3JD	Music	5	0
US	RIHHQYZ4QOD2W	B00000AF98	Music	5	1
US	R2QTKUOZVZBSD8	B000002C4C	Music	4	0
US	R3RV034O6ZY2OE	B000002KHY	Music	5	0
US	R35XTXNVQCO1GQ	B000002B7M	Music	5	0
US	R1UG10BA2WP83L	B000009QPE	Music	5	0
US	R1TB6BNLM6WSY8	B000001Y42	Music	3	0
US	RXQZ2IF0V49CR	B00000FCBC	Music	4	0
US	R1F980ZC2WSR6S	B00000255O	Music	5	4
US	R3O7WDIV5XNGN4	B000001FTD	Music	5	0
US	R2R89J579Y208N	B000001FFR	Music	4	0
US	R1U8C8CA6FDI2O	B000001ZSF	Music	5	3
US	R14JUKCYB9695F	B000002H33	Music	2	6
US	R3D13YVY3A57XO	B000002C2E	Music	5	0
US	R1U9J7L5V1GZDB	B00000HYXB	Music	4	0
US	R1K0ZWYBG13S7U	B000002B30	Music	5	0
US	R3JKV9UUG6ICU0	B000002MIF	Music	5	0
US	RL8SZHTDPYDOY	B00000DHRZ	Music	5	0
US	R2MERZISYF8JXG	B000002LUB	Music	5	1
US	R1YSHBOSIZZG71	B000002BHE	Music	5	0
US	R3QHKY6GIKPLDR	B000002I99	Music	5	0
US	R1S4H8T8FFITL1	B000002KBU	Music	5	0
US	R2AD1GNZ0HP2L2	B000002TYX	Music	3	1
US	R3SLWYMSZQ7BY6	B000001E18	Music	5	8
US	R2BVZZQT3EK8DI	B000002SE0	Music	5	5
US	R34O6K0ZYO2URW	B0000025ZF	Music	5	8
US	R15K1R1T3LMW44	B0000004V2	Music	5	1
US	R1JGZTZSH06MUI	B000002C1W	Music	2	4
US	R10UCJTKST5GWS	B000001FVL	Music	5	0
US	R2FRTKWA1RITOW	B000005J48	Music	5	2
US	R2KT8TPB7WJ5F2	B0000025KI	Music	5	1
US	R1LRL3YQ1JLZ57	B000002L7R	Music	5	0
US	R1IOR0AT7DDBDL	B0000025D0	Music	5	0
US	R18OADFUKDI20N	B0000073Y2	Music	3	22
US	R2VEN73RLACE2M	B000000OUJ	Music	5	0
US	R2OZQF4M036M49	B000002TQV	Music	5	0
US	R1PQD2BNLWQXUN	B000002BUY	Music	1	0
US	R262W3SADI5312	B000002J27	Music	5	1
US	R7ASWT9LB4KY5	B00000255F	Music	5	3
US	R6N6FKESQRGBO	B000002BPS	Music	5	0
US	R1ZPL7XSMMJLTM	B000001ESF	Music	5	0
US	R2KY9DK5YLFHV	B000001OAA	Music	5	0
US	R2E44553ZAMUAI	B000002NJS	Music	5	0
US	R1TEO7ISYSFI02	B00000253N	Music	5	21
US	RUSRPRL03WWZY	B000002UVX	Music	5	0
US	R3BWT5UOCLJ95	B000001FW9	Music	4	6
US	R10SEYZTNK07LP	B00000FCBC	Music	1	2
US	R17JGYEW905BOY	B000002N3J	Music	5	1
US	R336JQLW8B5B56	B000002WE9	Music	5	3
US	R30KNGEN7BLGIO	B000005ILF	Music	5	0
US	R1KOC9D33IM0QL	B000001FKY	Music	5	1
US	R3P5MC4U2V5EJX	B000002HH9	Music	4	0
US	R2H7G8BHV7FV29	B000002JR8	Music	5	0
US	R29O55MN9TADUL	B000002UAR	Music	5	4
US	R2YOJSWFBVQES	B000001EGA	Music	5	2
US	R1FBCXJS6MZ0HT	B000002H70	Music	5	1
US	R2YN7D7210LJJH	B000001EG6	Music	5	0
US	R34SX5VR88PGAI	B000002HRE	Music	2	0
US	R31GRL8J1GYMAO	B00000ADG2	Music	5	0
US	R14IFFLJ9N70CV	B00000DR52	Music	5	2
US	R3996B47FE0EH8	B000001FVL	Music	5	0
US	R31DOKCSOMMCP7	B000002C25	Music	2	1
US	R2B0DVG6BT90BT	B00000BKDV	Music	5	0
US	R2GLZ0MO0B9X3X	B00000DGUG	Music	5	0
US	R2QLZ2C77VQJQL	B000002J1C	Music	5	0
US	R2B2P0Q24G06EK	B0000025RI	Music	5	0
US	R1ELVN1TV0HHZE	B00000255F	Music	5	3
US	R3SXWG1GSWW5TJ	B000002N2Z	Music	5	0
US	RM08H0IKD6UHV	B000003JAB	Music	4	0
US	R18T5NB1Y3AHKQ	B000002MZ9	Music	5	2
US	RG4IHUDJFERF0	B000006NPY	Music	4	0
US	RIDDS4RB5BZ7W	B000002NJS	Music	5	0
US	R1I0SNXK2ZDWPF	B000002URV	Music	5	0
US	R3R8LX29BWPHZ9	B000006OAM	Music	5	1
US	R2809EZ97PL7TC	B00000ADG2	Music	5	0
US	R3S8IGPG0P2C3Q	B000002MUQ	Music	3	0
US	R3EVFM9G0MH0O1	B000000WHX	Music	5	0
US	R2QTCXR9EBA4EM	B000002U82	Music	5	0
US	RJV619QISY4LX	B0000057C5	Music	5	0
US	R1H0M8H6T1PC92	B000002KH3	Music	5	0
US	R2TJ2C1IYUPFAN	B000002OMN	Music	5	2
US	R3KJM813LME45K	B000002GJS	Music	5	0
US	R2193MCXHZNNVV	B000002H2H	Music	5	0
US	R2XWHPDHEJ0Z1W	B000002JKA	Music	5	0
US	R1CNMTCNXBP34D	B000002MY3	Music	5	1
US	R1BDH7FSBW1TD0	B000002IST	Music	2	1
US	R1RA81TC6SWN1A	B000006OAM	Music	5	0
US	RO4GRPB9QA9YZ	B000000OTY	Music	5	0
US	R1OKDR9RPABLXO	B000002OVJ	Music	5	0
US	RVSK6TPPGLTYF	B00000DHZJ	Music	5	0
US	RG1A68B1AVWNF	B000000OSW	Music	5	0
US	R1NDYOBK38Q91M	B000002A3T	Music	5	1
US	R2VY94JJEDO7XS	B000002J0B	Music	5	0
US	R1OYSBXC82ZM56	B000002JSJ	Music	1	11
US	R28KTXSZXPY8BG	B000002JSN	Music	3	5
US	RGPCEJSOMPKTY	B000001ZS4	Music	5	1
US	RPK3RN0CT35K	B000002JSR	Music	1	1
US	R1FFQ3XQAGCQC1	B000002J1U	Music	5	1
US	RTAL1GKDZGUY0	B00000FCBC	Music	5	0
US	R126SCLHWOWECC	B000002WU9	Music	5	0
US	R223X3ESH6DFPC	B000002513	Music	5	2
US	R3UBR4PVUX53US	B00000G28U	Music	4	1
US	R31033ZUL4EVG0	B000003TA4	Music	5	0
US	R3BU3RIFWZI20Y	B0000062GE	Music	5	0
US	R1JG7ZQMY25BPJ	B000003TA4	Music	5	0
US	R2PE912LPUVHNX	B0000027RL	Music	5	0
US	R3P19GMGE538V4	B00000FCBC	Music	5	0
US	R3RY8TQU5POPXW	B000000WF9	Music	5	1
US	R5H2EO23OCISE	B000003TAR	Music	5	0
US	RAM240QO1QDCO	B000007RV5	Music	3	0
US	R2ZF6SZMKYZPZG	B0000011N5	Music	5	1
US	RC43PBXNDJBGU	B000000XB9	Music	5	1
US	R162677OX3MCOL	B000001DU5	Music	5	1
US	R3KLST4VQKW8SB	B00000HZFH	Music	5	0
US	RFT6Y2A3XOHRI	B000002LJA	Music	5	4
US	RCNOS3J1OEV0N	B00000DLUV	Music	5	0
US	R2L3BBMMAMRQDD	B00000I8DY	Music	5	2
US	R3T39T6VAYIEI	B000002GEV	Music	5	5
US	R448TCZ55ILAN	B000002NHN	Music	5	0
US	RO8TYSE9D0MUR	B00000294R	Music	5	2
US	R2UDH8LCAZRGN4	B000002NHN	Music	5	0
US	R86XUOLDQRUAB	B000001TVD	Music	5	1
US	R1XQ089Q57SEKR	B000002G7G	Music	5	1
US	R39INMPCMOMT7U	B000005DQR	Music	5	2
US	R3SGYDOM50ID3C	B000001GS2	Music	3	10
US	R1EX4S32MQIMN1	B0000029AP	Music	5	1
US	R3AGEYZNJ66YSU	B0000024SI	Music	5	2
US	RN230TVFOO3PR	B00000DHRZ	Music	4	0
US	R8AEO4FSNTM0F	B00000F1D3	Music	4	0
US	R3K6BGW0C55TCI	B000005J56	Music	5	0
US	R1D9VRW29CYB6G	B00000DHRX	Music	5	0
US	R1WN3D8D8Y5B5X	B00000DHRZ	Music	5	0
US	R179175423R54S	B000008M54	Music	5	2
US	RNDBZO2OD27UZ	B00000DATR	Music	3	1
US	RPFSNUUDL9UQQ	B000002L9B	Music	4	2
US	R358B05NRIEES2	B000002O5L	Music	5	0
US	RNRMOIY5KXHLY	B00000HZFH	Music	2	1
US	R33SXXE7Z9AX7P	B000002JS6	Music	5	0
US	R3SI3WXV0W1QHN	B000002HPV	Music	4	0
US	RBMYG97JO68WC	B00000HZM4	Music	5	9
US	R2ZAF5TK0L44BP	B000006OAM	Music	3	0
US	R26DZQC0LO5ZDW	B000000W5B	Music	5	5
US	R1RKOWX9577T8F	B00000AFWW	Music	1	2
US	R2Z6ENNJ10PVW7	B000000OF6	Music	5	0
US	R1L0B8J87L9STT	B000002KNI	Music	3	6
US	R9U4JPFW51O07	B00000F1D3	Music	3	0
US	RGEU6980W7QMO	B00000AFGM	Music	3	0
US	R347YN9VS5URE5	B000003N7K	Music	5	4
US	R7OW8CFBM8GZH	B000006OAM	Music	5	0
US	R3OOU5CMFCZ577	B000006V5H	Music	5	7
US	R1XQ5QBANZM23U	B000002IV8	Music	5	3
US	R3VUJVLF5SD5JC	B000003T9B	Music	1	2
US	R3HDTH5YA8ETRJ	B000002B7M	Music	5	0
US	R2L5OZ42NJTAU	B000002GF8	Music	5	1
US	RHPG29F7ITXQA	B0000026WD	Music	5	0
US	RR326SWCQ1K7I	B000002GBJ	Music	5	9
US	R2Z2J4YVTDBASU	B0000025ZB	Music	1	5
US	RQUZUQB9NJCGS	B000002X0Z	Music	5	1
US	R29X255V2Y6QMR	B000002ACR	Music	5	1
US	RUHBSVMAOUWD7	B000002C1X	Music	5	0
US	R11F1NIYZO1VW3	B000002U82	Music	5	0
US	RSIOIV0N4JH3U	B000000OQF	Music	5	0
US	R2YJ1TK27OAZKD	B000002U9Y	Music	2	0
US	R156YHMO37QOC5	B000002J09	Music	4	0
US	R18M52L6A7TG1X	B000003N7K	Music	5	1
US	R26HA7KC9MYRQQ	B000002513	Music	5	3
US	RC2LKLWOCRBGO	B000002G60	Music	5	1
US	R3GQE47MW5K2HI	B000002N3N	Music	5	0
US	R30LC8K2DVMG42	B00000DBXL	Music	4	0
US	R1U34Q88I296CS	B0000020C4	Music	5	11
US	R1MGIJMOOD70C3	B000005K8B	Music	5	0
US	R12ZRRUNZ8R2N8	B00000DHRZ	Music	3	0
US	R5Z5J7YO6M498	B00000F1D3	Music	5	1
US	R394YFU4J6UJHE	B000002BSV	Music	4	2
US	RP3QAK005JIK1	B0000028RR	Music	5	0
US	RWI24RRAISZJ9	B000002BPS	Music	5	0
US	R1EQV013QZ0M5S	B000001Y42	Music	1	2
US	R238K0K7SIGQNM	B0000024JN	Music	5	0
US	R38UBWJK8V47H1	B000002JS6	Music	5	0
US	R335NGN8ABXSM0	B000002J1L	Music	5	0
US	RVLUUYH6QY3WE	B000002KBH	Music	5	0
US	R1XIJ0M24NAHHW	B000002C4J	Music	1	5
US	R26UQ02MYX6BS	B000001EYW	Music	5	2
US	R2T91OBP9DG92Y	B000002572	Music	5	1
US	R36XN05BS6320U	B000002UDB	Music	5	0
US	R2NTEN3Q8R7BXF	B00000I2QS	Music	5	1
US	R3FJW6M8KYIGH9	B00000163G	Music	5	0
US	R2V7M2YAJNVBAW	B000007URG	Music	5	0
US	R2YR481XD98QBD	B000001F26	Music	5	2
US	R1YMD5W997BVFY	B000006OAM	Music	5	1
US	R1VWK1OK5NU7AH	B000002WYT	Music	5	0
US	R3D4BINLHYBFHU	B000002X0Z	Music	5	1
US	R2LNOU2YIDCRK0	B00000DATR	Music	5	0
US	R1379W6TDWRG58	B00000720W	Music	3	2
US	RT97C3K0U4RP1	B000005HLV	Music	5	2
US	R2F7V424KK68B3	B00000ADG2	Music	4	0
US	R3IL10RLWRVH7Z	B00000F1D3	Music	4	2
US	R3B9PEDC2A2IZW	B000003T9B	Music	2	2
US	R1ZZJHXJQHHY0	B0000062S0	Music	3	1
US	R2SIQ20NWPQGNF	B000002699	Music	5	2
US	RMKXG5UPQP5I6	B000005HFH	Music	5	3
US	R2UF1ON0MDPD0I	B000002TYX	Music	5	1
US	R38Y4RNM5IZ1G7	B000002BWL	Music	4	0
US	RV79NDRAY84C1	B0000025CP	Music	4	2
US	R2D1P4BN1EGIRJ	B00000ADG2	Music	5	0
US	R2322PAA8J8YLC	6304117752	Video	5	0
US	R3BOQOG9EXP9WE	B000002GLV	Music	5	1
US	R31XF1AFFW9QI2	B00000ADG2	Music	5	0
US	R2ZSJEEEYTOLCZ	B0000019PA	Music	1	11
US	R16NJYIGLWSW0R	B000003N7Y	Music	5	1
US	R2BE9KZFC3KIV1	B000003TA4	Music	3	2
US	R1C15GSGDFR51C	B00000163G	Music	5	0
US	R26VRORWHMIZPG	B00000ADG2	Music	3	0
US	R20NED4U6M3KVF	B00000DGUG	Music	4	0
US	R1JBAKDA0DR3YZ	B0000026WD	Music	5	0
US	R1GMHV2LS67TLH	B000008806	Music	5	4
US	R16MA6OUHPOT69	B000001E18	Music	5	1
US	R2EMAP7FAGI7R7	B00000ADG2	Music	1	0
US	R113X5RTHCOSWR	B000002C25	Music	5	0
US	R2ZYDOG9V56ENK	B00000DHRX	Music	5	1
US	R1APHN5NG1Y886	B000001FS3	Music	4	0
US	R99EU6V9X9XPM	B000003C4M	Music	5	5
US	RXX5AG1JXBSVV	B000000W5P	Music	4	0
US	R18EKIE1MFWC34	B00004S8Q9	Music	5	0
US	RJI2BKP6N4PK6	B000002KAT	Music	5	28
US	R3RGPYWH6MPA1T	B00000HZFH	Music	4	0
US	R26F589T9I5OMB	B00000G6D8	Music	4	1
US	R7Y5FX1X3NQB3	B000002V07	Music	5	2
US	RHZ1H6NHI8EFC	B000002MUW	Music	4	1
US	R2HC9Y02WO5LTG	B000003S28	Music	5	4
US	R1S0S9B6QSOBMW	B000000WF9	Music	5	0
US	R383GHS4YMEFHA	B000002NJS	Music	1	0
US	R1ZL6QVMW5RU21	B000001FMQ	Music	1	4
US	R29X3790VZUHES	B000001ES4	Music	5	1
US	R1KATMAV54RMH1	B000003BEM	Music	4	0
US	R1PUYMDM0I5TL4	B000009QPG	Music	3	0
US	R2YTGMRIC17MLL	B0000062S0	Music	1	2
US	R1VSBAK47C1MWY	B00000FCBC	Music	5	0
US	RJYKHDZ69GLNZ	B000005H3M	Music	5	10
US	R302PVC9X1FXHT	B00000BKDV	Music	5	0
US	R2Z6D1UT7BDCTY	B000000WJK	Music	5	3
US	R1KO96YBRFW3P6	B000002C4J	Music	5	0
US	RHQRBCZAQ3S4O	B00000I3JD	Music	5	0
US	R2PHH1TNLJV1Q6	B000002UDV	Music	5	6
US	R2KQOC5A0A3NW1	B00000F1D3	Music	5	0
US	RVKOOY8GY85W8	B00000FCBC	Music	5	1
US	R36Z8XCND2HA4E	B000001E7T	Music	5	1
US	RDMDORP2MP0M	B000001ELL	Music	4	1
US	R3LIIM6K40PW7Y	B0000025D0	Music	5	0
US	R1G6FT9XXRJ327	B00000255F	Music	5	3
US	R313QZK8O4S0XX	B00000BKE1	Music	2	1
US	R3N4GBMZZUDQ9S	B0000024YL	Music	5	0
US	R11O1NMRRS4KHO	B00000F1D3	Music	5	0
US	R2VRDFFE714ERZ	B000002J1H	Music	5	14
US	R2QTBOXJCA3T88	B000002LR3	Music	5	3
US	RUV1FBK5HC67Y	B000003NA4	Music	4	1
US	RF83MOENM3X68	B000002NJS	Music	5	0
US	R3FEOK0K6AAJRC	B00000F1D3	Music	5	0
US	R2X5DGMT71YQLO	6305166021	Video	5	1
US	R12GD2MCAYWPN1	B00000AFWW	Music	5	0
US	R390IC85CKHNN2	B0000047CX	Music	5	2
US	R3663VBDGZVRVA	B000002GXS	Music	4	0
US	R34KTZO3KFZE9B	B000000WFF	Music	5	0
US	R2Y4CA7PAT912O	B00000HYXB	Music	5	0
US	R1XYSGR8FPHLX2	B00000AFWW	Music	5	0
US	R3HXY5LQXUZ5Y	B000001ES4	Music	5	0
US	RCVS9MVVDE6AD	B00000BKI4	Music	5	0
US	RHP0XXNBKS9YY	B000001GBJ	Music	5	0
US	R2FB4RZ7D368QR	B0000019PA	Music	5	0
US	R1Z081TJQJT799	B00000729S	Music	5	4
US	R30J4YHYUTOJ8R	B000002OR4	Music	5	0
US	RKFVMOAG3K8ZY	B000000JO3	Music	5	0
US	R1AANAU881YG0C	B000000WFZ	Music	5	3
US	R1VIAJKYYVSQHS	B000002J6H	Music	5	2
US	R5KBCFQ6Q7MTW	B000002JQ6	Music	4	2
US	R11ICONPALD8KS	B000002UVX	Music	5	0
US	RR1HCCTA27H7R	B0000009SY	Music	5	4
US	R2FBBYB151QWRP	B000002OPN	Music	5	1
US	R2MFC2YNIV7UC3	B00000I2R5	Music	5	0
US	R2QVRH8LEOES2U	B000002B35	Music	5	0
US	R181YIP7UIPDZN	B000002HPV	Music	5	0
US	R27A1N1ONIFD84	B000001E8P	Music	5	0
US	R1JS40WNAT69CQ	B000002MTR	Music	4	0
US	RUWJH3V7AU85Q	B000002OX7	Music	5	1
US	RSSAHRPNVVVDD	B000007RV5	Music	4	0
US	RZAJ6OCGGJZ4W	B00000IGGA	Music	5	0
US	R3MMPT5PCB257B	B000005J56	Music	5	0
US	RLUQCLAMI6E1A	B0000057C5	Music	3	0
US	RTT0XUIPS08IX	B000001DYA	Music	5	2
US	R3A76AADQ84K4M	B00000AFWW	Music	5	2
US	R24RR5ZQDG3VN6	B00000GUZP	Music	3	2
US	RA0UQJGV9AGTO	B000002U82	Music	5	0
US	R2W4PIQI8KJACY	B000002L5I	Music	3	0
US	R1IDM3K6G5POX	B000002E5J	Music	5	0
US	R2XJLFZ4G6IUX8	B000002GYG	Music	5	0
US	R3BGF6T7DMTIHS	B00000255F	Music	5	2
US	R26WOW39U4IJG	B000000W5L	Music	5	2
US	R23FKZBNAWNE0R	B0000024ZI	Music	4	0
US	R18L615A2ULNTT	B000006045	Music	5	0
US	R13UCGIPMVKDZT	B000000JO3	Music	5	1
US	RJVAVZGYDELP9	B00000DHRZ	Music	5	0
US	R17J2GWUXACKH2	B000002NJM	Music	1	7
US	R19SP7WOR0WBRI	B0000057C5	Music	5	0
US	R269U1ZWCPOPZL	B000002LKF	Music	5	3
US	R3SAX29WTAMR9V	B00000DQSF	Music	5	1
US	R1NIAO2ECQDI4B	B000002KKC	Music	2	1
US	RXE19NVF553UC	B000002IQ9	Music	5	0
US	RUBID0KCR4HWK	B000002LK1	Music	5	0
US	R3MZ4D7XIV9WN0	B000002UZ1	Music	5	0
US	R1RRH9GRHTY2BT	B00000F1D3	Music	5	0
US	RLF4T2Z798NIW	B0000028RR	Music	5	0
US	R3C72BVYFTEYN4	B0000025SB	Music	5	0
US	R21GAL1JOK7T1I	B0000025ZK	Music	5	1
US	R363XTSVMLJTF8	B000003TAR	Music	5	0
US	R36A1FG11PGXQC	B000002NG7	Music	3	0
US	RSJVEOMPMX6SX	B0000026NC	Music	5	0
US	R3AYR9MXT4IX32	B000007443	Music	5	3
US	RSAF3QMO5FSU8	B0000026NC	Music	5	1
US	R10SRDVCI9UVDQ	B000002B38	Music	5	0
US	R1QCMLDMQYO78V	B000001ELP	Music	3	0
US	R1V2WCUMN55LIX	B0000024UX	Music	5	2
US	R23CWPU14ZB1ZS	B000001FQQ	Music	4	1
US	R1DVCB0JIYP9X4	B000000HU0	Music	4	8
US	R3D6P3O9TQCAK1	B000002NJS	Music	3	0
US	R2BSIX83I5EZP4	B00000BKDY	Music	5	1
US	R1562UK79HDLZK	B000001DYY	Music	1	0
US	RVHFNTC3ISDBY	B000001DU5	Music	5	3
US	R24ZF6HRRU6JQL	B000005IU1	Music	5	0
US	R1TPG9M72YSZW1	B000002LCE	Music	5	1
US	R2AA3W6C02VEWG	B000005RST	Music	5	0
US	R28FKMJQRTWIMT	B000002NHN	Music	5	0
US	REZS4FO7XUD4P	B000000WCA	Music	4	0
US	R3NECF3K35UNLA	B00000DCWQ	Music	5	4
US	R3L5NCO2L6ZTYE	B000002C4J	Music	5	0
US	R1QC9FNW83PHN6	B000002BHE	Music	5	0
US	R2SYVVA8NVTHLL	B000001Y2U	Music	5	0
US	R1032EXW7JXWYA	B000002HPV	Music	5	2
US	R2T3PPQNMDBCAD	B000001FG5	Music	3	8
US	R2DOAP6CHU68GJ	B0000062GE	Music	4	0
US	R30T2S188LIZ0L	B0000029GA	Music	5	2
US	R26O9AL6JTTLNP	B000002NHN	Music	4	0
US	R3Q524471XUVHW	B000002JSN	Music	5	1
US	R30IGYLPS3U5YI	B000002W9Q	Music	5	1
US	RKLTRVA9IG4ZJ	B00000DHTF	Music	4	0
US	R1NRDZDBVG0594	B000006OAM	Music	5	14
US	R2JC4CP8Z14ZZ0	B000002HMH	Music	1	1
US	RI4Y16091YMTV	B000002J20	Music	4	1
US	R2GJMLSP0VLSJR	B000001FAU	Music	5	1
US	R3NQ7VC1X9M1A	156224003X	Books	5	145
US	R38KBIBKVDLJ4P	B000001U3K	Music	5	4
US	R87SAHUC6KFJ3	B0000029LG	Music	5	0
US	R3746280VNDR2K	B00000AFFF	Music	5	0
US	RITNAUEIWR7Z9	B000001Y5J	Music	5	0
US	R368DFVP2T3056	B000002JA8	Music	4	0
US	R2Z7C473JA29XH	B000003S5H	Music	4	0
US	R1HH583VK4X0HL	B00000DFRS	Music	5	1
US	R2619A6JB2MQD5	B000002JS0	Music	5	0
US	RH2JCLP8ZZIPY	B0000025BA	Music	5	3
US	RKAKE7VW88G5J	B000002KLP	Music	5	1
US	R1B07YW0AFU6GJ	B00000ADG2	Music	4	0
US	R2SSCC2SNX2EQ5	B000002KBH	Music	5	1
US	RPRH6CQXBXGS4	B000005IKX	Music	4	1
US	R34MDQCLK1ZSWK	B000003TA4	Music	5	0
US	R3IQLL9JZWDQ6S	B000002UZ4	Music	5	0
US	R2QKNOZRVV6YF	B000001FSP	Music	5	1
US	R25Y18W2EBENOD	B0000025HU	Music	5	0
US	RP8C22GF5PKQM	B0000033TE	Music	5	35
US	R2ZIY1MG8ULWQ0	B00000HZFH	Music	4	1
US	R2DVOCHRJXR5XU	B00000ADG2	Music	5	0
US	R27QEXNUQESQCE	B000000OUE	Music	5	0
US	R2ZKB0PNAL5RNI	B00000DHTF	Music	5	0
US	R20WQR65YVB5SG	B000001Y42	Music	1	2
US	R3DJ0R3IV2OFKD	B000009QPE	Music	5	1
US	R1FKJKT7PX29LP	B000000W5L	Music	5	3
US	R25SFN4NNC56O6	B000002540	Music	4	3
US	R3GKLXTZQC93I5	B000002C4J	Music	5	0
US	RDZ10BQ5OXBXA	B0000067L2	Music	5	3
US	R18KJ5ZSGJJKBK	B000002UAC	Music	5	0
US	R1GOQFQC95G202	B000005JXG	Music	5	0
US	R1E4D69QV5HNIX	B000002UAR	Music	5	6
US	R1FA57WXF6LKER	B000002LH5	Music	5	0
US	R3D21WCNJAE096	B00000D9TQ	Music	5	0
US	R1OCP8R7ETQCGB	B0000085N4	Music	5	0
US	R2U4CORY3PIG9X	B000002H6C	Music	5	0
US	REKZMW2CWZT2G	B000002KYB	Music	5	9
US	R1V24QGQPYAGP3	B000002H97	Music	5	0
US	R12V9J0X53NXHI	B000001F3C	Music	5	0
US	R3LCGTUHAY2K6W	B000002JOH	Music	4	1
US	RUXLZP0E6101U	B000002AV5	Music	5	0
US	R2IGZK21EQ31YZ	B00000F1D3	Music	5	0
US	R3T57GGB4OGAAQ	B00000ADG2	Music	1	2
US	RHKTEDGJDBCO4	B000002JOF	Music	3	3
US	R10E6VQZ6DFLZE	B000002BSV	Music	5	0
US	R2I2OK4ORWQI6U	B000002L7G	Music	2	3
US	R31DEX1OX40GNW	B000002C25	Music	5	2
US	RCLNAC5F67HVJ	B0000025BL	Music	5	0
US	R1L3J94DC8PYXP	B00000F1D3	Music	4	0
US	R30J5JEOGRSBWI	B00000ADG2	Music	5	0
US	R34XYLSGAYNVN2	B00000DHRX	Music	4	0
US	RYYZ4SSZCODC8	B00000099Y	Music	5	0
US	R19ENWTCG6BXG5	B000001Y5J	Music	5	0
US	RHNE7LZNS3W4Y	B00000I924	Music	3	1
US	R2OLOE26BINWXH	B00000BKDX	Music	5	0
US	R38RYVLVP0TC6T	B00000BKE0	Music	3	0
US	RI7XAOK24DVJ3	B000003N7R	Music	5	5
US	R8BWJGN6PEAE4	B000004CYT	Music	5	19
US	R2HN6HFO83LXCN	B00000AFWW	Music	1	2
US	R268MCP20M36NS	B000003CMD	Music	5	2
US	R2J3WWGVAJHXV9	B00000DGUG	Music	1	1
US	R2DP54X50GTQOX	B000002UDV	Music	4	2
US	R28Q5CK78YR3GC	B000002HPV	Music	5	0
US	R2ES4TFLZDI3IY	B000002NJS	Music	1	3
US	R94PXL3E8L1QM	B00000DGUG	Music	1	0
US	R1WSU77B1380I1	B000002NJS	Music	5	0
US	R2R843WHUFIIVI	B00000017R	Music	5	6
US	RZXA7F43R9VFH	B000002L68	Music	5	1
US	R315NJU9L1TFKA	B000002H7I	Music	5	0
US	R2Y9SCWDUNIQHH	B0000084J7	Music	5	1
US	R3BGDZOTTCAE4Y	B000000OU6	Music	1	1
US	R1TTJ0PRJ65450	B000002UAO	Music	5	0
US	R3QUWRHGJUPE37	B000002IOY	Music	5	0
US	R2OFVLXC5DJKTD	B000002UAR	Music	5	5
US	R7OGHZEK73V5J	B000002JS6	Music	5	0
US	R1R2RAYIDF7GBS	B0000029DD	Music	5	0
US	R3SOMH14X050WS	B000002UA9	Music	1	2
US	R32WH91P6G31JZ	B00000099Y	Music	5	0
US	R2S8MHTNIOTG1Q	B000002UAC	Music	2	0
US	R3RRH9XOSWXPDL	B000003S09	Music	5	1
US	RMOFHUKPWI38J	B000000WFF	Music	5	0
US	RSIW4958RS4D7	B000000WCA	Music	5	0
US	R2FF1CJF0039YG	B00000AFGM	Music	5	0
US	R302TLMHKPWXW3	B0025KVLSI	Music	1	2
US	R3V8HTE0H6CPGY	B000002MUN	Music	4	1
US	R3SZ1SJPMKLXJM	B000000WF0	Music	2	1
US	RI6X8P9WRE08V	B00000ADG2	Music	5	0
US	R6EIGEXEYDK8E	B000001EHS	Music	5	0
US	REMMN183RDM9W	B000002C1X	Music	5	0
US	R3CC2E6KBISUE7	B000002OG8	Music	5	3
US	R2LU72317E6046	B000002UDD	Music	5	3
US	RU2I2D8JXYHQT	B000000OUE	Music	1	2
US	R3CH93BEMDXCCO	B00000DGUG	Music	4	0
US	R22ME6H4O1WYLN	B00000253N	Music	5	0
US	RE0JS0B7FOQG4	B000003TA4	Music	5	0
US	R2VFRBGDHLT99J	B000002HRE	Music	2	0
US	R20TFDBB90NHKY	B000003JAB	Music	4	0
US	R39G9SG4SN3PA8	B0000067L2	Music	5	1
US	R2ZSDSBAQMHQGS	B00000DFTG	Music	2	0
US	RYPIVVVS03YFC	B000002I97	Music	5	2
US	R9FR4KCHA9G0O	B0000024IE	Music	3	5
US	RRHND6DJLJWMY	B000002UAF	Music	5	0
US	RLW31UP2W9MFC	B00000I924	Music	4	1
US	R18O2R4JY8C5EC	0790729350	Video DVD	5	3
US	R33H0OFGRL0ZWC	B000002NJS	Music	5	0
US	R2QK5IYR5VBGHJ	B00000I41J	Music	5	2
US	R3RONOI5Y5HPW0	B000001ZS8	Music	5	1
US	R108S1K14CX8ML	B000002C1Z	Music	1	3
US	R1HJOD9ZBIGVVB	B000002J2B	Music	4	0
US	R2VU9GCY8A0WFL	B000002UB3	Music	5	7
US	R2KV5VA9IVDH3D	B00000BKE1	Music	4	0
US	R2TIIRRTFMM19T	B000005J56	Music	5	0
US	R2ERR8XO659AOV	B00000BKDW	Music	5	0
US	RAXCY7KBSQM8U	B000002JA8	Music	5	1
US	R1IMF5G07OC2Y4	B000002NJS	Music	5	0
US	R2PHP87P9UK4AZ	B000002NFM	Music	5	0
US	RI1PO7SGNQ79O	B00000253N	Music	5	0
US	R3BN5OMWYXC73V	B000002LTV	Music	1	5
US	R9045FK7FLOC6	B00000DMJF	Music	5	1
US	R23FW53MWSBURA	B000002USP	Music	5	0
US	R30NG0D2MCBKA6	B000000FG8	Music	5	0
US	R3KTP08WA9E1C2	B000002IZ4	Music	5	0
US	R262DNVVC0WR1O	B0000042H4	Music	3	14
US	R1L2NV2S6OA9XV	B000002GJ7	Music	5	0
US	R2AACH2IILCVQG	B000000W5F	Music	3	2
US	RH9DH5J58C7V3	B000002GLE	Music	5	2
US	R1OE6QIHPGN8MC	B000002BFL	Music	1	5
US	R3AWH8GF0M4EM4	B000001FSP	Music	5	2
US	R1XC8LO8R1ENJX	B000003S0D	Music	5	3
US	RAYR6CPJBX75S	B000000HTM	Music	5	15
US	R11DO78SIKIPN1	B000001GBJ	Music	5	1
US	R1DAUG6FY0AC6Q	B0000009WC	Music	5	0
US	R7VQ7JAD23JY6	B0000026WD	Music	5	0
US	R11KARGF5UW0VS	B000002KXV	Music	5	1
US	RV69KI08BXB1V	B000000OU0	Music	5	0
US	R1BGABHGGJ44Q2	B000002LAC	Music	5	1
US	R390Q9R1M1HCET	B000002MIY	Music	5	1
US	R3IA04C4YLD5ZT	B00000G28U	Music	4	1
US	R1D749V8CT3GX4	B000001FZK	Music	5	4
US	R2ZAO8ZI31KFZ0	B00000AFWZ	Music	5	3
US	R387UF54MXU9WZ	B00000BKI4	Music	3	5
US	R2N9IYSM648RAT	B000002LKU	Music	5	4
US	R184QRG5AL93OW	B0000020C4	Music	5	0
US	R2A9WKDDBDPOBW	B000002952	Music	5	1
US	R1KMP8XHQZPBDU	B00000BKDS	Music	5	0
US	R758PPMVQ3IPQ	B000002BHE	Music	2	0
US	R1J9SWZFAEGT05	B00000HZFP	Music	5	0
US	R1IDK53M3HLN5S	B000002BPS	Music	5	0
US	R1UWIK6RGVBCU3	B000001IPL	Music	5	0
US	R13ZYOKWZSTS5G	B00000HZFH	Music	5	0
US	R3G0NWEA8MFXUO	B00000AFWW	Music	4	0
US	RG3Y0YZEDUNU3	B000001IPP	Music	5	0
US	RYQSBH4XPUJ28	B00000DF6O	Music	5	0
US	R3A6SKWD2VYY6	B000002V07	Music	2	4
US	R2VYTI1FRXUFP4	B0000004V2	Music	5	0
US	R2M4N5ANQPMV1R	B000003BES	Music	5	7
US	R1QRONC3ACCHDU	B0000060NA	Music	5	0
US	RK0HHODX6ZRTH	B000002J0B	Music	4	0
US	R1EQ189HHBUOVD	B000002HMH	Music	5	0
US	R3UNPZWZJ5YWHG	B000002H6C	Music	4	0
US	R3TW87ITLPVMU3	B000002H97	Music	5	0
US	RG5P6A2QJOE9R	B00000637V	Music	5	1
US	R1NIWG3BPK5UT3	B000002H70	Music	5	1
US	R3UUZ8D58F7LZQ	B000005RUX	Music	5	4
US	R1PPGOL4I3660J	B000002NHN	Music	5	1
US	R2C96XXV7UT1O5	B000001FA4	Music	5	0
US	R3G6GIRKA5TV07	B000009ED0	Music	3	2
US	R1NID6ZDI9XKGG	B000002LRX	Music	5	1
US	R36M9L1K85FB8U	B000000WJZ	Music	5	2
US	R1LC73YLJ6DI0I	B00000I924	Music	5	0
US	RX58RC1SMMDAF	B000002H6C	Music	4	0
US	RWM7YELL9G3SB	B000007NYS	Music	5	2
US	R3GYYNSNAMBH32	B000001FRY	Music	5	0
US	R14NX16O563M9R	B0000009RT	Music	1	3
US	R2MZHJ764VWYOZ	B000000OE7	Music	5	1
US	R2KLJ1SXKF9CC8	B000002VBY	Music	5	3
US	RGOPJGHO818FE	B0000025RI	Music	5	2
US	R1CCYO1IHHXI58	B00000DHRZ	Music	5	0
US	R134OT33KLIMCA	B000002BPS	Music	5	0
US	R1UE1613P63F8U	B000002UAU	Music	5	7
US	R1KGHD8L8EGCOW	B000006OAM	Music	5	0
US	R2H3HA41GXU7OK	B000002TPS	Music	1	0
US	RP835JBMB9R1N	B000001FFJ	Music	3	2
US	R3IP59N5R79HBN	B0000024JN	Music	5	0
US	R3IG288R3WYLAV	B000002KH3	Music	5	0
US	R2K83MXCO7ITD	B000000OSE	Music	5	0
US	R2JNVRJQWP9HDI	B000002C4O	Music	5	1
US	R1YCPC6W09ZIND	B000000OQY	Music	5	2
US	R3F8102TXR42GS	B000000WGL	Music	5	4
US	R2W638MATGXSIB	B0000026WD	Music	5	0
US	R2CFZTGQ6WFEBD	B000001Y79	Music	5	0
US	R3MW6LLZT2641W	B00000DFRS	Music	5	1
US	R822QPORBBBM7	B000002E5J	Music	5	1
US	R17UZRMTV9RMTB	B00000DLVA	Music	5	0
US	RVS8CXHQQ0QGU	B000002UAO	Music	4	0
US	R19H3TGA8DMDMN	B00000DC4A	Music	5	0
US	R1KRYKZPGNIM1L	B00000I924	Music	5	1
US	R13PLT5TKTA490	B000009DUY	Music	4	0
US	R26UTSC0EXXXTP	B0000062S0	Music	3	3
US	R2YVUF2B21UJJG	B000002LKF	Music	2	2
US	R2ER4119TEJJYE	B000003S5H	Music	5	0
US	R32A6IH7I8DE2D	B000009CEM	Music	5	0
US	R1QRV6KONRXNX8	B000002BYD	Music	4	0
US	RUZ8USKMOEPIQ	B000001C6D	Music	5	1
US	RKO1K8UWRVIIN	B000002H97	Music	3	1
US	R1BDWOQ5XAIBSL	B000002L9J	Music	5	1
US	R2M2P698L1MCTG	B000002KFJ	Music	5	1
US	R1KW2L6JLUF2MW	B000002H6C	Music	5	0
US	R3NYZT65ZT03N7	B000003BE4	Music	5	8
US	R1NK7V7Y1MATO0	B00000DMJF	Music	5	0
US	R1Z9GF5MBULD2M	B000002OVJ	Music	5	0
US	R2MT9XW1NVZIR5	B000002OX5	Music	4	1
US	R2LU5EX890CB89	B000006045	Music	5	0
US	R1XRVBXIYHR58B	B000002UJQ	Music	5	0
US	R3BKXLZR1GETI2	B00000F1D3	Music	1	0
US	R2IR03WM0SF9S4	B000007T1M	Music	5	0
US	R23P7CNRK3Z0T3	B0000026WD	Music	5	1
US	R2YDEKSONPGPBY	B0000009SG	Music	5	0
US	R2B7FMB88FG5U0	B000002HMH	Music	2	0
US	R3CCTFP0LB4JR3	B00000I924	Music	4	0
US	RAOFVCZ0FPZGG	B000001FO4	Music	5	1
US	R34DKXOBRST115	B000001GXL	Music	5	17
US	R16HETV0U3R0RZ	B000002KKS	Music	5	0
US	R3C5FC63D3DVPM	B000001Y9I	Music	5	0
US	R39ND1FXBNE9L6	B000002C2E	Music	5	0
US	R809D2PWNV0A2	B000001ES4	Music	5	3
US	RFFHU6MAX1GUA	B000002UB3	Music	5	7
US	R3VD0RJ8DGSOMD	B0000039QA	Music	1	8
US	R1KJF52U8A5FUK	B000005RUX	Music	5	5
US	R2N1X8OU0A75QG	B000002L99	Music	5	0
US	R37QL79WZ36KRY	B00000099Y	Music	5	0
US	R2E0XFZ5I8T3TO	B000002TLX	Music	5	0
US	R2OQ7P7UZ2T326	B00000DBXL	Music	5	0
US	R2RVTC2NGM3YU9	B000002H97	Music	5	0
US	R1F91OHQL15279	B0000013GT	Music	5	1
US	R1M7UA8571LHLW	B00000DGUG	Music	5	0
US	R3OP167F77QUNN	B000005IU2	Music	5	1
US	R1BXDN4G1BN4C9	B000002HRE	Music	5	0
US	R8B5ZI4DMR98Y	B00000I924	Music	3	2
US	R1TDWDPI2SGM09	B000002KXV	Music	5	2
US	R18EY8HEUSY4JI	B0000042MY	Music	5	1
US	R2CY65XS32E0S	B000002UWF	Music	5	0
US	RLG001VUO6EX5	B000006YYW	Music	5	1
US	R1WZC392VIKRDJ	B000002UAU	Music	5	7
US	R16AIKSEPFFC38	B000002GYR	Music	5	1
US	RI0LB4A1HI2GE	B000002NJS	Music	5	0
US	RWYAWQQ5Z9PUU	B000005ITX	Music	5	0
US	R1OGZLWGS3BR65	B000002C25	Music	1	2
US	RUZIGWUZED7C5	B000002UD1	Music	4	0
US	R33CQBQV64DBKC	B000002NFM	Music	1	1
US	R1FJCGS2DKMO40	B000002UV9	Music	5	0
US	R1FEF929MVT7FQ	B00000FYIL	Music	5	0
US	R1I2JBDG96YC0T	B000001ESF	Music	2	5
US	R16AI3CH280YA9	B00000I2VF	Music	5	1
US	R35R0IDCEDVBIM	B0000024YL	Music	2	0
US	R23IGTBDAWGASS	B000006SG5	Music	4	6
US	R37Y5XYZLOYSTL	B000005JAX	Music	4	1
US	R14X8V26NTISR5	B00000099Y	Music	5	0
US	R2S2O96WF5WVB3	B00000099Y	Music	4	0
US	R2GLE5VQDEIRS4	B0000039QA	Music	5	0
US	RRNJ5SFEBHE6Y	B000002BBY	Music	1	6
US	R2YDEKYODYE7IQ	B000003S5H	Music	5	0
US	R1RU2BC5X8XD03	B00000AFWW	Music	2	1
US	R1LB90C0V961QP	B000002KLZ	Music	5	0
US	R29MXBC2YZH4XA	B000002KGT	Music	5	1
US	RPEK5090LBSTB	B000002P2W	Music	4	0
US	R2Q9A04G9RKWF6	B000002P2V	Music	3	0
US	R3TIGOMW6B8BYM	B000002P6R	Music	3	1
US	R3OHV2BQ2EJ9S0	B000002IOW	Music	5	1
US	R2GCMX97W4UKAP	B000003S0P	Music	3	0
US	R39BW179F3RH7I	B00000251N	Music	5	4
US	R1UUFUZ67OPYY2	B000001DYJ	Music	5	2
US	RTXASFMORYTIN	B000000WCX	Music	4	0
US	R13H2CPVDEYJ4E	B000003PJ2	Music	5	1
US	R1EJ3XQ1MF2QM6	B000001DTM	Music	5	2
US	RFQ6T2NNSXQI	B000000WCA	Music	1	5
US	R7O1ZBRUQ9D0Z	B0000025CP	Music	5	1
US	R33WV4WRNR9IZ5	B000002NHN	Music	5	0
US	R2H0O886UK5LAZ	B000002KB8	Music	5	0
US	R1UB3ZVVP7SQL6	B000002C1X	Music	5	5
US	R6TX1XJ5S0XBP	B000002IWH	Music	5	0
US	RA5M2JL6EUM1V	B000002J1L	Music	5	1
US	R39LBGYOXVSE8Y	B0000029AL	Music	5	0
US	R1WV1421KJVKSL	B0000025SB	Music	5	0
US	R3JGFJTF6XN4AY	6305282943	Video	5	4
US	R391VR6R4KPGKC	B00000DHRZ	Music	5	0
US	R257ETJVU89GKF	B000002UB3	Music	5	5
US	R2QGUPUF20XDGV	B000001EXB	Music	5	2
US	R61E6VVE3VHG	B000002UAU	Music	5	7
US	RVFPLW0EKFPQM	B000001EGA	Music	5	2
US	RUMYUWLMJSJV3	B000002HRE	Music	5	0
US	R1QWZ3VD96SCZE	B000000WFF	Music	5	0
US	R1S9Z449NU7HGS	B0000047CX	Music	5	1
US	R1OPI2HBJZOLXW	B000002C1W	Music	5	0
US	R11FP1WQTMNXML	B000002OR4	Music	5	0
US	R3FHH0TN9JKFQQ	B000002MY3	Music	5	0
US	R20W2RMUN1QE6A	B000000WFF	Music	5	1
US	R2SXFDRST8MKMA	B00000BKE1	Music	5	1
US	R3H8EECETPIB5A	B000002GJ7	Music	5	0
US	R1V4EXMKV39ZEH	B000002AV5	Music	5	1
US	RUXXWJGIHVBI9	B000000WCV	Music	5	2
US	R3ED3GWJEESA7C	B000001DTM	Music	5	0
US	RSHHXP54Y3C97	B00000IIXH	Music	5	1
US	RBFJJLRYRB7SA	B0000062GE	Music	5	0
US	R3QJUR5M6DT2ZQ	B00000IIXH	Music	3	0
US	RK1R2B1L2XU8Y	B000002KJM	Music	4	1
US	R2CJ201XXLZPSN	B000006T9M	Music	5	1
US	R22BZ4Z8N3EOC9	B00000GAMF	Music	5	3
US	RDQ85EOHLZP0P	B00000IGGA	Music	5	0
US	R671B6CLT0M6N	B000002UB3	Music	5	5
US	R3MQXHOR7NR04U	B000000I0H	Music	5	2
US	RATJPS4WDJLG	B000009MF7	Music	5	5
US	RJ2R8LAS0KTRX	B0000025HG	Music	3	9
US	R3UW2JL50X7E2H	B000002L9J	Music	5	0
US	R1JQB53IE2KRF5	B0000026VZ	Music	4	11
US	R5GUFRX5R7X1Q	B00000AOUD	Music	5	2
US	R1DHYDSH5JHVR3	B00000GAIW	Music	5	0
US	R3AK05KNLI3P10	B00000DMJF	Music	5	1
US	R1L36CRKG1GGRB	B000002U82	Music	3	5
US	R3MKVE1Y3GG8NA	B000002GY9	Music	3	2
US	R10BZXMHGCE22D	B00000DF6O	Music	5	0
US	R28J5HWFHP8DEM	B000002H4Q	Music	5	0
US	R1CHVUBN923MOO	B000002KH3	Music	5	0
US	R1EZY21ECNUYWK	B00000FCBC	Music	5	1
US	R2E86E2RCGXM1B	B000002NJS	Music	1	0
US	R27NLELPIHKON8	B00000DHRZ	Music	5	0
US	R258Q96PGI2WYO	B00000DLUV	Music	4	1
US	R3MW6XMXW5Z2QM	B00000F1D3	Music	4	1
US	R2WFVNFXVJE5GD	B000000P11	Music	5	1
US	R2C56NYGJCDZPR	B000002U82	Music	5	0
US	R2L8NY7Q06YA3Q	B00000I924	Music	4	0
US	R1199J3MUW1FKG	B00000DHRZ	Music	5	0
US	R2TBDM4VWG1HNJ	B000002NBY	Music	5	4
US	R4M0SU35K7TTG	B000002UA9	Music	5	0
US	R2TQHDNTL81Q74	B000005Z0G	Music	5	1
US	RIQUUVHTHTGX7	B000003S2M	Music	5	3
US	R2BPJ2KNK1SU1N	B000002UAR	Music	5	5
US	R2GEEMYP5GPQ92	B00000FCBC	Music	4	0
US	R32CJ185OMU9SZ	B000002LKF	Music	3	3
US	R1IEUGO4XNUR9H	B00000163G	Music	5	0
US	R15F0DZJD7FRX3	B000002KNI	Music	4	7
US	RUQ7RZY6GBHA	B00000I924	Music	2	2
US	R1L1OYNHC4KDTT	B0000025RQ	Music	5	0
US	R2F1I5K8PPLAG	B000002KN8	Music	5	7
US	RQAQOPH77GQKM	B000002BYD	Music	5	1
US	R30KQUIP5Q0Q09	B000002C1Z	Music	5	0
US	R2EW278BXEC2H1	B000003CMB	Music	5	4
US	RMU7EUPRA01G9	B000000OU6	Music	1	1
US	R1E5596GC2I6LA	B000006NPY	Music	5	1
US	R10ZESYY79IFTJ	B00000DHTF	Music	5	0
US	R1P6BGV1YHFE94	B000003N7K	Music	5	1
US	R1EZ5CHHF0TK6U	B000002ULS	Music	5	0
US	R3DBEGDFPQ0ISG	B000002WYT	Music	5	0
US	R2ASFB55OES9YM	B000002C1X	Music	5	0
US	RWQD4TQGUQLYK	B000000WFF	Music	5	0
US	R2JEV15MP4P2KE	B000002KEV	Music	5	1
US	R3725T8T842HJ2	B00000HZFP	Music	5	0
US	R1OV0691WBDJ1	B00000IFWE	Music	5	0
US	R32FXUXUSJJ5PL	B000007ODM	Music	5	0
US	RG1A952VOSN0B	B0000025RI	Music	5	2
US	R309DZRQFGDUBD	B000001ESF	Music	5	1
US	RN1XT0AGVVQ1	B000005HCM	Music	5	2
US	R190TJIA7OTI4E	B000002B7U	Music	2	0
US	R10AJ17KPTP64A	B0000029DD	Music	5	0
US	R1VL5UNTHPOXW4	B000002L9S	Music	5	0
US	R1SFDMLX4P49CL	B000001Y79	Music	1	4
US	R3O861BD3GBY6W	B00000DHRZ	Music	1	0
US	R3D4AKQC10CSWA	B000003S5H	Music	5	0
US	R11UWC64EB1266	B00000BKDZ	Music	5	0
US	R3AYC8D9GQU7G2	B000002BBY	Music	5	0
US	R2NYM5BZMBF4J9	B000002KXV	Music	5	0
US	RDIPOUXDQ8GFZ	B00000DGUG	Music	3	0
US	R1LS3VWRHAM22M	B0000024YL	Music	5	66
US	R38SJFX8WKLN2Y	B000002HNR	Music	4	4
US	R1NPP17TZ33WRB	B00000ADG2	Music	5	0
US	R11YDYD5513BZ9	B0000009SY	Music	5	2
US	R291K5GK9WDD4Q	B000002J20	Music	3	2
US	R14AGY2N4FSWI5	B000003N7K	Music	5	1
US	R22X6QYL33KTDY	B000002HHB	Music	4	0
US	R36NIDODV7TJZL	B00000I8UE	Music	5	0
US	R2FPPD7AHITM26	B000000OU6	Music	1	0
US	R28LI65536DVWD	B000002UAO	Music	5	0
US	R3ANS2LFCSRSJY	B000002J09	Music	5	1
US	R2HA82ZT2GICZA	B00000DHRZ	Music	5	0
US	RD4VXP6E4VKNR	B000002KZ6	Music	5	1
US	R2IPVM7GAB007Z	B000001Y16	Music	5	0
US	RF4YDPB41LE3T	B00000I924	Music	5	0
US	R1E3ZU06KKPRHT	B000002NHN	Music	5	0
US	RGCVA1II30IL8	B00000ADG2	Music	3	4
US	R1ZNZ7ECC6AR6B	B000001GBJ	Music	5	0
US	R3ECD9OE4PTAVC	B000002NJS	Music	5	0
US	RUM9CR4TGWEMS	B000002MFN	Music	5	0
US	RJR191P1NL052	B000009DUY	Music	5	1
US	RCYAMG7MUCSD6	B0000062Y2	Music	4	6
US	RU8QEIPH43QIC	B000002UUX	Music	5	0
US	R2YRTV964O87GP	B00000ADG2	Music	5	0
US	R3F0NAFXQ0TFFE	B000007R1M	Music	4	1
US	R2D41DDFP57IRY	B000002513	Music	5	1
US	R2DZ2AOHTHW8L0	B000002C4J	Music	5	0
US	R3JFNZM3XWJ92Y	B000001FAU	Music	5	1
US	R29QV0NL7E81FS	B00000DHR0	Music	5	1
US	R2Z4ON2FDORZXD	B000002AT6	Music	5	1
US	R3NTS18J5JV5EI	B00000DGUG	Music	4	0
US	R1K0L91N7BFGRQ	B000002TPS	Music	1	0
US	R34OY2210OYNOQ	B00000FYIL	Music	1	0
US	R2ZY4Z4ZNSLRBR	B000002OX7	Music	5	1
US	R12TXIUM48U8O8	B000002MK8	Music	5	2
US	RKVNDMI2XVE2B	B000001EYO	Music	1	4
US	R3URWFE0Z1RKWF	B00000IGGA	Music	5	0
US	R1998RW3HH1Q3V	B000000WF0	Music	5	0
US	RHBGICP5VS9MC	B00000F1D3	Music	5	0
US	R19HTOSQSQJH7Z	B000003AEB	Music	5	0
US	RDKMQO84XYHUN	B000001FY9	Music	5	0
US	R1Y4HPBPDO35Z6	B000002BPS	Music	5	0
US	R3FJJB0HIIVG0D	B000003AEB	Music	5	0
US	RECVLZPM6SFPU	B000002UAR	Music	5	6
US	R3HAQGMMFY0NQH	B000002BFZ	Music	5	0
US	R1K6XZN3BYIU1J	B00000F1D3	Music	5	0
US	R3X1TO7PEHC6V	B000001FYZ	Music	5	0
US	RNXWBY4Z7BCWO	B00000IGGA	Music	5	0
US	R2UR4MKHTY40WA	B0000026NC	Music	5	1
US	REYIPI4VYT3B2	B0000025ZB	Music	3	1
US	R29K7EC8H9FJUS	B00000DFSK	Music	1	1
US	R182MB243G61CR	B000001E7T	Music	5	0
US	RBQ057N6GVM9R	B000001FAC	Music	5	5
US	RA3QA4BRR7ITC	0780623703	Video	5	0
US	R1V3SNHZZVN4GW	B000002GEV	Music	5	0
US	R2HG4A53UE3DZA	B000002UAU	Music	5	7
US	R2NHIU7ZVSB9CB	B000002IWH	Music	5	0
US	R113VEIRLAZSU2	B00000D9TQ	Music	4	1
US	RFR4DBXHABJIL	B000002KOQ	Music	5	7
US	R2AN9Y5JXPQQVQ	B00000DMJF	Music	5	0
US	R187ZDQQESA29C	B000002OVJ	Music	5	0
US	R3FILQF71XI7GJ	B000001FDK	Music	5	0
US	R3BSIJ6VQTTEGT	B000002P7R	Music	5	2
US	R1HOPEJKAAOHFL	B000002U9E	Music	5	1
US	RKVHQH12VU3A2	B000002GYR	Music	3	2
US	R3T4QV5SFP2E6L	B000001E29	Music	4	0
US	R3BD21DVV0NUUF	B00000ADG2	Music	5	0
US	R2FMHJRQ5BXM51	B000002GWJ	Music	5	8
US	R11CWOWHKJRKHA	B000002KHY	Music	5	0
US	RK0LGETILFOMV	B000001Y2U	Music	5	0
US	RQC814JYOO6MC	B00000I0XW	Music	4	0
US	R3BNPCRE55TZYI	B000002I97	Music	5	2
US	R3F3YZZ9GGBGC9	B00000DFMM	Music	5	3
US	R35YWAKFIZ9Z27	B000003CKH	Music	5	0
US	R2HUMFTRRBOW2J	B000000P11	Music	5	7
US	RDU60FHEN5AJD	B000001DTM	Music	5	0
US	RDSG78I7D5TXO	B000002HPV	Music	5	0
US	R2SB5J46OCS4QW	B000002HPV	Music	5	0
US	R301VMM87I28R	B00000ICN5	Music	5	0
US	R19ELBWB4P2I8V	B000001ESP	Music	5	0
US	R3IZX1JH4ZGK0W	B000001E7T	Music	5	0
US	R1M8MTWL1NY3Q	B00000AFGM	Music	5	0
US	R1M0JDOSH1HSWI	B000001Y2U	Music	2	0
US	R31787D8JULO28	B000001FAU	Music	5	1
US	R2VK0WCJJAGYEB	B0000004V2	Music	5	0
US	R3PQUU6Q2JNSHD	B00000099Y	Music	5	0
US	R10LEE3OBXZXR2	B00000I8UE	Music	4	0
US	R3IA7XIORXZ7N	B000002JR8	Music	5	1
US	R3C7IHAP3VXCKA	B0000062GE	Music	4	0
US	R1QA05QUYCLXE6	B000001Y42	Music	4	0
US	ROW2NQL58734E	B0000025RI	Music	5	0
US	R2DRROG2YAAVZH	B00000IIXH	Music	5	1
US	R1735CXR05G2U5	B000002OX7	Music	5	1
US	R3DB4WA4H4Q1NZ	B000002H2H	Music	5	0
US	R3V921ZMPMGVGK	B000002BE9	Music	5	1
US	R3LTJGZZDJL5NH	B000002BYD	Music	5	0
US	R3N1NG1EQRBEGM	B00000ICN5	Music	5	0
US	RGQBRP0LYXK77	B00000F1D3	Music	5	0
US	R32WO8R40VPI60	B00000I924	Music	5	0
US	R20G0GXB4066BK	B000002BVN	Music	3	0
US	R21OI3FM973VF9	B00000269M	Music	5	0
US	R3DW53LF7K3O2B	B000002UAU	Music	5	7
US	RYJX9KZWEJFK2	B000002H97	Music	5	0
US	R31PW6FAHSSOBK	B000001Y5D	Music	5	13
US	RJ3Y0L0DFSCA2	B000002KYB	Music	5	1
US	RERE7XTFXHY0	B0000046PE	Music	5	3
US	RGKIRY3OBX6O5	B00000I924	Music	4	0
US	R3BQN94E9WVJLL	B000002JS6	Music	5	0
US	R44U08LRIDWUT	B000001DYY	Music	5	2
US	R2CUNRXWUSRI47	B000002RXS	Music	5	110
US	R194H0JOGFRL7L	B00000AFHM	Music	5	0
US	R30XWZ6BSKDMM9	B000002B5L	Music	2	2
US	R16H1DKR7UMWD0	B000002L9M	Music	5	1
US	R3IBR1VSB7148G	B000002572	Music	5	2
US	R2ZPQ8TPKDNLTB	B000002IKR	Music	5	1
US	R1OGMI33JM3FX7	B000002VTE	Music	5	7
US	R2P5EBX6W5AB2N	B000000OSW	Music	5	0
US	RQRR7UJDK5GTH	B000000WCV	Music	4	0
US	R3JFD44SI0CO9P	B00000DCHI	Music	5	0
US	R12BR7X2PB01JI	B000000P17	Music	5	0
US	R3FZWAV1ZQW2WN	B0000027I6	Music	5	0
US	R1IWE35SKJXNW9	B000000ISM	Music	5	2
US	R2DXOQRR5LS01W	B00000163G	Music	5	0
US	R1331U8XZ0088H	B000002U8G	Music	5	0
US	R23FDYI6RZ7FNH	B00000FYIL	Music	5	2
US	RJ1GYMU0UVDCG	B00000DGUG	Music	5	0
US	R1U15BJME6V543	B000002KNU	Music	5	0
US	RBJEQ4LPYP78W	B00000IN5G	Music	5	0
US	R2VLP84HKVOIE5	B000002VCW	Music	5	1
US	RWK99NVE063F6	B000002UVX	Music	5	0
US	RG4Y5VK2BGKWL	B000005Z0G	Music	5	0
US	RWLX35OER9GTN	B000001GBJ	Music	5	0
US	R2JCNP1RPX8BWJ	B0000025HU	Music	5	0
US	R28277NIN1E77E	B00000I8UD	Music	5	1
US	R2EUWHG6LC2DM1	B0000040W2	Music	3	17
US	R3CUJF7YPQ4LCR	B000002UDG	Music	5	1
US	R26ZHOW8O7IB4B	B0000057C5	Music	4	0
US	R2OQIF5OGO885K	B000002JS8	Music	5	0
US	R3F87OBO2GFB7A	B000001FI7	Music	5	0
US	R2WWSIIA7L1XCK	B000002HAF	Music	5	0
US	R30Z6EGNODRF9X	0792837614	Video	5	0
US	R13ZWNLU1GDRLB	B0000057C5	Music	5	0
US	R5GSLO1GY55RW	B00000DHRZ	Music	5	0
US	R7VAQP213Y3SK	B000002PF4	Music	5	0
US	R3O5Q672EX9P5U	B00000I8UE	Music	4	0
US	R1W1VFWRH2BNNW	B000009ED0	Music	5	1
US	R19GZDN6PN2NX1	B000002UKS	Music	5	0
US	R35WNSJFRNVKQR	B000002NHN	Music	5	0
US	R2V0A7ZJ211UUX	B000000ORX	Music	5	3
US	R1828260KK0WYM	B000002WYT	Music	5	0
US	R3VUG229YW0R5R	B0000033TE	Music	5	0
US	R3B2VSPDYPJMKP	B0000060NA	Music	5	0
US	RI0ICAMAX5OCZ	B000005JAX	Music	2	5
US	R279ZL6RTRGINQ	B0000033P0	Music	5	1
US	RSUZ4R6AOIZJH	B000002U82	Music	2	1
US	R2CY3A4UMSP7F8	B000002MP2	Music	5	0
US	RPQBDDTIR08N3	B000003BF1	Music	4	1
US	R12GTHI1RQJLC1	B000002UDV	Music	5	0
US	RNGR57ZIA67NH	B000002B38	Music	5	0
US	R3BDW87J35E94C	B000002NJS	Music	5	1
US	R2RJDLXI1BO38D	B000002H38	Music	5	4
US	R1Y2E84HAYINJ0	B00000I8UE	Music	4	0
US	R2O6BYQZ7IIQ95	B000003TBP	Music	1	4
US	R1JTM30PDK2H41	B000002MTR	Music	4	0
US	RE6EXKZGMLBFY	B000003S0R	Music	5	1
US	R221GZ1RLOSQQZ	B000003TA4	Music	5	0
US	R1WP3JQUDKYRJH	B000002C1Z	Music	4	0
US	R2EIYU3VJY6WB1	B000007492	Music	5	2
US	RITYM659QW0CR	B000002GJ7	Music	5	0
US	R353FYSSUR9VT7	B000003JDA	Music	5	2
US	RGTTXZV2TJQP5	B000002UAO	Music	5	0
US	R17R0KQD1JLWL8	B000002UEB	Music	5	0
US	RLPNLJSKPYSJE	B000000H64	Music	5	0
US	R1SGC0XHNHWCER	B0000028RR	Music	5	0
US	R2OH7WNAKYYDI9	B000000OUE	Music	4	5
US	R3KY8JH6QPMW7O	B000002L42	Music	5	0
US	R1RKFDPWIC6AGX	B00000F1D3	Music	1	1
US	R30MUBZ7IX2WJG	B000002UB6	Music	5	0
US	R1KCAHPOOJKVI	B000000FG8	Music	5	0
US	R1XBM5KX4LGVKH	B000002UDD	Music	4	1
US	R1DZD51WH3I090	B00000IGGA	Music	5	4
US	R3QBTX5X8LICHS	B00000DI2T	Music	5	24
US	R3V67XJG1KZHUI	B000002TPS	Music	5	0
US	R1RRT5HQV3QYRZ	B00000IGGA	Music	5	0
US	R1INDBW8I04Y3W	B000002UDB	Music	5	0
US	RCLS58F7HZY80	B000000OF6	Music	4	0
US	R2JK17QJX6YA66	B0000019PA	Music	5	1
US	R5P12MF0190S9	B000001Y42	Music	5	0
US	RS96ARG1I3UCN	B0000025WQ	Music	5	1
US	R4OYEIIOMO5QE	B000001ES4	Music	5	5
US	R3UW2JYLUX7HYT	B00000269M	Music	5	0
US	R2PEKN2A6PIH3H	B000005ITX	Music	5	0
US	R19BPX8243HNG6	B0000029LG	Music	5	0
US	RHLUV58BXTXBR	B0000025RI	Music	5	0
US	R1GMZZBRJYZD1	B000002BVN	Music	4	0
US	R3D4U2M8YPMD0O	B0000026WD	Music	5	0
US	R3A2P1QBC1FEL0	B00000DHRZ	Music	5	0
US	R3LD5XNHFFRZKQ	B000002VCW	Music	5	3
US	R2IHREA6WQK061	B000002G7G	Music	5	2
US	R2LK9QUHO15RLJ	B00000637V	Music	5	6
US	RSGXHIYIA0TCI	B00000DGUG	Music	5	0
US	R2GGJ9V4ULVYE	B00000F1D3	Music	5	0
US	R1TRM6UF7HJUJA	B000002MY3	Music	1	6
US	R11OVP84RTZLUW	B00000DGUG	Music	4	0
US	R2EOYZ8WGQQ0G7	B000003S5H	Music	5	0
US	R1RET291UDDOCN	B000002KJM	Music	5	1
US	R62UIA6L4OAF7	B000000QG9	Music	5	1
US	R1QPY0IB282I6Q	B00000DHRZ	Music	5	0
US	RQCS5S0IB9R7T	B000001F6S	Music	4	15
US	R2PQF2CEKT49EB	B000001GBJ	Music	5	0
US	R1PHNPKJQ3H0JW	B00000DHRZ	Music	5	0
US	R2UZ5NNPG4SXNG	B0000025H6	Music	5	0
US	R2PVVPL7LWDQG1	B00000BKE1	Music	4	1
US	R6AIHOTTZJU95	B00000BKE0	Music	2	8
US	RKQHK394QYA0E	B0000025T6	Music	3	7
US	R36EVTF7A47TOT	B00000HZFH	Music	5	1
US	R236SDX0AHR40S	B000002HHB	Music	5	1
US	R1QIFNAII1FJDN	B000000WJZ	Music	5	0
US	R3I4NGI71DOU8	B00000I11T	Music	1	0
US	R3K4MEZ2DPKV4M	B000002AT6	Music	5	1
US	RJQPYHCDSQCDK	B000001E3V	Music	5	4
US	R3O903CA2SQSH8	B000002HEM	Music	5	0
US	RBJWQKCZ6A9L8	B000000WFF	Music	5	0
US	RPVLMZALJWTIB	B000002KNU	Music	5	0
US	RDZCLGBZ4F1FF	B000000WFF	Music	5	0
US	RAOR3OWKPPG9V	B000001ZS4	Music	5	1
US	R9RC68SG3O5A3	B000002AV5	Music	5	9
US	R3CRCL67SMDEFD	B00000ADG2	Music	1	3
US	R2TCXFO1LF0H89	B000004286	Music	5	0
US	R36UASCEX5WLZD	B00000I8UD	Music	5	4
US	RXOH56D47W6CT	B00000IL1K	Music	5	0
US	RPD8A8YTRTX5Z	B000001Y42	Music	5	0
US	RTH7S9EY6NU7R	B00000373U	Music	5	1
US	R1SIA6OXD86THF	B000002OX7	Music	5	1
US	R4EL0QB3E9V4Y	B000003S2O	Music	4	0
US	R33GLN159IO2G3	B000002KDX	Music	5	5
US	R29ZRYRUOK7MBF	B000000HSU	Music	5	0
US	R1HO03GP27VAON	B00000AFFI	Music	5	0
US	R398VENDPA1S2M	B000002IGV	Music	5	2
US	R3S5UP0WIE2R09	B000000OUJ	Music	5	0
US	R1ZO93XZAELCSQ	B000002513	Music	5	1
US	R3TQSSOJNI5MUQ	B000002G30	Music	5	8
US	RGA6J1ZGTK21B	B00000DHRZ	Music	4	0
US	R3LF1DDJY9FDV5	B000002IJL	Music	5	7
US	R1NH7S0TPBEXWU	B000002IM7	Music	5	1
US	R1SI9MT7H2NLZQ	B00000HYTW	Music	5	0
US	R235QI2UC77LJA	B000002J1O	Music	5	29
US	RAE5W5PEUEBOJ	B000002LIR	Music	5	4
US	R14HMLZJM6MTF3	B000002VMH	Music	5	0
US	R333CWUUD8JDDU	B000002P5R	Music	5	1
US	RKGAG49R3EB8R	B00000F1D3	Music	4	0
US	R2M714RFOO83QU	B00000I8UD	Music	5	0
US	R30D4NNUX9Z2QZ	B000002A9Z	Music	5	8
US	RBQZQ95XDD3M0	B0000025DD	Music	5	1
US	R1GW0IC8BV5TO2	B000002B38	Music	5	0
US	R2P49U7V1QQMV5	B00000DBXL	Music	5	0
US	R3AHIXOSU5NLBT	B000000WA4	Music	5	0
US	R2TJIMW9RAI0HB	B0000025KI	Music	3	5
US	RNVDV0A9ZJ49W	B000006NPY	Music	5	0
US	R290XSIMBSZYGK	B0000024U8	Music	4	2
US	R1GNDJ79AIQ6MU	B000000WJZ	Music	5	0
US	RBBF5KB2UOB1B	B000000W6F	Music	5	1
US	R6R8RCNVSO8MS	B000002NE4	Music	5	1
US	R3CSHB7GBMN7Z8	B000002TQV	Music	5	0
US	R2L1P2GR26LFZI	B000002C4J	Music	5	0
US	R1EIMUTN776HJY	B000002GYR	Music	5	0
US	RDPARUI8QAHYE	B000002GD8	Music	3	1
US	R3FXU9FJ7N15KH	B00000BKE1	Music	4	0
US	RQUJ3DCSZ631Z	B00000I600	Music	5	4
US	RK5O4UKSPUYY4	B000002KAT	Music	5	103
US	RHYYXUMX6R0TJ	B0000026DJ	Music	5	2
US	R2YSL1384R13TX	B00000DGUG	Music	5	0
US	R2XERCJ24IJHJZ	B000007XUQ	Music	5	1
US	R1FT70YD4DQMDX	B000006MS3	Music	5	2
US	R1H0ZGT7E1WHEG	B000002LQD	Music	5	1
US	R3ED9PFV5HC31J	B000002UC5	Music	5	4
US	R3JPIFWZ7Q4QLR	6301763041	Video	5	2
US	R3HW77X78HUANH	B000000OA6	Music	5	0
US	R3V7DY5XIMWZ2X	B00000FCBC	Music	5	0
US	R1EEATJXFLQ2F8	B00000I2VF	Music	4	5
US	R1LWES8XBGQEQG	B000002VRZ	Music	5	4
US	R353CX6MOHTPIW	0780622650	Video DVD	5	0
US	R28N8YJJJ37JBH	B000002H6C	Music	5	0
US	R182WGIOLI61S9	B000002C1X	Music	5	0
US	R2NCSA5V5G7P43	B000002AZ8	Music	5	1
US	R3FF6SGNY8UD57	B000002UTY	Music	5	1
US	R14FPQMRK8BAUW	B000000OSE	Music	5	1
US	R1UJTTAWPZI43X	B000002BPS	Music	5	0
US	R35PA9TKD76RD9	B000002BNB	Music	2	0
US	R16AACMHNI0ZVU	B000001IPL	Music	5	0
US	R30EEMJBZKUR15	B000000WI4	Music	5	2
US	R201G57JYA40XA	B000000W74	Music	3	16
US	R2IFBPAXIN65QJ	B000002U8G	Music	5	0
US	R2VAY0T6MEL3MU	B000002U82	Music	5	0
US	R12V37T8MOHLJR	B00000DHRZ	Music	3	0
US	R1Z57SQT0WIIC5	B000002JSJ	Music	5	2
US	R3EYOB9ZFV3X2N	B000002KBU	Music	5	1
US	RRPT0QV5VTIRD	B000002JSN	Music	5	0
US	RSO1832QFKAMC	B0000027I6	Music	5	0
US	R2DXQS80BM4TO8	B000002H33	Music	5	1
US	R3UN4GVUBZF8F2	B000000OSG	Music	5	0
US	R34US4SX9FANUD	B000002URV	Music	5	0
US	R27JSBOLFVRMH2	B000002OG8	Music	5	1
US	R22LR40EOIYEWW	B000002BQK	Music	5	0
US	R1WFURC46THJ3W	B000002U9L	Music	4	2
US	RG7FXVKKZLU38	B000005JA8	Music	1	39
US	R2OA301QW404BS	B000001EYW	Music	5	1
US	R2RS3GOVWT1BCP	B000002H70	Music	5	0
US	R2G21WKIBQVDHM	B000002BBY	Music	5	3
US	R300V9RSJXHGTY	B000005HNQ	Music	5	0
US	R15ANDQ747F6D0	6304504012	Video	5	1
US	RIVHNCWN1AYTB	B000000WJZ	Music	5	5
US	R25JOKMGHAL3HT	B00000AFWW	Music	5	0
US	R1VALIPZ0QYG6Z	B000009DUY	Music	5	0
US	R2LETMU190UI5S	B000002IZM	Music	5	0
US	R3T2UYMPTD8GLF	B000002UJQ	Music	5	0
US	R3JAD8VWRB3TC1	B00000AFWW	Music	5	0
US	R3UIEJXBXRUPTO	B00000FYIL	Music	5	0
US	R26DDN6FFIB38S	B000001E3L	Music	5	1
US	ROIWK9S5HK370	B00000DLV1	Music	5	0
US	R2G6N0CVD7ELC3	B000002KAG	Music	4	2
US	RE8U9J0IPU7K1	B000002JS0	Music	5	0
US	R1ZI72CBQE4N4M	B000000OQF	Music	3	2
US	RFZTAQ7VL5TK7	B000001ES9	Music	4	0
US	RF5HB5NRBOU5Q	B00000IHHM	Music	5	0
US	ROBHWG8LBAQGE	B000002KH3	Music	5	0
US	R24QT04TOXFXA3	B000002G0P	Music	5	1
US	RTP7Z7OXBXD8Z	B000002KOY	Music	5	5
US	R3O87ACQQU9WPB	B000002L61	Music	5	1
US	R9K1676JLZH2I	630417893X	Video	1	10
US	R2P9MKOL05BL34	B000002AVF	Music	2	0
US	R1K8CYYFD4GRRJ	B00000ADG2	Music	5	0
US	R3TO1E4MTXYLOO	B00000ADG2	Music	5	0
US	R1OH494UJMW9DP	B000002H33	Music	5	2
US	R3DE4KLTAMZSBU	B000002BE9	Music	4	0
US	R16N2W6HC6YA1O	B000005S37	Music	1	2
US	R3GARNELFM286R	B000005YZM	Music	4	4
US	R1NBA8DJHUONEH	B000002NJS	Music	4	0
US	R13ZEQ9WWHLDL3	B000002LKF	Music	5	2
US	R2A4A32YNV36I	B000002LR6	Music	4	0
US	R2I2ZW2N8O2F9I	B00000DHRZ	Music	5	0
US	RLNIZN0DOGM5D	B000005IRG	Music	5	15
US	R23I7RIZNANJPF	B00000ADG2	Music	5	0
US	R1H94Q4L6YS9H2	B00000016W	Music	4	0
US	RCUVY70TO0VTO	6304117752	Video	5	0
US	R3QA7UUP5M33AR	B000002N2Z	Music	1	1
US	R3B70HU8YVYMI	B0000004V2	Music	5	0
US	R3UCCS57J65AME	B0000025IE	Music	5	0
US	R1NRI39DN3RN9E	B000001FSU	Music	5	3
US	R2DUO3EUWPIXHY	B000000WA4	Music	5	0
US	R2WHFJ78GQFGWB	B000002JSV	Music	5	0
US	R1FAH1SXWQDNU	B000002LND	Music	5	0
US	RY9XNQ4P10N2L	B000002MUW	Music	5	1
US	R354HXAY1DA24B	B000002MFN	Music	5	0
US	R3KAQIGNFRPGJS	B000009ED0	Music	5	1
US	R2XDNXGQI1IH7	B000001Y42	Music	1	1
US	R3M9CUYXY2FRID	B000006045	Music	5	1
US	R1BKX0MNZTLQYD	B000003S5H	Music	5	0
US	R2FSG3APA09GH	B0000025H4	Music	5	1
US	R21YC94LW59H7Y	B00000ICN5	Music	5	2
US	R1TC90OZ03IGNT	B000002GJ7	Music	5	0
US	RRKYJY149ZP8E	B000007UEY	Music	5	0
US	R2BTYXH13E0MZA	B000002C4J	Music	2	2
US	R366I38R1CWDWH	B000001FXR	Music	5	0
US	RIP0QL8SQLO3P	B00000273P	Music	5	4
US	R3S32XC5TFF6NU	B000003S0B	Music	5	0
US	RD56B8EYWQOXX	B0000028RR	Music	5	0
US	R1Y90HAWQ262P5	B000003S0D	Music	5	0
US	R3DNOT4YLX2E0P	B000002KD9	Music	5	2
US	R3PD8G6M7LMD6	B000001Y2U	Music	5	0
US	R2KUKNDOFAZL4C	6304117752	Video	3	1
US	RSXF11Z07RNCQ	B000003Z4C	Music	5	1
US	R3BOQWTXVFV4CU	B0000028SU	Music	4	2
US	RMMD9BIG0KGQS	B00000064G	Music	5	5
US	R2B8T4WR0VV7D8	B00000BKDV	Music	5	0
US	R2UIUQIOP78BAA	B000002B82	Music	5	1
US	R2QFN17L6COG1G	B000002L9J	Music	4	0
US	R1PU25XFGVO0KL	B000002JSV	Music	5	0
US	R2B7U4ZFAQPDY0	B0000024JN	Music	5	0
US	R1N29H1X4SE4MW	B000002C1Z	Music	5	0
US	R35P0NMY2TIOWN	B000003TA4	Music	5	0
US	R38FE3LQ1CUFEO	B000009QPQ	Music	5	1
US	RZRCTM4IAVZK2	B000002KIE	Music	5	2
US	REMVW7G0V4FHE	B00000DFRS	Music	4	1
US	R2EFLE4L3KJ5CG	B000001GE5	Music	5	15
US	R3T68XTBHGM5PR	B000002J20	Music	5	9
US	RR24B2ROTCLIK	B000001FB6	Music	5	2
US	R39HC0K2MAMGCN	B0000004V2	Music	5	0
US	RBDX08585ZRQT	B000002BNB	Music	2	1
US	R1P6M8E93ME5WT	B00000DFRS	Music	5	1
US	R3K2RLHQNBIFI5	B000001GBJ	Music	5	0
US	R34OJCDDPUM0JY	B000000WJZ	Music	5	0
US	RUI4BZ5EHXUPG	B0000029DD	Music	5	0
US	R2BB9E97L20W6Y	B00000D9TK	Music	5	0
US	R3DIMMZPYF68YS	B000002NFM	Music	5	0
US	R28JCLU5TUR9IQ	B00000FCBC	Music	5	0
US	R2KK8O72NDHYW	B000002U82	Music	5	0
US	R3DCXRCDEGMU2D	B000002C1W	Music	5	1
US	R1K2REDABK7PV	B00000I924	Music	5	0
US	R1QJ60FWJHYL81	B000007T1M	Music	5	0
US	R363RZFN2VIZQ4	B000001ESN	Music	5	0
US	R3TLSSCKB8NSDW	B000002KOO	Music	5	1
US	R2FCK2Z1I98V9M	B000002HPV	Music	5	0
US	R3M8PQLWI8JIU6	B00000DF6O	Music	5	0
US	R110W721M56M94	B000002OVJ	Music	5	1
US	R14HNB9FI21TBZ	B000002UAF	Music	3	1
US	R1C63PJ8C0OFT7	B000002PC6	Music	5	2
US	R29F7VU5TL7FXU	B000002JSJ	Music	5	2
US	R1G5WE5IN8S1NZ	B00000I924	Music	5	0
US	R1SVXSRVUNYEDT	B00000DMJF	Music	5	1
US	RLWHVIGJXQPNP	B00000I8UD	Music	5	1
US	R1EXZ32BUCTVX8	B00000DD2D	Music	5	2
US	R1AZA71M9MD0OW	B000002KH3	Music	5	0
US	R1DKZ9FKQKZFYW	B00000HZFP	Music	5	0
US	R1OR0QISFJE6X2	B00000DFRS	Music	5	10
US	RGGBZOU1BN78C	B00000DLVA	Music	5	0
US	R2NH7OZLNUSC3Q	B00000FCBC	Music	5	0
US	R3U3SA43HC9INJ	B000002MIF	Music	5	3
US	R2YWY56YOMF2KT	B00000DHRZ	Music	5	0
US	RQEKY6647OM5V	B000002N25	Music	5	1
US	R6UU9G3R2CW55	B000002UTY	Music	5	1
US	R12SXDSCL9USIW	B000003TAW	Music	5	0
US	R3EWNH5O73R3NA	B0000020C4	Music	4	0
US	RW6UBN539MOZW	B00000AFGM	Music	5	0
US	R2AIZ294BXPNSN	B000009ED0	Music	1	2
US	R2YP38V482S4XR	B000002UJQ	Music	5	0
US	R3MDL7NRP5QZDK	B00000I11T	Music	5	0
US	RBHPCC79IPESE	B000005IZ8	Music	5	0
US	RPBVDWP7MHZ1W	B0000019PA	Music	5	0
US	R3ELD2H84QC2P	B00000255F	Music	5	8
US	R1Z79U6FJMYD32	B000001EEN	Music	5	0
US	RG8D4R82CQGPL	B000002K9N	Music	5	0
US	R1MI15CUO4BI8B	B000002H97	Music	5	0
US	R2H2WUTIC4GIAR	B000002C4J	Music	5	0
US	R1FRLM1G21IV19	B000002HMH	Music	4	0
US	R25WLOLSG2Q52F	B0000025SB	Music	4	1
US	R1CBAE7R7FU4Q6	B000002X1O	Music	5	5
US	R2GKC49X394564	B000002UAO	Music	5	0
US	R2M6AGKCDS5K6B	B000002W9Q	Music	5	1
US	R2H6S5S6K3HET2	B00000AFHM	Music	5	0
US	R30799RUVI92FM	B000002ULS	Music	5	0
US	R3ADAVS815FC7	B00000ADG2	Music	5	0
US	RNZOQSMML0JY9	B00000I950	Music	5	1
US	R12PFEL6V0FP97	B00000634J	Music	5	0
US	R3A6D8HE62RT32	B000002UDB	Music	5	0
US	R3KGU1ZS4NAXXS	B000002GEY	Music	5	0
US	R1SY3D433WCLKG	B000002KAT	Music	5	3
US	RQ4ZX462ZNJ6Q	B000009DUY	Music	4	0
US	R3SQA7D3BJ0JOP	B0000057C5	Music	5	0
US	R29TT59JR0RTCQ	B00000DF6O	Music	5	0
US	RV0IRBDXXVU33	B000000OTY	Music	2	2
US	R1UJDXPW9YI356	B000009EAD	Music	5	0
US	R2RXIV5A19BHIL	B00000I8UD	Music	5	0
US	RISPYWCQJBT7P	B000002KYK	Music	3	9
US	R2NWQUQ4VPYV8Y	B000002H4Q	Music	5	0
US	R2B4FTD6SLIUJD	B000002URV	Music	5	74
US	R2C1HABJV1J3LN	B000002UKS	Music	5	0
US	R3HN074XWFNT6E	B000002NFM	Music	3	0
US	R2VV7CCQFAORI5	B000000H4V	Music	5	0
US	R3OPLSBYV6XB9F	B000002UKS	Music	5	0
US	R2K6HB8OPZ0QNQ	B000002VMH	Music	5	0
US	RTKOG45LPDBLV	B00000IGGA	Music	5	0
US	RTLXRA7SY3DKH	B00000BKDZ	Music	5	0
US	R11QBOH8CUSYSR	B000002OZY	Music	5	1
US	R248YOJFZG3XTL	B00000BKDY	Music	5	1
US	R2YZ6WPJDRI32Y	B000002NJS	Music	5	0
US	R260UK1G2V1XW7	B0000026UV	Music	5	2
US	R2AI1PL3YVMJXI	B000001FY9	Music	5	0
US	R1B8HKD21M0RN	B000002UAX	Music	5	13
US	RJJ41R60CCUJC	B000002IAS	Music	5	5
US	R37BDP4T9FILX	B000002UA2	Music	5	2
US	R2X2BKRMYZAGDT	B000002IGV	Music	5	2
US	R1F1I5WF1ZRI38	B000002H33	Music	5	1
US	R340KKGQSAAD7E	B000002NHN	Music	5	1
US	RFL8H081VE7E5	B0000025BA	Music	5	0
US	R3NWZLNLE1NOSV	B000005JA8	Music	4	0
US	R3NUUKRUW7FOTN	B000002UJQ	Music	5	0
US	RQ60KKNTGYAZ6	B000006NPY	Music	5	0
US	R26ETUKLNB8DDG	B000001ED1	Music	5	0
US	R39W4WG6D66KGQ	B000002KNI	Music	5	0
US	R2MEVTKGX6E441	B000009EUM	Music	5	0
US	R1Z0BJP6ZRSL1B	B0000029LG	Music	5	0
US	R18HWHICUNMX9K	B000002IZ4	Music	5	0
US	RAB4282WEVH67	B000007SPU	Music	5	1
US	R1V1BEJVEKYKHO	B000002MG1	Music	5	1
US	R18WJOG2KOH77Y	B000002U82	Music	5	0
US	R17YV0MWX6UVBV	B000002VC5	Music	5	2
US	R5V991I6H5DGJ	B000002UJQ	Music	5	0
US	R7CW4WHU71XOH	B00000DHRZ	Music	5	0
US	RU2K1XM1M1JT9	B00000DGUY	Music	5	1
US	R32TKEZ53MS6DG	B00000ILOY	Music	5	22
US	RADP9P4E7XC72	B000009M5E	Music	5	3
US	R3LGYPXCKY07XY	B00000I3JD	Music	5	0
US	R1U77WFH8RAVYR	B00000DLVA	Music	2	0
US	R2IVGZ1IBBUMRG	B000001FYL	Music	1	1
US	R2GS746HM5RDK	B0000060NA	Music	4	0
US	R1U2P6P3JI1I9H	B00000BKDV	Music	5	1
US	R1F7PPWEXBST1Y	B00000DF6O	Music	5	0
US	RGLYN00I470WA	B000002LCI	Music	5	0
US	R2H6CC2G5G5VG1	B000005RFQ	Music	5	0
US	R3KMTZIMFFYI6H	B00000HZHS	Music	5	0
US	R251LG6I8IEB36	B000002WYT	Music	3	1
US	R6PBGQOOBNBQW	B000000W5L	Music	5	1
US	R1G16T12BEKQ42	B000009DUY	Music	5	0
US	R2DCCZV592YZOX	B00000018T	Music	5	4
US	R1L9C4NV46DJ39	B000002U6E	Music	5	0
US	R2ZQRBAMW28TAP	B000002UBB	Music	4	5
US	R3GZXCERFRIXDC	B0000027I6	Music	5	0
US	R2YC9HH2Z7CIRG	B000002JR8	Music	4	1
US	R1FIK0CZRIRGZ	B000002UAX	Music	5	0
US	R1ZB243N9SD1X4	B000000IVW	Music	5	0
US	R4CVKT22IKT6O	B000002TQV	Music	5	0
US	R3Q6VTZ135ZOER	B000003TAW	Music	5	0
US	R1X7EVEMDK0WZ1	B00000255F	Music	5	3
US	RJXAUQ1HCBTQW	B00000ADG2	Music	5	0
US	R3GV6RQL8FXTMV	B000001GBJ	Music	5	0
US	R2ZPKKYTYYEDLF	B000002MZ6	Music	5	1
US	R9FKDCLNED1OZ	B000002C4J	Music	5	0
US	REOTPO99N6J4O	B0000020C4	Music	5	1
US	RPFHVCQKI5HJX	B0000057C5	Music	3	0
US	R3BQDXCIYL0IP2	B0000025CP	Music	5	0
US	R4CA2MJBAMSFA	B000002HMH	Music	5	0
US	RV5B5M025W19Z	B000002HRE	Music	4	0
US	R3NW5UNV6EQJ2	B000009DUY	Music	5	0
US	R2ODK2OA4F03KZ	B00000IIXH	Music	5	2
US	R2A3OY89NQSRPO	B000002W9Q	Music	5	1
US	R2PTLX68ZJJ1WB	B000006045	Music	5	1
US	R2E3ZOEJ79KO07	B000002ULS	Music	3	1
US	RSFO7X3EY3TQO	B000002BHE	Music	5	0
US	R2M78S9IPO4S0H	B000002NHN	Music	5	0
US	RM2TG5V1F953W	B00000ADG2	Music	1	1
US	R1VN1C2N2TMZUP	B000000WCA	Music	2	0
US	R26GQ9VIN2EXZV	B00000DCHE	Music	5	0
US	R18EKXL8YTTOMM	B000002C4J	Music	5	0
US	R2DJ0Y4THCXHMP	B000000OF6	Music	5	0
US	R3M31S40T9PJHK	B000002C25	Music	2	0
US	R32EJ2H0BST9DZ	B000003TAW	Music	5	0
US	R2ELWJCA4H3EJC	B000007T1M	Music	5	0
US	RMMC4MLC047GP	B000005IKX	Music	5	5
US	R27Y2ZG4ML2MW8	B000000WJ2	Music	4	6
US	R1734J8POIL87J	B00000IIXH	Music	5	1
US	R2MAK2L184TF39	B00000DFSK	Music	3	0
US	R32AOKW2RZ25KT	B000002MG1	Music	5	1
US	REPWZ86KSOO32	B000002LK1	Music	5	0
US	R9N32IMOBYYS3	6304117752	Video	5	0
US	R1U8CENUBF3LFM	B000002J2D	Music	5	1
US	R2PHFH5WPROSTH	B000002G8H	Music	5	0
US	R1AHQ9MIQN9J1U	B000000OUJ	Music	5	0
US	R92V6LVXXP854	B000001FY9	Music	5	0
US	R2CEHTAAYGPLT9	B00000DGUG	Music	5	0
US	R1K5YAVE168444	B000002UC5	Music	4	4
US	RO6I2U07P3LE3	B000001ABD	Music	5	1
US	R174LVMANRZKI5	B000002UZU	Music	5	4
US	R2VV4IQ9978ELM	B000002HH2	Music	5	0
US	R563X8G2UOW4T	B000001FTJ	Music	5	3
US	R25KSC5X3I451Q	B000000OU6	Music	5	0
US	R20D2FVZ07MD35	B00000DLVA	Music	5	0
US	RWAYDYBO96R09	B000000P11	Music	5	32
US	R3GCFHNKEUIPMA	B000002TPS	Music	4	0
US	R122N19U5DSNC9	B000002V0Q	Music	5	0
US	RQ6T1YFNYU3CP	B000006OAM	Music	5	0
US	R3GLTTQM917SYS	B00000I952	Music	5	2
US	R56ONMRA9OW5G	B000002UVZ	Music	5	0
US	R2VX7CAUGD8DRN	B000000WFF	Music	5	0
US	RFI269YBDV70S	B00000163G	Music	5	0
US	R1MZ6M2M4DD3YN	B00000HZFH	Music	5	0
US	R3ERQXYP8T48A1	B000002KL3	Music	5	0
US	RV0EHBN7KZMNQ	B000002ADT	Music	5	1
US	R12F012488MQP1	B000002KM6	Music	5	1
US	R5QZWBWQFGKUR	B000002KKS	Music	4	0
US	R3RSTJN789H886	B000002JSN	Music	4	1
US	RQPRDJFHUY6PL	B000002KH3	Music	5	0
US	R2PT59RJQWF11	B000002HRE	Music	5	0
US	R1TK4D4JE6XOXV	B00000AFHM	Music	5	0
US	R1AY46BTE8ZDIO	B000007MVU	Music	3	4
US	R3LSH84LMD5ZWQ	B000002MUN	Music	5	3
US	R2KSMLK0JKA4ZP	B0000025OP	Music	5	1
US	R1O0GACM73OIG6	B000002UB3	Music	5	6
US	R3EH3HJB8FEWWO	B00000DGUG	Music	4	0
US	R3EOP896X70IL6	B00000HZTB	Music	5	1
US	R1JWB25TR5872E	B000009CEM	Music	1	0
US	R1BPOG00DTPSNM	B000001ZS3	Music	5	0
US	R23EFFROQBIGB1	B000002MTU	Music	5	1
US	R6OTUQDHOZ5ZU	B000001E8P	Music	5	0
US	R1YQNJPS1BOQTH	B000002LJA	Music	5	2
US	R2P1Y9TBS3V83W	B00000D9TQ	Music	4	0
US	R31P9K6F7Z1TTO	B000002JS6	Music	5	0
US	R2VLQALZWOALN8	B000002UAO	Music	5	0
US	R2KSRILC1GHP02	B000002KAT	Music	5	0
US	RQ9R0UNBCTKAD	B000002513	Music	5	2
US	R3V58R7XV9UQ1S	B000002KAT	Music	5	0
US	R30ZI0CL8WX9WO	B00000IFWE	Music	5	0
US	R1X53GFT2ULPVW	B000002HGD	Music	5	1
US	R2EZWANMM78D2S	B000005J56	Music	1	4
US	R2OOKMN4PJ5AHZ	B000002TLX	Music	5	0
US	R2XO83JLCB2JBB	B000002NAK	Music	5	0
US	R1HP9YJTDZ0JHE	B000005H4K	Music	5	3
US	R1R7KMZK17SYZL	B00000HYTW	Music	1	0
US	R290S3RJCG3HN9	B000002L9J	Music	5	1
US	R3FTZ0YDORBTZT	B00000IFWE	Music	5	0
US	RGFKZ4YJZ7ILB	B00000DHZJ	Music	4	1
US	R1APQGIZNAYXT5	B000002LIM	Music	5	4
US	R22930II16QAHW	B000002L5I	Music	5	0
US	RWZBBIF031EKR	B00000IFWE	Music	4	1
US	R124D2TVWGC2YQ	B00000IFWE	Music	5	0
US	R4BZNG5HR42OV	B000002UAU	Music	5	7
US	RRWYHE247X3JN	B000002UJQ	Music	5	0
US	R2XV5LI2ZYI4YX	B000002U82	Music	3	1
US	R3EDI4AKNX9BVB	B000001F26	Music	5	6
US	ROHEO5VXSQTMR	B00000IFWE	Music	3	0
US	R3AMYWBOD77RH9	B00000263T	Music	4	0
US	R172JHX7RF8T5D	B000001ABD	Music	5	0
US	R21U7S7R3ZQH73	B000009QPQ	Music	5	0
US	RZ6TAH5AFP63W	B00000F1D3	Music	5	0
US	RJL2IAK7JO4QW	B000009QPO	Music	4	6
US	R3U13U68OHN7QO	B000002IOY	Music	5	0
US	R3KIK1SH8T8KUN	B000009RC2	Music	5	5
US	R1TLXDM1AF649S	B000002R67	Music	5	2
US	R2THYKJJ9F9FPX	B000002UUX	Music	5	0
US	R61T5R77O5B8B	B00000BKDX	Music	5	0
US	RUXVC0BT6QHWI	B000002UAF	Music	5	0
US	R2QP9NXVH1RDL7	B00000BKDZ	Music	5	0
US	R2H47XENSUBB9Y	B00000163G	Music	5	0
US	R257KII799GU67	B000002O5L	Music	5	0
US	R2GSP8KP5G5NKH	B000002KHF	Music	5	0
US	R29FSE9LODRBRF	B000002L7J	Music	4	4
US	R3TGK96WTQGHQG	B00000IFWE	Music	1	3
US	RCN0YSBGR53IA	B000002MIF	Music	3	6
US	RZMJFFH055YA9	B0000031P7	Music	5	13
US	RVXSFXPO1CXLB	B000002OX7	Music	5	0
US	R2F533NYGFMXPA	B000006045	Music	5	0
US	RK8XIBYTFZTPP	B000002G9S	Music	5	1
US	R1269ROYQPVDXT	B000002MG1	Music	5	1
US	R2MDFMMFS8TTYF	B000002P86	Music	5	1
US	R3BJRYPPFSBVFU	B000000WFU	Music	5	0
US	R3MMN5EODD0QW5	B000002BUY	Music	5	0
US	R2TMVFPM9LFGYP	B00000I8UD	Music	4	0
US	R3V1VAPCGCMXMF	B000002568	Music	5	0
US	RQH1IX525M077	B000002BE9	Music	5	0
US	RND7G8G2IGMKC	B0000062GE	Music	5	0
US	R2ZL6MGK6OOLKQ	B00000F1D3	Music	4	0
US	R2GQXR2S76M6EW	B00000ADG2	Music	5	0
US	R28N2UQ3CIP6A3	B000002GCT	Music	5	1
US	R13SWWFE2LSEPM	B00000IBVC	Video DVD	4	36
US	R1HGFCMYL9YVBY	B000005S5N	Music	5	3
US	RNYI072FZBFUG	B00000I9MK	Music	5	2
US	R3Q7NRTRSS7U1Q	B00000DHRX	Music	5	1
US	R1UYG5T5D3TZ4U	B00000IFWE	Music	4	0
US	R7X8NMGF7F9SI	B0000025L8	Music	4	0
US	R3MZ8WAW9UL709	B000003TBP	Music	3	1
US	R2IJJ5MMBOC0HE	B000002WYT	Music	2	5
US	R2I3PZ8RIAJBSJ	B000002O5L	Music	4	0
US	R2CRGKN2YG8UDT	B000007T1M	Music	4	0
US	R25QY86PC0LJS	B0000011AP	Music	4	2
US	RVSPJY9GIOLKT	B00000IBVC	Video DVD	4	0
US	R1P4XJ4215NPWC	B000002KAT	Music	5	1
US	RZGOWQFQV0YX8	B0000009W9	Music	5	0
US	R5UTD6AD5QFTX	B000002NIW	Music	5	0
US	R2C8RFFFWU5G6Q	B000002UJQ	Music	5	1
US	R2BM2RWTQ53M8L	B0000029GA	Music	5	0
US	R1BOVIXQ0WCRGJ	B000002I25	Music	5	2
US	RQSTNG6OKXST2	B000005ALP	Music	5	1
US	R1L2F9TNNOYI2P	6305265488	Video	5	0
US	R1Q3E3J71R1YSL	B000002LFU	Music	5	0
US	R3EHIKYKS6KENG	B00000DLV1	Music	5	4
US	RP089HLEC7OQ9	B000002C1X	Music	3	1
US	R3H8OLDIRK3QGL	B000005RS9	Music	5	1
US	R357IM4BV84ZSH	B00000IL67	Music	5	4
US	R11I2DYV19ESVU	B0000060NA	Music	5	0
US	R1EFVRGG24VIU5	B0000024IE	Music	5	0
US	R1Y8473K59RATR	B000002UAX	Music	5	0
US	R2BU7AIRD6TIRI	B00000IIXH	Music	1	0
US	R2VSX5O2I74Z4X	B00000F1D3	Music	4	0
US	R19L9V0P1SMWDT	B000002J1I	Music	4	0
US	R1PK78191AT0Y2	B00000IFWE	Music	4	1
US	R2CL7T7LR8TZAT	B000002J23	Music	4	0
US	RTIRCL1PQY2W	B0000025OP	Music	5	0
US	R3U9IVA7HOABXG	B000000OXH	Music	4	0
US	R2M0PRWB77ID5Y	B000002ADT	Music	5	0
US	R2R3QPI15UT0D5	B000002NJS	Music	5	0
US	R117LK1D1HIFL1	B000002MFN	Music	5	0
US	R3UXPK1Z4MNNPS	B0000042H4	Music	3	11
US	R218LQW72R1CZV	B000007RV5	Music	5	0
US	R3NNC5KODNV1TW	B000002513	Music	5	3
US	R1HYAFIRRI0EZE	B00000BKDX	Music	5	0
US	R2KKTY8IFV3X0W	B000002UA0	Music	5	1
US	R3W55PO1GJB9P0	B000001ES4	Music	5	0
US	R2NDIK10939WWO	B000000WFU	Music	2	3
US	RVOIR2BG9MALC	B000002P48	Music	5	5
US	R1O3DT132J9G7T	B00000IFWE	Music	5	0
US	RIE083O2G2ZP3	B000002H72	Music	5	0
US	R3L5XPWN2OPMH0	B000009VOL	Music	5	2
US	R1LATBOB2Z57M8	B00000AOUD	Music	4	21
US	RGS4C6YE5X91Z	B000002OR4	Music	5	0
US	RZIPJ418X98YW	B00000I8NC	Music	5	0
US	R17UX1DIB9DOZ0	B000002UB6	Music	5	0
US	ROOJ3TQUSPQS0	B00000I8BX	Music	5	0
US	R1KPK0PM1R06D0	B000000W3G	Music	5	0
US	R2E8Z5VCU9VLBP	B000002IGP	Music	4	1
US	R20ZECI72OZV5R	B000000993	Music	5	1
US	R3C4A3JH8YZ1EM	B000003337	Music	5	3
US	RYJ90TIF291HA	B00000IGGA	Music	5	0
US	R35UTD6LO3AH6F	B00000255F	Music	5	1
US	R3O9UUFF85NRVR	B0000024YL	Music	5	2
US	R1QOJ3YT354NW1	B000000P11	Music	5	1
US	R2HPV40PDF8T1A	B00000AFGM	Music	5	0
US	R2TA9W9CN3Z5TA	B000002UCQ	Music	5	1
US	RRWQUGKHFP52M	B0000024RZ	Music	5	1
US	R18ICSUUUA6NMF	B000002KMV	Music	3	2
US	R3026IV0FL8TWO	B00000IFWE	Music	2	1
US	R30V4B8VQFEK3J	B000000WCA	Music	5	1
US	R2S8T08HVMNBHI	B00000DLVA	Music	5	0
US	R1BMN900QIQQ3F	B0000025L8	Music	4	0
US	R1JRYTGJX33YYM	B000002KNY	Music	5	0
US	R2UAM7QVR490D1	B000002UWL	Music	5	0
US	R2NBU7A6GSAG26	B00000IFWE	Music	5	0
US	R33J9YV3ZSFS4S	B000000XB9	Music	5	0
US	R34ESCJCYKW1H0	B000002AGN	Music	5	0
US	R1M6UOFL68NDRO	B000002UJQ	Music	5	11
US	R1AYYYTY9HGCTO	B000002AS3	Music	5	0
US	R36W8POY7RNJO4	B000002C1W	Music	3	0
US	R1ASEL266SDTA5	B000002UR7	Music	4	0
US	R1B09GBIKTIJED	B00000DGUG	Music	5	0
US	R3EUMS7Y4TUAJV	B000000OAA	Music	5	2
US	R3JTWFU89G21CJ	B000002KJL	Music	5	0
US	RL2WAEMHYCKIL	B000002NAK	Music	5	0
US	R3IQH0YQQJC9PK	B000002VTE	Music	3	0
US	R17W6QNLNASEOU	B000009CEM	Music	5	0
US	R2BV9X4QFHEHVM	B00000BKI4	Music	3	0
US	R1YZGWKAJAT3VX	B000002TP7	Music	5	0
US	R2348MSD0TO87Y	B00000IL67	Music	5	0
US	RXOZ54CJR726O	B00000I8UD	Music	2	1
US	R1EZ4QPLANHHVS	B00000ADG2	Music	5	0
US	R3NA9F3WYPHE6O	B0000021RB	Music	5	2
US	R2JVOQZ0O6KSHS	B000001FT0	Music	5	9
US	RJ558ZGAI8CMC	B000000W3G	Music	5	0
US	R3ZWCKS8QHTNO	B000002KDM	Music	5	1
US	RZT9HQ347MFKX	B000006OBQ	Music	5	1
US	R3JA6J0PHRP3HD	B000000OSE	Music	4	0
US	R2TKGS5GDFNN1X	B000000OSG	Music	5	1
US	R3FZIAM3JVETOS	B000001ELB	Music	5	2
US	R2NVTTY640U4ON	B000001GPX	Music	5	16
US	R10U6OYUOKA6V2	B000008JUM	Music	5	0
US	R1VZXDPRZX1K9A	B000002HO3	Music	5	0
US	R3AS9N5QROPXWO	B000005S27	Music	5	2
US	R3AQE272UBGP	B000002L5I	Music	2	0
US	R25T8O87W4Q20F	B000002UB3	Music	5	6
US	R1BS1LE32JMT99	B000002UAU	Music	4	1
US	R1FZR4A3OXDJQD	B000002L7R	Music	2	0
US	RPEK34I73A6IJ	B000001A3H	Music	5	1
US	R2R2DMBRRLE4L1	B00000IFWE	Music	2	1
US	R307XQTSS9HUKP	B0000029GA	Music	5	0
US	R3SCU6BJDDO04P	B000002JST	Music	5	0
US	R1G5NALS39XJBX	B00000IIXH	Music	5	2
US	R2M14N6V0JX0VB	B000002UB3	Music	5	5
US	RYKBH94D14Z15	B000002UAX	Music	4	0
US	R2KM6EVIT2TIUF	B00000F1D3	Music	5	0
US	R3OP7EV56YD9OO	B0000041Z6	Music	3	2
US	RGL55JKAS260F	B000002UJQ	Music	5	0
US	R92MIHRQ7C4KG	B000002KGT	Music	5	0
US	R36SW5NTVRX3OV	B00000DHTF	Music	3	1
US	R36WEBRHOR1RLU	B00000F1D3	Music	5	0
US	R2LDDHDZDPAF1H	B000002C1W	Music	1	1
US	R77F52DPHS8DP	B000002KFJ	Music	5	1
US	R1VYBOVRSNF69P	B0000033OZ	Music	5	2
US	R3DJLLM9MQABXA	B0000033PB	Music	2	3
US	R1SA2CB40H0U2X	B00000IFWE	Music	2	1
US	R2TUPHF9UKS3L9	B000002B7W	Music	5	2
US	R3O8FW1XSYRJRL	B00000FCBC	Music	1	2
US	R3UQXQMV1R4VAY	B000002BPS	Music	5	0
US	R9SZWACR26Y88	B0000024K1	Music	5	4
US	R241JQMYPQHKWC	B000002J0B	Music	5	3
US	R381KCUG616GJJ	B000007MVM	Music	2	9
US	R31YR9F6J9KC94	B000002GQG	Music	2	7
US	R2LQVXJSFO2QMX	B00000AOSL	Music	5	5
US	R25RVKWWF4M3RX	B0000047EC	Music	5	3
US	RKZYY7RJ09OG0	B000001E18	Music	5	0
US	R3138NKT67FGS	B000002NBY	Music	5	1
US	R3DT3BD180YDVI	B000000WF0	Music	5	1
US	R1VP9J6YNBZBUM	B000002C4C	Music	2	1
US	RNYG04BHG2T1W	B00000IPAX	Music	5	0
US	R2Z3SUMGXZX43R	B000005ITX	Music	5	0
US	R186ZF33P76PN5	B000002UJQ	Music	5	0
US	R1GMRU8VJRLYLA	B00000IIXH	Music	4	0
US	RDADAJPWK53SU	B000000WZ4	Music	5	1
US	R1JQXPP13PWEW6	B00000DHRX	Music	5	0
US	RJH2M1DD3P8S9	B00000IL1K	Music	5	0
US	RT6PFR32DFSTV	B000006ZPY	Music	1	1
US	R26QPZM2LJHGZE	B000002L71	Music	5	1
US	RXBUCKU18S0KA	B000002KNY	Music	5	3
US	RW3WDKCSFVHQN	B000002J09	Music	5	0
US	R2F3I9J7JX3EMV	B000002L7Y	Music	4	0
US	R2P79A0B3YK98H	B00000IFWE	Music	2	0
US	R348B2775YFG6W	B000003S5H	Music	5	0
US	R3UT5WVX8764Y8	B00000F1D3	Music	3	0
US	RGZ37DUITFYA6	B000001E8P	Music	5	0
US	R2CFIJMI97PL7W	B000002U82	Music	2	2
US	R1CT5OXUJXBEGG	B00000I8BX	Music	5	0
US	R1V7T2CUFLU3X2	B000002C1Z	Music	5	6
US	R10DQZZP1TYSV4	B000002BVN	Music	5	1
US	R13KNP93MT01J4	B000003S09	Music	5	1
US	R3VP22FBQUI03H	B000000OXH	Music	5	4
US	R9V4IDZQH62EO	B000002L7J	Music	4	6
US	R1EGDGZKZ3K83J	B000002MUQ	Music	5	1
US	R1U0UZU19H1W7P	B000002JEV	Music	5	1
US	R2H4QO7SLPWH0F	B000006OAM	Music	5	0
US	R3U832NCGF27P9	B000000OU6	Music	5	0
US	R1QUKUWF5PM87A	B00000I8UD	Music	4	0
US	RDRMDF8F1PT6O	B00000F1D3	Music	5	0
US	RMF7LSW81J0SL	B000006YYW	Music	4	1
US	RHXOEKI3F97FB	B00000I8UD	Music	4	0
US	R1I2WTVQ3NF9PL	B00000DFTH	Music	4	0
US	R1M5QO37GPT22F	B000002KIK	Music	3	0
US	R3KHERIR74HILB	B000001EYW	Music	5	1
US	R234NGMZA969YI	B00000FCBC	Music	3	0
US	R1ZNJCN8BVH72C	B00000DCWQ	Music	5	1
US	R1DMQGOFS8ED01	B00000IBVC	Video DVD	5	1
US	R134VC6GTW4DPE	B000003TAW	Music	5	0
US	R2FNZ9LGJ1GC78	B00000IIXH	Music	5	1
US	RZ7SYWERDEUNB	B0000025T6	Music	5	0
US	R1P1J0M6351RUF	B00000BKDY	Music	1	2
US	R13I1NHOWDIPP	B000002B30	Music	3	4
US	R3Z4XWS0WJ13G	B000002KHH	Music	5	0
US	R5IZM4RTPRTS8	B000002KET	Music	5	1
US	RSWJZYQ6UI7WY	B00000IOSU	Music	5	0
US	R1TJQX6SG6424W	B000000OA6	Music	5	0
US	RAW4PPX1DV18R	B000002LOM	Music	3	0
US	R2APKD3XBBNCP7	B000002GXS	Music	5	3
US	R1TV2B35MN6WYK	B000002BMD	Music	5	1
US	R3JRIQOMM3SA31	B000002GVO	Music	5	0
US	R1TWGQVJC66JGX	B00000IFWE	Music	5	21
US	R1NX8P0VUXDXYX	B000002HIK	Music	5	2
US	RK3V6TZPZ7ARE	B000002MTU	Music	4	0
US	R341U1XHY5N87I	B000002UJQ	Music	5	0
US	R17L26FDCM5I8U	B000002KM6	Music	5	1
US	R3EM5X4EYB86VM	630417893X	Video	5	2
US	R1FVWX4DY34C9K	B000002INR	Music	5	0
US	R2SE4SR9OMOXP5	B000002IST	Music	1	3
US	R3FCOQPLK4QRS7	B000003TA4	Music	5	0
US	RRXYEF6B85TZ6	B0000026T4	Music	5	0
US	R385W21IZ95E3C	B000000ISW	Music	5	1
US	R34IVB3U6AW969	B000002UZ4	Music	5	1
US	RLR57K48FNU9R	B000003N7K	Music	5	1
US	RMJXWHA8LMWOG	B00000I8UD	Music	5	1
US	R2LVLUDHH064HQ	B00000IL1K	Music	5	0
US	R1XOJJQ8UZ331U	B000009ED0	Music	5	1
US	R11S4IAXWIVRUE	B000002TP7	Music	5	0
US	R2GU5P8GSL5177	B000002C1X	Music	5	0
US	R2041CT07B2GZO	B000002L9Y	Music	5	0
US	R2556WT6XRZCZ3	B00000I78Y	Music	5	1
US	R32DYZI4XC2E8D	B000002A3T	Music	5	0
US	RY8B5CECBYDXW	B00000F1D3	Music	5	0
US	R286CNRXNGL7HE	B000002BNB	Music	5	0
US	R1ZE18NCICLA5K	B00000BKDV	Music	5	1
US	R3JSVIEEN07MH0	B000001FKY	Music	5	0
US	R1G328Q7EUEAUX	B000007T1M	Music	5	0
US	R1QO5X5G8BC1L4	B000002KKS	Music	5	7
US	R182RD97XWKG6Q	B000003TAW	Music	5	0
US	RLZMJ1SXEH1MS	B000000H5J	Music	5	0
US	RAFKEIAS60VG4	B000002U9W	Music	5	2
US	RW4LINS24X11E	B00000IL67	Music	5	0
US	R1GYYD6ZBLWEKR	B000002I25	Music	5	0
US	R3UO6CC279XXD6	B00000269M	Music	5	0
US	R3DYTN8NT2MRZ1	B000002C1X	Music	5	0
US	R2YMLKQP4X3FOG	B000002572	Music	4	1
US	R1LB3XIV2G4EOC	B000002BYD	Music	5	0
US	R1G378JPOUK49N	B000002AZ8	Music	5	0
US	R2QU26SDMOHTEX	B00000IFWE	Music	5	0
US	R3BLFF12AY2OGW	B00000F1D3	Music	4	0
US	R19HW61PJ8V5AN	B0000004F9	Music	5	2
US	R1TPY0U5330AO8	B00000IFWE	Music	3	0
US	R38QZI57HTDEFB	B000001IMX	Music	5	0
US	R2PBA3ZHM06FLM	B000002H2H	Music	5	0
US	R1Y5FREACYWNQQ	B000002NFM	Music	5	0
US	R2EB97X58ECAFF	B0000025HU	Music	5	0
US	R3AXYK843STQ82	B00000F1D3	Music	3	0
US	R1L51K3S2YSXQA	B000002W3R	Music	5	2
US	R1OI72IQF44TWD	B000001FKF	Music	5	0
US	R13IIB5IVN1JG9	B000002UVX	Music	5	0
US	RXAMYQBQN5DZS	B000001DYD	Music	2	3
US	RI27AGEWSZW0	B00000IIXH	Music	3	0
US	RIM39GMEQMQ5M	B000002HRE	Music	5	0
US	R2MG8THC17LP24	B000005JJA	Music	5	6
US	R21KYI2KST5J1W	B000000WF9	Music	5	1
US	R3HO3RMUIMACPR	B000002BE9	Music	4	0
US	R1775WDTRFVBZW	B0000057C5	Music	4	0
US	R92XX4QWG6BI1	B00000IPAX	Music	5	0
US	R2CMRIBDLUFJFK	B000002C2E	Music	5	0
US	R379J1LKHNBEM5	B00000AFWW	Music	1	5
US	R3FCHX0AI5ZCMW	B00000IL67	Music	3	1
US	R93RZG7V7RS71	B000002ULO	Music	5	0
US	R3KJLF8AQSR6A9	B00000BKDZ	Music	2	0
US	R2FZNWDSI5OTMW	B00000DF6O	Music	5	0
US	R2AMFKE64KBUCQ	B00000IFWE	Music	4	0
US	R3JV83I9JXGF74	B000009ED0	Music	5	1
US	RIGDM7YMT13Z3	B000002UVZ	Music	5	1
US	R5Q65I1WX404N	B000000H4A	Music	5	1
US	R1VAY09A0F7U15	B00000IGGA	Music	5	0
US	R30DB2FYTBWVNC	B000001ZS3	Music	4	1
US	R1KL1CMW8UREL1	B00000I924	Music	3	2
US	R2GEW99WAZ8KMN	B000002UB6	Music	3	4
US	R1DI4P2YRNKY8C	B000000W71	Music	5	1
US	R3M69Y6IVNLKK9	B000002C4J	Music	1	6
US	R3ST28AJWEHXHY	B000002C4J	Music	1	4
US	R2JDLRAV70AKS0	B000002NJS	Music	4	0
US	R3QKWEHD9MGFI3	B00000IL67	Music	5	0
US	R2K6RSL9J4C6NK	B0000025RI	Music	5	0
US	R2CW4BT7NLW128	B00000IIXH	Music	5	2
US	R3D92S0IP1VVOC	B000002U82	Music	3	0
US	R1SPLQR67MVKS0	B00000I5Y6	Music	4	3
US	R15T3KJ0C0LJ6C	B000000993	Music	5	1
US	R213HEGHBUML7S	B000003TA4	Music	5	0
US	R317WVC4QDMRC3	B000001TVD	Music	5	0
US	RMQNCZHPEP43T	B00000IIXH	Music	1	1
US	R1XV8J0ONEME15	B00000AFDW	Music	5	1
US	R1QTZYQ7H3SYU	B000001GBJ	Music	5	1
US	R3AH2AQ0LAQBPD	B0000027RL	Music	1	9
US	RF2K3H80UQ3M2	B000002VCW	Music	5	1
US	R1OQ7A9WK3WCKU	B00000AQNY	Music	5	2
US	R15N0I0892TF0S	B000001DTM	Music	5	0
US	R19VCYMMY2B585	B00000IL1K	Music	5	0
US	R2UCPRQQ1XQ4FK	B00000IPAX	Music	1	0
US	R367791KWBOD5U	B000002H97	Music	3	0
US	R192WZ0OXWHDYV	B000002Q7Y	Music	4	1
US	R3M5OVIX1JC3FA	B000000LZV	Music	5	2
US	RUKYAV6VFF2S1	B00000DHRZ	Music	5	0
US	R25OY0FFD7GC45	B00000DFRS	Music	2	0
US	R1M8CVN0H00BVS	B00000IL67	Music	4	0
US	RJO3MP89O9JD8	B000002GVO	Music	5	1
US	R1P1FD2HKH447I	B000009ED0	Music	5	1
US	RJ6Q71ZRDM5SA	B000002G23	Music	5	0
US	R39TUIVJT7Z7AI	B000002PBL	Music	5	1
US	R3JZA8KNYDBBXU	B000000OAA	Music	4	2
US	RSUN23TKEYITL	B000002UB3	Music	4	0
US	R1IL63F275QITJ	B000002GIE	Music	5	0
US	R1ZBW1M5V01ADY	B000007S5B	Music	5	0
US	RHMYSMBPC0SPN	B000002NJS	Music	5	0
US	R3M4Q7FQK1GJ6Q	B000002I2M	Music	5	0
US	R1XFO248NBRGQF	B00000IIXH	Music	5	1
US	R1PWBRQSK9ZUMZ	B00000APLB	Music	5	4
US	R268QOJF2F1M7B	B00000IL1K	Music	5	0
US	R1PENU48KIHNR1	B000002H97	Music	4	0
US	R2UH4D5P0OWDZ0	B000000H5J	Music	5	0
US	R2GWGU19Q2RASD	B000006OAM	Music	1	0
US	R1SGEDC9QPAOZJ	B000000H5J	Music	5	0
US	R2SI5STO0GKZV3	B00000DHRZ	Music	5	0
US	R2W6NBROEXJEI2	B000002MG1	Music	5	1
US	R1QFH0JU81HRZP	B000001EPB	Music	5	0
US	R37M8F9BEZYMLC	B0000028UK	Music	5	0
US	RJFM7K0NNE8L8	B000002H72	Music	5	0
US	RV4NQGA4CS0HL	B000000OYN	Music	2	2
US	R2DLEC31X2UKE1	B000002UE1	Music	5	11
US	R1OY0ZIHY2AH6T	B000000WJZ	Music	5	0
US	R1NMNW66BXB8GX	B0000026DJ	Music	5	0
US	R1SUVEDBKJUF3N	B00000634L	Music	5	0
US	R3TLDGNKD84YON	B000002IWH	Music	5	0
US	RJ5XTB2PDQ06W	B000009ED0	Music	1	1
US	R2R1SVMCORTKHC	B00000F1D3	Music	5	0
US	RXDUJOVWXZYM7	B000006EB8	Music	5	24
US	R1QA5XCF6Q2B8I	B000003CMB	Music	5	2
US	R35F4TJCXMRNGP	B000002C25	Music	5	1
US	R32UTPDXM2P083	B00000DHRZ	Music	1	0
US	R2ED0DFANDK878	B000000HZT	Music	5	1
US	RWQ5YKCOZ50SS	B000005J56	Music	5	0
US	R2UVRI79TNHXEC	B00000DGUG	Music	5	0
US	R15SAQV2I4GJHN	B00000FYIL	Music	5	0
US	R1FMKU8USAK1GS	B0000024JN	Music	5	0
US	R2ZS2FMJTVXKRO	B000002MP2	Music	4	0
US	RTUZPOPWSAIK	B00000IIXH	Music	3	0
US	R35GVR9OL1KS6I	B000001FY9	Music	5	0
US	RKK8JIT1M34MP	B000003TA4	Music	5	0
US	R2LOSJS5MNJC8J	B00000263T	Music	5	0
US	R2ER1NW1U4DWSC	B000001GBJ	Music	5	0
US	R3MFW623PFKMWN	B00000DBXL	Music	5	0
US	R124WVUQRR7O3Z	B000002J1O	Music	5	1
US	R34AFZR9WBAA7X	B000002J1M	Music	5	0
US	RGN046COAHA4P	B000002MFE	Music	5	0
US	RP74WXRY7ECRL	B00000AQNY	Music	2	2
US	R3EZETRXGS25ZJ	B000002JEV	Music	5	0
US	R2RL3H9DNX4FE9	B00000DHRX	Music	5	0
US	R2OIYLGNA40ALF	B000003TA4	Music	5	0
US	R23ALCA87J0RB	B00000DHRZ	Music	5	0
US	RHA0F9Z7XWCU4	B000002KN8	Music	2	1
US	RZ9GOM5E5Y5DN	B000005JXG	Music	5	1
US	R3K0R5A2PATO6Z	B000002UJQ	Music	5	1
US	R2WYATSBKGBTWQ	B000002VCO	Music	5	6
US	RBRTVL9PVJSRE	B00000DHRZ	Music	5	0
US	RZ2EHPW4ICR0O	B000002UZ1	Music	5	0
US	R2HB4OFIUGJ6DA	B000002H70	Music	5	0
US	R1A5U44FWCHNVM	B000002LGW	Music	5	0
US	R10H8940SO3MBO	B000002TYX	Music	5	0
US	R1KV7TSKJ629NZ	B000001GRZ	Music	5	178
US	R2QTBVULAYMDWK	B000000WJZ	Music	4	0
US	R3N895NV3HLIUG	B00000DBXL	Music	4	0
US	R3RLUOGEKY304Q	B000002J1B	Music	4	0
US	RDIH8IK36XHX4	B0000029DD	Music	5	0
US	ROYOIHJ568RNE	B000002KHF	Music	5	0
US	R2DTGYBT34871H	B000001GK9	Music	5	10
US	R3HLFU3IM9Y8EX	B00000F1D3	Music	5	0
US	R2S01CIBY9C4WA	B00000I8UD	Music	4	1
US	R1Y4SJKOK9N5NE	B0000029LG	Music	5	0
US	R1TU07HY4DJ80S	B00000I8UE	Music	5	0
US	R2S6W49V0UB300	B0000025D0	Music	4	0
US	R1YM719INHF1O1	6303832563	Video	5	1
US	RMT5S5FP0R6IE	B00000IFWE	Music	3	0
US	REU8LOYISVZ4O	B000002A3T	Music	5	0
US	RX2HXSVGY20MK	B000006ZPY	Music	4	2
US	R65C313J57NTK	B00000IPAX	Music	5	0
US	RBKSQTGK2IJAA	B000002L71	Music	2	0
US	R2VX4F29QSJQ0U	B00000F1D3	Music	4	0
US	R1SB8GUEEF4T0F	B00000DHR0	Music	5	0
US	R2PFC9A8CPQ7M2	B000002UJQ	Music	5	0
US	R3BGU0XC41L2M	B00000ADG2	Music	1	1
US	R2CCHCTXDVDGPT	B000002KCC	Music	5	3
US	R1WUD01E8W1TQM	B000002BYD	Music	3	0
US	R2DQH7ID8LIOZ7	B000002UDV	Music	5	0
US	R1QE1GT4MH1V2C	B00000DHTF	Music	5	0
US	R24S3N9LPYPMTS	B00000IPAX	Music	5	0
US	RQMYHYSBELF1D	B000002UB3	Music	5	5
US	R194V2ZHIXYGUY	B000002UAX	Music	5	0
US	R1N5FN64VESPHF	B000002LK1	Music	5	2
US	R4J1O0O7W5IET	B00000IFWE	Music	5	0
US	R3PN2IQBCBX9XC	B00000DFRS	Music	2	0
US	R30PXOZ4L3JUR4	B00000AFHM	Music	5	0
US	R21WBU0J0MASIY	B00000IFWE	Music	2	2
US	RL5CI1ANBQ2DC	B000001A9P	Music	4	2
US	RUJT0C1775NZ7	B000002KFJ	Music	5	0
US	R3HTXOFH9183WX	B000002B7O	Music	5	0
US	R2TFIUZF23D4YY	B00000DFTG	Music	5	1
US	R114456VB6U102	B000002NJS	Music	5	0
US	RZA0BOSPUWMJN	B00000IFWE	Music	5	0
US	R20Q0Z32RY0C63	B00000D9TQ	Music	5	1
US	R39YXTZ66GYLT8	B000006OBQ	Music	5	0
US	R3E64BBONYMQY3	B000001GBJ	Music	5	0
US	R21DFGH8PU3MMD	B00000IGGA	Music	5	0
US	R268QQ12DKO1QZ	B000001ES4	Music	5	0
US	R2MR8Z5CTQYV7S	B000002NZO	Music	5	1
US	R1B5DXEDE9QAHX	B0000024JN	Music	5	0
US	R3CF2Z3S7WV2BT	B000000QFV	Music	2	0
US	RDZ8CRLIH0PBO	B000002UJQ	Music	5	0
US	R3F79562Y2DXHJ	B000009ED0	Music	5	1
US	R3RBSUZNKO5VBM	B000002LEM	Music	3	1
US	R1AHAZU4UDAAJU	B000002UAU	Music	3	0
US	R1WEWBCMG83NUK	B0000062S0	Music	4	0
US	R1OXJJX72WIE11	B000002UTY	Music	5	0
US	R3HS8MY3TRZK9N	B00000IL1K	Music	5	0
US	R6VSNAT1KDB6N	B000002LN9	Music	5	0
US	R12V91797TDSM5	B000002BYD	Music	5	0
US	RDNMPB6K48ZD5	B0000060LT	Music	4	9
US	R3F8MJE4R2SE24	B00000F1D3	Music	1	0
US	R2XF93N3OTKZBY	B00000IL1K	Music	1	4
US	R513N1Z273VXL	B000007T1M	Music	5	0
US	R3RM4ZB9AQJNNJ	B000002URV	Music	5	1
US	R1PPKZEUNY35RW	B000002U6E	Music	5	0
US	RTCKK7BRDLC60	B00000IGGA	Music	5	1
US	R2UC1FUH0P0U9P	B000002BNB	Music	5	0
US	R17BJ8AM35GTLP	B000002WPI	Music	5	0
US	R2DFZOEV41CVL8	B000002JEV	Music	5	0
US	R1KPSWDYIK2DTQ	B000002H33	Music	5	1
US	R2E0VW5SZZA7JE	B00000I41J	Music	5	5
US	R1CRAJ3H02FN7L	B00000IL1K	Music	5	0
US	R5HJQ9M7RA70K	B000002BSG	Music	5	0
US	R1HDP3JSJWZGKK	B000006OBQ	Music	5	0
US	R9CUX2BGEXP7G	B000000HU0	Music	4	1
US	RJC0KSZ6JY9YZ	B000003C5C	Music	5	1
US	RXPI1IH67WFWJ	B00000DBXL	Music	5	0
US	R18GQ35CNRQEC	B000000993	Music	5	2
US	R19ZZ8HQPHZDYZ	B000002HHB	Music	4	0
US	RQNDZ58F6QVZL	B000001EMW	Music	4	1
US	R2DGSQM9FMXH1F	B00000IPAX	Music	5	1
US	R3HCTS5RVBXJ4	B000002LQQ	Music	5	1
US	R3HOYMVF1BWZWO	B000002GJH	Music	5	0
US	R2NI268K9VZCTS	B000000OQF	Music	5	0
US	R24G2N53YHXLWX	B000002TPS	Music	5	0
US	R2C6AZOFVD39YD	B000000OSW	Music	4	0
US	R1SNCFSTYX48XK	B000005RUX	Music	5	0
US	R2C6JCQTTGLB3D	B000001ZS8	Music	5	1
US	RRAHH21RYTQBX	B000002IHU	Music	5	0
US	R6QKZ3APYFZ34	B00000DFRS	Music	5	1
US	RYN4RPVO4Q686	B000000WCX	Music	5	0
US	R1W6WFEK7W252G	B000002UB3	Music	5	8
US	R3JJN2OGNENPGK	B000002BE9	Music	2	1
US	R2AW822FL3TIX2	B000002LFU	Music	3	1
US	R274J9IJO370O0	B000001EPB	Music	3	1
US	R2Z7V0VDWSOKHR	B00000IL1K	Music	5	0
US	R13VSP5VUSUSO	B000001G5H	Music	5	2
US	R2MSXUDA2II4WB	B000004756	Music	3	8
US	R3TJ6YUZULPWZ4	B00000IL1K	Music	5	0
US	RLMK0YBTI72RL	B000002KHH	Music	5	0
US	R2MZTCV5TKS11F	B00000DFTG	Music	5	0
US	RUWW0YT29AP81	B00000634L	Music	5	0
US	R1N1550QMCZEGA	B00000DHRZ	Music	5	0
US	R3MSP4MZ9JRM5P	B000002AD0	Music	4	1
US	RV1H9CTLJEH65	B000002KJM	Music	5	0
US	R6HIK8BFO5T54	B00000IGGA	Music	5	1
US	R1UW7ZQQ5ER5LM	B00000IGGA	Music	5	0
US	R964TDGXHXSWM	B00000DBXL	Music	4	0
US	R3SAFQ6A6OJIFQ	B0000035E7	Music	2	0
US	R12C2NXGDTRC32	B000002L9Y	Music	5	1
US	R1PZLUZFK1I6MK	B00000DHRZ	Music	1	0
US	R42O7J2M9VHNM	B0000028RR	Music	5	0
US	R678J7Y4EPFS7	B0000035GN	Music	5	2
US	R14QT59OXVGACO	B000007U6W	Music	5	6
US	R1XCK8SXO0GIGK	B000006U44	Music	5	2
US	R2RN4T8GRMM7ZF	B00000119Z	Music	5	3
US	R250ATRQXHPG08	B00000DHRZ	Music	5	0
US	R1Z5YEXOYCUGEF	B000006OBQ	Music	4	2
US	R10EP0Y66IQGF9	B000002OX7	Music	5	0
US	RZ2KJB88DQMHT	B000003N7K	Music	5	2
US	R2NLU9LIIXCU3M	B000002568	Music	5	0
US	R21W3XB4YBCKKE	B000001IMX	Music	5	1
US	R24C0GUWAYFMZP	B000002IGP	Music	5	3
US	R3BVRBL8TU6KS1	B000003TAR	Music	5	0
US	R26ZJEL13UY69E	B000002OX7	Music	5	0
US	R2LK4Z4J7FSKLE	B000001FN3	Music	5	1
US	R1AMF57NWN5UY5	B00000I924	Music	5	1
US	R3E6309XE3XW4E	B000005IZ8	Music	5	0
US	R3UOR9R6XUL379	B000007S5B	Music	5	0
US	R1QSHYP0MTT27R	B00000DI2T	Music	5	29
US	R2JHIJ5MRI0GV2	B000002J1M	Music	5	5
US	R2CMDC372DK2R0	B00000B93L	Music	4	2
US	R1S574LXQJR3FH	B00000AFWW	Music	4	0
US	R1SWS045BRP8LS	B00000F1D3	Music	5	0
US	RUWQWGGCW3PP	B000009EAD	Music	5	0
US	R1HG77PZ60INMJ	B000002P2W	Music	5	3
US	R25JXWEXJOR21K	B000002KH3	Music	5	3
US	RY7GHFVIZR7P9	B00000IGGA	Music	5	1
US	R3A0Q7H24P4CX1	B00000DR8R	Music	5	2
US	R3S7WF4DZANE0P	B000002LEU	Music	4	1
US	RS0OWY7C2UM3I	B000001Y5J	Music	4	1
US	RSTNZXZDCW9T5	B000001FDE	Music	4	0
US	RURD12HQ137GD	B000002H3E	Music	5	1
US	RDEY7UNRC4TZC	B000002KHB	Music	5	0
US	R28B2B0FP77IFF	B00000DD1S	Music	5	7
US	R2UTWR5V0YKP6T	B000002H33	Music	5	1
US	RFBP2KDI34DCY	B0000067L2	Music	5	5
US	R1UYO20FTMW2T	B00000ADG2	Music	5	0
US	R1R2HBZY2O21YH	B0000067L3	Music	5	85
US	RJQ9LWMCZR66X	B0000067L4	Music	3	6
US	R2Q311M390HCVG	B000002U82	Music	5	0
US	R8USQK7L2QUKO	B000002AP1	Music	5	3
US	R1798X3OF9TPS0	B000002KIE	Music	5	3
US	R2TIG3E21GFGUE	B000002H97	Music	5	0
US	R21KO8I1EUQUOO	B00000DHRZ	Music	5	0
US	R2S5B43P1IYJW6	B00000AFGM	Music	5	0
US	R3BO9MPFXDG1N3	B0000020C4	Music	5	0
US	R2KHIWD5DTVDXI	B000002BE9	Music	5	0
US	RV4P5JAUACMDO	B000002UA2	Music	5	0
US	R3FI1FEHAZELPJ	B000001E29	Music	5	4
US	R3GOS3H4E9A2NJ	B000002C1W	Music	5	0
US	R3T56SHZCXVJXW	B00000IGGA	Music	5	1
US	R1F5CFGNF1OWSC	B000001EMW	Music	5	0
US	R1E0402N83P1T4	B00000D9TQ	Music	5	1
US	R1H0A6PNF9Z99F	B000007R0S	Music	3	14
US	R3RSBONJT4I4HI	B000002O5L	Music	5	1
US	R2KDP1YNCRI86M	B00000DHRZ	Music	2	0
US	R1PVZSMCAU5SNN	B00000253N	Music	5	0
US	R10JUP55KCF71	B000002B7Y	Music	2	0
US	RM2QS1OZBTJZG	B00000IGGA	Music	3	1
US	R292KPTM31BLW6	B00000IGGA	Music	5	0
US	R3DO4CL8WV3HCV	B000002G7G	Music	5	86
US	R2E2UNW1HHCA47	B000009QPO	Music	3	0
US	R3KZOYMYRKEZ34	B00000BKDW	Music	5	3
US	R24767SR3LAMDX	B000002U82	Music	5	0
US	R2XFGFLO37DMZF	B00000251N	Music	5	2
US	R5BNTQANF2RBB	B00000IGGA	Music	5	0
US	R3JFCDRE4BKZ27	B000002ITM	Music	5	0
US	R34KB1IJEZXEGZ	B00000IIXH	Music	3	2
US	R1J5LM3KMS9Y8P	B0000039PW	Music	5	1
US	R35E6WCSKI1O8R	B000000ORX	Music	4	47
US	R3U7G9ROJEIF8U	B000002KBU	Music	5	11
US	R2K4DA6WSRVIX4	B000003CMB	Music	5	1
US	R1Y03FZE4Y1MA1	B00000I924	Music	5	0
US	R2GHLO8S45RINX	B00000HYXB	Music	5	0
US	RJXGFHFB7023E	B00000AFWZ	Music	5	1
US	R1IJ9KM6NE7O0Y	B000000W8C	Music	5	0
US	R1227FY8JAKETJ	B000001FS6	Music	5	0
US	R2BGT40COKJYUC	B000001DTM	Music	5	1
US	R2AHKZ3UGSB00O	B000007UEY	Music	5	2
US	ROHPPO41DC9TE	B00000DGUG	Music	5	0
US	RYA1O8JRR2TJ4	B000002MP2	Music	5	0
US	R1F2LTD29HWFZG	B00000DMJF	Music	5	0
US	R3P2XH3PYH69JV	B000009RC2	Music	5	4
US	R28B54Y0K0WJ4I	B000001Y42	Music	5	0
US	R53HJP3WGPC9I	B000003TBP	Music	5	0
US	R37N7N9JEO0RPA	B0000025YM	Music	5	0
US	R201M9ZN7I394U	B000001F27	Music	4	1
US	R3ONYS3QF8M6C1	B000002BUY	Music	5	0
US	R1MEYXWTVYZM9R	B00000GAMD	Music	5	4
US	R1NOT72701Y0CD	B00000DBXO	Music	4	1
US	R3RL0GL05IX7EC	B000003CKH	Music	4	0
US	R2JVFYOMIPVQ7V	B00000DBXL	Music	4	0
US	RURD2LQW8OI3A	B000001BX0	Music	5	0
US	R2Q51L6C9930X6	B000002UAI	Music	4	1
US	R2ZLE3S7T1U9WB	B000009QPG	Music	5	0
US	R102OLC2BDP2AB	B0000025ZK	Music	4	1
US	R15UP4C1RIK8AI	B00000IGGA	Music	5	1
US	R31WYTIESIMYAS	B000002UVX	Music	5	0
US	RKXNQV3F4MYUW	B000001Y79	Music	5	1
US	R2KI8J9K1Y8LYC	B00000IGGA	Music	5	1
US	RTI46NVQ0LRJ1	B000002NHN	Music	5	0
US	R3A5M7PRE6NSG	B000006YGY	Music	5	5
US	R35WLYGEZBM1N0	B00000IFWE	Music	3	0
US	R1INUX47EG10WS	B000002U82	Music	4	0
US	RIFA5AY70L7V4	B000000OUE	Music	5	0
US	R3MNNNQIE5EQFT	B000002J09	Music	5	0
US	R1QE789LF55WES	B000007XUQ	Music	5	2
US	R27LM9S2PXXAI0	0790729350	Video DVD	4	1
US	R2FY8TEQQ3KDA4	B000001Y42	Music	5	0
US	R1JYYMLKNAGYMR	B000000SDN	Music	1	0
US	R2X118Y1ZM7TEJ	B00000IGGA	Music	5	0
US	R3SNXNZGIAHQB8	B000002N2P	Music	5	0
US	R3MYNTMDCZGW8O	B000001E7L	Music	5	0
US	R1DCC6ZQE8MJBI	B00000IGGA	Music	5	0
US	R1ODR9ASX2I70K	B000006NPY	Music	5	0
US	R3J1JBVMEE91LR	B000003CMB	Music	5	1
US	R3BLRU5KLQECST	B000003493	Music	4	3
US	RPBJRHARF2MUG	B000002BFL	Music	5	0
US	R35TMFCPH6Z04L	B0000025BL	Music	4	0
US	R2YBS40EO9L4KK	B000002MIF	Music	5	1
US	RKA71MZPD9M2T	B000005RTD	Music	5	1
US	R1IWQJ6PC3U9C	B000002TQV	Music	5	0
US	R3GLXMQVFQVMTB	B000005RNQ	Music	5	10
US	RM10A45NSF992	B0000025CP	Music	5	2
US	R235GIUCZKJN5W	B000000H42	Music	5	1
US	R1C8ZS9FN5F9M	B000006Y12	Music	3	0
US	R1W3L5RZP7ERF1	B000008JUM	Music	5	0
US	R26AMHLSET94PB	B000001EXR	Music	1	4
US	RAX5QMA1JRW13	B000001FMQ	Music	5	2
US	R6BPVP0QDBCOR	B000001ELR	Music	3	2
US	R3BXNPN4QFV6HS	B0000013G9	Music	5	1
US	RW60M69M4NP2G	B000005HBI	Music	5	0
US	R13ZVUJ1N7KX91	B000001GMH	Music	4	2
US	R2JLJHCV8P736A	B00000099Y	Music	5	1
US	R173CTB34IQC8L	B00000IMTH	Music	4	1
US	R9VDLSOLFJWFF	B000003TA4	Music	5	0
US	R3DT2ODFMTW13J	B00000IHHM	Music	5	0
US	R3USO9014O2VRT	B000005RFQ	Music	5	84
US	R2RTU0FTYTZDKE	B0000026UV	Music	5	35
US	RRG9XHTSLZ29H	B000002GYR	Music	5	1
US	R2Q2YXBZW4YHQQ	B000003BDJ	Music	1	4
US	R3J8IFBKFWEWS1	B0000072TX	Music	5	0
US	RL3BXQBCH3AHT	B000002NIW	Music	2	0
US	R1TRG2QYMZDC82	B000009QPK	Music	5	1
US	R2SS6DLMMFPDEW	B0000019PA	Music	1	26
US	R2F31V9QVIXCT6	B000002J09	Music	5	0
US	R94Y3JO2BXZ08	B000005AYM	Music	5	0
US	R10AFYYAGLB0G	B00000IGGA	Music	4	2
US	R29SZ34I5ZNJ7V	B00000IL67	Music	4	0
US	R3OU3DT5G2400I	B000001EPB	Music	4	2
US	R5SXGHCN68VG5	B00000IMYA	Music	5	2
US	R2UH5MF21MS57V	B000002H2Z	Music	4	1
US	R1B7L63GGVO17A	B000002NJS	Music	5	0
US	RH8HLNHA8HEUP	B000001FY9	Music	5	0
US	R2Q75G45MBFFJJ	B000002AS3	Music	1	8
US	R16KVY1ATU4WSU	B00000DGUG	Music	1	1
US	R1JSDIOHR4UQPY	B000003TAW	Music	4	0
US	R3RSSDDXNGA9S6	B00000DHRZ	Music	2	0
US	R2HDYMJQC3NTM5	B000002NJS	Music	5	0
US	R1C6SFH60T74OZ	B000000OU0	Music	4	0
US	R3VQ00SYXWPLNW	B00000F1D3	Music	3	0
US	R3U6MVL7CVVZ2N	B000000WCV	Music	5	0
US	RS6F0JAPL5ZDT	B000002NFM	Music	5	0
US	R3PR6X8LMS7XO6	B000000WF9	Music	5	1
US	RS14KJDCVEPIV	B000002BHE	Music	5	0
US	R91YYDHVNFT1L	B000002G8H	Music	5	3
US	R3KZYQH6WFPFYQ	B000000W9Z	Music	5	2
US	R16YEQ020TVS3L	B000002KDI	Music	5	1
US	R17SDUU7I09GV	B00000IGGA	Music	5	0
US	R2KOGNAPIP0AAD	B000000QFY	Music	5	3
US	R1YJMCI0S9ONR8	B00000IGGA	Music	5	0
US	R27JRI9J48AWLH	B00000IQMT	Music	5	0
US	R2EQM8NHTQ8LXW	B000000HHE	Music	5	0
US	R3RJZBPJCJMDC9	B000000WF0	Music	5	0
US	R1JVW4EWZN6S32	B000009HF2	Music	5	4
US	R28TRA8X8X7J2C	B000002868	Music	5	5
US	R3F6SOBK342C90	B000002NJS	Music	5	0
US	RC9TS3ILQTG78	B000009VOL	Music	5	0
US	R2RM5ZW9IT1DUK	B000002HMH	Music	5	0
US	R11TFWQMOB4X3C	B000002BBY	Music	4	0
US	R3AX3FKL10KKFY	B0000057C5	Music	5	0
US	R111BJT145KMM2	B000002H97	Music	5	0
US	R29I63SA1WDRL5	B000002C25	Music	5	1
US	R2JUJCR0300WAV	B000000IVN	Music	1	2
US	R20IB4LXDQAL0C	B0000035E7	Music	2	1
US	RWVEO6891JILF	B000002C1X	Music	5	0
US	R3MVWES8FZ0CX1	B0000009TK	Music	5	10
US	R3CW3Q5I7XZBEO	B00000IL1K	Music	3	0
US	RANTSGSHUS8MO	B000003TA4	Music	1	3
US	R8HBMXDKF6WEJ	B00000IIXH	Music	5	2
US	RQ0R7LCBTVQ5O	B000003AEB	Music	5	0
US	R2FN2PE1T6575W	B000002E5J	Music	5	1
US	R3Q1JGROXD9UKR	B000000W6X	Music	3	0
US	RCQ3DEQF2ZEXW	B000003RCY	Music	1	1
US	R1JB1ZQHHM37OU	B000007RV5	Music	5	0
US	R1JG1373DA2QN	B00000DHRZ	Music	5	0
US	R12AVYU2KHO027	B000007T2Z	Music	4	3
US	RC4LT3YMZXAA8	B000002UDV	Music	5	1
US	R1SGLSLV5AGAWP	B000002BSV	Music	5	0
US	R3OBMGBYY7F1P3	B000003B6J	Music	5	2
US	R27P4O7TQKTHJM	B000000WA4	Music	5	0
US	R32NWBZWXAJVOB	B000002UAX	Music	5	0
US	RDKYI87XLXIMV	B00000DC4A	Music	5	0
US	R33UUUQXDYTFQA	B000002GOZ	Music	5	0
US	R1HUHT1DPR39EI	B00000IQMT	Music	5	0
US	RK91R082Q3UQN	B00000IQMT	Music	5	0
US	R2AR4MG0GTJLI1	B000002LOE	Music	2	3
US	R1UJ774P9ACYV8	B000009HF2	Music	5	3
US	RDN0ZC3SI0HOU	B0000067X1	Music	4	1
US	RS22C2FEVKV6N	B00000IQMT	Music	5	0
US	R33DZZA9XAC3RQ	B00000IIXH	Music	1	8
US	RPJVX855HANPL	B00000DGUG	Music	4	0
US	RF6U1R3BCXM1I	B000002I25	Music	5	0
US	RUYQ539825BU	B000002J1H	Music	5	1
US	RJRC54UWLZI6X	B00000IQMT	Music	5	0
US	RWABPEGUQB7L0	B00000IQMT	Music	5	0
US	R3R5D5JKG4SK99	B000002UDV	Music	5	0
US	R2HG97ECK02FHT	B0000027I6	Music	5	0
US	R17XWSE4WOJBUH	B000000OQF	Music	5	0
US	R2DAEDRE0RDC1K	B00000I3JM	Music	5	2
US	R2SEIL8MFYZCJC	B000001EUL	Music	4	1
US	R2GGMBZI022MI6	B00000IQMT	Music	5	0
US	RNYBTC9GBIL1X	B00000IQMT	Music	5	0
US	R2SVZJI852Y1WI	B00000IIXH	Music	5	1
US	R2A65R2HPTEZBL	B00000F1D3	Music	3	0
US	R1MRU5SW4AR1XB	B000001OAA	Music	5	0
US	RJQN2320XKQEW	B0000000LI	Music	5	0
US	R25HWQVC6CM2QL	B0000047CX	Music	5	0
US	R3LO8B75X15VQX	B000005EJL	Music	4	4
US	R3EYUXJQVOISS5	6305251134	Video	4	0
US	R3RL9CDQEPO6S7	B000002J1U	Music	5	1
US	R12BH6L1W0Y6B0	B0000025JT	Music	5	6
US	RO21LYTEVOHFC	B000001IPP	Music	5	2
US	R3OALRVLFFNPIM	B000002UWF	Music	5	0
US	R2KD3LX6IFN3OW	B000006OAM	Music	3	0
US	R1Z2L4CZWN9M6M	B00000IL1K	Music	5	0
US	RPPW1XL7WBZSB	B00000I2LR	Music	5	3
US	R2P1X6QAJEQZ0S	B00000IQMT	Music	5	0
US	R1YD3AGI5PSS87	B00000IIXH	Music	3	0
US	R1VSBHSOKU5YQ1	B000002NHN	Music	5	0
US	R10MYUDUYIUEGY	B00000I78Y	Music	5	2
US	R1E6D2PZGM0R5Z	B000001FOL	Music	3	9
US	R241BY3AIPV8YN	B00000AFFF	Music	2	2
US	R1LV5TCO2YQ9RD	B00000DGUG	Music	5	0
US	R3EIXKP843P6NL	B000002UJQ	Music	3	3
US	R14IM2IT3II6F	B000009CEM	Music	4	0
US	R20V49DZSR76KJ	B000003CM8	Music	5	2
US	RV9REGP2RR6VG	B000002URV	Music	5	1
US	R2MZ91IP2GF1KF	B0000035E7	Music	5	0
US	R3MIA9XSTRB8D6	B0000033RY	Music	5	6
US	R17OLREXJBSTV2	B0000009RT	Music	5	4
US	R19UYX9H3WJUOS	B0000062Y2	Music	2	0
US	R20U65OTTWY496	B000002GEY	Music	4	2
US	R3PI9DLBC5QTFW	B00000DC4A	Music	5	0
US	R2LGI8EXKG3VH2	B00000IP2L	Music	5	0
US	R1T4UTAATPVAX9	B000000OSE	Music	5	0
US	R3KBMN4GWDGG5J	B000002GEY	Music	5	0
US	RK8OQOMUTUCOJ	B000002UKS	Music	5	0
US	R2H6CS92TPKXH9	B00000099Y	Music	5	0
US	R2HN610IWDN25H	B000006YBO	Music	5	1
US	R14LE31VXUYOI4	B0000024SN	Music	4	6
US	RKTV07MF23Q7F	B000002VRZ	Music	5	3
US	RU8AIR1ELBR08	B000001FKY	Music	5	0
US	R1Z20ISAHSMUTF	B00000DGUG	Music	5	0
US	RPWZ88XHGADE7	B00000IQMT	Music	5	0
US	R3IHTYU9TEVQTW	B000005HO0	Music	4	0
US	R1M83M4FTPXFC	B0000004V2	Music	5	0
US	R223V85X286CE9	B00000IQMT	Music	4	0
US	R31QR2LQ3E3WHN	B000001FZK	Music	5	8
US	RX4SBWXI8ATI6	B000005RST	Music	5	0
US	R286YYBQZO7OP4	B00000IQMT	Music	1	0
US	R3AZMEMAJEOZWZ	B00000IL1K	Music	5	0
US	R2SCFK89674096	B00000DFRS	Music	5	1
US	R10BBLGQP1RQWO	B000002KOO	Music	5	4
US	R2H0UWSL2JEICA	B000002552	Music	1	8
US	RMYE55FR3FKBR	B000005J56	Music	5	0
US	RK0RR2MQA490W	B000000OQF	Music	5	0
US	RCSVCKV4FEGK8	B00000IQMT	Music	5	0
US	R1N9PXCCGP43X0	B00000IOSU	Music	5	0
US	R212PR9YAO673N	B00000IQMT	Music	5	0
US	RNGFQXJSY7MPU	B00000IQMT	Music	5	0
US	RWHP59ISP3JTG	B000002KM6	Music	2	4
US	R3EX46EMVEYNLZ	B000002UD0	Music	5	0
US	REU4SQZXEG3BM	B00000IQMT	Music	5	0
US	R35XOXAE45SRFQ	B00000DGUG	Music	4	0
US	R16FCJCHIXCVGH	B000002C1X	Music	5	0
US	R3QY0RW0RD4MAK	B00000IQMT	Music	5	0
US	R1VKUKIEKBL92H	B0000009SG	Music	5	0
US	R13V6K78P2PUGZ	B00000IQMT	Music	5	0
US	RB1GFLTADD2IP	B00000DHRX	Music	2	0
US	R2Y7CKBRH7IG2I	B00000IGGA	Music	5	0
US	R3DHI2WKPMD14X	B000002HEP	Music	5	7
US	R143IFGPIO1PGY	B00000ADG2	Music	1	2
US	R1QPBG750Y3E0J	B00000IQMT	Music	5	0
US	RMKCI4F5RNSIN	B000002A6T	Music	5	0
US	R18V0EO7E830FL	B00000IQMT	Music	5	0
US	RCJSAOINA56WB	B000005S27	Music	5	0
US	R1CURDVT5MCXVQ	B000002I25	Music	3	3
US	R18ZF3JLAA8TMP	B000002A33	Music	5	1
US	R18L4W4606CUPR	B000003N7R	Music	5	9
US	R26YO4UW0FOJ01	B00000IQMT	Music	5	0
US	R396GGACWAN3M9	B000002LCE	Music	5	0
US	R3FBF6RZ20VT47	B000002UAX	Music	5	1
US	R3NTVPLGUUC1KQ	B00000IQMT	Music	3	0
US	R2EQD3YY9DAG5Q	B000002LK1	Music	5	1
US	R21JQUHLDMYXX3	B0000028MA	Music	5	0
US	R15CISOAKTUW3I	B000002NFM	Music	4	0
US	R3MHAFV31QQA4X	B00000IQMT	Music	3	0
US	R3J2CQ7H3PE1OZ	B00000DHRZ	Music	2	1
US	R1S2C0FFWWW3M8	B000000WCA	Music	5	0
US	R5ROKHK5NO83A	B00000BKDZ	Music	5	2
US	R4QMEBWB5LD88	B000003RCY	Music	4	0
US	R190V2VJ9HH8VY	B0000039QP	Music	5	0
US	R2B3DX5T04DSPV	B000002L9M	Music	5	1
US	R3QSLL1NCF2YIL	B000000WZ4	Music	5	1
US	R38MB46WQZFL9Y	B000005Z0E	Music	4	0
US	R2VUR2ELPK5WOV	B00000IPAX	Music	5	0
US	RQ5E7CRPG77PD	B00000IQMT	Music	5	0
US	RLPXEWPAXXRJC	B000002WYT	Music	5	0
US	R1PWUL714GN0BB	B0000025SB	Music	5	1
US	R3IYDZZG9T8295	B000002J1S	Music	5	0
US	R284L3CRMN2WRU	B000003S0K	Music	5	1
US	R1FEDMRTIF8J78	B0000026WD	Music	5	1
US	R3CDVRGRXDIWUS	B000002C1W	Music	5	5
US	R2R3V7HR4X7TKR	B000002VMD	Music	5	8
US	R8F3FPG3UTZEV	B000002LMK	Music	5	0
US	RRQMWE8F22MP8	B000001G6W	Music	5	0
US	R3H0Y01O7F6RSQ	B0000039PW	Music	5	1
US	R3EA2Z6OQRR99M	B000002OX5	Music	4	1
US	R19I6I4Y8XR148	B00000GBHA	Music	4	3
US	R12F1D5V2ICXSG	B000002MU3	Music	3	2
US	RQ0CXBAME8Q3Y	B000002LAB	Music	5	2
US	R5RMYG4WYTUNG	B000001E29	Music	5	1
US	R3EAMTOVM5LF3V	B000002JB3	Music	2	0
US	R2P072UCB4QIXH	B000005Z0E	Music	5	0
US	R393NTBX9NS86U	B000002KDG	Music	5	0
US	R2B0RGXQW7U5K5	B000002GQG	Music	3	1
US	ROY33JK5F6YCR	B000002P74	Music	5	0
US	R13XWF5TVSBBNO	B00000IQMT	Music	5	1
US	R208PSW5R4ISJ4	B000002L61	Music	5	0
US	R259NCKYYRPYHJ	B000002BUY	Music	1	0
US	R16XTU529FBU2P	B000009ED0	Music	5	1
US	RZTC3Z28UI210	B000002GEY	Music	5	1
US	R9XJSZTGRX0Q0	B000002GD8	Music	5	0
US	RN8DRHS03RXDO	B0000025D0	Music	5	0
US	R1KD51LF1N074E	B000002GB6	Music	5	5
US	R1EG6SRMC2R03G	B00000AFGM	Music	5	0
US	R1T240S3OQ2XAK	B000002HRE	Music	1	3
US	R2HFNOPE6F4DKX	B0000028M7	Music	5	0
US	R1VAKGX20V543S	B00000DHRZ	Music	1	0
US	R3OK5KJD3VOWFD	B000002B2X	Music	5	0
US	RGI66RC3ZPBJA	B00000IQMT	Music	5	0
US	R3W53JW3KOVKLA	B000001FTQ	Music	5	1
US	R2IYOVY0PIKE0V	B000002C1Z	Music	5	0
US	R1O7T1YL6C3JDW	B00000DGUG	Music	1	1
US	R2R7CDS4K0MMZQ	B00000IGGA	Music	4	1
US	R18ZSG26RS83L4	B000000W5N	Music	5	1
US	ROTW4NQV5F4UP	B00000099Y	Music	5	0
US	R5D3FECQRWG0X	B000002U82	Music	1	4
US	R32E7GXXOL1G4E	B000002A3T	Music	5	0
US	R20I5HBKM5D3C2	B000001FY9	Music	3	4
US	R1B573MONZLEHV	B000002U9W	Music	5	0
US	R1H99LDYZ1LMD	B000000WA4	Music	5	0
US	RC3P9H7MCD2VN	B00000IIXH	Music	5	6
US	R1V8GOK8YYIQTS	B00000IQMT	Music	5	0
US	R2RC02Q1DLWRW4	B000002KD5	Music	5	1
US	R3OEP87VYEP7HH	B0000025IE	Music	5	0
US	R3MCJXORAIIUKF	B000000OQF	Music	5	0
US	R1TWY0GAX9C3Y9	B000002HH9	Music	5	3
US	RM1749DYWTBTD	B000002H97	Music	5	0
US	R1S5YLV2OKWGF1	B0000024YL	Music	5	0
US	R1YPW77LL7S81N	B0000025CP	Music	5	0
US	RLB8SO3N69U8K	B000003AEB	Music	5	1
US	ROFUJ9NDMZ4R0	B00000IQMT	Music	4	0
US	R1ACQJNGW8QLL7	B00000DHRZ	Music	5	0
US	R2XZF0V8D6FPC6	B00000IIXH	Music	3	1
US	RTUKNLMUQU3PT	B000001DYD	Music	5	0
US	R3401T8WDFH9RW	B000000OXH	Music	5	1
US	R3335KTBO4V3XD	B00000IYWH	Music	5	9
US	R31ORCRC2HWNRJ	B000002KGT	Music	5	1
US	R1OY97ILRBAXYE	B000002J29	Music	5	9
US	R3FSN0BHXQADZ1	B000002I25	Music	5	1
US	R34AKBW7142I2W	B000002AVF	Music	5	0
US	R1YQ8ILA12QR7Q	B000002KOQ	Music	5	11
US	R3MBFCS4HBOUSO	B000002I6T	Music	5	4
US	RK695KTIC1F3S	B000003N69	Music	5	4
US	R1372RS0WTTUR6	B0000041A9	Music	5	3
US	R2WBYNM1I47KQW	B00000IQMT	Music	4	0
US	R3NE2HU26HL62I	B00000IQMT	Music	5	0
US	R4CQKO6Z3ZEKG	B000002MY3	Music	5	0
US	R2TOFFOU8AX76L	B000002UAX	Music	5	0
US	R26XF3VF60LXUU	B000000WA4	Music	5	0
US	R3VEUXL8DX2HER	B000002I25	Music	5	1
US	RG7LF3RD4BSUB	B000006NPY	Music	5	0
US	R39R242S0WKQK5	B000007U19	Music	5	0
US	R1Z3YY28JZTLCU	B0000025ZF	Music	5	0
US	R1IIYJKI4ECTJQ	B000002B38	Music	3	0
US	R1SXLFZIYD3E9J	B0000025HU	Music	5	0
US	R1FDZGAEI7JGB	B000002KBU	Music	5	0
US	R35K5HKOYBSK0Z	B000003TAR	Music	5	0
US	R2K6UJWC4YHIPP	B00000DGUG	Music	3	0
US	R1HMJVLQSI0OP8	B00000IGGA	Music	5	0
US	R1MU9LCD18ZSG8	B00000DFRS	Music	1	1
US	R31R2U6X1NCC1I	B000002GF8	Music	4	0
US	RMYJSO5L5J48N	B000000OS2	Music	5	1
US	R22CKNRBNP0JY1	B000002HD5	Music	5	3
US	R2LND7HTX30ZC3	B000001TVD	Music	5	1
US	R2DVPGOXLPHELN	B00000IFWE	Music	1	1
US	R1CADH1RD8P64A	B000002KXV	Music	5	1
US	RKQQS4KRTG14I	B000002UB3	Music	5	7
US	R35OZ3TFQDONQ	B0000004V2	Music	5	1
US	R7WLO7GQOXOCE	B0000069NM	Music	5	7
US	RJB0S9DSS31XP	B000005H40	Music	5	1
US	R3LJS8EPQF9QHM	B000002BFZ	Music	2	3
US	R2FFFZ591NH7T5	B00000IP2L	Music	4	0
US	R1T6IRM0TC1R08	B000003Z12	Music	5	0
US	RGNG82Y8E3IX7	B000003TA4	Music	5	0
US	R10V6VUXY4PHWH	B000002I25	Music	5	0
US	R28E0M219Z5KQ5	B000001FAY	Music	5	2
US	RKTH1DM3QQGRK	B0000009SM	Music	5	0
US	R3IEDQTAX8KZT	B00000IOSU	Music	5	0
US	R23A3S2R7NKEX8	B00000IQMT	Music	4	0
US	RBF8WYM6FC5HW	B00000IP2L	Music	5	1
US	R3P6SA33WASHTL	B00000BKDV	Music	4	3
US	RPHM93QJKXWCO	B00000DLVA	Music	5	1
US	R2HO8ZSBBLTF2V	B0000028RR	Music	5	0
US	RCQZMGJ4KGRZ9	B000002L3P	Music	5	2
US	R1422CFL4AF52T	B00000IGGA	Music	5	1
US	R3T4L9EF2CV3L7	B00000IFWE	Music	1	1
US	RLR96RIL0DDB8	B000002J09	Music	5	0
US	R2WWIVJK4U0A8X	B00000I8UD	Music	4	2
US	R17ITU6JAYODWW	B000001G89	Music	5	1
US	R1NOXZ29M0OESQ	B000002UJQ	Music	5	0
US	R32OTKM7EG55SY	B000002OVJ	Music	5	1
US	R23USG3AIMV8SF	B000002NIW	Music	5	0
US	R280ZT2H75G2HJ	B000002GJH	Music	5	2
US	R32Q9R9DVD2N13	B00000D9TQ	Music	5	1
US	R14JK04ZQDA419	B000001ES4	Music	5	0
US	R3RNPHY82XYZ6B	B000002JA8	Music	1	1
US	RU2IGNA4OV1K8	B000003TBP	Music	5	0
US	R36VYV4ARI60TG	B000002MFN	Music	3	1
US	R23Z9D4I2MG0R1	B000002UAX	Music	5	0
US	R3TR6BF6Y4RCSS	B00000IQMT	Music	5	0
US	R2DNIS81TSQPXA	B000002G7E	Music	5	0
US	R7VM8S5YD0K7I	B00000IP2L	Music	5	2
US	R5FGJXBHWKZZH	B000000IVW	Music	5	0
US	R3C3CSDBC0YFXT	B000002LEM	Music	5	1
US	R2P3MAMX9H9722	B000002L99	Music	5	1
US	R33W6ACV7S3XY9	B000001EHS	Music	5	0
US	R2WFI6TG9G5FZ7	B000002BMV	Music	5	1
US	R3GKBPPVMMIC99	B000002UY5	Music	5	0
US	R256VI1G7Y2SLS	B000001FYZ	Music	5	0
US	RIN0L7HWVO50C	B000002MIB	Music	5	0
US	R37OSIM7ACQ5ZR	B000002JS6	Music	5	0
US	R1P3LGJDMHDT30	B000002A3T	Music	5	1
US	R2NY4EWF419HBM	B000009ED0	Music	2	0
US	R1F0YZ9EQ2KRNB	B000002UBU	Music	5	1
US	R21PDC4COCKGO8	B000002H97	Music	5	0
US	R1878Z2SC9VI4J	B00000ADG2	Music	2	3
US	R1ZBO6WFWAZTBX	B000001DWG	Music	5	2
US	R2591NQVTUVF48	B000002NHN	Music	5	0
US	RK3QNL1JVBZC2	B0000039QA	Music	5	0
US	R332Y84U16K0J2	B00000295A	Music	5	0
US	R3C607EH31UFDJ	B000001GQD	Music	5	8
US	R29RFCJCOOCB2T	B000002C4J	Music	5	0
US	RQ2VIIRZEGV51	B000006OAM	Music	5	0
US	R3W51H9DT0TS7A	B00000IQMT	Music	5	0
US	RYUN03TAZOJ7G	B000003RCY	Music	4	0
US	R2L0GB7NVS92DJ	B000002J23	Music	5	1
US	R3NJTPJZIK8I15	B000002U9Y	Music	5	0
US	RTKKTU0WY3GJF	B000002UW1	Music	5	0
US	ROMWJ4EGWIXEC	B00000IQMT	Music	5	0
US	R30MAJG2M65OH4	B00000IQMT	Music	5	0
US	R3DB8HE26I5VE0	B000005IRG	Music	2	8
US	R10E9OZIEOARVM	B0000069NM	Music	5	1
US	RRRK07NVHA8XX	B00000DHTF	Music	5	1
US	R1QJDKGGM915HE	B00000IP2L	Music	1	0
US	R14OLBQ4YJS3LX	B00000IGGA	Music	5	0
US	R2658I45U5O4CU	B000002UCQ	Music	5	1
US	R2563FSUCGHNDN	B000002GEY	Music	5	4
US	R113T6ORNN070R	B000002UZ4	Music	5	3
US	R2RKZLP52WVMNZ	B0000025HU	Music	5	0
US	R3290EDQWZKLQD	B000002LCK	Music	5	1
US	R12FHBEQMQR8I6	B000002H6C	Music	5	0
US	R31VN09MD9V9KZ	B00000IQMT	Music	5	0
US	RAB1VP4JQGHCQ	B00000IQMT	Music	5	0
US	R1LJHHYN2BPMXM	B000002534	Music	5	5
US	R17J70YOFWAL03	B00000IL1K	Music	5	0
US	R1CG6FZSO3WH3X	B000002LPD	Music	5	0
US	R1XW51R939UTS0	B000002MTR	Music	5	0
US	R1IVXMEA0CFH74	B000002GD9	Music	4	0
US	R1O9EIS3YPY193	B0000062GE	Music	5	0
US	R20DKUKR9L5S9V	B000001FTQ	Music	4	2
US	R1JIPRN4LLM20G	B000002C1X	Music	4	0
US	R7B4DFJPE2732	B00000DHZJ	Music	5	0
US	RYLLSFNVJGXM7	B00000I8DY	Music	5	22
US	R24BFZQELP5K1I	B00000255F	Music	5	1
US	R2C0ALHRPYZWTR	B00000IFWE	Music	4	2
US	R2TETZG1QJZTD4	B00000IQMT	Music	3	0
US	R1LWABTLC3OL80	B000001DTM	Music	5	0
US	R11K7OAQV3URZZ	B000002IZ4	Music	5	0
US	R8AC4WJN0TCKL	B0000047EC	Music	3	3
US	R27IX6OSHTOQQY	B00000DF6O	Music	5	5
US	R3HGTML3IAYZS	B000001DYD	Music	3	2
US	REOT2FKBXI3E2	B000000OAN	Music	5	1
US	R154VLYI60GQJF	B000000OU0	Music	5	0
US	R3MCM1MFVVW0V9	B000001E3V	Music	3	6
US	R3S1CM8N36WWDN	B000002UAU	Music	2	4
US	RG5IZGO1EOL0R	B000006UNG	Music	5	8
US	R2KAWY4C8VWXLU	B000002UDB	Music	5	0
US	R3A1KKYKKLHMYE	B000001EC1	Music	2	0
US	RY1LN8IPK8XI2	B000002C1X	Music	5	0
US	R252794U511I4X	B00000IQMT	Music	5	0
US	R158EJX6R0LL0D	B000002UB6	Music	3	1
US	RSXDXDQZJ514V	B000002H6C	Music	5	0
US	R3SA3X2DN6CT66	B00000I8UD	Music	5	4
US	RC6L9MHZF9HDV	B00000IL1K	Music	5	0
US	R1LO4NVJP7U9LR	B000002LIX	Music	5	0
US	R25TPYTMS5AQI3	B000002LPD	Music	5	1
US	RSPQ1V2NVQ62L	B000002AZ8	Music	5	2
US	R2MWFF3X5YF8Z9	B00000373U	Music	5	0
US	R1OBE2F3PNQA9X	B00000IMYA	Music	5	1
US	R1KVE3F8MOY79H	B00000DG1R	Music	4	0
US	R294OEUG8DFJYY	B00000I9MK	Music	5	0
US	R17FZKHJMRUN9P	B000002I53	Music	5	2
US	R14NXGZH89YQM3	B00000BKDW	Music	5	0
US	RXN14KIVDHXW4	B00000BKDX	Music	3	2
US	R7YW1VKUQ8AJE	B0000028RR	Music	5	0
US	R2F0LDKQX0E692	B000002IO1	Music	5	5
US	R3FDEV57GHW0OS	B0000009RX	Music	5	0
US	R3L50SBUBIWVZ5	B000000H6D	Music	5	0
US	R2XQUAQ7ML826C	B00000IGGA	Music	5	1
US	R63Q18BGLRMC	B00000DFSK	Music	5	1
US	R2JK1JVMF7CVFP	B000004286	Music	4	0
US	R2UHRZ08N4VER9	B0000042MY	Music	5	1
US	R2G9NZCXHLXIA	B00000099Y	Music	5	0
US	RC5HDUIJSGMYI	B00000099Y	Music	5	0
US	R3MNJHN7PFLVAW	B00000IQMT	Music	3	0
US	R2YNG3KKYMIWV4	B00000IIXH	Music	1	3
US	R1H7AA3FENOXFE	B00000IL1K	Music	5	0
US	ROSKEM113UY4C	B00000DHRZ	Music	5	0
US	R3C6HQYXUQO9YF	B00000099Y	Music	5	0
US	R762KRTMYPUP	B00000IQMT	Music	5	0
US	R2GIF17VSTNMJN	B0000060NF	Music	5	0
US	R1MZ5GG5YMK0IJ	B00000IQMT	Music	5	0
US	R3DI9H5938863W	B000002UDB	Music	5	0
US	R2QJ4W8JM2PEEK	B00000099Y	Music	5	0
US	R1NJONJ4HCAKUG	B000002WYT	Music	5	0
US	R1U2QEFDVVP8YA	B000001EG6	Music	5	0
US	RCZY3E6KX2LW1	B000002AS3	Music	4	0
US	R2HL9XMIWTJP59	B000002UD1	Music	3	0
US	R83OSR2CVIFQE	B00000IFWE	Music	4	0
US	R3DQKTNJPGIWPY	B000002L68	Music	5	0
US	R2QZZBA6YW6CHD	B000002NJS	Music	5	0
US	R13PI5BRXJKQBE	B00000IQMT	Music	4	0
US	R3F9Z04OEUUFL3	B000002UAO	Music	5	0
US	R1XU1UEZRVOQAV	B000001Y42	Music	5	0
US	R2B9O556KZ1HQW	B000002I2M	Music	4	1
US	R2XI1DMFVSJIH	B0000025F7	Music	3	1
US	R3KLFQ76S29ED4	B0000028RR	Music	5	0
US	R2TYELS6WAF1YZ	B000002JNJ	Music	5	1
US	RLPVNUJCW5ZEQ	B000002KIE	Music	5	2
US	RIYSSMSEI4V72	B00000IFWE	Music	5	0
US	R2U3FYUGUEFDS1	B000002P5W	Music	4	0
US	RHHWK0ZDHG96G	B00000768B	Music	5	1
US	R293KVWUDF6HVX	B00000IQMT	Music	3	0
US	RPUM66MLOC1OD	B000002H97	Music	5	0
US	R8F4297LXRVXI	B00000HYXB	Music	5	0
US	R27EWQTCETVSRB	B000005AYM	Music	4	0
US	R1X0ZR1XF0LD3F	B0000025HU	Music	5	0
US	RGZZGO5UKNXCD	B000009ED0	Music	1	0
US	R30699XBMIC7BV	B000000OU6	Music	4	0
US	R1CA5PHZYFYSRG	B000000645	Music	4	10
US	R12YRSMB8GW7L4	B000002KDW	Music	4	3
US	R19SR2QB1KB3XW	B0000027F8	Music	5	1
US	R1PM8HQ0PGMSUT	B00000IOSU	Music	5	0
US	RXU7WSFIOIDR8	B000002BQK	Music	1	1
US	RHHG30XELDXUU	B00000F1D3	Music	4	0
US	RQK893IPZ0GI8	B000001FY5	Music	5	2
US	R1MJMSLR7J89JT	B00000IOSU	Music	5	0
US	R2MMQ0MB3KMXTH	B000009ED0	Music	5	1
US	R3QRSPN2CMYGE1	B00000C28M	Music	3	8
US	R12KG01TUIXEDI	B000002LCK	Music	5	2
US	R1VSMJATQOO2KW	B000002KBH	Music	5	0
US	RPXNDHTZUNK3Z	B000000JO3	Music	5	0
US	R13XZ9X0X4HA5R	B000002IZ4	Music	5	1
US	R2MB333KB06ZPP	B00000IQMT	Music	5	0
US	R2CF3Z28XJ83B3	B000002LND	Music	5	0
US	R1091EUAEB501C	B0000088ET	Music	5	1
US	R22KECKRBWHBLR	B00000FCBC	Music	5	0
US	R1F1Q3B8P5XOP4	B00000880Y	Music	5	3
US	R2RDVOYIAZ9GSK	B000009HF2	Music	5	2
US	R2RAQKB63FUT1P	6304117752	Video	5	0
US	R131T87YA4H31N	B0000042H4	Music	5	0
US	R163BFNSZRUFTI	B0000025ZF	Music	5	1
US	R3UPGBRHNFG0GE	B000007VLL	Music	4	4
US	R1T5UWN67MBF2Q	B00000IQMT	Music	5	0
US	RGMIWQA1LMB6Y	B000002UDV	Music	5	0
US	R38U2YFXUEF7EW	B00000IL1K	Music	5	0
US	R24809E3Q8TD56	B00000255X	Music	4	1
US	R1LT55Y31GHZ0V	B00000DFTH	Music	1	6
US	R7OTOX83F5MVE	B00000IQMT	Music	4	0
US	R1IFLFLFK04SSR	B00000FCBC	Music	5	0
US	RAHPQYTFB7RIQ	B00000BKI4	Music	4	0
US	R3O8C4JNGLQJ1L	B00000DHRZ	Music	1	0
US	R2HVD7MTIHPQTG	B000009DUY	Music	5	0
US	R1RSJCOTP5VD5W	B000008GS2	Music	5	0
US	R3NSSWMRY4XPTE	B000001FYZ	Music	5	0
US	R2XVP7JGJ4LWK4	B0000041Q3	Music	5	7
US	RQHTYO8QBA3FO	B000006NPY	Music	5	0
US	R8X9DYT2HD2VZ	B000003S2K	Music	5	1
US	R1D97DTRMD8YV2	B000002TWN	Music	5	0
US	R3NOOMN93E4DFI	B00000IMYA	Music	5	6
US	R3MOMMEAWR2R2	B000002I2M	Music	5	1
US	R360DW69AE1RC9	B0000025SB	Music	3	1
US	R18TNTHS8W6DC9	B000002IVF	Music	3	4
US	R3B7F2Q15IW3JX	B000003RCY	Music	5	0
US	R3591KN3LGNXIW	B000002UJQ	Music	5	0
US	R3GOUL5JCTUF03	B000002BE9	Music	5	0
US	R2BXV0ID4ZPMWJ	B00000IQMT	Music	5	0
US	R3CESWCKU11V5R	B000000WG4	Music	5	0
US	R2LK6KRHSEYKIS	B000000WCA	Music	5	0
US	R2SPG6ZNRNY1Y3	B000006NXP	Music	5	10
US	R1XN873XK9C8X8	B000002UWF	Music	5	0
US	R2PQDX6YXU7H57	B000002MZ9	Music	5	2
US	R3210KHGE9K26O	B000002KM6	Music	5	0
US	R36AQ2D7JZSVF4	B00000DFSK	Music	5	1
US	R18DN9G5P9XIHJ	B000001EMW	Music	5	4
US	RJTYBTPHFJXKZ	B000008FNB	Music	5	1
US	R2T0LK9FM8JGKZ	B00000DFSK	Music	5	1
US	R3E2VWLMD7MTIO	B000001EMW	Music	5	2
US	R30P6KB7SPHBRX	B000002WPI	Music	5	0
US	R3A9KOFCYM55G8	B00000IL1K	Music	5	0
US	R16QLDQ0JSXP7O	B000001GRE	Music	5	6
US	R2DXV5V5CTFCHC	B000002KAT	Music	5	9
US	R2N8T6HO7ZQ3TP	B000001OAA	Music	5	0
US	RBJ2EZX0VE702	B000000OA6	Music	5	1
US	R2R4XK1AP2YYLG	B0000019PA	Music	5	1
US	R2YWPHV0B221LS	B000002MP2	Music	5	0
US	R339VQWSGMDJCQ	B000000WA4	Music	5	0
US	RAZDZ3VOENVEO	B0000025HG	Music	5	0
US	R30LI614RDO6C8	B0000025JT	Music	5	0
US	R1TOEV6YHEA2PS	B00000IQMT	Music	5	4
US	RA87WR0AE4RGS	B000002HPT	Music	5	0
US	R1OPKE8UUYPNQL	B000007ODM	Music	5	3
US	RURSLG93D4A6N	B0000024UO	Music	5	2
US	RTTYATT4BBGO9	B00000DFRS	Music	5	1
US	RYOE5WXA35BHW	B00000IL67	Music	5	0
US	R20E3474MWV8SI	B0000033PB	Music	5	8
US	R3FKQJ4VYV7WC9	B00000I41G	Music	5	0
US	R34KL7LPHHO129	B0000057C5	Music	3	0
US	RVI1D3IPQM2UM	B000002UAX	Music	5	0
US	RJDO7V2CINB2F	B00000ADG2	Music	5	0
US	R31PFKUZMI97K6	B000005RUX	Music	5	1
US	R24DR4YW4X4YCV	B00000I8UD	Music	5	0
US	R2WBQKFWZLB5HI	B000002N2Z	Music	4	0
US	R3K9K0YWK2IMPC	B000002UXZ	Music	5	1
US	R3PBM3YNDQ83SQ	B000002LND	Music	4	0
US	R1FS7ZUIPCXID0	B000002OX7	Music	5	0
US	R27BGKBV17NZH2	B00000373U	Music	5	0
US	R3W44WTGPKRXNV	B000002UDV	Music	5	1
US	R20AJBVSV3FDCD	B000003TA4	Music	5	0
US	R39UA61OTPJG00	B000002H70	Music	5	0
US	RBHK5TFTVHVWP	B000002LFU	Music	5	0
US	R2LAX3KWRUHMMP	B000002MY3	Music	5	0
US	RQWA44DL88QWN	B000001FDK	Music	3	4
US	R2ZS0BHZK7NDRD	B00000IQMT	Music	4	0
US	R1GLNVTXHJNIG6	B0000062S0	Music	2	5
US	R1U939J55RBQ0Q	B000001E8P	Music	5	1
US	R1991S608I8TF5	B000001EMW	Music	5	2
US	RAV99WYA5W68Y	B0000009SI	Music	5	1
US	R3JLBJACXUXPNL	B000002JSR	Music	5	33
US	R3V55QHSYZUA0V	B000001FA4	Music	5	0
US	R3HUOECL1V3UVP	B0000009OP	Music	5	0
US	RWLAUN57QOFGW	B000002HPV	Music	5	0
US	RVU6Y0SPGMD1T	B000001FCB	Music	5	8
US	R1IQYR3SZHCNDU	B00000253N	Music	5	0
US	RDYEGDZJJKAFE	B0000024K1	Music	5	2
US	RS39T9RN1YDFA	B000009VOL	Music	2	6
US	R81HK24KO4V1S	B000003S0Z	Music	5	6
US	R3RWPZ4V2YSH27	B00000IP4H	Music	4	1
US	R1NJIJKAN0D7J	B00000IOSU	Music	2	0
US	RWH5TW7DKZ14R	B000002UDV	Music	5	0
US	R5OO761D290MU	B0000024SI	Music	5	0
US	R1CUZHRTL4WC3N	B0000024R8	Music	2	2
US	R325LEIPB6POTO	B00000IQMT	Music	5	0
US	R1PP97LGNUVON	B00000I8UE	Music	5	0
US	R2HGZTR2WPUDWT	B00000J631	Music	5	0
US	R1706SODON3ZZP	B000002NHN	Music	5	0
US	R1FT6DFTRJGY76	B0000019PA	Music	4	0
US	R2B8WGDFBJ8A5P	6304806418	Video DVD	5	0
US	R2U1LUHV51S4NI	B000002J09	Music	5	0
US	R21BPLXGOQDGT	B000002KHF	Music	5	0
US	R3B9A915DNGRRE	B000001IMX	Music	5	5
US	RT2SBXG7JG66O	B000002HEP	Music	5	0
US	R2S4LNCJY57RNC	B000002AGB	Music	5	1
US	R23RGPOUR6VHJK	B00000DHRZ	Music	5	0
US	R2YLAVX8CHCGF6	B0000062FJ	Music	3	8
US	R3QXMWDXCFIZM4	B0000047EC	Music	5	4
US	RV9IYY6USB4FD	B000003S0D	Music	5	0
US	RL3E1F9UT26OX	B000002U8U	Music	4	5
US	R1NQL314KXXYSQ	B000002UDV	Music	5	0
US	R2X4ZK62SCJK36	B000002P2V	Music	2	1
US	R26ONOZ57SKE7M	B0000024SI	Music	5	0
US	R1YLTNWUT4TTSC	B00000IGGA	Music	5	0
US	R1YS759F12SUJ	B000002UAO	Music	5	0
US	R2B4CRDU0ZJ9KI	B00000AF95	Music	4	3
US	R3J38UPLP7CXIE	B000005S5N	Music	5	0
US	R1EVRP9NLEYKEL	B00000IQMT	Music	5	0
US	RALNMAY821I1W	B000004286	Music	5	1
US	R2KXZHN16HZP6A	B000002KIE	Music	5	0
US	R31G1CGG85F5Z8	B00000DLVA	Music	2	1
US	R300TTHVD1P8J6	B00000163G	Music	5	0
US	RXY3EK84YNMGE	B000002H70	Music	5	0
US	R34O3RSOH2YB7P	B000002NFM	Music	5	0
US	R3B8S0DNRC4OYI	B00000DHRZ	Music	5	0
US	R26EWB66MAAYWN	B00000IP2L	Music	2	1
US	R37Q28F5F06OHW	B00000IQMT	Music	5	0
US	R33ZOILF4XUAZV	B000009DUY	Music	5	1
US	R3CTO24LFL43M0	B000002Q88	Music	2	1
US	RDIKXUD3U9W8B	B00000DFRS	Music	5	1
US	R2B0KJ4Q62L8OY	B00000IL1K	Music	1	2
US	RF0DIC1EF2BSH	B000002IWQ	Music	5	3
US	R17YIY7A324MOX	B0000028RR	Music	5	0
US	R3U9CQZ5KJRD52	B000002UAI	Music	4	0
US	RQVTFBW43IQVS	B000002BYD	Music	4	0
US	R30JEZDY0Z99C7	B000009EO5	Music	5	14
US	RXK81XI4ZGEIA	B000002IZM	Music	5	0
US	R1EM205Q9RC6BY	B00000F1D3	Music	5	1
US	R31BELXSIVHYDP	B000002H2H	Music	4	0
US	R2R3DHKQ5ERY3L	B000002H33	Music	5	1
US	R3IW9PBVVELS00	B0000041Z5	Music	5	10
US	R3QHJ90HIWLFIM	B000001FTQ	Music	5	0
US	R3USKSHL71NGMM	B000002UAR	Music	3	3
US	R2FWGUJJAAD0NZ	B0000041Q3	Music	5	2
US	R39J9U3IGO7RGA	B00000DHRZ	Music	2	1
US	RYB18RHVA04WP	B000002ULO	Music	5	0
US	R39AFOAP4OTP2F	B000002UAU	Music	5	7
US	R14LSAX62TBYF0	B000000132	Music	5	2
US	R2P27E2B0093RO	B000001FTD	Music	5	0
US	R1GCJIPPNW66DL	B00000B9N3	Music	5	4
US	R1GBI87EQ71USM	B000002U82	Music	5	0
US	RD0AX619AA1DM	B000002579	Music	5	0
US	R2B0S0QF3IGKBU	B00000D9TQ	Music	5	1
US	R2KTPEKMTYXZ2T	B00000IQMT	Music	2	0
US	R2P71KFIA88399	6300271285	Video	5	1
US	RH4JSBDY53NFI	B00000IQMT	Music	5	0
US	RCW4X07U4LYX2	B000007R0S	Music	5	0
US	RI02TII3RZJ6C	B000002B7S	Music	5	0
US	R3SK7AV3XHSQ32	B000001EHS	Music	5	0
US	R3F7CSHGOS9E26	B0000025VU	Music	4	0
US	R2OHFVW8PVFVA3	B000005RS1	Music	4	4
US	R3CR44V9S3QXXR	B000002UAX	Music	5	0
US	R22BBF30L77MHQ	B000002GYN	Music	5	3
US	R2T20SPJ4ZPH80	B000002BFL	Music	2	1
US	R3MD5DANONCYEK	B00000IQMT	Music	5	0
US	R3V6N5QWU7Q750	B00000I9MK	Music	5	0
US	R16JHM0E999CT5	B00000DQWT	Music	5	4
US	R27MD9309EBF5Z	B000002VFW	Music	5	2
US	R2984B5A7IM17Y	B0000019PA	Music	5	0
US	R2I72LMLP14B7D	B00000IIXH	Music	2	2
US	RJIOG4MQZ9MC5	B000002JSN	Music	5	0
US	R1BE8UCUDGIWZP	B00000IQMT	Music	5	0
US	R2T7VGSNK3MELJ	B000002UAI	Music	4	3
US	R2864QXM34T2MD	B000001E8P	Music	5	0
US	RVKV9TQZMLUZJ	0060977493	Books	5	0
US	RCJKWJ9EYBQM5	B0000067X1	Music	5	6
US	R2GHBKWL8FGQGQ	B000005JH5	Music	5	1
US	R8W3N4S06GLYT	B000007T1M	Music	5	0
US	R2CSZM7SKP5PYK	B000002NJS	Music	5	1
US	R3E1KD7R9TZN04	B00000F1D3	Music	5	0
US	R2M310XI2ZWXO1	B000002OXU	Music	5	1
US	R3W1KESCSNW93R	B0000028RR	Music	5	0
US	R2GCYKKGQXMTKF	B00000I8UD	Music	4	1
US	ROUPQ9J9A2B9	B000003S5H	Music	5	0
US	R1W3XQPOB9M8E6	B000002UAR	Music	5	4
US	R3M637WBJ2NRCM	B000002I27	Music	5	0
US	R3OOA9XXE9M072	B000002I2G	Music	5	0
US	R2VQEZKDGZUGY2	B000002V1D	Music	5	3
US	R1572T2MXVLB5E	B00000B93L	Music	4	3
US	R1KKZ1FWPFGY18	B000002JSJ	Music	5	2
US	R2NV1N8GH4XTQV	B000002UZU	Music	5	7
US	R2G2B89A9IXWPM	B000002JOF	Music	3	3
US	R2VEGQWV55COV0	B00000IQMT	Music	5	0
US	RFE7I15UKIFBT	B000002USP	Music	5	1
US	RQFPGK51WIHLL	B000002L82	Music	5	3
US	R3RJIEQ3936FLU	B00000I11T	Music	5	6
US	R2C4023OTU7ZCF	B000002L9M	Music	4	0
US	R2FI6UE6ZU6K0	B00000IQMT	Music	4	0
US	R2O0A2QRPQWGEF	B000002UJQ	Music	5	0
US	R3GMZ3EU2VCVN7	B000002UR7	Music	5	0
US	R1AG0SXZUVI12B	B00000IQMT	Music	3	0
US	R1K2DTLKCB93XE	B000002TQV	Music	5	0
US	RZ6Y1S2XNMZPJ	B000002MY3	Music	5	0
US	RJAMZSBGLB4ED	B000009QPG	Music	5	0
US	RWBRUSGYI98MI	B0000024T3	Music	5	4
US	R33GM9KLQQZFSB	B00000IQMT	Music	5	0
US	RA9CZRL86DE4Q	B000001Y42	Music	1	4
US	R5IBCFK3AXBPG	B000002AV5	Music	5	1
US	R1FROT35JACMFZ	B000002KBH	Music	5	0
US	RA13L8WM5HLXP	B000002WYT	Music	5	5
US	R1REXZX8JYMVPZ	B000002JSN	Music	5	0
US	R1IF4CGEL4BGQI	B000003BDJ	Music	5	0
US	RQBCR9Z6343Y	B000002JR8	Music	5	1
US	R18I7JJNWUI0GU	B00000BKDZ	Music	5	0
US	R2B3CHMJKP7E0F	B000002UB3	Music	5	5
US	R24Y3V7IM2OJPA	B000001ESJ	Music	5	1
US	RR2MT7I5Q6JK4	B000002UAX	Music	5	0
US	R1OUW9HAMVK2YR	B000001ESF	Music	4	1
US	R39H3DDEIL8T1S	B00000099Y	Music	5	1
US	RP1KC7LGCFCUW	B000002BYD	Music	5	0
US	R2LSCB5BQ64JKX	B00000I3JM	Music	5	2
US	R24CU9JVK7XNJJ	B00000IQMT	Music	5	0
US	R1VJNMVJOAKHCZ	B000002UAU	Music	5	7
US	R2FQC60YUMFNBQ	B000002KOJ	Music	5	1
US	R3DW2NJUXVY3G1	B000002UAO	Music	4	0
US	RWN5GKAULQ74X	B000002V07	Music	5	0
US	RP3VE7S2WH48F	B000005S0E	Music	4	4
US	R29MS04PIKL36	B000006O7C	Music	5	0
US	R17LJYAL7KXPYN	B000001Y5X	Music	5	0
US	R2DJ0WUI0EBOH2	B000002NHN	Music	5	0
US	R2O6IN99KSWJDF	B000000HTM	Music	5	0
US	RQHVRKK5OWFAE	B00000AFHM	Music	5	1
US	R21JZ7JO0PYCLE	B0000029DD	Music	5	0
US	R7IVVB3RM5ISV	B000002B7S	Music	5	1
US	R3R6DM77IY65B4	B00000IQMT	Music	4	0
US	RHFESBA832JYQ	B00000IQMT	Music	5	0
US	R1Q1WN1JEE0GC2	B000003TAW	Music	5	0
US	R1DZ6YFSCSM072	B000002J1X	Music	3	0
US	R3AR1IP86YNNY3	B000002VTE	Music	2	0
US	R3THXY0HSF98LR	B00000IQMT	Music	2	0
US	R11NLZC4RCWLOP	B000006OAM	Music	5	1
US	R3DWIDZR1YJAWZ	B000002J03	Music	5	1
US	R3QB1JOC7KWZF2	B000002HPV	Music	5	0
US	R3AR2YNLEQ7GNC	B000002UJQ	Music	5	0
US	R382NOHNZPQMEM	B000002TQV	Music	5	0
US	RXY93WSLJ071W	B00000G28U	Music	5	0
US	R3S7R5O9EVKQ5L	B000002NHN	Music	5	0
US	R26RB85WD9Z03D	B00000AFDW	Music	1	5
US	R3B39663LX47JP	B000002HRE	Music	4	0
US	R1QFEXK6VVN0II	B000002UJQ	Music	5	0
US	R3TVN6MXV3EKKJ	B0000020C4	Music	5	1
US	R2NAE3ZN8I7JWU	B000002JNJ	Music	5	1
US	R2ZRWOD25SJBLL	B000002HMH	Music	5	0
US	R3GQOG5HIB2HIZ	B000002JPA	Music	3	0
US	RVXID05YN0XHT	B000002BUY	Music	5	0
US	R1W0TRPEU9WSVX	B000002UAC	Music	5	1
US	R38XSMFDR91PZO	B00000DD2D	Music	5	1
US	R3DYF5084XKIZA	6304117752	Video	5	0
US	RMI7F0HBC29YO	B000001FKY	Music	5	0
US	R3SDMS4OM7LWDN	B000001EHS	Music	5	0
US	R2U5ECJK5K8J5E	B000002H33	Music	5	2
US	R134RZZAIUCRA8	B000002H97	Music	3	0
US	RNZS7ST3823FM	B000002JKA	Music	5	2
US	R1IEIUU5TCEHAV	B000009ED0	Music	5	1
US	R3JPJPAHHIE0CZ	B00000IQMT	Music	5	0
US	R2YJLEPNH0RVWL	B00000IQMT	Music	5	0
US	RLRBON9TJXT0K	B000000OUE	Music	5	0
US	R3TZXLF6MF7C0W	B00000016W	Music	5	0
US	R1B75H6H29U90E	B000007T1M	Music	5	1
US	R3MTJOYBWALCDM	B00000DGUG	Music	5	0
US	R3JHA84H3EXQ2K	B000002GY9	Music	5	0
US	R2Y2JBZD0HMKZR	B000002U8G	Music	5	0
US	R1YPF5IYN1CHSX	B00000IQMT	Music	5	0
US	R16FF7IAHZYWQS	B000002UDV	Music	5	3
US	RAX3PEMECIW65	0790738074	Video	5	1
US	R3ACV6GZ1C3VWQ	B000009RC2	Music	5	0
US	R75T0XV1ZC5TA	B000002MP2	Music	5	0
US	RDSIJDC9X3YJ1	B00000IOSU	Music	2	0
US	RDZEP5RKW04OF	B00000DFSK	Music	5	4
US	R3JS85DNC91ZYV	B00000DD2D	Music	5	4
US	R1DADDO6BHULF9	B000002MG1	Music	5	0
US	R1B009GV3326M2	B000003AEB	Music	5	1
US	R5T5SJIA1ZEW	B00000IQMT	Music	5	0
US	R2Z5EFTHZ6PF1P	B000001Y42	Music	5	0
US	R29MHJXQEHVHD6	B000000OE7	Music	5	0
US	R1S79R9RH2PXZV	B000000W5F	Music	3	1
US	R82HKYRWKH2RA	B000002NFM	Music	5	0
US	R1MZZX10MT2NBU	B00000D9TQ	Music	5	3
US	R1JCIU5B9NSHHB	B000002C4J	Music	5	0
US	RAB8QICF7451G	B00000064E	Music	5	3
US	R2MIS4H1QJDRRL	B000002IZM	Music	4	0
US	R1CCM9FCGNMNQE	B000009ED0	Music	5	1
US	RIPSC60J9TNMG	B000009QPG	Music	5	0
US	RF83GQFGPGLYS	B0000024U8	Music	5	3
US	R97WE7CU7N0U3	B000002TQB	Music	5	0
US	R1TF1U774XSSXA	B00000IPAX	Music	3	0
US	R398DZXC3CN1C0	B000002OX7	Music	5	1
US	R36M0OU3QLAGBB	B000005RUX	Music	5	0
US	RL41MVFXT5IKA	B000007V1I	Music	5	0
US	R3OILD9PN9H7EB	B000001EC1	Music	5	0
US	R36MM5FIZXNLUR	B000002JEV	Music	5	0
US	R1ERSDQNTPEIWE	B000003TA4	Music	5	1
US	R3TYNE75SAJU27	B00000IQMT	Music	4	0
US	R2QK2V1CLPUP25	B000002KNY	Music	5	0
US	RN1MVGFUZHO2D	B000003TA4	Music	5	0
US	R13STNFFOG20ZZ	B000005E60	Music	5	18
US	R3IK9NWSWK6JAB	B000002C1X	Music	5	0
US	R2H21H0L556WKB	B000001F7R	Music	4	1
US	R1M6ZD71HAL0QC	B000002J1U	Music	5	0
US	RBCYKNTG9AX89	B000002UB3	Music	5	5
US	R24IGSH758HZ56	B00000IPAX	Music	5	0
US	R14BSGS5XSQPO8	B000002JSV	Music	5	1
US	R1EOOO88OIJRUK	B00000IQMT	Music	3	0
US	R27CT1Y0YCMFWO	B000003CKH	Music	4	0
US	RG3T4L5W9ESSO	B000002O4S	Music	3	1
US	R1DLDOILXSS646	B00000I8UE	Music	5	0
US	R26D0JTE23OICH	B000002USN	Music	5	0
US	R1F3OJZY2Y7PH7	B000002N9L	Music	5	1
US	RF4P3K9O002C2	B000001FS3	Music	4	2
US	R2R5N4PNZCMTE9	B00000IL1K	Music	5	0
US	R23SSK3ZBEPPND	B000003BF4	Music	5	0
US	RCQTN0KFXUGO3	B000000W5L	Music	5	1
US	R18X2AB7YCTPTE	B0000009S3	Music	5	0
US	R2Z6LVJXTVKF90	B000002MFN	Music	5	0
US	R3U7AMZ00YUC2K	B00000IP3S	Music	5	0
US	R32FY9F823P71A	B000005RZ4	Music	5	1
US	RN1CBTI5Q16E3	B00000IAU3	Music	4	0
US	R2A5Y4R3D4ZL1C	B00000IQMT	Music	5	0
US	R5MXDZIM5NJ7E	6305120706	Video DVD	5	0
US	R2PO6WMT9S4I9J	B000002MZ9	Music	5	1
US	R1B0HL1PQZE5XG	B000002LTU	Music	5	7
US	R1ECCZ5RA2A9XH	B00000I924	Music	5	0
US	R2S3G1TSESNAS1	B000002LN9	Music	5	0
US	R4QHI1J3EACJT	B000002AGE	Music	5	2
US	R1QLO6OU9VMPIN	B00000IPAX	Music	5	0
US	R25WGVSESGNECD	B0000087GT	Music	5	0
US	RT8P7FXIQF273	B0000035GN	Music	2	0
US	R1CI6WJII0FX0J	B00000AFFF	Music	5	0
US	R2NAAUQ2NH1X9T	B000002UAR	Music	5	5
US	R3HR7NASCQAOU2	B000002HMH	Music	1	0
US	R3PIXDS4XDXBYT	B000002H33	Music	5	1
US	R3OUV2PZEZ9WS5	630416923X	Video	5	1
US	R1KISNWJ4THKHQ	B000001E21	Music	5	0
US	RY3B4WL56B9IO	B000006OAM	Music	5	0
US	R2YPX7MN7KVH6C	B000003S5H	Music	5	0
US	RDZ0BJ9WARFC6	B000002MG1	Music	5	1
US	R2ICTHQEVTRUKK	B000002VTE	Music	2	1
US	RKX4ZNVL8BAAQ	B0000025HU	Music	5	0
US	R3D89OPK19U0O7	B0000087GT	Music	5	0
US	RRKSUWS6LEWVK	B000001FC0	Music	5	2
US	R1MFF4PD4XHCYW	B000002UAX	Music	5	0
US	R2T3EDIETT94N5	B00000IHHM	Music	5	0
US	R11VUZNPL094KI	B0000025P9	Music	5	1
US	RL5BIV70JSYY	B00000AFFF	Music	5	0
US	R1LLBXEN3I78P0	B000002UAI	Music	5	1
US	R2MN5P8V11WK87	B0000027RL	Music	5	0
US	R295ZIQ2I5MD63	B000003S5H	Music	5	0
US	R3PTUBFONE2TK9	B000002UAR	Music	5	4
US	R1A6PH5CQ6FGQP	B000001F4V	Music	5	0
US	R1L4XVY1BS6Z0Y	B00000F1D3	Music	5	0
US	R1YQGHIN50EBTZ	B000000WF0	Music	5	0
US	R1TNZ9CJN2RCYU	B000002BBY	Music	5	0
US	R2QA19ZLGRE5U3	B000002C25	Music	4	1
US	R3RQ1H1N27ANKL	B000002AS3	Music	4	0
US	R2N5KSDC2RTOL5	B000001DTM	Music	5	0
US	R1LYZ4BKAP544P	B000001F3C	Music	5	2
US	R1XXA6WKKTWXQE	B00000J7RZ	Music	2	0
US	R32JNEFTVNRQTA	B00000J7RZ	Music	2	1
US	R2PU9VYXD74FAA	B00000G6NI	Music	5	4
US	RCJ5UJJW72YZ5	B000000QG2	Music	5	24
US	R2R6KR5TTEFKXB	B000002IZM	Music	5	2
US	R2IWLAEKA8BBJS	B00000J2PH	Music	5	2
US	RJ8I6XP1SHVM9	B00000255F	Music	5	5
US	R3DQ16PE5DL9DX	B000002LMK	Music	5	3
US	R1SS4W8Y4BS5I3	B0000027I6	Music	3	1
US	R15H1YOZYSEH1E	B000002NJS	Music	5	0
US	R14AV64KRU38Y8	B00000DHRX	Music	5	0
US	R131DZ04TNB3SO	B00000IOSU	Music	1	1
US	R33F5LB1D2C3G5	B00000IL1K	Music	5	0
US	R1LIR7ACHDS2QN	B00000J7SS	Music	5	3
US	RA9SMCVSZK0Y8	B0000072VM	Music	5	8
US	R35CWO3CQFTQCO	B0000024Z7	Music	5	0
US	R32PI0MJIUEYVD	B000002UJQ	Music	5	0
US	R1VEYJUJ71E4SJ	B000002JPA	Music	5	0
US	RE4RKQ3MQLVSO	B000002IZM	Music	5	2
US	R15XNJA2T3YBN2	B00000IQMT	Music	3	0
US	R29BUSO3GJJ0DW	B000002B38	Music	5	0
US	RB59A1H7328BC	B0000047CW	Music	5	1
US	R31REYIU4JL6HS	B0000047CX	Music	5	0
US	RMNOYWD8YI7VN	B00000IQMT	Music	5	0
US	R3RH11O06LTJQQ	B000002L42	Music	5	0
US	RN6SIKOGSN2MP	B000002KXV	Music	5	12
US	R2L2BC4GZB2KXG	B000002B30	Music	4	0
US	R4O6UEJW3XAC0	B000002UB3	Music	5	5
US	R2IA13QDUV1OQW	B00000FCBC	Music	5	0
US	R3UZZKB4IHNMBU	B00000IP2L	Music	1	0
US	R4L90ILXSEPYT	B000005J56	Music	5	0
US	R3FDM6RPDPF0U7	B000002HPT	Music	1	6
US	R238NF9MN25AKH	B000002N3N	Music	5	1
US	RNBPH2UGQ74LR	B000002VCT	Music	5	2
US	R2YP4AFIRD2JTI	B00000I8NC	Music	5	2
US	R3J4V4K2GHXI3R	B000003TA4	Music	1	6
US	R1ONUGKTRN60W0	B00000J7RZ	Music	4	0
US	R1G0KJ1LSBGBRU	B000001OAA	Music	5	0
US	R1REX0310L6U58	B000002MFQ	Music	5	3
US	R36JHCTUKYRMGG	B000000WHX	Music	4	0
US	R3ATV30C8AIK71	B000002GMT	Music	5	0
US	R1NTO6FN7SXPYC	B00000J6AG	Music	5	1
US	RMMLBLU6QK8J	B00000I8UD	Music	4	0
US	R2KI9327RLA5JV	B00000IOSU	Music	4	0
US	R2UNOHND3V84WL	B00000DHRZ	Music	5	0
US	R9Q5CWUMEQLLK	B000001ELP	Music	5	1
US	R1GLWF22TNO7VR	B00000IPAX	Music	3	1
US	R2YXK3DG3PSLS5	B000002V1D	Music	5	7
US	R29TQRZHOCCOBI	B000002U8A	Music	5	3
US	RPT36EGE8AVJC	B0000025P9	Music	5	4
US	R2HL48JTZHT41I	B00000JCB2	Music	5	1
US	R2TVIVBS7O5QIF	B0000047CX	Music	5	2
US	R18NA9H1154BT2	B000000OSE	Music	2	4
US	RTOMBH5BAZ9PO	B000002GVO	Music	5	2
US	R1K38B3IAOJE28	B00000F1D3	Music	5	0
US	R1YOBXK8IDUSYI	B00000AFWW	Music	5	2
US	R32T3DTTH1IILD	B00000DGUG	Music	5	0
US	RJGVP8S1IL9YK	B00000IOSU	Music	5	1
US	R1CIWVOQEI1E3O	B000001ZS3	Music	5	0
US	R6XSMNR6TDI74	B000002WCJ	Music	5	0
US	R2HDZR61U3KRZF	B00000IL1K	Music	3	0
US	R218ZG7O83ZQZ6	B000002UAX	Music	4	0
US	R2V22HKVBGAUTR	B000002UYZ	Music	5	0
US	RJL5V7KZXEK33	B000002UB6	Music	2	0
US	R2M3I3Q708JL7I	B00000IQMT	Music	4	0
US	RW7WN1G3K7L2E	B00000BKI4	Music	2	1
US	R3KY53SVZ70IOY	B0000033RY	Music	5	9
US	R3GMK3S1GT16CE	B00000J7SO	Music	5	3
US	R1TZOB6B9X3UG0	B000001Y2U	Music	5	0
US	R1FQQKGZVJDQ0I	B000001E8S	Music	5	2
US	R1J5CIKPUXFZ6G	B000002H6C	Music	5	0
US	R3JIM7B2MHHMIY	B000002AH7	Music	5	0
US	R1C5RFULGE2IJY	B00000J7RZ	Music	4	0
US	R2LILF6NR4CFQN	B00000DFMM	Music	5	0
US	R19ULSHB2K3N45	B000002R0R	Music	5	3
US	R10CV3LF6DHTON	B0000024VP	Music	5	1
US	R38UAOOZZ3FLYG	B000002MG1	Music	5	1
US	R3LKGNS7DCEWRQ	B00000IL1K	Music	3	0
US	RRFYAU8C41VCA	B00000IQMT	Music	5	1
US	R2M5BHK6DF2MWB	B000002VCO	Music	3	0
US	R24APZYJ6YXAXM	B000006ZL4	Music	5	0
US	R3GUJ1JLNEJXA0	B000001ZS3	Music	5	2
US	R2QVP4Q9SORZHF	B000002B30	Music	5	0
US	RGE75RQFEFXVD	B000006OBQ	Music	4	2
US	R3927YWVOZFWZ5	B000004B9S	Music	4	0
US	R3F53Y1H1MH5C8	B000000FG8	Music	1	4
US	ROEK1YXJACRGD	B000002MFN	Music	3	1
US	R38N8Z4TX0LUTD	B000002WYT	Music	5	0
US	R1QE43AWXCZAMB	B000005B0U	Music	5	1
US	RKTP6XJA8G6NY	B000002BFZ	Music	5	0
US	R133JJMRIUYC64	B000002HRE	Music	1	1
US	RO12Q973BF45T	B00000IQMT	Music	5	1
US	R2DAJGAF0AGP64	B000002UAI	Music	5	1
US	R1RKOW4DOSWHKG	B000006NPY	Music	4	0
US	R1TS20ZL0X2JVH	B000002H2H	Music	5	0
US	R3AO6RZQCJT7KM	B000002UAX	Music	5	1
US	R6VHUH7AQEUOH	B00000G28U	Music	1	0
US	RC29W350Z4SPW	B000002KNI	Music	4	0
US	R12CFAKMRRQBXH	B00000099Y	Music	5	0
US	R1TL7EX1C440M	B000002HRE	Music	2	1
US	R211ITOOE2PRAJ	B000001FXR	Music	5	0
US	R1SUKOM1PJDA9Q	B000000993	Music	5	1
US	R3QIF8BEB6JZ0E	B00000HZFH	Music	4	0
US	RISDAZRO4M7G5	B000001ELR	Music	4	1
US	R2JGACWTINCVEG	B000001DTM	Music	5	0
US	R28QWK09AJIGE	B0000025KI	Music	5	3
US	R20OKPBP5QRNZQ	B0000009SM	Music	5	2
US	R1B7NDR8FS2DHV	B000002UAU	Music	5	7
US	R2BWVH19P6A3PC	B000002UXZ	Music	5	0
US	R18URASIQ5MVO	B00000AFFF	Music	5	7
US	R3QYBG7JTOFCF0	B000006NPY	Music	4	0
US	R2N90ISJGT1YST	B000000WJZ	Music	4	0
US	RM1U00QZEOIUP	B000000WA4	Music	5	0
US	R1M20PQTBCN311	B00000DC7L	Music	4	0
US	R1SD20UTBPE8IQ	B0000019HU	Music	5	0
US	RW9ZCEW3OT5BG	B000002KMY	Music	4	0
US	R3G5WFB98YGJ7M	B000002LR6	Music	5	0
US	RDMVTTU0EG3UP	B000002J09	Music	5	0
US	RII4WY2XJAPYM	B000002UDV	Music	2	11
US	RSS8Q7E639B2J	B0000024JN	Music	5	0
US	R10BE6E3YFT9F2	B00000JCB2	Music	5	1
US	R29GCDIAOSG0SQ	B00000J7RZ	Music	5	0
US	RJ1WAS1SQ6YFJ	B00000JCB3	Music	5	0
US	R3V49TKSCJMSQ6	B00000IQMT	Music	5	0
US	R3SPJ2HUXV57BU	B000006NPY	Music	2	0
US	R2EPOUOMYF0KJD	B000003TSP	Music	5	0
US	RWUZVA9LYT1H2	B000001ED1	Music	5	0
US	R3RMSYS0CH4EHL	B000000H64	Music	5	0
US	R2F2OYPQYU6P2N	B000002HPV	Music	5	0
US	RVRZTGZ15FRJW	B000002L9J	Music	5	1
US	RXTFW0LWU024S	B000002HMH	Music	5	1
US	R7TGML8SR9991	B000002BSG	Music	2	1
US	R1VPDT335GNKOO	B000002UAU	Music	5	6
US	RZAXK6OKQUYDC	B000002KNI	Music	5	3
US	R27H1ISR5E07G8	B000002NJS	Music	5	0
US	RCV099LOAGOQG	B000002UB3	Music	5	5
US	R6YOZRY6XDSCM	B000000WCX	Music	5	0
US	R1I3YK2ZZSG9GL	B00000DFRS	Music	3	0
US	RRU2YVCLXC38T	B000002H97	Music	4	0
US	R14FE3SSV9D8M7	B0000009SG	Music	5	2
US	R22TJZ3G9J1J34	B00000F1D3	Music	4	1
US	R2GYV6F4SKGZ4Y	B000002KN8	Music	3	2
US	R3OBL2LE1YTC97	B000009VOL	Music	2	4
US	R2BY1NNFJENQ3S	B000002G6J	Music	5	0
US	RKIB0H0OCEMXC	B000002NFM	Music	5	0
US	RBK3SJVKC8FUK	B000005RFL	Music	5	5
US	R1B42NB9C4E2T0	630242335X	Video	5	0
US	R1GUO0FCY2D9AR	B0000024IE	Music	5	0
US	R1Q0UF8P0YQWG4	B00000IL1K	Music	5	0
US	R3MUR0RA6K69OF	B00000I924	Music	4	0
US	R196X3Y000WEO2	B000002UDV	Music	5	0
US	R3JEQ0FZ5LMQUT	B00000IFWE	Music	5	0
US	RS3W2ZJKVF0Y1	B00000IPAX	Music	5	0
US	R3DWF8B62MF6U6	B00000IQMT	Music	5	0
US	R38V7PMN87045B	B000005JXG	Music	5	5
US	R1GRW8NKYRMZIW	B00000IL1K	Music	4	0
US	R2HZER9U3DT7E3	B000005JA8	Music	5	1
US	R2UA8ERNKJMRRF	B00000F1D3	Music	4	0
US	R2GTG226L5QXPO	B000002UDV	Music	5	2
US	RTJCIPORN9UAF	B000002KXO	Music	5	1
US	R7AC7C3TLGBW1	B000006OAM	Music	5	0
US	R1BIWWB5LALOK0	B000002NIW	Music	5	0
US	R1CHMTSOOBH6X	B0000047CX	Music	4	1
US	RTR56NHESDWEO	B000005RFK	Music	5	0
US	R3FHISE8P0PZ3Q	B00000F1D3	Music	1	0
US	R2JR9Z3QT67JCW	B00000BKDS	Music	5	0
US	R33UBHONBBMC52	B000000WCA	Music	5	0
US	R1A1AVM6AF83CB	B00000IQMT	Music	5	0
US	R16PRECDZNX8G8	B000002LND	Music	5	0
US	RW03XRCHNVETY	B000001DYA	Music	5	1
US	R1BAKHCECO8HEZ	B000002KIT	Music	5	0
US	RJZB720LDUFND	B00000IQMT	Music	3	0
US	R2P6CVSUH9G1BF	B0000026VZ	Music	5	1
US	R1IBFCP9ZMFEB0	B0000027K7	Music	4	4
US	R2IA6U4W5AXYTH	B000002GYW	Music	4	2
US	R1Y385K0SAW736	B000000IUD	Music	5	1
US	R2CKG5J7FQ9ZUV	B000001FQQ	Music	5	2
US	R1SO8K37H92WV9	B000002H72	Music	5	0
US	R3KIAV4EVP28RU	B000002JA8	Music	5	2
US	R3Q1SYN5KNSJHR	B00000IGGA	Music	5	1
US	R3M0OFTHSI68XO	B00000IOSU	Music	4	0
US	R1IOJEBBGC25PF	B000002GXX	Music	5	4
US	R3T1XBN3UTQ0S0	B00000IQMT	Music	4	0
US	R3NQM3PYYY7NYA	B00000AFWW	Music	5	1
US	R21GWLHQS9OGQC	B00000IGGA	Music	5	1
US	R3O1ZYMZCHE30D	B0000024JN	Music	5	0
US	RJGOSKEM3D1LE	B000002P6R	Music	3	1
US	R2DVZ9S4RF5Y6V	B000002AGB	Music	5	1
US	R2N5PRE3XOPWT1	B00000292K	Music	5	3
US	R3TBAPE3SVDOS	B000001EL7	Music	5	1
US	R30QRMMA6JC64T	B000008GS2	Music	5	6
US	R89PADG8863RI	B000002L7G	Music	5	0
US	R1820HSODA7EX9	B000002A3T	Music	5	1
US	R23DQWGTAIHIKE	B00000055E	Music	5	1
US	R2KO4WNEAOTOY	B00000F1D3	Music	5	0
US	R1XV4AHJB89MT7	B000002UEB	Music	5	0
US	R3CR0NC1PP47YO	B00000J7RZ	Music	1	0
US	R1HOXAI6J65J5I	B000002TYX	Music	3	1
US	R38ZSGM3ZOBKPQ	B00000FCBC	Music	5	0
US	R1LFQSK0P58JHL	B00000FCBC	Music	5	0
US	R1WJCAC2LPQAUJ	0792833686	Video DVD	5	0
US	R2F7SSZD1KYABY	B000001DQI	Music	5	0
US	R1C73C1UD78ZU	B000000W6F	Music	4	0
US	R29TDXUSJOHFS9	B00000J8EK	Music	5	0
US	R2R91V7TUIA5RR	B00000IGGA	Music	5	0
US	R11TUXUTWS0A7	B000000OQF	Music	5	0
US	R2LH7NBSLY3B6Y	B00000JCB3	Music	5	0
US	R1PT485SUMDY7H	B000005RFM	Music	5	1
US	RYCJDPC7NY8NX	B000002KMY	Music	4	1
US	R2TUR84OLJ4R34	B000001FA4	Music	5	0
US	R3391YHLBFGC34	B000002BMD	Music	5	0
US	R292B9MT44DFSJ	B000002J2B	Music	5	1
US	RSJS1KN99VIEV	B000009CEM	Music	3	0
US	R2USBMURYUL5C3	B00000ADG2	Music	2	2
US	R6ZWKRNLZMR39	B00000DHRZ	Music	1	0
US	R3842QZWZ9NHXZ	B000001Y2U	Music	4	0
US	R1LRSQ69WKFT6C	B00000IQMT	Music	4	0
US	R2GB95G1ZM0YSD	B00000IJPU	Music	5	1
US	R3GTS3B70HGPTV	B00000IJPU	Music	5	0
US	R3DXM8W9AFYQVE	B000002H97	Music	1	2
US	RNO72R31QAART	B00000IGGA	Music	5	1
US	RWD3FCAKUVKUO	B000002UAX	Music	5	2
US	R36OOGVOBZ9GBH	B000002UAR	Music	5	5
US	R3KUVJHO9AZU6N	B000009CEM	Music	4	0
US	R34HCOIC4LEOCK	B00004S8Q9	Music	4	1
US	R3S810PZI52ZMV	B00000IPAX	Music	5	0
US	R2M6DVTPKU8HHW	B000002MY3	Music	1	5
US	R1SMU7MEP3SONN	B000002GQE	Music	2	3
US	R2C8EV9P572JR4	B000003S5H	Music	1	4
US	R1YXRU7H6JW59Y	B00000IFWE	Music	5	0
US	R1CONAB6MPQ7SA	B00000FCBC	Music	5	0
US	REY7B2UVSGY4N	B000002H2H	Music	5	0
US	R3SFBOXF1LSDFH	B000002OR4	Music	5	1
US	R3VANNWWNZJSA5	B000002UB6	Music	5	0
US	R3F6WAUGABU9L6	B000000W8C	Music	5	0
US	R10FQFQR173QD	B00000BKDZ	Music	5	0
US	R157QJP8PWI485	B00000J6AG	Music	5	0
US	R2BHSIL6VV75VH	B00000I2IY	Music	5	1
US	R2PGCK7M8DJ98M	B000002UV1	Music	5	0
US	REZ79J9S4PDHI	B00000J7RZ	Music	3	0
US	R2V6V32E5DMRX5	B0000025L0	Music	5	2
US	R3I3L2WP1I83HI	B000000OPZ	Music	5	1
US	R37G1E1PZOEC4U	B00000JCB2	Music	5	0
US	R2744ZWJR5TF2E	B000003BEV	Music	3	0
US	R3GNTFJIMHWPD6	B000000W5H	Music	3	4
US	R3UXWPSFWKLQ3X	B00000IL1K	Music	1	4
US	R29S9G7EWTMB1N	B000000H6D	Music	5	1
US	R3A7BEGMERZC18	B000003TAW	Music	5	0
US	R1S9H02GENBKMV	B00000IPAX	Music	5	0
US	R3ESGRXPOT0B57	B00000J7RZ	Music	5	0
US	R2PN3PE452NPY5	B00000IPAX	Music	3	3
US	R3OV09JZOQOHXS	B00000IPAX	Music	5	0
US	R36AR86D4UG2RR	B000007T1M	Music	5	0
US	R3UDBXUP2I0EIM	B000002TQV	Music	5	1
US	R2OJAUW1FG42UE	B000001E7V	Music	5	0
US	R1KK1Z91IOBXVF	B000002VTE	Music	4	2
US	RQ0YKXQKGABHT	B00000AOUD	Music	5	0
US	R1IMB2D3RY1G48	B000002WYT	Music	1	14
US	R39OHQSROR6UC	B00004S8Q9	Music	5	0
US	R3G39T4RTH5L7M	B000002HAJ	Music	5	3
US	R36EHY41WN7I5D	B000002U8G	Music	5	0
US	R3CUIUMB7AD68H	B00000J7RZ	Music	1	0
US	R1B1KJ3U00G0IX	B000002UAX	Music	5	3
US	R2TERCYUI6W83X	B00000099Y	Music	5	0
US	RA12DMQI71BDR	B000002UUX	Music	5	0
US	R3267O4GWHOKLM	B000002L7V	Music	4	1
US	R3K9LIA156JN9S	B00000IP4H	Music	5	1
US	R196VHCAKEVIXZ	B00000J7RZ	Music	5	0
US	R1R3CZOED8NM04	B000002WPI	Music	5	0
US	RUEBBW58MXMEM	B00000IPAX	Music	5	0
US	R3TTRRO8WIKMSM	B0000027RL	Music	5	0
US	R1IZX5MLW82JXA	B000002G26	Music	4	1
US	R1WRIOJK3QA3D0	B000002J09	Music	5	0
US	R1SL116B10M0IK	B000003S5H	Music	5	0
US	R2O7CLZWHYS7LA	B00000J6AG	Music	4	0
US	RVQOH0ZBV1HWV	B00000AFWW	Music	2	0
US	RAHF7CPKM8WGA	B00000099Y	Music	5	0
US	R3K8L915LK1CPO	B00000IL1K	Music	5	0
US	R2MMU24IIBQWV	B00000J6AG	Music	5	0
US	R9CISB95NQ182	B000002J09	Music	5	0
US	R1KN8FSG3GS1P1	B00000J7RZ	Music	5	0
US	R17LPASTPFAIB4	B00000IQMT	Music	5	0
US	R2ZRE6GNP01836	B00000J7RZ	Music	5	0
US	R13SMM4AORPF8X	B00000J7RZ	Music	4	0
US	R2XC08JY16NXU9	B000002G6J	Music	5	1
US	R11OXMSCD7HY3Y	B000002N3N	Music	4	0
US	R3DW202SMRYD8D	B000002J1F	Music	5	0
US	R14G0IEFO6AVRR	B00000IQMT	Music	5	0
US	R2PCZIF8C2JVQJ	B000002UJQ	Music	5	0
US	R1BVHR3IZ3E5AL	B00000IPAX	Music	5	0
US	R12YQVFYD77NPV	B000002NJS	Music	5	0
US	REN6MSC41LEL6	B00000IPAX	Music	5	0
US	R1AIACNDTQZ53L	B00000IQMT	Music	5	0
US	R2L6O772NOLZ8I	B00000IPAX	Music	5	0
US	R1G52D15MA0ZYW	B00000IPAX	Music	5	0
US	R2IGH4O4IY4MJH	B000002C25	Music	5	2
US	R9MNZC8BVL55E	B00000IPAX	Music	5	0
US	R1ZYT69K8RY514	B00000IPAX	Music	5	1
US	R1AJSLAS6JHVXO	B00000HZFP	Music	5	0
US	R3IXH9MK49LBM1	B00000GUZP	Music	3	0
US	R2WLSK70WDYQZ7	B00000IQMT	Music	5	1
US	R1GFV5NW22NVT5	B000006MS3	Music	5	2
US	R2ICTF9LQ58IQJ	B000003TA4	Music	5	0
US	R2KJX78B4Z884E	B0000020C4	Music	5	0
US	R3MI2W7MC73OQN	B000002BSG	Music	1	2
US	RVTVSANEUJSJS	B000002ULO	Music	5	0
US	R34S24IXZGKS5T	B000001F45	Music	5	1
US	RN4WVTWPX7SMR	B00000AFWZ	Music	5	1
US	R23VM16L3RL9YY	B00000IHHM	Music	5	0
US	R27SG9PREYXFNO	B000002U82	Music	4	0
US	RTSLJC8D9JXFW	B000002VDW	Music	2	2
US	R2AHSZAETX17ZO	B000000W5N	Music	5	2
US	R33IZUAF389P17	B00000JCB3	Music	5	0
US	R378X2HCPO0H9P	B000002C1X	Music	3	1
US	R35P6IA53OUNW2	B000002L9J	Music	5	1
US	R361FYTYPF6Q9U	B000000W5L	Music	5	2
US	R16TX09RNCCEWL	B00000BKI4	Music	5	2
US	R3UGVBYXKGR1X0	B000002OZY	Music	5	0
US	R3LSMWQDJ0MOA0	B000002J23	Music	5	0
US	R2EGIQ5IRP95EH	B0000039PW	Music	5	1
US	R2158BMRL3VT61	B00000J6AG	Music	4	0
US	RXYNSNO6WAH6K	B00000J7RZ	Music	5	0
US	R1IGDD759PJGID	B000002UDB	Music	5	0
US	R2JACDGEU3OLCO	B000002GJH	Music	5	1
US	R30D2EL4YY3VD7	B000001F6N	Music	4	18
US	R3EU0EJNK26MKF	B000002UB3	Music	5	5
US	R1P28X1K7HMKDD	B000002J27	Music	5	2
US	R2T8VESIAF4H3Y	B000002H2Z	Music	3	6
US	R1XC8CGKCX4VN	B000002J2B	Music	5	0
US	R3KEDS9HYEABK2	B00000IN91	Music	5	1
US	R34PABMRZVEMWX	B00000IAU3	Music	5	4
US	RP2ZWV5F99ZUG	B00000BKI4	Music	5	0
US	R2BUU2ZYFBTBYR	B000002MUW	Music	3	1
US	R1L9NYWK2A2HHR	B00000FCBC	Music	5	0
US	R8BCEASMO4EGP	B000005EJL	Music	4	3
US	R1QPY1I8MQD20E	B00000IGGA	Music	5	0
US	RE4TZLPRECCUU	B00000JCB2	Music	5	0
US	R2S0EIV4LG3AIX	B000000W5B	Music	5	0
US	R1NI54OR0C514D	B00000IQMT	Music	5	0
US	R1VBS76EWBJVE	B00000DHRZ	Music	2	0
US	R2CQCCT7X3RWEO	B00000IPAX	Music	5	0
US	R3TRJ8ZYNGZZY7	B00000BKDW	Music	4	0
US	R370JAZ222FZVF	B000002IPZ	Music	3	1
US	R2OLPMVI8IDTNQ	B000002LOE	Music	5	1
US	RWSO4ZYE1GZZI	B00000DGUG	Music	4	0
US	RDG4T75QPFO96	B000002BYD	Music	5	0
US	R2481KAQQ7GWCC	B000001EC1	Music	5	0
US	R12TCNTUX5ALT5	B000002HJD	Music	5	1
US	RR2GEEWW9ZEGF	B00000J6AG	Music	5	0
US	R1BK7LGJ9JIMK9	B00000258P	Music	5	0
US	R25MZHYULZGZD0	B000002H3E	Music	5	1
US	R2BJ6UMZHMPU42	0784011214	Video DVD	5	0
US	R14DUSJMN7WIE5	B0000020C4	Music	5	0
US	RNTQZ7QPW007W	B0000047GA	Music	5	43
US	R3JLMRZ5UTFQYV	B000002HH2	Music	5	0
US	RL5076ABY1IBC	B000002L61	Music	4	1
US	R7I1A4XUUUAJV	B00000AFFI	Music	4	2
US	R3JIG3LHD3VKX7	B0000029DD	Music	5	0
US	R3PLAVDMKWB37J	B000002MY3	Music	3	0
US	R1BFP4YAO7X1V9	B000002BMD	Music	5	4
US	R3OZRA5N2IQY4Q	B00000IPAX	Music	5	0
US	R14K3WRPEB65R3	B00000J7RZ	Music	5	0
US	RPFDFGZQE0BHR	B000002L3P	Music	4	1
US	R1ZQ7UHO3K6M6H	B000000OMB	Music	5	0
US	RLE2LTASMDNAU	B000007RV5	Music	5	0
US	R2P5YHZTYWGEW9	B000001IPL	Music	5	0
US	R32YZ6JAGJDZPI	B00000DFTH	Music	4	0
US	R3RWE1MDFMG25X	B000002BUY	Music	5	0
US	R29GTBUDK4REK2	B00000IPAX	Music	5	0
US	R25VA65AUUXHCS	B00000IPAX	Music	4	0
US	R4QV5A8YTOIOV	B000002NJS	Music	5	0
US	R335XRYTS02OAC	B000001EG6	Music	5	4
US	R72AWB4T80K16	B0000025VU	Music	3	5
US	RKK7BBX88UW0W	B00000J7RZ	Music	2	0
US	R1CMXL5WMJY8DU	B000002BPS	Music	5	0
US	R21DWBK2EI5SSI	B0000029LG	Music	5	0
US	R16GBTOHB13GK0	B0000026WD	Music	5	0
US	R1NFNVGQIACXP7	B000009PNY	Music	1	1
US	R2QHG9704UXVDP	B000000JO3	Music	5	0
US	R3TQQ64R8C6FYN	B00000J6AG	Music	5	3
US	R1Y7UBPLSBCG3D	B000001FXT	Music	5	0
US	R2K08RQI8B3YYR	B000002UJQ	Music	5	0
US	R1JAAYO9Q1TU3S	B000001FXX	Music	5	1
US	RS92OCLW0NQ1Q	B000002UA2	Music	4	1
US	R1KF08EI3E3F5Y	B000002TQB	Music	4	0
US	R34R0KV1ZDS6QH	B000002NJS	Music	5	0
US	R3P6D6LUR8UXLR	B00000DGUG	Music	1	0
US	R1U4Z9D48A1W8N	B00000I924	Music	4	1
US	R1KNNXPB2IHGL5	B0000041Z5	Music	5	13
US	R3DTKEAC8009DO	B000002MY3	Music	5	0
US	R1QB7KDVPWIUE4	B00000J7RZ	Music	5	0
US	ROTXQQBX3YGPY	B000006YYW	Music	3	2
US	R33RQN14THC1EO	B00000DGUG	Music	1	1
US	R2VOHJT5RTAYD0	B000005RTG	Music	5	0
US	R25I2BRJBI2494	B00000JCRH	Music	5	0
US	R1Y066JD4X8EJN	B00000IAU3	Music	3	0
US	R2IDOAI3FX08QN	B0000033TE	Music	5	9
US	R2JKCYGX2VINTZ	B000002OX5	Music	5	0
US	R5M29MU53LBVR	B00000FCBC	Music	4	0
US	R1KS2ZB2BBPI44	B000002OX5	Music	5	3
US	RPN7Z945AJ0ND	B000002KC5	Music	5	6
US	R384ADCEQ65JHX	B000002KDM	Music	5	35
US	R1G343SOQX2OT5	B00000J7SS	Music	5	1
US	R2BETW8ZA2R3WT	B000002GQJ	Music	5	0
US	R1TJ1DAXQWDZKE	B000002GQE	Music	4	0
US	R3CWCTAJ867M65	B000002GQL	Music	5	1
US	R26EJ2SR0MF2H3	B000002GQK	Music	5	1
US	RAMVD2YK4N519	B000002GQH	Music	5	0
US	R3BD1D0TWGWSLJ	B000002GQG	Music	3	0
US	R2QVUB9NG3QTQN	B000005RS9	Music	5	6
US	R1ZKM33QY487W3	B00000J7RZ	Music	5	0
US	R16GQL3P5WFMV5	B00000IOSU	Music	5	0
US	R169LWLHJ34341	B000007T1M	Music	5	0
US	R2MJZAK4YMT6QD	B000002568	Music	5	2
US	RS621YHFCI4BA	B00000IPAX	Music	5	0
US	R2YSIFLYY2D0MI	B00000J7RZ	Music	1	0
US	R3JQGMY4BVXIZ5	B00000J7RZ	Music	5	0
US	R2JUY5EGBWH3NZ	B00000DHRZ	Music	4	0
US	R26APCO443UJFW	B000001FS6	Music	5	0
US	R17LTZRXQWE9C6	B00000IAU3	Music	3	0
US	RZTJCIFGACQB1	B000000WA4	Music	5	0
US	RX4NFO39ZWZR1	B0000024RQ	Music	5	3
US	R1UPLMT7NTP3CV	B000002GK1	Music	5	0
US	R2J754I2UZF7LM	B000002H97	Music	5	0
US	R183G2YHCXJJ7A	B00000J7RZ	Music	1	0
US	R32BKB8DSNCLPY	B00000JCB3	Music	5	0
US	R36UU7HNHDXLR7	B00000F1D3	Music	5	0
US	R1EENC2PHLBNLF	B00000BKDZ	Music	5	0
US	RWZ6DT25IB4PD	B00000IAU3	Music	5	1
US	R11VP29SPL555Q	B000004CYT	Music	5	15
US	R7MWE2EOU6OKV	B000001E8P	Music	5	0
US	R2LET4NGHU18YV	B000002HRE	Music	4	0
US	R3RDI2URAWXJVR	B000002HMH	Music	4	0
US	R2U2F66Z82I15L	B00000IPAX	Music	5	0
US	RUZ41OUDW96N1	B000000WZ4	Music	5	1
US	RO1NWX2P5J81D	B000009ED0	Music	5	1
US	R3CRSM5XFQWEIQ	B000001Y42	Music	5	0
US	R1MR1RERZCVW2N	B000002ULO	Music	5	1
US	R42WY2PMSIZS6	B000002H4Q	Music	4	0
US	R3F68Z96EV1SZQ	B000003CKH	Music	5	0
US	R37TKABKWG3I5Q	B000002ADT	Music	5	0
US	R31ANB78G311IH	B0000024YL	Music	5	0
US	R2WI1NCESRVK57	B000001F75	Music	5	19
US	R33J4UNRFWPSDH	B000002UJQ	Music	2	4
US	R1KBOL10EF5W2O	B000002JSN	Music	5	0
US	R26CBBVHUKOV38	B000002GLV	Music	5	2
US	R7F4T7DL69GXI	B00000IPAX	Music	5	0
US	R2X39FJG7CGU8R	B000002UZ1	Music	5	1
US	R15LNE69I10UDK	B000002HPV	Music	5	0
US	R4V8FFSCVWNEU	B000002GYW	Music	5	3
US	R151HREU173GQW	B000002UV9	Music	5	0
US	R3GPK9RWSJWXYV	B000002UJQ	Music	5	0
US	R3EH1HV1M0GLE4	B000000H57	Music	4	0
US	R3CATRI75CENMM	B00000IQMT	Music	2	0
US	R3EIPVZAP316ID	B0000019PA	Music	5	0
US	R2EWX6M1ZH1TJQ	B00000IPAX	Music	5	0
US	RF7KP4A232TKO	B00000J7JO	Music	2	3
US	R6P6RRQWXMTIO	B00000J6AG	Music	5	0
US	R20T96XES6SG9L	B000000OTU	Music	5	0
US	R2PH41X1A6AULV	B00000IOSU	Music	5	0
US	RVGNOMHEWAXXQ	B000002BMD	Music	5	1
US	RM79EIDHX4N7V	B00000IL1K	Music	1	6
US	RZKYE9Q2YCWVR	B000001A5X	Music	5	0
US	R2F611U8363X06	B000002KFJ	Music	5	0
US	RT8I5YYD33GEA	B00000IOSU	Music	5	0
US	R2GNYN7TB6GN46	B000005C1B	Music	5	6
US	REI3Q8VH5RNWV	B0000060NA	Music	5	4
US	R1JSUI02HD3VJS	B000006U44	Music	3	1
US	RHOSM1FFZR3HF	B000002C1X	Music	5	0
US	R13IHKJWBTADMS	B00000J7JO	Music	5	0
US	R22A4PHOAGYP7L	B00000IAU3	Music	5	1
US	R3QUVY6L7BZ0JP	B000001ELP	Music	4	0
US	R3A0OKHYN6V995	B000002UB3	Music	5	4
US	R7IEAFE31AA50	B000009CEM	Music	5	0
US	R2GL4DI2OFM91Y	B000002J09	Music	4	0
US	R294N2TMIDTMI5	B000000WCV	Music	5	0
US	RP4B9GY40UGN8	B000007T1M	Music	1	2
US	RUA8180K3ZF94	6304994540	Video	5	0
US	R3M264SI9TG9K2	B000002NAK	Music	5	0
US	R2JFAY10CW1TLN	B000001GQJ	Music	5	57
US	RFB02KRVQQSDK	6304117752	Video	5	0
US	R2V1GY76QVHBKF	B00000DR5I	Music	5	39
US	RQ5FC50U17Z8Z	B00000J7S8	Music	5	1
US	R344FTINJ5KINT	B000002BMD	Music	4	1
US	RNCOLFTZ5BU29	B00000J7S8	Music	5	1
US	RAMRGGGWBTO3O	B00000J7RZ	Music	5	0
US	R126I7MQT6QDSS	B00000JCB2	Music	5	0
US	R2825X4LG7SMTQ	B000002UAX	Music	5	1
US	RD73KMO6WG0QV	B00000J7JO	Music	5	0
US	R2VM8T47ROPO86	B00000J7RZ	Music	3	0
US	R30C0JUILVZFW1	B000002TYX	Music	4	0
US	R27WA9OK8V3VQL	B00000J7RZ	Music	4	0
US	R5OZEV95V3LE3	B00000IPAX	Music	5	0
US	RHOO5QKOUARN1	B000002BE9	Music	5	6
US	RD93XEU96ZJ4X	B00000AFFF	Music	2	3
US	R3D35M3KWJTFAU	B000002UAX	Music	5	0
US	R2Y9BWKNWGMZS4	B00000I2UE	Music	4	0
US	R3EEWU0YVL9H25	B00000IAU3	Music	4	0
US	R8P80Z6U9S2NN	B000002AS3	Music	5	2
US	R2P31MWUHB6W73	B00000251N	Music	5	33
US	R1XQ9WXMGULZI0	B00000IPAX	Music	3	0
US	R7QGNSP7QXX93	B0000027RL	Music	5	0
US	R3DFGLCAY17XKG	B000002BFZ	Music	1	4
US	R1YSBXAXJCV1WK	B0000025RI	Music	4	0
US	RK0GUV616FJ48	B0000028UK	Music	4	0
US	R3I1QDHP830AGE	B000000OQF	Music	5	0
US	R1K9OYTDLO6WPJ	B000005B0U	Music	4	13
US	R4KVHKSQ67DTW	B000002KHF	Music	5	1
US	R1I7A524VCNWLX	B000002UDV	Music	4	0
US	R391EMH7YY0VA5	B000000OSE	Music	2	3
US	RND6ON3JEU13F	B000000W5L	Music	5	1
US	R3PESM0IFPUE4M	B0000025F7	Music	5	0
US	R1D0QQIOJV31DA	B00000HZFH	Music	5	0
US	RFC65AQJ8JFD8	B000001FY9	Music	5	0
US	R3CZ66B108WMQP	B000002I2G	Music	3	0
US	R1N4GG0X5P2Y7M	B000005ITX	Music	5	1
US	R33DQJKWQU8V93	B00000IOSU	Music	5	0
US	R3E4KUXYDTMYAU	B000005JA8	Music	5	3
US	R1B8T05V5UXY1S	B000002MZ9	Music	5	2
US	R3BFT2CO5Q8DBR	B00000HZFH	Music	5	0
US	R2EJBT397O4LVG	B000003TA4	Music	4	0
US	RL3BKNKKHU065	B00000JCB3	Music	5	0
US	R24LY3BXK4N8YB	B000007S5B	Music	5	0
US	RWZ4VHZWIW7SN	B000003TA4	Music	5	0
US	R3OSO8FDAO64FP	B000001EAQ	Music	5	0
US	R2CERL77L241X	B000002H38	Music	5	2
US	RVBORGT9RO6VG	B00000DQSZ	Music	5	7
US	R2F361MZP12JKR	B000002WYT	Music	5	0
US	R1RB3CHEDG12V5	B00000253N	Music	5	1
US	REMT11TPKQ4YF	B000005ITX	Music	5	2
US	R2K64WPTPAJJ8S	B00000J7JO	Music	5	0
US	R1Q4S5KNOCAI5S	B00000J7RZ	Music	2	0
US	R22KLWAM82CDIF	B000002TPS	Music	1	0
US	RN7Q74FA6KR0K	B000000OF6	Music	4	0
US	R2T5HCRMWAWZG	B000002H33	Music	5	1
US	R2TJJ7ICY4YQAG	B0000028RR	Music	5	0
US	R2N29L7YBG8MK	B00000IQMT	Music	5	0
US	R35GFU8BJM3B75	B000002J1O	Music	5	1
US	RIMG0KZW3QICP	B00000J7J4	Music	5	0
US	R345EPVQUTMMQ1	B00000JCB2	Music	5	0
US	RLUET7FZVIQU3	B000005ITX	Music	5	0
US	R1LUK5BLRX4LZ5	B000000QG8	Music	5	0
US	R3AR5IZAFZDG2	B000002VTE	Music	5	1
US	R39HR0BLGKEA5Z	B000002UW1	Music	5	0
US	R1IIO8BM1M2KR3	B000002UA5	Music	5	0
US	R1PUZDVEMH1PQN	B0000033P0	Music	5	0
US	R3BNF5ZM4OKUMT	B000002H6C	Music	5	0
US	R3MN9GAZ0YP0SB	B0000027F8	Music	4	0
US	R34OFS4HMZ5EUS	B000007RV5	Music	5	0
US	R2KIDV99FWIZSS	B00000IQMT	Music	3	0
US	R1H2LM5NF2KB55	B00000JBEI	Music	5	0
US	R1EKH2R292993	B0000004UB	Music	5	3
US	R3B4ZU97QW9RP4	B0000028SR	Music	5	2
US	RXQBC082WUS7O	B000005IU1	Music	5	2
US	R3DX7IEUGLD2HP	B000002AP1	Music	5	1
US	R3IPIPEV508KXU	B000002KIE	Music	1	4
US	R2ZKGZGMWNBLTR	B0000029J5	Music	5	0
US	R18M6CU953WFKG	B000003RCY	Music	1	0
US	R2S3Y8QHZXSCD4	B000002C2E	Music	4	0
US	RJBT6Q0MIBSY	B000000OUJ	Music	5	0
US	R3C92OQCV4K0GE	B000001F2E	Music	5	0
US	R2RZ6S6BV20F	B000002LAC	Music	5	1
US	R1SACQVO0G90LF	B000002C1X	Music	5	0
US	RK9D4K5CXV839	B000002UC5	Music	5	9
US	RQ94BB4K3M0BP	B00000DRA9	Music	5	2
US	R170O21BFN0HDC	B000002P5W	Music	5	4
US	RW5PT2X93UUGI	B00000DLV1	Music	5	0
US	R1KITWVVRFGPFL	B00000HZFH	Music	5	1
US	R5E4MP86FQILY	B000002NJS	Music	5	0
US	R16PEFUPI2SS6W	B000002MP2	Music	5	0
US	R1JQWW1U7KVMLB	B000002LR6	Music	5	1
US	R6X0K14Y7XP9R	B000000H4A	Music	4	0
US	RQ9E50GBTQTAE	B000002KC5	Music	5	0
US	R3BE422MLDU9V	B00000J7JO	Music	5	0
US	R3HP7T88L2JV3E	B000002USN	Music	2	0
US	R1DMEDIVSPZGJF	B000006OBQ	Music	5	1
US	R1R9RANUTP49SW	B00000J7JO	Music	5	0
US	R2B1UHOHY5N63W	B000002U84	Music	5	0
US	R2Q94TQL8W6ZWQ	B000002B7U	Music	5	1
US	R3JV1TK37CGL15	B00000IL1K	Music	5	0
US	RZZ1W5WWTIK7L	B000003H3M	Music	5	0
US	R32N0KI42VMV2Y	B000002H4Q	Music	5	0
US	R3C0KRBGSM94PC	B00000J7JO	Music	4	0
US	R129NC063YMKCH	B00000F1D3	Music	3	0
US	R1039NERM9I2BF	B00000J7S8	Music	5	1
US	R2EF46MJCIZODI	B000001IPL	Music	5	0
US	RWMJY3LCNNNR2	B000002I2G	Music	2	1
US	R2E34MEHG1UTG3	B00000J7J7	Music	5	12
US	R2EYEBJY0FT9W7	B000002MIF	Music	5	0
US	R1MZD14WM7B7RU	B00000J7S8	Music	5	1
US	R3BX98BL92ND3H	B000002L9J	Music	5	0
US	R1YQTJWYP3OGR1	6304117752	Video	5	0
US	R2KBJHJQVE0K3E	B00000J7JO	Music	5	0
US	R3IM41E7ZDISV	B00000AFHM	Music	2	0
US	RO02Q93MX058I	B000002U9E	Music	1	4
US	RFBAB07JSY1HE	B000002ULS	Music	1	3
US	RTIT2FXQ7PZBP	B000001Y2U	Music	5	0
US	R1A31DR23VAUZD	B00000J7JO	Music	3	0
US	R3HGE0NRX0QV14	B000003S09	Music	3	6
US	R4BOX166WUQBL	B000001ELP	Music	4	0
US	R1AHCCKZOMTFRB	B000002UAX	Music	5	0
US	R1MPPNZ8FCWAU5	B00000J7S8	Music	5	0
US	R8REVAGMPMY74	B00000J7JO	Music	5	0
US	RAU7FPF3KCXC1	B00000IOSU	Music	5	0
US	R15L6DX06JD9RZ	B00000J7JO	Music	5	0
US	R232Z0I3KQJHTL	B000002KIT	Music	5	0
US	R20BAGWTD6APQG	B000002HRE	Music	2	0
US	R31PKB8P9ABA8M	0792151712	Video	2	0
US	R118IV7JRUDJC7	B000002TWN	Music	5	0
US	R3AHWGGVF7V68Z	B00000JCB2	Music	5	0
US	R3UFZR13YGLZB8	B00000J7JO	Music	5	0
US	R3Q7T5IT8OPIX9	B000002TQV	Music	5	0
US	R1E2QWUI8XHZ	B00000J7RZ	Music	2	0
US	R205SJR05PNYVT	B00000099Y	Music	5	0
US	R345BZI2CN17T4	B000002GLV	Music	5	2
US	R3F6CRLNVGTAP4	B000002UB3	Music	5	6
US	R20B8BABZSI2BR	B000001Y42	Music	5	0
US	RNKY540EPG5W9	B00000JCB2	Music	5	0
US	R3RUWP9SX5TQI	B000001DTM	Music	5	2
US	R2YH9YDEW6LDXJ	B00000J7JO	Music	4	0
US	R1RHGUQZRAT2V1	B00000DHRZ	Music	5	0
US	R10C3H37FR7P6X	B00000JG41	Music	5	0
US	RJILIN6XLUAN4	B000002VTE	Music	5	1
US	R2SPX8PWHJ88M2	6304117752	Video	5	0
US	R224PA66H4G0IP	B00000J7S8	Music	5	1
US	R3MD3F0ZR9IVHM	B00000JCRH	Music	5	0
US	RZ5IRY28Y6H7M	B00000IPAX	Music	5	0
US	R3E0N2WXUWOU5E	B000002GEV	Music	5	18
US	R3AOPX6XZ8GOUT	B000009ED0	Music	4	1
US	R2S9PCLSJIKMF2	B0000024K1	Music	5	0
US	R12GNYCARDJLKH	B00000J7S8	Music	5	0
US	R2KY2ULOMPXL12	B000002BSG	Music	5	1
US	R3N03AKY2BJI9X	B000002U9E	Music	5	1
US	R2EHROK8RV6Z88	B00000613T	Music	5	9
US	RAIK7623CT5UB	B0000024JN	Music	5	0
US	RG5C8W0DLVV2J	B00000IPAX	Music	5	0
US	R12BA0B4MZYOO7	B00000J7JO	Music	4	0
US	R3RIONP88ECFSP	B00000J7JO	Music	5	0
US	RTRRQXPNU9NOE	B000002UA5	Music	5	0
US	R1ZQ9VULVCL8W0	B000000OSW	Music	5	4
US	R32WGESTSQDGA7	B0000026WD	Music	5	0
US	R23NA3479151FM	B000006O7C	Music	5	0
US	R28C39V2HEPY4B	B00000BKDS	Music	5	0
US	R23X8HP60KS61V	B000001E21	Music	5	0
US	R7DO2QUXQWNLF	B000005H55	Music	1	21
US	R1IW1KU7KIOFIH	B00000J7JO	Music	4	0
US	R3KSV4XJV7C4FR	B000002UAX	Music	5	1
US	R4X1VK33ENB6H	B00000IL1K	Music	5	0
US	R2TEB91S4N7G9E	B00000DCHE	Music	5	4
US	R3EB68CHVG19GH	B00000IPAX	Music	5	0
US	R2TJUGBB8DMYLB	B000002UR7	Music	4	2
US	R9TFMI01QA937	B000002HRE	Music	3	0
US	RI5DXQEEOF8EI	B00000J8EK	Music	5	0
US	R322UVXB9189XK	B000002H97	Music	5	0
US	R2NPW9GWUYLVWU	B000002IOW	Music	1	3
US	R3F483PXHVVO26	B000009VOL	Music	4	17
US	R2K1QYVTEBXM37	6304117752	Video	5	0
US	RDQKFHZQGQLPV	B0000070SN	Music	5	5
US	R4I8MB4DHMI14	B00000DFRS	Music	3	0
US	R1WL11Z6U5QYGJ	B00000J7RZ	Music	4	0
US	RSPBW4GVMDR7L	B000002LCK	Music	5	0
US	R1TMYHHYBRGKKN	B00000J7JO	Music	5	0
US	R3IJX02RE4FZ0A	B000002UEB	Music	5	0
US	R1ZGUVZO0HAC3T	B000002HPT	Music	2	4
US	R1IBWPKSBVAHRL	B000002W4V	Music	2	6
US	RL4C54SYQ95OW	B00000IOSU	Music	5	0
US	RXS4VOH3U5F1V	B000002H70	Music	5	2
US	R2WKL2FNGUXDNG	B00000J7S8	Music	5	1
US	RPDDI94DE7UQU	B000003TA4	Music	4	0
US	R1LDWURQPTDOSR	B000002HRE	Music	1	1
US	RCZKQMRB8NH4O	0792839625	Video	2	2
US	R2I1BA56ACJNJ1	B000002UAX	Music	3	0
US	R2LC866HCJBG3N	B00000AF98	Music	4	3
US	RQ3LE10M7S5UF	B000002KHH	Music	5	0
US	R2CI2YUK4X9ED4	B000002J09	Music	5	1
US	R21KP91REB70H4	B000002KNU	Music	5	1
US	R2NN00GNJLBYKU	B000002L9M	Music	5	2
US	R2N8R3JDSC3ZF1	B00000J7JO	Music	4	0
US	R304BGSGBYTTBL	B00000DMJF	Music	5	0
US	R2SGY7HCUZR2JT	B000001IPL	Music	5	0
US	R2EUSGX35E8WNH	B00000J7JO	Music	2	2
US	R68HNDM6S09HL	B00000DHRZ	Music	5	0
US	R2SX9GYZHYVA3D	B00000255X	Music	5	0
US	RJ4FIA4FQ1Y3N	B00000HYTW	Music	5	0
US	R3T8SWQNGOSSQ6	B00000HYXB	Music	3	0
US	R17LR340XJY4Y6	B00000J7RZ	Music	3	0
US	RLG306FUK9NSQ	B0000024IE	Music	5	1
US	RS8WJWPXM3KA4	B000002KBH	Music	5	0
US	R2NLEVYCEJSLSM	B00000J7JO	Music	5	3
US	R2A8J76S54YE61	B000002UTT	Music	5	4
US	R1O2CMIFBGZAQ3	B00000GAIW	Music	5	1
US	R387704CGP9CC7	B0000009OP	Music	5	0
US	R40NVZQ5HX6EO	B0000025RI	Music	5	0
US	R3N8O6AR88ZM9P	B0000004F9	Music	5	25
US	RFSLM6MXI1LX6	B0000041TD	Music	5	1
US	R1HQZ9EVMX0EK1	B00000J7S8	Music	5	1
US	R2CQTSIAF23DUR	B00000J7JO	Music	4	0
US	R1KJZKBC4TSOIY	B00000IQMT	Music	4	0
US	R3F40SUVATFJ5	B000002JAX	Music	5	32
US	R1S1DJN0BEZU5B	B0000025SB	Music	4	4
US	R2A6UJLEEUPJ2Y	B00000FYIL	Music	5	0
US	R3JI6KGRWWBQ5T	B00000IIXH	Music	5	1
US	R7N086Y8ARA3R	B000002KIE	Music	5	0
US	R28GH7B8UE8LAQ	B00000F1D3	Music	5	0
US	RTP8FIQDITJT2	B00000IPAX	Music	5	0
US	R4C0YWIMNMMQ7	B000001Y42	Music	5	0
US	R1CFZVIG6AOMXB	B000001E7L	Music	5	0
US	R1H0YOB8ZAD32W	B000005S0I	Music	4	1
US	R34MY22BIX4143	B000002BSG	Music	5	0
US	R15O76BFYFZNQI	B00000J7JO	Music	5	0
US	R6QMIS5NUKT4F	B000002UZ6	Music	3	2
US	R2F3SN9OV6DUV0	B000002GQE	Music	4	0
US	R1ELQEGU8P4S42	B000002NIW	Music	5	0
US	R1GO0B0Y6Z9IU4	B000002UAU	Music	5	6
US	R102GIY875HGZV	B0000087QO	Music	4	2
US	R21POPDQDS11CP	B00000J7S8	Music	5	0
US	R23X4XS0XKQUMG	B000002A3T	Music	5	0
US	R30Y1RU91LO6CW	B000002V1D	Music	5	1
US	R1OIM4V0NFZFYS	B00000AFWW	Music	5	1
US	R33HUX2L4KV0VT	B00000J7RZ	Music	5	0
US	R2RNETFYTANEF8	B00000DQSS	Music	5	0
US	RKLPQ9D0CCEVS	B00000DHRZ	Music	5	0
US	R13WVK4C9EIXNL	B000002J09	Music	5	0
US	R1LA9KL46GSI3D	B00000DHZJ	Music	5	1
US	R29P3MN312FOTM	B0000000LI	Music	5	0
US	R1D8H2A30MOGMN	6305320802	Video DVD	4	4
US	RL5E2R08ZQE4E	B00000J7S8	Music	5	0
US	R27NQ6MDUZDQSU	B0000067L2	Music	5	7
US	R1ZH22SS0VCIXT	B000004286	Music	5	0
US	R8JOXQJOV12NT	B000000WFU	Music	1	7
US	R82JUXWLYLZ4	B00000AFGM	Music	5	0
US	R3181BPEAXTM9P	B00000JCB2	Music	5	0
US	R2M1C4EVK2FQFK	B00000IL31	Music	5	3
US	R1OBGCBQQ8QG8K	B0000026NC	Music	5	1
US	R272XF3F1IY9VP	B000000OAL	Music	5	4
US	RWRI6M2Q3NRUG	B00000J6AG	Music	3	0
US	R1WCGL469FL1ZC	B000002N2P	Music	5	1
US	R2WJ3N7C7WMZNX	B000002MP2	Music	4	0
US	R2I459ILVP5JBY	B00000AFFF	Music	4	1
US	R3OZ1WPZTLYZ54	B000001FDK	Music	5	0
US	R2D309VEXFQUER	B000002HHB	Music	1	3
US	R1C3I02XJLIT7W	B000002G30	Music	4	3
US	R3F40VXTK2D5V3	B000001ES4	Music	5	0
US	R31FF4R1I3UF6G	B00000IOSU	Music	5	0
US	R3EFXJ8ETABDBT	B000002LGQ	Music	5	0
US	R2N2A22ZAV7BAN	B00000J7S8	Music	4	0
US	RVTXT0P92W5N9	B000006ZDQ	Music	5	0
US	R3JDXHYFSR9Y7E	B000002HPV	Music	5	1
US	R3A576NYKMAGX	B00000J7RZ	Music	1	0
US	R1MHK6M0030Q2V	B000002UZ4	Music	5	1
US	R13IUL1I9M3X95	B000002UB3	Music	5	5
US	R1Q6B4FGWLILPV	B000005Z0E	Music	5	0
US	RGTEN06X3XDOE	B000002KGT	Music	5	0
US	R24Y2JX4A5LK0O	B000001DVD	Music	5	2
US	RR7Z17SYM26VS	B00000J7JO	Music	4	0
US	RRB56DX8I0875	B000005KC1	Music	5	1
US	RI9BAG9VY41XL	B000002ZM3	Music	5	5
US	R2RTZYV11IF7J3	B00000FDHG	Music	5	9
US	R2V5Q9G6XCDV35	B00000I0XW	Music	5	0
US	R1YTDQR9L9J1ZV	B00000J7S8	Music	4	0
US	R3A9BOY8O7CJ0L	B000003PWZ	Music	5	11
US	R32V2DRGEJWSL9	B000006NPY	Music	3	1
US	RSOJF6G1T5EGW	B0000057C5	Music	5	0
US	R1XBPIL51PUX8N	B000006OAM	Music	5	0
US	R2K30YSNUPI3X0	B000002HRE	Music	2	4
US	R24SLUIS3ASP6X	B00000JCB2	Music	5	0
US	RHTX6YX708DB0	B00000BKDW	Music	4	0
US	R1QOEJMJJYXVH3	B00000BKDV	Music	5	1
US	RWSPAU20HYV0Z	B000000H5K	Music	5	0
US	RGVEATO1E1HYR	B0000062S0	Music	5	1
US	R76YV6K7NN4BC	B00000J7S8	Music	5	1
US	R1XDWTOGXONPNU	B000002J20	Music	5	5
US	R2VKZEMLGTLB17	B000003CKH	Music	5	0
US	R2UN71B4VIDW0B	B000003S09	Music	5	0
US	R38RXPK833L79F	B000002AH1	Music	5	2
US	R2J7C5NPIBA5FH	B000003TAR	Music	5	0
US	R237JO8EJSSSGC	B000003TA4	Music	5	0
US	R14JDSWG7XG9E2	B000002NJS	Music	5	0
US	RZ0JFZZDMPE0M	B0000035E7	Music	5	0
US	R34D3N9ZERS9O7	B000002HRE	Music	4	1
US	R3G5F50157XKZU	B000006OBQ	Music	5	0
US	R3VSFRQS311JB6	B000003TAB	Music	5	0
US	RS3A90SBZU1OP	B000002R4R	Music	5	3
US	R1HOEXNVM9R1ZQ	B00000F1D3	Music	5	0
US	R171J29C6DSRVS	B00000IL1K	Music	5	0
US	R26GKK5S7V4I1N	B000002UAX	Music	5	0
US	R3IHMK45VLGRS3	B000002J1I	Music	2	1
US	R44U9QLY5Q18T	B000002GBD	Music	4	8
US	R3CEE202K79B3	B000002WYT	Music	5	0
US	R10RU9ZA8R894	B000001C6M	Music	5	0
US	R37OH94PDB28OF	B000002KBH	Music	5	0
US	R37BO0X3HXTESY	B0000019PA	Music	5	1
US	R35QTE3RCD5ZFY	B000003YNH	Music	5	7
US	R3303Y8BIY60QP	B000002HO3	Music	5	0
US	R4REUI4ZDLSFN	B00000ADG2	Music	2	0
US	RRVVKAHNKWPIE	B00000DHRX	Music	5	0
US	R2CX05IYFTC8F8	B00000DHRX	Music	5	1
US	R38GJ0QUHVWFMR	B00000J7JO	Music	5	0
US	R2XH0SVK3NFNGH	B0000020C4	Music	5	3
US	RDPJW5CYY5LSP	B00000ADG2	Music	5	0
US	R203ZWUD2BDYLW	B00000BKDZ	Music	4	0
US	R3M2MAYCOAWI03	B000002U82	Music	5	0
US	R5GTKT0OQ8QO9	B000002R0R	Music	3	4
US	R3GLZ384KS3LD	B00000F14B	Video DVD	1	2
US	R17YIGM9ENH65Y	B00000I8BX	Music	5	0
US	R3OJOT8X860SGM	B000001EAQ	Music	4	0
US	RPI9UR4GDQH93	B000002JKA	Music	5	0
US	R1746H3Y9GTEUW	B0000028RR	Music	5	0
US	R1OW195C06RE6B	B00000DRA9	Music	5	0
US	R3NC1DFDTCSIJS	B00000J7JO	Music	5	0
US	R2TST74OU74BTZ	B00000J7JO	Music	4	0
US	R3DZ3R95FQQYZK	B0000025HU	Music	5	0
US	R3O93J863Y0H85	B00000J6AG	Music	5	0
US	RC0HV0GHGFV02	B000002MFQ	Music	2	3
US	R301B3BL0335SP	B000002TIK	Music	5	0
US	R11C6DUAN4H79J	B00000721B	Music	5	1
US	R2X6B7RYO3AC6C	B000002IVF	Music	3	3
US	R1TB8PHSX7SWTR	B000002KBA	Music	5	0
US	R1H8M2HVSSBTRW	B00000DBXL	Music	5	68
US	R2W3PHRC028RZW	B00000J7JO	Music	5	0
US	R26Y8IL0QL7RUZ	B00000DHRZ	Music	3	0
US	R1JJKZWNZ55EGI	B0000025D0	Music	5	1
US	R3P8LMGWUKCISF	B0000026WD	Music	4	0
US	R3TVLY62LTLQ1D	B000002MG1	Music	5	1
US	R1BQ6JGK2JP9JB	B00000IL1K	Music	1	4
US	R1JHKGHQDIO2B6	B00000DRA9	Music	5	0
US	R32V1459DI72MK	B000003BEV	Music	4	0
US	R16TSW0XRDHXGK	B000002UDB	Music	5	1
US	R31XW0TX5KP2O0	B000002UJQ	Music	5	0
US	R2NCR8DWID825Q	B000002UAX	Music	5	0
US	R3U29XS06MISU2	B00000J7JO	Music	3	0
US	R3J16MI8VY8Y9C	B00000IOSU	Music	5	0
US	R319EBPR96RSXQ	B00000DHRZ	Music	5	0
US	R2JXNK4R6680JD	B00000J6AG	Music	1	3
US	RHH5H2KGF98KS	B000002G6J	Music	5	2
US	R36L0HORO3TOK	B0000025SB	Music	5	2
US	R3TUNH04UL6ENH	B0000041ZT	Music	5	20
US	R1Q2HT46OLQZBF	B000007T1M	Music	5	0
US	R27MNTQ9AA2M83	B000001DYD	Music	5	0
US	R112L444UEQ8HS	B00000IQMT	Music	1	0
US	R93QZR4BKQPAD	B00000IGGA	Music	5	1
US	R1TF9PW3YBEK3S	B000002L9J	Music	5	1
US	R196FU8W4TOPQO	B00000J7RZ	Music	3	0
US	R1JEEHYBQS06NI	B0000004V2	Music	5	0
US	RSWT7X5C8NZZO	B00000IOSU	Music	5	0
US	R1W0FDPRC7S67U	B000005S37	Music	5	0
US	RS5XB29B2L35D	B000003TA4	Music	4	0
US	R1S3R5LMKKQF34	B000000FG8	Music	5	0
US	R3I3DPGDJMHSO7	B000001IPL	Music	5	0
US	RQLC20YR25Z9D	B000002HMH	Music	4	0
US	R2N9U9NRLNJZ7Q	B000001ABD	Music	5	0
US	R1FG2QFYN2TWC8	B000002JSJ	Music	4	0
US	RUH643ABVRSU5	B00000IGGA	Music	4	1
US	R3UWUV15NJZHZ6	B000002J03	Music	5	1
US	R3QAU6DFYJETCD	B000002P5R	Music	2	4
US	RMRMXIH26CKTW	B000002KIE	Music	5	1
US	R3OVYPKMXX84TT	B000002MUQ	Music	4	0
US	R2KZBMYPOKQV39	B00000J7S8	Music	5	2
US	R2BKHPBWBO1QLN	B000002AH1	Music	5	1
US	R1XHLNQKE6NF9M	B000000WJZ	Music	5	0
US	R1X8FRT7U33F2I	B000001EAQ	Music	5	0
US	R25165W6NJUATX	B000002AHM	Music	5	0
US	R18N7TUH3XTF31	B00000JCB2	Music	1	0
US	R2CWIR4SQF4GRU	B000001E18	Music	3	1
US	R39S1JY4AHBSM4	B000001EAQ	Music	2	2
US	R2TGZP0VPIJRC1	B00000J7JO	Music	3	0
US	R3QOF2248LI3Y6	B00000IL1K	Music	5	0
US	R1RF74J7ZSUZAF	B00000J7S8	Music	5	0
US	RY5MJS2DXQRHH	B000005J56	Music	5	0
US	R1UN85UFOIBKL5	B00000I9MK	Music	5	0
US	R2XCW6KAFK0IF	B00000IOSU	Music	5	0
US	R3TJ31E5XII4EV	B000001FA4	Music	5	2
US	RMD8N395YL8DF	B000002UA2	Music	1	9
US	RVY1N8XRZK42S	B000002BVN	Music	5	1
US	R3V3N3V9P2PZJZ	B00000IAU3	Music	5	1
US	RBVMB4FLRMVVS	B000000OE7	Music	4	1
US	RLTOS8IV7IJNI	B00000J631	Music	3	1
US	R3RUDZPFX94M4P	B00000F1D3	Music	5	0
US	RKAMQ4GHZCB9O	B00000IL1K	Music	5	0
US	R2DVXPJNMWXJHN	B0000024SD	Music	5	0
US	R3AT3YN467YC0R	B00000JCB3	Music	5	0
US	R2HSJKKA3EULVC	B00000IOSU	Music	5	0
US	R29BG6P82IM7JM	B000002LGQ	Music	5	0
US	R713Q9SZLHE8I	B000002KHH	Music	5	0
US	R3L6URDVZ304O6	B00000J7S8	Music	5	1
US	R3RT0ZEE4LPE2N	B00000IOSU	Music	5	0
US	R3C2JNXV831MO6	B000002J20	Music	5	4
US	R26PPP9MZ87HZH	B00000IJPU	Music	5	0
US	R2Z33S782UUO5C	B0000067L3	Music	5	6
US	RNRT4TAML5VSY	B00000J7S8	Music	4	0
US	R3SSU73WO2DCMD	B000002JS8	Music	5	1
US	R3CUHWYP1UM91N	B000002NHN	Music	5	1
US	R291JVTAOJ1LS	B000002JSZ	Music	5	3
US	R3FTMPRV0658OR	B00000J7S8	Music	5	1
US	R4E3382GYXAEF	B000002W5J	Music	3	2
US	RQ2UAQ8RX6J0T	B00000J7J4	Music	5	0
US	R2I7JXNTDRR9K6	B000000H5K	Music	5	0
US	R3615VD2Z8P6K	B000002NHN	Music	5	0
US	R1RSJUT2AR51TU	B00000J8EK	Music	5	0
US	R3UC4CTE43GB6A	B00000IOSU	Music	5	0
US	R2BZ9ALKW9BL1W	B00000J7J4	Music	4	0
US	R3AKRD7BSN5GI0	B00000IOSU	Music	1	1
US	R8RS3ZOAI3BUF	B00000JCB2	Music	5	0
US	R2P359E2L5R1Y1	B000002ULS	Music	4	1
US	R16DWNCMB2AGI	B000002LGQ	Music	2	1
US	R1ZEMTQNHJ7921	B000002LK1	Music	3	6
US	R1598F7AA2ZBBJ	B000002KXO	Music	5	0
US	RS14D2CSTOO0Y	B000002AQQ	Music	5	0
US	R27BUAFYJLER0B	B000000WCA	Music	1	8
US	R1YQX6GIM8OK9E	B000002BE9	Music	3	0
US	R1NPHUN54BQGR8	B00000JFSL	Music	5	0
US	R2T2117ZZKUVBR	B0000025LS	Music	4	0
US	RL70654519U8Q	B00000J7I3	Music	5	2
US	R2LBB2C0BCOB91	B000000W6R	Music	5	1
US	R3KLDQFNY6VSJD	B00000IOSU	Music	3	0
US	R16EPR3KBK1Q8D	B000003TA4	Music	5	0
US	RFX0ISRVNGPPP	B000000YBQ	Music	5	2
US	R3BJL2MMER8CQ	B00000J8EK	Music	5	0
US	RHD6Z6HJFUIKH	B00000IQMT	Music	5	0
US	R3LN0VRELO7LXC	B000002GY9	Music	5	3
US	R2VGAEXNBCR486	B000006OAM	Music	5	0
US	R1HWV9ZP8EAZAB	B000001E7V	Music	5	0
US	R307DLLMHYK50I	B00000J7JO	Music	1	3
US	RHBVKZ84EIB3R	B000003S0P	Music	5	92
US	RPXBNCOM19S5P	B000002O1Q	Music	4	1
US	RKNKY0WM1X1FJ	B00000J6AG	Music	5	0
US	R34JGO019MSTBD	B00000IOSU	Music	5	0
US	RNK3CB9QASOTX	B000005J56	Music	5	0
US	REP5T55SVBBBO	B000003S5H	Music	5	1
US	R16BSSFPY0G4ZW	B000001EUL	Music	5	7
US	R2JQGFH06HP7SP	B000002GVO	Music	5	0
US	REMX2JU8XG23V	B000002H97	Music	1	3
US	R1NV8C0P0E0YFW	B00000IOSU	Music	5	0
US	R1DK8A86212ANJ	B000003BF1	Music	5	5
US	R2PHG6CJO09F8Z	B000001Y2U	Music	4	0
US	RYDNCLKX0DM6K	B000002UA0	Music	5	0
US	R3C40DY641YUVG	B00000J7JO	Music	5	0
US	R9NC0MVYOX9KT	B000006045	Music	5	0
US	R6W4MBML5P668	B000006NPY	Music	5	0
US	R3I6HK7HO9SCVZ	B00000IQMT	Music	5	0
US	RYWN8WGLEQ5D8	B000000WJZ	Music	5	0
US	R32LNU90UURKH4	B00000J7RZ	Music	5	0
US	R31AZ2RJ3FMFV5	B00000IOSU	Music	5	0
US	R3C1R5ZNGM8SIX	B00000IOSU	Music	5	0
US	RF9K477WMMH76	B0000025RI	Music	5	0
US	R3VNR8CJ8MC247	B000002HMH	Music	1	3
US	R1FPT0DITM32CU	B000002LHX	Music	5	0
US	RUB7VBADXOSGV	B000001FMX	Music	5	8
US	R2NK0DM8EQNOUE	B00000J7A2	Music	5	22
US	R1RNIOYQ21CONG	B00000J7J4	Music	3	0
US	RVMHNJXP5TPW9	B00000J7J4	Music	1	1
US	R2JT9AU4SXCJ9N	B00000AFHM	Music	5	0
US	R2F7USLS79P37L	B00000IOSU	Music	5	0
US	R1HCCNM8Z9QH3I	B000001DQI	Music	5	0
US	R3USACO6GRBE57	B00000IOSU	Music	5	0
US	R3S0BD8C2IAF91	B00000J7S8	Music	5	1
US	R3QYDS52OHFLZ6	B000002UUX	Music	5	1
US	R3PC70D6Q6NYOR	B000002KCC	Music	5	0
US	RH84M6E4M2BT2	B000000OAN	Music	4	0
US	R199UKCLPPBGQH	B000002HAJ	Music	4	0
US	R3UISK1NOJEUCZ	B00000DFMM	Music	4	1
US	RLD6ZJTZ5QS23	B000001ESP	Music	5	0
US	R2CNFS4Q2XNN9Y	B00000BKDS	Music	5	0
US	R3U6DJUIKKD51X	B000002UAF	Music	5	0
US	R3BGSLKBDVH96	B00000IOSU	Music	5	0
US	R27H078FYPPKX6	B000002KIQ	Music	5	12
US	R1R7BHIXVXUESD	B00000IOSU	Music	5	0
US	R3BT4J6Q71SCWB	B000001ED1	Music	4	1
US	R1GXS8KFK045N0	B000002G87	Music	5	0
US	R77P6LKR9H0BO	B00000J7RZ	Music	2	0
US	R13MT9EV02FLDG	B000002L68	Music	5	0
US	R13R9RCJAQ51XJ	B000001F5P	Music	5	9
US	RLUJFCIM35PWG	B00000JCRH	Music	5	0
US	R1TI0FUJC4GHQJ	B000002KNU	Music	5	0
US	R32HIOLRDX3E0Q	B00000JCB2	Music	1	0
US	R10ICKIOS8H40M	B00000J6AG	Music	5	0
US	R3BDC2P7RODM30	B00000J7J7	Music	5	2
US	R2PGSVCZ6CH5VD	B00000JCB3	Music	5	0
US	R2RW9ASXM0ZKCX	B000003TAR	Music	5	0
US	R22N3Q67YJIZEQ	B000006NL3	Music	5	15
US	R3QWXKXY2N85B4	B000003BE4	Music	5	1
US	RZI5A88CJSM5I	B000002AGB	Music	5	1
US	R2600577B2GIHO	B000001EHS	Music	5	0
US	R3E2HWFQZFEDI8	B00000IOSU	Music	5	0
US	R2PGFU2P9NFM3L	B00000373U	Music	5	0
US	R270B73ZGMOVUN	B000001DYJ	Music	5	0
US	R1KDS6BQTAZQW1	B000002UJQ	Music	5	0
US	R2X0Z90SQH59OJ	B00000IPAX	Music	5	0
US	RFJZC7FKZV5Q7	B000002OX7	Music	5	0
US	RX5BME6BJ5YLU	B0000027I6	Music	5	0
US	RM3MI7I0X6OGT	B000009PNY	Music	5	5
US	R2N5ELJ5LLCR3S	B000002KXV	Music	5	1
US	R3LWP5LYDLSJ6K	B000001Y42	Music	5	0
US	R1DFRVCJEQHA5A	B0000057C5	Music	5	0
US	R3VFLDMCJYPLWA	B000009ED0	Music	5	0
US	R3CSD9A40LI0L0	B000002C1Z	Music	5	0
US	R18H90UHU4D8Q2	B000002U8G	Music	5	0
US	R3PC0SBE8J6AOU	B000006NPY	Music	5	0
US	R3TDEBBWD5JL62	B00000IOSU	Music	5	0
US	RHHQ3EII73AID	B000002MZ6	Music	5	32
US	R171NIPH5AEW8Q	B00000JCB2	Music	5	0
US	R1CF29FBBYFKMZ	B000002UAO	Music	5	0
US	R2OPU4WEX9JTBJ	B000000W5L	Music	5	0
US	RAOXD9U0QQ0H5	B000002MFN	Music	5	0
US	R1E027F1ST1R6S	B000003CMB	Music	5	1
US	RSENSIYMW4A6K	B000005RT8	Music	4	3
US	R336COP9CVK1SB	B000002KE2	Music	5	0
US	R1290H8VG4VPDV	B000000WCA	Music	5	0
US	R9BXYAB5L1NC5	B00000IOSU	Music	5	0
US	R1RIQUDE4B8NGX	B00000JCB2	Music	5	0
US	R386NWHZTINXLK	B000002C1X	Music	3	0
US	R2YCMMWW6Q6GS3	B00000J7S8	Music	5	1
US	R37B3I50LAPC4Z	B000002KO3	Music	5	1
US	R118S0XTEUCY03	B0000020C4	Music	5	0
US	R2YOHFA8C7TMIF	B000002BUY	Music	1	0
US	RDLHMLU239FQZ	B000002VC5	Music	5	1
US	R12ICPAV87G6SD	B00000DBXL	Music	5	0
US	RWX32VRO7TPGH	B000005TQO	Music	5	1
US	R3G5U7UZ7LZE4D	B000002AH1	Music	4	4
US	R1C93FB5WBI1OQ	B00000J7S8	Music	5	1
US	R2JLLXPY5W3O9X	B00000J7J4	Music	5	0
US	R18ON7YKR94VP3	B000002GFU	Music	5	0
US	R3C45NBYHC50BU	B00000592F	Music	5	3
US	RWVFYBCPUWKRR	B00000DMJF	Music	5	1
US	R1M20JSYXGC4Y8	B00000JCRH	Music	5	0
US	R143W7SYX8V3O5	B000002GJS	Music	3	4
US	R1R99KTH98C3MI	B00000BKDY	Music	5	2
US	R1GE76CADBYLCB	B0000026T4	Music	1	3
US	R16IGB73ATWSG5	B000002LRX	Music	5	0
US	RGL28XON4DNT3	B00000DGUG	Music	5	0
US	R2XSP8BCD3NAMR	B00000IOSU	Music	5	0
US	R17AKRX1DQIWHM	B000002AP1	Music	4	48
US	R2R5CNN282E5ZS	B000002JSN	Music	5	0
US	R22OBUQ8L1L5R6	B000008GEF	Music	5	4
US	R1QR3UO54X3OWJ	B000002H97	Music	1	4
US	R3VNFM5D3RPH5G	B000002KCC	Music	5	0
US	R2ESVLK69HYJEQ	B000002J29	Music	5	1
US	RJ4ZQDNBSZF2U	B000001Y42	Music	3	0
US	R21RTT8QRD3WNO	B000002AV5	Music	5	1
US	RCU53EVEEJWOO	B000000IT1	Music	4	3
US	R3D90QS1PAQQLP	B00000J7A2	Music	5	3
US	R1NAN4YU93TVES	B000002JS6	Music	5	0
US	R3VV982YTEC1ID	B00000JCB2	Music	1	1
US	R1F4GK4BQCA1ER	B00000IOSU	Music	5	0
US	R2HW2Z2T29RWX0	B000002JS6	Music	5	0
US	RS9R9FZA3CB1B	B000000993	Music	5	1
US	R30XKALQ2MJDNH	B00000J7J4	Music	5	0
US	R6MDDWV73VKSE	B00000IOSU	Music	5	0
US	R3H5JJ1G2YEMZV	B00000J7J4	Music	5	0
US	RC2G67VDXYNP2	B00000J7J4	Music	5	0
US	R2EJIHIFNOPU6	B000002H8F	Music	4	0
US	R1C5FDJQ49Z97V	B000002LUB	Music	3	2
US	R1OSBJQRZWA5VD	B00000IFWE	Music	5	0
US	R3969ZM9PY55ZF	B000002GBD	Music	5	2
US	R2M5MAA5H2BUZ0	B000001F29	Music	5	2
US	RCSSG5C7AYQ67	B000002L82	Music	4	0
US	R1M0H6PG7WX2FD	B00000273P	Music	5	3
US	R2NCHWGI0FNN6M	B000002KDG	Music	5	0
US	R3W3M5PA9JNQPY	B000002L5I	Music	5	0
US	R1GOP8NJ1I3QVG	B00000J6AG	Music	5	0
US	R2N0B5MAWS58P9	B00000J7J4	Music	5	1
US	R2W6H3LIICXT3P	B00000BKDW	Music	5	1
US	R2JDRVJKGBSNQM	B00000IOSU	Music	5	0
US	R38MHREU9X4G8W	B000007MVZ	Music	5	12
US	RV3R5IBQA44RO	B000002MJC	Music	5	0
US	R3LLAKLI84S1WR	B0000024SI	Music	5	2
US	R8IIL2P7WX7EZ	B000003S2K	Music	5	1
US	R2KJIIKSL078US	B000002H6C	Music	4	1
US	RUUMQF960FT9I	B00000016O	Music	5	0
US	R19GQZ47S12CQZ	B0000070QS	Music	5	2
US	R1I5MXJ0QFDEVM	B00000IOSU	Music	5	0
US	R2VBIV2I7110UB	B000009QPE	Music	5	0
US	R1NEA3K3YPBP61	B000002BFL	Music	5	2
US	RG0GN5DHHASVI	B000001Y42	Music	5	0
US	R11LUU6BSUZS1D	B000001C6M	Music	3	2
US	RSI9EEG0ZXCY6	B00000IOSU	Music	5	0
US	R361UFXST24DPV	B00000JCRH	Music	5	0
US	R12TVF8PE14SWL	B000009QPG	Music	3	2
US	R1K5CDHXV1XXB5	B00000IPAX	Music	5	0
US	R18SL0HZ4XBRLL	B000002HMH	Music	1	0
US	R13U9LNIPC1B44	B000002B7Y	Music	4	0
US	R2G6X1NAGMB1JW	B00000J7JO	Music	3	0
US	R2PN9W3DSUUQVR	B00000269G	Music	5	20
US	R2Z0G7IHD2AUAP	B00000IPAX	Music	5	0
US	R1CKF4IF79IIYI	B000000H64	Music	5	0
US	R2E159DF78LQIG	B000002ADT	Music	5	0
US	R2TKZ33PJG51RP	B000009PNY	Music	3	0
US	R1XFGRXTJCZTJH	B000002I25	Music	5	2
US	R12EWW3BOUO5T4	B0000024IE	Music	5	0
US	RT4WW4JSGCH81	B00000IP2L	Music	4	0
US	R3KUMV4GMDAEDC	B000002OVJ	Music	5	1
US	R2S6Q63E3VXZN6	B00000IMYA	Music	5	2
US	R3188O2LRBFF9B	B000000JO3	Music	5	0
US	R1KV23TG5MKWUO	B0000025YL	Music	5	2
US	R3A01LK6L1KJ0V	B000002GXJ	Music	5	2
US	R1DMJLAPMVSZ8B	630514415X	Video DVD	5	0
US	R2YOXRPUK4PU0H	B00000INEX	Video	1	11
US	R3TVXQC0RQXJ7D	B000000W5P	Music	5	0
US	R3DTRS28SF6NK7	B00000F1D3	Music	5	0
US	R38YN4L1H7EI52	B000002LQR	Music	5	0
US	R1IK780RVDDHL1	B000002UY5	Music	5	0
US	R3VEZ4ROM9PGJ4	B0000019PA	Music	5	0
US	R2QMPPEQ6W2KN8	B000002UAU	Music	5	13
US	R1QIVAR0LFWSS4	B000000H48	Music	4	0
US	R168759FAWP37R	B00000IFWE	Music	5	0
US	RULT5N29493C3	B00000IAU3	Music	5	0
US	R3GOGVJ1QBRHHW	B00000J7JO	Music	4	0
US	RVHT41GKQYVHT	B000000H66	Music	5	2
US	R2SRDOT5P4PUSH	B00000BKE1	Music	4	7
US	R31AD5QGTO6S3B	B000002BE9	Music	5	0
US	R2HTZ8BJACC1BO	B000001FI7	Music	5	2
US	R35BDJCYAI4TXH	B000000H3Z	Music	5	2
US	R108E6NOFCEQX	B000000OUE	Music	5	0
US	R2P65LU9PXB401	B0000025L8	Music	4	0
US	R140MJCQK0NECM	B000002KGT	Music	5	0
US	R3VFNL7BLP2Q5P	B00000IOSU	Music	3	0
US	R3QAQQZJSFUT54	B0000025HU	Music	5	1
US	R2U39IF74KEU4I	B000002NHN	Music	5	0
US	R3DBXTZSE1Y29G	B000002IGV	Music	5	18
US	RHMAB2KE1A414	B000002AS3	Music	5	0
US	RQ2AJUEIN9HO	B000002U82	Music	5	0
US	R1RSRH1QDPZEE8	B000005IRG	Music	5	3
US	R1BVIID38MMW3Y	B000002GK1	Music	5	4
US	R2DIVP84V4CLMI	B000007VCM	Music	5	1
US	R2NUZI82DZHTSB	B0000024YL	Music	2	0
US	RLLBEAP5HMWON	B00000JCOV	Music	5	0
US	R348W9C7NVVNLG	B000002J1L	Music	5	2
US	R3M1YTXH2IDD42	B0000026WD	Music	5	0
US	ROTVYQJ0YYVAI	B000002NJS	Music	5	0
US	R2SYPJQ8ODJP8T	B000001FY9	Music	5	0
US	R1J0YLUF7HE06Y	B00000DHRZ	Music	2	0
US	R27K6PJBLO5KJ4	B00000J631	Music	5	0
US	R1VY0KTNRFYTKS	B00000427L	Music	5	4
US	RY0IIBVEQD7D1	B000002LQR	Music	5	0
US	R2F3GE3NCAA6EB	B000002BSG	Music	5	0
US	R113DGKW0JQ64J	B00000J7RZ	Music	1	0
US	R5V6ET99K7FSR	B0000039PW	Music	1	2
US	RT559WJ4W71L9	B000002GYN	Music	4	7
US	R2B46JXWYV8IE3	B00000IOSU	Music	5	0
US	R33H39LY2CP011	B00000DLVA	Music	5	1
US	RC49LWRZPFG48	B00000HZFP	Music	3	1
US	R187K8YOI653QW	B0000020C4	Music	3	1
US	R3D9C03FD90Z2D	B00000F1D3	Music	5	0
US	R3L05GWXN8M53W	B00000JCB2	Music	1	0
US	R1HN42Q408I71V	B00000IOSU	Music	5	0
US	RCS3478VKOL6F	B00000AFFI	Music	5	0
US	R9B5NAD1SISCB	B00000IOSU	Music	5	0
US	R73E6G7OJANGU	B000000OTU	Music	5	0
US	RN3O8YVIC71RL	B000002LKF	Music	5	3
US	R8AVN7RKQP5JU	B00000DHRZ	Music	2	1
US	R1PWGXS4T10139	B00000JCB2	Music	1	0
US	R1YZ9R1T0I2YZW	B00000DLUV	Music	5	0
US	R28PJ9ON73BTIR	B000001EC1	Music	4	0
US	R3929RFH3YXVFR	B000002UDV	Music	5	0
US	R2S7QLGTVQQHLB	B00000IOSU	Music	5	0
US	RMONHOPWJ7ICU	B00000IOSU	Music	5	0
US	R2O7FOLOEH562A	B00000JCB2	Music	5	0
US	RGLG1D2GXBBIL	B000002OG5	Music	5	1
US	R104799UBAK03B	B00000JCB2	Music	5	0
US	R1RNVAX1RKGBE9	B000002UB6	Music	5	0
US	R3SD58V87A5DWT	B00000JCOV	Music	5	0
US	R3KDHSYXG8MOBA	B0000013GT	Music	4	1
US	RWF4LKY94S7RG	B000005IRG	Music	5	0
US	R3RJ41WNN721OY	B000001GBJ	Music	5	0
US	RMK74V9QHX98T	B00000IOSU	Music	4	0
US	R3OK7F4QX7IOBE	B000002A3T	Music	5	0
US	R13WDBCN6VIPST	B000002LVB	Music	5	0
US	R1ZLHFDICZJMZI	B00000IOSU	Music	3	0
US	RGCORP66FHO1F	B000006NPY	Music	3	0
US	R1SJGGKSEOBSMM	B00000DHRX	Music	5	0
US	R1WURBNTO4EWTZ	B0000029GA	Music	5	0
US	R1G4PEOZ4LBHF6	B00000IOSU	Music	5	0
US	R1VAFF92XOPSH0	B000002UV1	Music	5	7
US	R2ROACPFVS5IBR	B000002KKX	Music	5	0
US	R1IU05Z06RLX6B	B000001GQR	Music	5	8
US	R2OMXZOQZFXDBF	B0000025NU	Music	5	0
US	R9UXOBDJX0J6	B000002B38	Music	4	0
US	R276VFB07I05PE	B000001F75	Music	5	5
US	R7UMDWSVUXZ1U	B000002HHB	Music	4	0
US	R2LBNQK37NI8XO	B0000027RL	Music	5	0
US	R2FI1W77KFYPWU	B000000H3W	Music	5	1
US	R2PIWUS0G7RWOR	B00000IL1K	Music	5	0
US	R2LFJO8VM20ENQ	B00000IOSU	Music	5	0
US	R2K80NFYN0O7T6	B00000J6AG	Music	5	0
US	R1034LGZ0HZC31	B000001Y16	Music	5	0
US	RFETBTQCXSKAZ	B0000028M7	Music	4	1
US	RUAX4V2RM6IMD	B000001G16	Music	5	0
US	R25YM6OLEYK22U	B00000J8EK	Music	5	0
US	R1HLSI3ISAN2H4	B00000JCB2	Music	2	0
US	R3SG8EBIFCF256	B00000JCB2	Music	5	0
US	R2SF5GBS4CUJ2O	B000006045	Music	5	0
US	R294H5RRBQUSR9	B00000JCB2	Music	5	0
US	R3M111E675VIHT	B000002UAI	Music	3	0
US	RKCDLGYV0ENWR	B0000027I6	Music	5	0
US	R3ARP76S8M2PVB	B000002UAU	Music	4	0
US	R1IQVA8QTOF3U3	B00000J8EK	Music	5	0
US	RCKXBJXE05AS	B00000FCBC	Music	5	0
US	R3OQ7YH9I7SMF3	B000007WO6	Music	5	3
US	R1R3VW5S7MVA4O	B000007T1M	Music	5	0
US	RDS6LARUIR0HP	B000001ABD	Music	5	0
US	RPJRNI2HO8LNS	B00000JCB2	Music	5	0
US	R2P5D54PMWBDYQ	B00000J6AG	Music	5	0
US	R2WALW5V86AIP8	B000002C1Z	Music	5	0
US	RQC4T1AL3DUA4	B00000JCB3	Music	5	0
US	R32SEA94X3Q2YS	B00000DHRZ	Music	1	0
US	RMJ3SEJTWCRY4	B000001E7V	Music	3	1
US	R27OMR2O61N46O	B000003AEB	Music	5	0
US	R1C9WXHG5L7M0Y	B0000027I6	Music	5	1
US	RZPBQMPIOV5UY	B00000DHRZ	Music	1	0
US	R1GOK10L6KN4EL	B000002L7Y	Music	5	0
US	R2AXS345L0IX1L	B00000DHRZ	Music	1	1
US	R2W7D7CRU1VKL3	B000002KM6	Music	5	0
US	R3I3A3H3H0VVTH	B000001DTM	Music	5	0
US	R1BJLV672GB2K6	B0000062GK	Music	5	1
US	R20NNP78HYFZ6Z	B000002MY3	Music	3	0
US	RTJ93TZ9UOGWN	B00000JCB2	Music	5	2
US	R37BJW5VT2FQ	B00000IOSU	Music	2	1
US	RRGQW3BWYKQGS	B000001ZS8	Music	5	2
US	RXALEY14DNTHG	B0000004V2	Music	5	1
US	R2QA2Q449AEWTP	B000002UCQ	Music	5	4
US	R3PF4YQ52B3HM4	B000000WJZ	Music	5	0
US	R2CJ84SCICRKON	B00000J7S8	Music	1	1
US	RN4R0TRCA7QUH	B000002OK3	Music	2	2
US	R1ASIO9EWW2BBT	B00000J7S8	Music	1	1
US	R22QZY9TYJQWNC	B000002GQH	Music	5	0
US	R341GQ5U1NLUZQ	B00000J8EK	Music	1	1
US	R399A375PZA6P3	B000002OR4	Music	5	0
US	R26GOI5521KNIX	B00000J7JO	Music	4	0
US	R2EFGXWKYQQZ6B	B00000BKDY	Music	5	1
US	R39AIADNZPMC69	B00000BKDW	Music	5	1
US	R1OPJMSK1O7EYU	B000003CKH	Music	5	2
US	RPR8GQPAOQHVP	B00000JCB2	Music	4	0
US	R2P3HHQQAQT6AM	B000002UWF	Music	5	0
US	RK0FHLTBNR649	B000002J29	Music	4	1
US	R3HIC2G3DRC9K	B000002NIW	Music	5	0
US	R2BFIZUGAAQDMI	B0000024SD	Music	5	0
US	R18808BADZZ0EF	B000002UAO	Music	5	0
US	R3AH1BM5B0X8O9	B00000IOSU	Music	2	1
US	R1HFFLJP3MUTW2	B00000AFFF	Music	4	0
US	RZR9KELBIRPLT	B00000J7JO	Music	5	0
US	R4XMEP2TWQNCM	B000002UB3	Music	5	5
US	R19Y0EE8JCK684	B0000028RR	Music	5	0
US	R8Y3ISECJFVBI	B00000J8EK	Music	2	0
US	R1TNQEM13JBNWC	B000002KBD	Music	5	11
US	RFCVXRHD7FD3	B0000025H4	Music	5	1
US	R21OXPLDL9N1QY	B00000JCB2	Music	4	0
US	R3IT37QD48YYVY	B00000JCB2	Music	2	0
US	R2C7R8VRVE64H9	B00000J7J4	Music	5	0
US	RZPTB75L8QVCG	B000005RXF	Music	4	2
US	R2U9EY6W8AJ34B	B000001ZS4	Music	5	10
US	RBRGG6BIMAA98	B000001DTM	Music	5	0
US	R2SGE0QZQURSBF	B000002L99	Music	5	0
US	RY4V6N2S8V6VU	B000002UDG	Music	5	0
US	RD0M3XA63N51A	B000002H33	Music	5	1
US	R1COD1GZN1ZR3S	B00000JCB2	Music	5	0
US	R1REZZE4MND0Z0	B00000J7JO	Music	5	0
US	R13BU2SCSMJTS5	B00000JIN1	Music	5	4
US	RI6A5HBF3OYK2	B000002N2P	Music	4	0
US	R3G864VHCBJGMC	B000001IPL	Music	5	0
US	R3TPPU3BK1QXNU	B000000FG8	Music	2	0
US	R21A7VZBYBVJXA	B000002HMH	Music	2	0
US	RKKRFT2LRVWLX	B00000AFWW	Music	2	1
US	R3UBEK66PP7ZCX	B00000J8EK	Music	5	0
US	R18070M93RRM67	B000002UWE	Music	3	3
US	R16901Z74WZIDN	B000002I25	Music	5	1
US	RQQPU4WIIU45X	B00000ICN5	Music	5	0
US	R1LZQ5SZ9TUYY1	B000002J09	Music	5	0
US	R1JYZANRLHU0XW	B0000039QA	Music	5	0
US	R2EJ4YXKN5D3BG	B000002B1M	Music	5	0
US	R1TTVKUI0808FZ	B000003AEB	Music	5	1
US	R1U2W5TPKVF5OR	B0000042MY	Music	5	2
US	R1E3VG2O0QXCOR	B00000163G	Music	5	0
US	R1WI2TKW11RZIX	B000002H72	Music	5	1
US	R2X5MT8JDFE199	B000001Y16	Music	5	0
US	R27BEQLTHR7Z1T	B00000JCB2	Music	5	0
US	RDQFS4Q2FJUMM	B000002J09	Music	5	0
US	R2XK2TSHTAVEAY	B000002UUX	Music	5	0
US	R169QQ46H8QMI1	B000002KXV	Music	5	1
US	R36MUUDWSH9CWJ	B00000J8EK	Music	5	0
US	R3BSDN9UN76NVZ	B000001Y2U	Music	5	0
US	R3N7HJ4Y9R3R3G	B00000JCB2	Music	5	0
US	R3DQE48YQ8TWJ0	B000002KBH	Music	5	0
US	R3AG4U0MRTSHFJ	B000002NJS	Music	1	3
US	R2AILG74IAQ4N9	B000002UAX	Music	5	0
US	RY8R4Y1UEX5CQ	B00000IOSU	Music	5	0
US	R3JD2DSUQT8CZK	B000009QPE	Music	5	0
US	R12EK2XFIWN4A9	B00000J7J4	Music	5	0
US	R3N8T95PUQAABV	B000002L9J	Music	5	0
US	R1P2FO8SM0GV0X	B000002LBH	Music	5	3
US	R3B3C6VYZ19NC9	B00000JCB2	Music	4	0
US	R2DQFW36C5KN09	B00000I01A	Music	1	0
US	R2HK63THJKO1XG	B000001F29	Music	5	5
US	R2Y53YBI381JTP	B000002OX7	Music	5	2
US	R2I07WGNIZNHJO	B00000DHRZ	Music	2	1
US	RQNUYKF5SYMB4	B0000035GN	Music	5	0
US	R358ZMPGX01X22	B00000JCB2	Music	5	0
US	R3EQKHW2C5OS22	B00000J7S8	Music	5	0
US	R24183L2LE8BFB	B00000J7JO	Music	5	0
US	R3M3M32YKA3076	B000002UAO	Music	5	0
US	RS5D6HKCKHBKG	B000002UV1	Music	1	3
US	R3G4RO9LN309UE	B00000J7JO	Music	5	0
US	R2YFIP342FRZS1	B00000F1D3	Music	5	0
US	R20NZFFMOO2IT9	B00000JCB2	Music	5	0
US	R3O4RQ67AMXBRN	B000000W5F	Music	5	4
US	R1ERQQSBS5IJQ5	B000000993	Music	5	1
US	R35FVKGXE62YWR	B000001XN2	Music	5	24
US	R2UFQL7PC9OJG6	B000002G7G	Music	5	3
US	REL67BG4NRMKX	B000001FQI	Music	5	1
US	RUGJOVFGT7ML2	B00000DG1R	Music	4	0
US	R3AVDQ1X8GB5ZC	B00000IL1K	Music	5	0
US	R1QHCJ5PLACJYT	B000002JSN	Music	5	0
US	RJKGDH2NRNFGU	B0000004V2	Music	5	0
US	RN38L2UCWT1WW	B00000JCB2	Music	5	0
US	R3GLCGAEWM3BGX	B000000W6X	Music	2	1
US	ROS8GI0H9MEM7	B00000J8EK	Music	5	0
US	R1NNI9P147U8QE	B000000WHX	Music	5	0
US	R3B6V9ZF44FMJI	B000002V07	Music	5	0
US	R1RY3TZCODL9Y0	B000002AP1	Music	5	3
US	R2U35OFSMOMJXU	B000005ALN	Music	5	2
US	R3OUHWYP1PMQTC	B00000J7S8	Music	4	0
US	R3D1LGSFB0EC87	B000002BQK	Music	1	1
US	R1AFYBF7NO8SQN	B000002BQK	Music	1	1
US	RDKFD74JIVAR0	B00000J7J4	Music	5	0
US	R1XHQSFSM0IY55	B000000OTU	Music	2	0
US	R1KUM3HIA0GFAV	B000001ES4	Music	5	0
US	R45VE9HYN4BHP	B000005ALP	Music	5	0
US	R2RI70T19HUFIE	B000002UQJ	Music	2	3
US	RHKHHMSHKEYVT	B000002NC4	Music	5	1
US	R1HSJB5LPUTT6P	B000005RT8	Music	4	2
US	RRC1HH53U4R87	B00000JCB2	Music	5	0
US	RLOGEPWMT0BPG	B00000BKDV	Music	4	0
US	RQXYNHNTQPBDC	B00000J8EK	Music	1	0
US	RWGRJ3YMA2GKJ	B00000BKDW	Music	5	0
US	R34E267GE8XCWA	B000002U82	Music	3	2
US	R10EA6U24BOHP4	B000002HRE	Music	5	0
US	R3MCV4HGPFM8VR	B000001DZQ	Music	5	0
US	R2HTV70RWFJ629	B00000J7JO	Music	5	0
US	R1ZAQU5DORQH7A	B000002J2B	Music	5	0
US	R1H32SKRIMQLC0	B00000HZHS	Music	5	0
US	R1KC6ELTAPRTGX	B00000DR8R	Music	5	4
US	R22OJFOY82WQ60	B00000JCB2	Music	5	0
US	R3NKXSDYTEPR07	B00000IOSU	Music	5	0
US	R1C2GXZURT9464	B00000J8EK	Music	2	0
US	RAUC6FGY2207I	0879302755	Books	4	3
US	RN8ZHBLZ91HC6	B000002U9W	Music	5	0
US	R2S3ME88NAJIF0	B000001FI7	Music	5	0
US	R100TV6AZMFIUY	B00000IOSU	Music	1	0
US	R3ICA30WXN3DL4	B00000J7JO	Music	5	0
US	RIEDWHKTXFNE7	B000003EOO	Music	5	14
US	R2HFCI42LLDPWG	B00000JBCP	Music	5	2
US	R1V2B4B1TQ2PO2	B0000025H4	Music	5	0
US	R3J4OBVN32R4MU	B0000025YM	Music	5	0
US	R2E0RSZQPFFEY2	B00000DHRZ	Music	4	0
US	R104P4YG0G94RJ	B0000025IE	Music	5	0
US	RN6KPO8Y7WIYL	B000001Y2U	Music	5	0
US	R175UD7VICMIGI	B00000253N	Music	4	1
US	R276CS4NJZZKQD	B000002C2E	Music	4	0
US	R1FUMFSR888AI1	B000005DQR	Music	5	1
US	R36EEN18ZKDUDH	B00000J7J4	Music	5	0
US	R1C3EDLLGH0K1L	B00000163G	Music	5	0
US	R36GYJXP38FQ0K	B00000JCB2	Music	5	0
US	R2B01O7DBO9ZP8	B000001E7L	Music	5	0
US	R3JZLUVSN4KAMC	B00000JCB2	Music	3	0
US	RK127IW9CMHDD	B000002UVZ	Music	5	0
US	R28H7G16VSTUXP	B000002ULS	Music	5	0
US	R3R8FSRY5XUIJ7	B000002GYR	Music	5	1
US	R2ZUD8WI4BP2L7	B0000028M7	Music	5	0
US	R1S9OI2MN8GMVI	B00000272N	Music	3	0
US	R3VCK8LXSODBQ5	B000000W5L	Music	5	1
US	R25WHAK91XLIU0	B000002H33	Music	5	1
US	R30KXMJ5P8Q6K0	B000009DUY	Music	5	0
US	RWCZRMJEBRXGO	B00000JCB2	Music	5	0
US	R2HJ9HH124R3P2	B000002H2H	Music	4	0
US	R2RR0OUU8U85VB	B000005JA8	Music	5	4
US	R1M2HQCZWLG5S3	B000002MU3	Music	5	1
US	R1BHR5O0BXE4ZB	B000000OTU	Music	4	0
US	R1OK47UDYYMRJ	B000002JBG	Music	5	0
US	R2WZYBPXZUDYF5	B00000J6AG	Music	4	0
US	R11ZDS31R07EVW	B00000IPAX	Music	3	0
US	RH8HJFAW0K9JC	B00000JHAU	Music	5	0
US	R2HQ5XC1K2Y8T8	B000002L9J	Music	5	1
US	RAUE95YBBXKZH	B00000JCB2	Music	1	0
US	RC2JDZWKT1N4V	B000002JSJ	Music	4	1
US	RNRHLRQK0EGJL	B000002J0B	Music	5	0
US	R3SJ7ZS6AOIH2S	B00000IOSU	Music	5	0
US	RPTGPVTUYJCAL	B000000FG8	Music	5	0
US	R1P1C8O4K9Q7WB	B00000JCB2	Music	1	0
US	R1U58KZTC1GJGF	B00000DHRZ	Music	5	0
US	R2QTIEHJR1EY8G	B00000JCB2	Music	2	0
US	R1OXT742Y8611R	B000002GBD	Music	5	1
US	R15L8RKSPDVPNT	B00000JCB2	Music	5	0
US	R20R0282481S2G	B00000F1D3	Music	5	0
US	RMIP7QAIH32CU	B00000IPAX	Music	5	0
US	R2U4JI9HG4HWWI	B000003493	Music	4	7
US	R264AMYWECAT9Q	B000002JSZ	Music	5	2
US	R2OR0624X3LQJD	B00000IOSU	Music	5	0
US	R3J5SC0J2VRFHC	B00000J8EK	Music	5	0
US	RQZS62X7RULDO	B000002UY5	Music	5	0
US	R29LN8UY7XM89Q	B000001FFJ	Music	5	2
US	R2YD9GLO58ES3Q	B00000J8EK	Music	2	1
US	R3KPI50MY670GN	B000002672	Music	2	3
US	RDWKGDFYSV2AY	B00000JCB2	Music	5	0
US	R317GO320F0GKQ	B00000AFGM	Music	4	0
US	R196IV5CU5V6P6	B00000J7RZ	Music	4	0
US	R2T5KO68L9PY7H	B000005JA8	Music	5	2
US	R1W8WZK4ZIF7EA	B00000251N	Music	5	1
US	R2WC1JJ9CGSTMR	B000002H2H	Music	5	0
US	R169IB1N3WRFZG	B000002MY3	Music	5	0
US	R8BIE4F2M02JJ	B000002KKS	Music	5	0
US	R1C3CT8OU8A8OW	B000002UB3	Music	5	5
US	R2YIPAOINIOFPC	B0000024IE	Music	4	0
US	RVW4J1D4TRPNJ	B0000024JN	Music	5	0
US	R2H3X38MEADL26	B000002GQG	Music	5	0
US	R11S111241Q3UP	B00000J8EK	Music	5	0
US	R2YWGDFO20R41F	B00000ADG2	Music	5	0
US	R2TLPCT2TZBBPZ	B000002B35	Music	5	0
US	R35J5LHL0LBEQ8	B00000IPAX	Music	5	0
US	R2YCZ3ZHJI12PH	B00000JCEC	Music	4	6
US	R357MMC0V5XKD	B00000IL1K	Music	2	4
US	R3BJKD7AQYPU4H	B000002UAX	Music	3	0
US	R2JJW314QDND2C	B00000IQMT	Music	5	0
US	R7TZMUAZRNV6D	B000000W5L	Music	5	0
US	R3942RWGAE4782	B000002L71	Music	5	2
US	R13Z02VWZ7XJ9L	B0000009SE	Music	4	1
US	RKPOKOD61CWZ1	B00000761W	Music	5	2
US	REKMROZYP25BX	B000003AEB	Music	5	1
US	R1UU66EB87T3PE	B000005KB9	Music	4	0
US	R172TZE96W8HX	B000001GBJ	Music	5	1
US	R3S9GIL754LUHH	B000001ES4	Music	5	0
US	RZO3RJDDH99HP	B000001A3H	Music	1	2
US	RHLJNUIX2EJFX	B000000H3Z	Music	5	2
US	R1YSZVWW1A9DS4	B000001FA4	Music	5	0
US	RROPRW2WA9SJB	B00000J7S8	Music	5	1
US	R253RTYS8O1HV0	B0000026NC	Music	1	6
US	R1BS3VB9FHGDP4	B000002C1X	Music	3	3
US	R2IMEZFVOYT9HC	B00000J8EK	Music	1	0
US	R1LWXAZ5BHICO	B000003TA9	Music	5	2
US	R3NO2VL3D1DNCE	B000002H72	Music	5	0
US	R11F74BGJFPIZG	B00000IBVC	Video DVD	5	0
US	R3DT8J25FNRT7X	B00000IOSU	Music	5	0
US	R1AH9YJJRHRDJ4	B00000I7AJ	Music	4	0
US	R392QCB60S62F6	B00000JCB2	Music	5	0
US	R1EK0OK78XSOAC	B000002I25	Music	5	0
US	R1QU1UQK8ESKP1	B0000025SB	Music	5	0
US	R1BNZQYJMNY2H9	B000000H42	Music	5	1
US	R3UHTBIHL9VW7M	B00000AFGM	Music	3	0
US	R12XJXJK6I0L23	B000005S5N	Music	5	2
US	RSANZUGPE7K1F	B000002TPS	Music	5	0
US	R19X474R35BTJB	B000000ORE	Music	5	3
US	R3R31X4G50H4OE	B000002L7Y	Music	5	0
US	R2U0B368AYWUKK	B00000F1D3	Music	5	0
US	RJ5JKTXIPNFBZ	B00000IOSU	Music	5	0
US	RUKT3WVE9ZJW0	B000002J1B	Music	5	0
US	R1XGYR7CV37M1D	B00000BKI4	Music	3	1
US	R1GSAGC6QNX8ZD	B00000IOSU	Music	5	0
US	RRJ0VQTCE0J73	B000001Y16	Music	5	0
US	RT51OCMARQ2K9	B00000IPAX	Music	5	0
US	R3OS5GO8ENJWQ5	B00000J7S8	Music	4	0
US	R1ZEHAU222KE00	B0000035E7	Music	3	1
US	RRK5JIVKA73X4	B00000016W	Music	5	1
US	R26TI9HYZ2CTHT	B000002UDG	Music	2	2
US	R8AYE27JYWWG7	B00000JCB2	Music	5	0
US	RXAXZNA3FX27N	B000002UC5	Music	1	8
US	R1Q2ZGUJUXTYMN	B000002AP1	Music	2	3
US	R24VYGE7G2WUNX	B00000J7JO	Music	5	0
US	RBFP4VQ2FXKW8	B000006MV8	Music	4	1
US	RT9TOO9U8YAG	B00000J8EK	Music	1	0
US	R196SLSL5QS8AN	B000007R13	Music	5	3
US	R2CGYSCW7M0QAH	B000001Y5X	Music	5	0
US	R1K7E83V0AJT6N	B00000IL1K	Music	5	0
US	R2SFXHE0WYD45R	B000003Z12	Music	5	2
US	R2CK7EB1DNTL8G	B00000DHTF	Music	5	0
US	R11U9IF1133L8R	B00000IO4I	Video	4	2
US	R3CL5MPMPO043I	B000002KKX	Music	5	26
US	R2AGQ317WYB7B4	B000000OQF	Music	5	3
US	RLPRLDH3IDO0H	B00000DHRZ	Music	5	0
US	R3GKPYZ6NWZY67	B000006NXP	Music	5	25
US	R3UA50XT8WS5WL	B00000099Y	Music	5	0
US	R3JY5BDDVGVRPI	B000005J56	Music	5	0
US	RYIB8XVELV9BA	B00000JCB2	Music	5	0
US	R2CJ9KAL0V25Q	B000002JB8	Music	5	4
US	R23YPKOK94OA6V	B00000JCB2	Music	5	0
US	R1A1QZSSYBAUXL	B00000J7RZ	Music	5	0
US	RQWFVIGEOLUX9	B000002I25	Music	5	0
US	REJDDE8KYQKFC	B00000J8EK	Music	4	0
US	R6NBXHNO93K10	B000000OMB	Music	4	0
US	R2QP2E2F84CJWN	B00000IOSU	Music	5	0
US	RGH59PX29C6CA	B000002UD1	Music	5	0
US	R1AIGFIEWRQOOL	B000002JK4	Music	4	3
US	RHH1O8W3XLVB2	B0000025BL	Music	5	0
US	R1U02F6KRVCBPH	B00000JCB2	Music	3	0
US	R3VRF6VP4YI1H8	B000002NBY	Music	5	1
US	R1FNXXN931GBI8	B00000IPAX	Music	5	0
US	R256R3ME6CJHTN	B00000IPAX	Music	4	0
US	R2DISBG4HZ93I0	B00000J7JO	Music	5	0
US	R1FA4F7CZU18DF	B000002LQR	Music	5	0
US	RV39J2P16J68C	B00000IGGA	Music	5	1
US	R2ML5E65G3VBBH	B000009PNY	Music	4	0
US	R1EZTCE9Y2WB30	B00000J7J4	Music	5	0
US	R2L79TZHD1T2GA	B00000J7RZ	Music	3	0
US	RNUXP0JJAXSQW	B000009ED0	Music	5	0
US	R18BIYBEHVFXB4	B000001Y42	Music	1	1
US	R1KA6S6CO81J0T	B00000IPAX	Music	3	0
US	R17L0S47HKC0SG	B00000JCB2	Music	5	0
US	R3LTC3WRWCNKCL	B000002J7U	Music	4	1
US	R3EV5KJR0XX96Z	B00000J7JO	Music	3	0
US	RGDI5VQ4M5S8I	B00000JBCP	Music	5	0
US	R260NZ4UQGQEY2	B00000J6AG	Music	5	0
US	R3J2WAYNGCZUOD	B000003AEB	Music	4	3
US	R2N89ZLL8JOANJ	B00000255F	Music	5	5
US	R2543T354CCH5M	B000002BFL	Music	5	5
US	R343VO209GMR29	B00000J7RZ	Music	5	0
US	R2PB76FQW7E3A1	B00000IOSU	Music	3	0
US	R33ASZLTRKZPJA	B000002UYZ	Music	4	0
US	R1DT9SDEVV1UD6	B00000IQMT	Music	5	0
US	R2RT0WCGU33Y3X	B000002KBH	Music	5	0
US	R2FWL54XFX8D9L	B000002I27	Music	5	0
US	R39X05S3S5GN2K	B000002IM7	Music	5	1
US	R21VM9E77U6CTU	B000002KB8	Music	5	0
US	R3U1LKBHUROLU9	B000002MP2	Music	5	0
US	R3DAN34VRH47P0	B000002GYW	Music	4	0
US	R1XMS4LR87TGQ8	B00000613T	Music	5	5
US	R1014IEP8J8JN7	B000001FS3	Music	5	0
US	R3HKL9F4JR0NIC	B000000OSW	Music	4	0
US	R1PKLHRXQ6AX2K	B00000IOSU	Music	5	0
US	R38ZJUPSBTEXB1	B0000024JA	Music	5	0
US	R1GQOUVR7MSH4C	B000002GG0	Music	4	2
US	R2W0A8WUKTJRA0	B00000IOSU	Music	5	0
US	R1Q72TPJYEXNDA	B000002HPT	Music	4	0
US	R35YWKU5J4J975	B00000J7JO	Music	5	0
US	R1E9FW44DJ357C	B00000BKDV	Music	5	2
US	RSLGY8NP3BWXV	B000002UEB	Music	5	0
US	RKM7X3EU42HJV	B00000I41G	Music	5	4
US	RITN6GHG9YHHC	B000002UV1	Music	5	1
US	R126T7391612T5	B000005ILF	Music	2	0
US	R2R3D6TU63K8RH	B000002BMV	Music	5	0
US	R10RD61KMXL4WI	B00000J8EK	Music	5	0
US	R2BZBFN3MZQT3	B0000027RL	Music	5	0
US	R3PW4AHUEMN0WM	B000002I25	Music	5	2
US	R3KDREWL4AQI7	B000002O96	Music	5	0
US	R9T2AH9VBZ3VZ	B00000I8NC	Music	5	0
US	R2E2SW5AIIMEOZ	B00000IPAX	Music	5	0
US	R15BS3I4YKVHQL	B00000I78Y	Music	5	1
US	R2KO1YL602TWFF	B000002LE6	Music	5	3
US	R3R5QAAZHV65HZ	B000002L7R	Music	5	0
US	R23VD8C940K8CF	B000002BQK	Music	5	1
US	R1FOOJ2T3PR8XN	B000005J56	Music	5	1
US	R3S0325G1GYLBX	B000005JA8	Music	3	11
US	R2B0ZBNOQY6KH3	B000002GFT	Music	5	5
US	R33CJEQ6IZZ1LS	B000002KKS	Music	5	0
US	R2EEC239YOUTSD	B000002H72	Music	5	0
US	R3DCR425UA9NMU	B00000DLV1	Music	4	0
US	R3CAQDUZHS2AK3	B000005J56	Music	4	2
US	R33JGKZ0OJWH0F	B00000JCB2	Music	2	0
US	R2Y0Z6ETDQ29UK	B00000J7RZ	Music	5	0
US	R1T3WWO4NEO58S	B00000J7J4	Music	5	0
US	R1799XJTJI76D	B00000IQMT	Music	5	0
US	R1LZFZXTF3H2EB	B000009ED0	Music	5	0
US	RV03AA3Z7L3T3	B000002U8G	Music	4	0
US	R2WTV0HLJ05MYW	B000002H97	Music	5	0
US	R3A4V3CD1ZNUY4	B00000IL1K	Music	5	0
US	R3U16RRTR9DAM8	B00000JCB2	Music	5	0
US	R20C1K22R5H3J1	B00000IPAX	Music	5	0
US	R2ZAA4NZYRYH1C	B00000JCB2	Music	4	0
US	R11GBE3P4ZNR3F	B000002L7R	Music	5	1
US	R1QRVSNE62RX3W	B000002UAX	Music	5	0
US	R2SAXOJA37BJ9N	B00000J7JO	Music	5	0
US	R1KONN2ACGBQ5O	B000002UJQ	Music	5	0
US	RSPAMUQMB4QTW	B000002BQK	Music	5	0
US	R2ROPTJGR3VQ9F	B00000JHAU	Music	5	0
US	R25SDS2TVTQA2E	B00000DFRS	Music	5	1
US	R29FGEBC2OOFBK	B00000JCB2	Music	5	0
US	R2IQQ2Q6DSQ8GM	B000002BYD	Music	5	0
US	R3HVXM0GGJM6R2	B0000028PL	Music	5	1
US	R3DJLBFFBM5DFZ	B0000027RL	Music	5	0
US	R3HPQLG24001R0	B00000J7JO	Music	5	0
US	RJ0GKOFQEB66H	B000002BFL	Music	5	0
US	R18GXB7LRT9CZM	B000007WNN	Music	5	1
US	R2A89B6KP6BC15	B00000J7J4	Music	4	0
US	R22QN4IZR6JPUM	B0000085N4	Music	5	0
US	R3CWY3YOUTIWWE	B000007VCM	Music	5	0
US	R1HTDPM978E2PA	B0000025NU	Music	4	0
US	R1KUD33TQFDHZH	B000002W9Q	Music	5	0
US	RM96JYDW5EUJZ	B00000DCHI	Music	5	1
US	R2E6E8HAMS7BBD	B000002JSH	Music	5	0
US	R1X04O9Y9EC4AC	B000002A6T	Music	4	0
US	R3EGS3WRPFEOZ0	B00000IOSU	Music	5	0
US	RNI2QAJKK52LE	B00000JCB2	Music	5	0
US	R31RO2Q2U8N55I	B000005J56	Music	5	2
US	R735M2EVAB8HI	B000001DTM	Music	5	0
US	R2918K69P3RGO6	B000002OCP	Music	5	1
US	R3BI1XSTKNFB8H	B00000J7JO	Music	3	0
US	R1CCRZ08EJBWA	B000002HIK	Music	5	0
US	R1CQ6BRLD4NB0T	B000002UJQ	Music	3	0
US	R3BTK6UXVSSH3A	B000001FAK	Music	5	3
US	R3E43MAV3LX7LC	B000002HNR	Music	4	7
US	R2OCLTF9HXMYRB	B000002BBY	Music	5	0
US	R1DH3A355Q2VJ1	B000002I2M	Music	5	2
US	R108HGLVD97WL9	B000002I2I	Music	4	1
US	RAGNCVWG2DYJF	B000007S5B	Music	4	1
US	RBFVU8XSKYT70	B000002HJD	Music	4	1
US	R3NR6MPJD0XGAP	B000002H92	Music	5	0
US	R2QSFYZIAJG0H4	B000002J2D	Music	1	8
US	R25W6U8EKKXL5X	B0000028W9	Music	5	2
US	R3L5LCY93OE9F3	B0000029DD	Music	5	0
US	R37XWZ25XR36F9	B000002G8L	Music	5	0
US	R3FFZ9KITER16H	B000002LVB	Music	4	1
US	R1IFKPKJYPNP1S	B000002G7E	Music	3	0
US	RPJACYF3VJ34M	B000002G7G	Music	4	0
US	RICHK1VLR8E7N	B000002J29	Music	5	1
US	R3EXMVYEBDWWMB	B00000JCOV	Music	5	0
US	R3UCYKJ8IMESEO	B000002MM8	Music	5	1
US	R20N7TM2ET76VC	B000002KKS	Music	5	0
US	R3TLJRCR3L88X5	B000002UDG	Music	5	0
US	R392Y5V65UFND8	B000002UC5	Music	5	7
US	R37DNPEJ4UKZBU	B000002UJQ	Music	5	0
US	R3M8SCEOOF61AU	B00000IOSU	Music	5	0
US	RV0NQI00WOR5X	B0000024ZT	Music	5	2
US	R3KJ3IDON99QYO	B00000HZFP	Music	5	0
US	RD1EACBHSD9MW	B000002GG0	Music	5	2
US	R1ZQKJAW5O74K5	B00000JCOV	Music	5	0
US	R3LASHO8YU9PY2	B00000JCOV	Music	5	0
US	R2UUISP5KHEKCT	B00000IPAX	Music	5	0
US	R3S030Y5QKL15K	B000002BQK	Music	5	1
US	R3UTCA3KKTF2NS	B00000IOSU	Music	3	1
US	RPH0NS6IJ6DHA	B000002ADT	Music	5	1
US	R15F9T6MTBE0AH	B000000OSG	Music	5	3
US	R3939S2T39EY24	B00000J7J4	Music	5	0
US	RDG2ISHXYPBIL	B00000DGUG	Music	5	0
US	R1BVCJMT4IYLUG	B000002UVZ	Music	5	0
US	R322GBX0XM26M7	B00000IOSU	Music	4	0
US	R11P31NR16X751	B000001F5F	Music	5	0
US	R1N06X2OUQG7BQ	B00000J7J7	Music	5	1
US	R39TLTG35AFJG2	B00000JCB2	Music	1	0
US	R135HWGJCDJLIB	B00000DGUG	Music	1	0
US	R2I0ZJ5DIZ9DYY	B000002UA9	Music	4	15
US	R20L0IJ01LPB68	B000000WF0	Music	5	0
US	RR2GRKDU3F3LE	B000001F3C	Music	5	0
US	R378QU2CFK8FK7	B000008JUM	Music	4	4
US	R1ABSCSLJLMIDJ	B000002AH1	Music	5	4
US	R10KTBZPAQ57BK	B00000JCB2	Music	5	0
US	R2U987CFMTVJ11	B00000DFRS	Music	1	0
US	R33E8TWP503KCO	B000005DSN	Music	3	1
US	R1FZVI28YZG91T	B000001Y2U	Music	5	2
US	R3EALODOHICQVT	B00000J7J7	Music	5	2
US	R2W0AE3QTNY6HR	B000006NPY	Music	5	0
US	R3VNJ7V3J1EW5S	B000002P5W	Music	5	1
US	R1RO8G43DTSC24	B00000AFWW	Music	1	3
US	R3KMLD8AIR5GA2	B000009QPE	Music	5	0
US	R1UYCLLL85NC49	B00000J7RZ	Music	1	0
US	RRCAP33GSCK4J	B00000I7LJ	Music	5	3
US	R10ITBK6519NGW	B000000OU4	Music	5	2
US	R2CDT2KSR0PEJE	B0000019PA	Music	5	100
US	R1KN9S7R6E11PW	B000002LEU	Music	5	3
US	R39BDTPM6FZMEN	B00000ADG2	Music	5	0
US	R2GX5DD7HPKGH9	B00000J7S8	Music	3	0
US	R3KBZ7O0ZXXEW0	B00000AFWW	Music	4	1
US	R2N87EQMYU8VGT	B000002AH9	Music	5	4
US	R25G4QZEP02H00	B00000J6AG	Music	5	0
US	R391KEMB3SFCEJ	B000000993	Music	5	1
US	R4UANFOWQPAU4	B00000IYWH	Music	5	4
US	R3GCE2N2HP624E	B00000J8EK	Music	3	0
US	R2LNJ80VW968PM	B000001GBJ	Music	5	0
US	R2YPOVNKONKT54	B00000JCOV	Music	5	0
US	R9Y8SK8S45GAJ	B000003N7K	Music	5	2
US	R1SW6WODW91YBU	B000002GLE	Music	5	1
US	R2KIW0TA6K3ROA	B00000JCB2	Music	5	0
US	R1AW9K7N9ZMYBH	B00000J7RZ	Music	3	0
US	R1LONSWJ194UM0	B000002NBY	Music	5	1
US	R1D41CF29SB8AQ	B0000025BL	Music	5	0
US	R28GC2EV3TJPZL	B000005DQR	Music	5	1
US	RFESZQNN26NVM	B000002KIE	Music	5	0
US	R2TIIW0727M2FI	B000002C25	Music	5	0
US	RO9OAXEYQJI0S	B0000060NA	Music	5	0
US	R1BP1NVS4HV1E9	B0000025RI	Music	5	0
US	R3TQZ1J5XI85GA	B00000DHRX	Music	5	1
US	R2AO6ZK7D2ZXWA	B00000JCB2	Music	1	0
US	R153LR85S0OO27	B00000IOSU	Music	5	0
US	RCYQFZMIGL38W	B00000JCB2	Music	5	0
US	R1GA2ZESUH1WSP	B0000062FN	Music	5	1
US	R1X70UZ2BZVBML	B000003NA4	Music	2	3
US	R110EWV4P0CQWM	B000009ED0	Music	1	1
US	R15QN3YB3XUSAE	B000002KXV	Music	5	2
US	RM0QIJ0KNKCVF	B00000JCB2	Music	1	0
US	R1XBGNTWLGRUYQ	B000002UAR	Music	5	5
US	R11SPZAOAVTKBI	B00000IQMT	Music	4	0
US	R24GJCXH4Y6V4K	B00000I01A	Music	5	0
US	R3R5LJMFMS587Z	B0000024RQ	Music	5	3
US	R29VOBVJOYXPX6	6303182577	Video	5	1
US	R3RL375HDSOB4C	B0000024R8	Music	4	0
US	RO480N8ZMMBKK	B000000OAL	Music	5	1
US	R27LLLGDGQT0QS	B000002HPV	Music	4	0
US	R2LNTZB4PKT1RV	B00000DFMM	Music	5	0
US	R2W3F799DQ8KAD	B00000J7S8	Music	5	2
US	R1CP2JD1H5LPH0	B00000AFWW	Music	5	1
US	R3D085RDP4FWYP	B00000J7J4	Music	5	0
US	R34PNT5NX1QKM8	B00000IOSU	Music	5	0
US	R34ISX02OXYGQO	B000009ED0	Music	1	1
US	R3PNN8NBBCWB29	B000007T1M	Music	5	0
US	R25W1QN2H4E3ZI	B00000J8EK	Music	5	0
US	RX02IQT1XAHT4	B00000I8NC	Music	5	0
US	R16429V2KSMN4T	B00000JCB2	Music	5	0
US	R2EVUZ8QTRP29R	B00000J7RZ	Music	1	0
US	R1BACTXAUMVDNC	B00000DHRZ	Music	1	0
US	R2MQQDPVJ1NYTE	B000002IXS	Music	5	3
US	R1ECWWBADMLL4U	B00000J7RZ	Music	1	0
US	R36RKHML2JJVKR	B00000DC4A	Music	3	0
US	RN6I6O3E7M4AR	B00000J7JO	Music	4	0
US	R2R7E5CBEMM76I	B000002AS3	Music	5	0
US	R31RKKWZCQLUF	B0000025RI	Music	5	3
US	R24ACW4V4FHE01	B00000IOSU	Music	5	0
US	R39ISW87WWGGCK	B000001FDI	Music	5	1
US	RQXZ7EG0IEP3W	B000002KON	Music	4	1
US	R2MXOY9OWTA16M	B000002UYZ	Music	4	0
US	R141SHAETTZ158	B00000J7RZ	Music	4	0
US	R34L7XLWG9LAKC	B000002ULO	Music	5	0
US	R3MU3ZI4DDP0S5	B000003TBP	Music	2	2
US	R1WD1JLRPOZYKE	B000006ZL4	Music	5	2
US	R39W6FTE8UXW1A	B00000612P	Music	4	5
US	R2SX2FJQJNA6EV	B00000012K	Music	5	34
US	R36N37OUV83X9Q	B000002MFQ	Music	2	1
US	R37QAQCZQAZWNU	B000006045	Music	4	0
US	R2FBS56GMK772Z	B00000IL1K	Music	5	0
US	R3488GRKWSDM2O	B00000J7J4	Music	5	0
US	R1F5DD6LARRYMN	B000005ITX	Music	5	4
US	R22NSQ7VPVNIVY	B000000W8C	Music	5	1
US	R2QP6X2HBTD6BT	B000001Y5J	Music	5	0
US	R3463NGQUVSJL0	B000002A3T	Music	4	0
US	RDIE8K1THKONV	B000003TA4	Music	5	0
US	R2PF94PKCZF1VF	B000000993	Music	5	1
US	R2WZ743NOG1CJ0	B000000OQF	Music	5	0
US	RS6B92KH58QWL	B000002J20	Music	1	2
US	R3620RM7M4NDCZ	B000000OSE	Music	4	0
US	R3P3DSG76VVN9M	B000002J03	Music	1	2
US	R1CKQDUKE6UF4T	B000002VTE	Music	4	13
US	RWQ7EK3YM3BTG	B00000099Y	Music	5	0
US	R21AYGBLOC3S1N	B000001GXB	Music	5	8
US	R3NLR8FWO9WLLX	B000000OSG	Music	4	0
US	R17YME0C3Y73BP	B000002H70	Music	5	0
US	R39EWWEE1INMSW	B000002NJS	Music	1	2
US	R3QHPTZCYVXXD8	B000002U82	Music	3	3
US	R1XV830RLSTE32	B000005S37	Music	1	1
US	R17X0FJRA4HW5A	B000002UAO	Music	4	1
US	RHO0JMHA5YYHB	B00000IOSU	Music	5	0
US	RUY12E1H28KLF	B00000J7S8	Music	5	1
US	R351DE0UO70SKN	B000005H7D	Music	5	2
US	R1EWBJJKY656MK	B000005RTG	Music	5	2
US	RXJI4152PII7G	B000003JBM	Music	5	1
US	RE2I7H0KI8MMQ	B00000J7J4	Music	5	0
US	R3I0G3TGBEMAR8	B00000JCB2	Music	1	0
US	RTJ06IAS8VC0Z	B000002UDG	Music	5	0
US	R1CHLPXZMID0W1	B000002O1Q	Music	5	1
US	RMXYIR0PPAS6V	B00000J7J4	Music	5	0
US	RIKXB5ARRRA8B	B00000JCB2	Music	5	0
US	R1DC8WFFN72XI7	B000002B7W	Music	5	1
US	RFZAWDDF2FJV5	B00000ADG2	Music	4	1
US	R222DP3W28UY5N	B00000FCBC	Music	5	0
US	R1JSHZ1O2WXKQK	B00000IMYA	Music	5	5
US	R341383QXQUGDG	B000002MX7	Music	5	0
US	R3MMLFTCW5X2RL	B00000IMYA	Music	5	0
US	R3JWNFKE471R62	B000003PLZ	Music	4	6
US	RSEUJPGHJVZU1	B00000JBCP	Music	1	0
US	R2XWT27GVIRBNQ	B000000W5P	Music	5	0
US	R1FCESC8BSLIDR	B000000H57	Music	1	2
US	R3FNBGTZ9Q8PUL	B000002JPA	Music	5	0
US	R3J93NY2PL3607	B000002J5K	Music	5	2
US	R37TI3EJJ375JO	156224003X	Books	5	48
US	RROTA83VXNLE6	B00000IFWE	Music	5	1
US	R1MVHPV9X002BA	B00000J8EK	Music	2	0
US	RAUQ67TUUUM63	B000002J09	Music	5	0
US	R37UL0F5CHZPZ5	B000002KHH	Music	5	0
US	REJDYNHEY72UY	B000002VMH	Music	5	0
US	RQTK52FYL9C5V	B000002UB3	Music	5	5
US	R2IK1SIT5U9L47	B000002OX7	Music	5	0
US	R1JXVDVIAPLKAM	B000000I0Q	Music	4	3
US	RXBWJBQAKLHZR	B000007XUQ	Music	5	2
US	RSSRD4JNQPV6O	B00000JCB2	Music	5	0
US	R1P18DAJ04AWGT	B000001BX0	Music	5	0
US	R2GD6GQSZ0J5C2	B000001EAQ	Music	4	0
US	R39XN6JH7A3IDY	B00000IPAX	Music	1	0
US	RP3JOFJ0BO47R	B00000J7RZ	Music	5	0
US	R1KBD3M7YGGDKI	B00000IOSU	Music	5	0
US	R2KCL681LZ1N3B	B000002ULO	Music	5	0
US	R2N7QSV5LB8YA	B000002UEB	Music	5	0
US	R1AGWHJK6LOE7T	B000002LQR	Music	5	0
US	R2ERCBUUO98OXO	B00000BKE1	Music	5	0
US	R16RNJU8FBK9X8	B000000WCA	Music	5	0
US	R28E3PO9MU5BCY	B000002UDB	Music	5	3
US	R2P27MTYFXVFSW	B00000F1D3	Music	1	1
US	R33I3APAQWLU7L	B000002ITK	Music	5	3
US	R2XKXVXEQ1A5IJ	B0000028PI	Music	4	0
US	R1IONG2UAZZ90V	B0000027DJ	Music	5	1
US	R231U12SW3HL56	B0000026T4	Music	5	0
US	R34JJT3BJ6BQNT	B000002UKS	Music	5	48
US	R22C9OORBQLDSK	B000002AZX	Music	5	2
US	R3AKPJS777751E	B00000IPAX	Music	4	0
US	RQIVLGORRW1D6	B0000026J6	Music	5	3
US	RZVLK4T1OUS21	B00000DC10	Music	5	0
US	R12GN9P94O845	B00000253N	Music	4	4
US	R2QQQDSJCU19ZA	B00000IPAX	Music	4	0
US	RXB6SAZZBGYBE	B00000J7JO	Music	5	0
US	R3B5UQJKH5UFHR	B00000ADG2	Music	5	0
US	R39YL3EERXAN8Q	B0000057C5	Music	5	0
US	RVKOLN9JW8HN5	B00000AFFF	Music	5	1
US	R1D5AGA1GQGW0X	B00000099Y	Music	5	0
US	R3GSCOGF3SA60U	B000000WFU	Music	5	0
US	R2YFWKG2XPWDI3	B000002AZ8	Music	5	1
US	R2F2XQRIMEDCRB	B000001Y42	Music	5	0
US	R25I07C6RGSOVE	B000002C1W	Music	5	0
US	R77SE79I6R1VA	B00000J7S8	Music	4	0
US	R1NYEB4D54WBTV	B00000FCBC	Music	5	0
US	R326Q9L9TJ2C8X	B00000J7JO	Music	5	0
US	R3K9H81HQ8EA8C	B00000IOSU	Music	5	0
US	R1PQL7SC2T9JAN	B0000019PA	Music	5	0
US	R3814IPEKROHIC	B0000028RR	Music	5	0
US	R2951VYHAZ6ZXW	B00000DR52	Music	5	3
US	R1SN31TGM5GH4Z	B000002H2H	Music	5	0
US	R2W3AVYU2S5MB2	B000002UAU	Music	5	7
US	RUGISLMU3VW13	B000002R48	Music	3	20
US	R51L7DLQGEG81	B000005J56	Music	2	2
US	R3N4A6KVIVDQV	B000002J29	Music	5	0
US	R3HC9GN8DACAJT	B00000JCB2	Music	5	0
US	R3U7B1LPYC9N94	B0000009OP	Music	5	0
US	RBP9LOVDLO8EJ	B00000DLVA	Music	5	0
US	R1I6ABPXE3EZO0	B00000AFWZ	Music	5	3
US	R1FL78K1DN25Z4	B00000J8EK	Music	4	0
US	R30Y95XR8OOTBU	B000002NJS	Music	4	0
US	RXIA2WDOFK55F	B00000DHRZ	Music	2	0
US	R2CBVATYLNRL76	B000000FG8	Music	4	0
US	R24WQAEUUQLCGX	B000002BPS	Music	4	0
US	RUAUEAI7B2CZ	B000003TA4	Music	5	0
US	R24TDZRWYSY79	B000002UJQ	Music	5	7
US	R1DKWVUW6K067F	B000000W6R	Music	1	2
US	R35J7NB9TJGSYE	B000000W3G	Music	5	0
US	RPITXGQY57IEZ	B000000WCA	Music	5	0
US	R3QAV01U6TCG9D	B000002J2B	Music	4	1
US	R3HE8D3TTVDPZF	B000002J27	Music	4	3
US	R3U8OFC9VOQ1QG	B000002WFF	Music	5	3
US	R2CQA2FBFRGJHW	B000002IST	Music	2	1
US	R1KOEJV1GUC1KK	B000002J29	Music	5	4
US	R2MFXP78EMZQLC	B000003P9Z	Music	5	5
US	R2FLKTOO6F1XAA	B000002BPS	Music	5	0
US	RJEN91Z09842Z	B000001FI7	Music	5	0
US	R35OK3P910C22Q	B00000JCOV	Music	5	0
US	R1UMTIMH691HVY	B000005S0E	Music	5	15
US	R2YJ7K429IP6VS	B000002OX7	Music	5	0
US	R1NG55W4IJDVW5	B000002OZY	Music	5	0
US	R22UG6VWAZ6Y4E	B000001FDK	Music	5	0
US	R37E7SS4UGOU2T	B00000JCB2	Music	5	0
US	R3EYTZ05NWS1OV	B000003BEM	Music	5	1
US	RKCGM2IO31JKR	B000002KB8	Music	5	0
US	R13EVWYCOZ3LCF	B000002IRL	Music	5	0
US	R5T3UHRXQCNPW	B00000J7RZ	Music	5	0
US	R1E1AXDKY0267V	B00000IAU3	Music	5	0
US	R34MV6E227CNAL	B00000J7RZ	Music	5	0
US	R2CTDKHJ9B625G	B000002JPA	Music	5	0
US	R38HAHATUZ64FW	B000002UAR	Music	5	5
US	R4ZMRKWBED2L	B00000269M	Music	4	0
US	R38XWAM3Q2P22D	B000002UB3	Music	5	6
US	R1NMK65X42EG2X	B00000DHTF	Music	5	0
US	RQ3SNG4NQTFF4	B000002URV	Music	4	9
US	R3WD9HD1W9JJI	B000002KOQ	Music	5	2
US	R22HNLISUSGRWW	B000002UAR	Music	5	5
US	R1WLHT8B0HJLMP	B00000IQMT	Music	4	0
US	R3VFK3LRNUPOKD	B00000JCB2	Music	4	0
US	R1QTRSLHFXO987	B00000J7J4	Music	4	0
US	R1LLE8V9NKQWZW	B000002UVZ	Music	5	0
US	R9MECABH8N1V1	B000002LCX	Music	4	1
US	R185U49GTTRKT2	B0000020C4	Music	5	4
US	R2I44G40MXHI79	B00000DLV1	Music	4	0
US	R8YZHSKQHNRWE	B000002UJQ	Music	5	0
US	R2ALMIJP3PTEIT	B00000JCOV	Music	1	2
US	R1DIN3FHK5GJDS	B000002WYT	Music	5	0
US	RA14QJ5E1DYZ5	B000002KGT	Music	5	0
US	RH35ZEA185ISH	B00000JCB2	Music	5	0
US	R1PK5AEXHV15G9	B000002552	Music	3	0
US	R2PCOIOEVR7R7G	B000002VCO	Music	4	1
US	R2FEZURCSG9IR7	B0000021RG	Music	3	0
US	RD19C2ME1WHM	B000002N9L	Music	5	3
US	RZT3A3SVY5OME	B000002VCB	Music	4	1
US	R1B3T24F0KVXGM	B000002VEP	Music	3	0
US	R25I7P74XKXFRR	B000002KM6	Music	5	0
US	R1I6ENI2MM8BO1	B000002VC5	Music	4	1
US	R3TJYFV1LLC6ZO	B000002VC3	Music	5	1
US	R12XPZPNZRWKVF	B000001FN3	Music	4	8
US	RFGSL2S3OXVC7	B0000064TT	Music	5	9
US	R9H7O2SOI5AFK	B000002UJQ	Music	5	1
US	RB5BK9DFRG49W	B000005J56	Music	5	0
US	R2J26IDY6MP9JC	B00000J7S8	Music	5	1
US	R2197ELFS9G3AG	B000003S28	Music	4	2
US	R15A59CALF6846	B000003S5H	Music	5	0
US	R3TO0ETODMFI06	B000002L5I	Music	5	0
US	R32FO9KOBMMYBQ	B000000JO3	Music	5	0
US	R2DI4O88VAH5Z8	B00000DHRZ	Music	5	0
US	R28KIIEUQB6SAM	B0000009OP	Music	5	2
US	R1OWXDISNV7VJ9	B0000009OP	Music	5	4
US	R3CVMH821M44Z3	B000002UB6	Music	4	2
US	R1OIY13OQMLCKG	B000002LEE	Music	5	5
US	R3NPWVR0O1XC8P	B000001EXR	Music	5	2
US	RUZ70EFKRIHQK	B000005J56	Music	5	1
US	R3RGGY1FV0G03A	B000002HJA	Music	5	1
US	R2X3Q034S9Y231	B00000DLVA	Music	5	0
US	RMD3Z4V57NW3S	B000002JS6	Music	5	0
US	R1YMKUUNT4NTUJ	B000002UW1	Music	5	1
US	RECLS53LMRJEX	B00000J7S8	Music	5	1
US	RMI00MGO2VFA7	B00000AFHM	Music	4	1
US	R18C1XOQMZOWRV	B000001ELB	Music	5	3
US	R2FKQ4LCNNBYCJ	B000001C6M	Music	5	1
US	RZUOLF08CPW75	B00000JCB2	Music	4	0
US	RCOYAQEIMTFLQ	B000002BSG	Music	5	1
US	RUPAI5UPMW3S3	B000005H4F	Music	5	2
US	RXTCJ94G4TD7X	B00000J8EK	Music	5	0
US	R1CA6GUX7VLT12	B000002NAK	Music	1	7
US	R2MJ1VQWOV5SZ7	B000002LCK	Music	5	0
US	R2991OQSS3CPQ2	B000001Y42	Music	4	0
US	RYTS3509VUNO4	B00000J8EK	Music	5	0
US	R16QJTGDGHF07Q	B00000IPAX	Music	5	0
US	R259UKI5OA3YYR	B00000JCB2	Music	2	0
US	R2DQSHNUL21UQN	B000000HTM	Music	5	1
US	R3E3U8YGVXP5HE	B000009ED0	Music	4	0
US	R2JBSRSLBTZI7W	B000001FKY	Music	5	0
US	R1TKQ3DK1TAUIY	B000001FTH	Music	3	0
US	R3L2HL6PGTX7HY	B0000029D1	Music	5	2
US	R29U7SOGIQQQ43	B000003S0I	Music	3	2
US	R186P8XLUV3YL1	B000002UJQ	Music	5	0
US	R3E2MR0RS518VX	B0000062FL	Music	4	2
US	RLFB8TNE3UUF5	B000009DUY	Music	5	0
US	R3JYLWPD9Y95YT	B000000OAN	Music	5	0
US	R3P9OLBMYFU29X	B000006045	Music	5	0
US	R10V9YJCZVBTBG	B000002KL3	Music	5	1
US	R33NOH6E7PMNMG	B000001AJG	Music	5	0
US	R1DFVY6RK6KLVT	B00000634L	Music	5	0
US	R1MJUYOMS02NXA	B000002VCZ	Music	5	10
US	R1G6MVRTQ449BS	B000003TBP	Music	5	0
US	R1EB3WMBIJ7QB0	B000002VCU	Music	5	1
US	RN8MO21TKCIHC	B000002VE7	Music	3	1
US	R1KE7HTSQX9RR8	B00000ADG2	Music	5	0
US	R10SXLGLV97YTR	B000002VCT	Music	5	1
US	R3W3NUQIH25HVE	B000002U9E	Music	2	5
US	RZX60SPHHCPR3	B0000028M7	Music	3	0
US	R1JMIRTKUXTOBF	B000000OQF	Music	5	0
US	R1RGOIXO67MDWJ	B000002HPV	Music	5	0
US	RGU401Y2NRLND	B000005J56	Music	5	0
US	R2UPQ8WP63IIVD	B000002G87	Music	5	0
US	R22DTXNHIWPHXC	B000003TSP	Music	5	0
US	R1625OII5GN3X7	B000002C1X	Music	5	0
US	R2GTZTX12AZRFH	B000005HBI	Music	5	10
US	R326WZTN9GBQ3A	B0000025SB	Music	4	1
US	R3692G55A4T7VC	B000002HH2	Music	5	0
US	R3AZOGEGJMFX2B	B000002U8G	Music	4	0
US	R2MIOF2DC241BP	B000002UVX	Music	5	0
US	RW5EOLRTLD57H	B00000J7S8	Music	5	1
US	R2SYNMRSPKM1OX	B000002OPP	Music	5	1
US	R3PMZAVNPDVUYT	B00000JCOV	Music	5	0
US	RCY58IHPDR5EI	B00000J7RZ	Music	2	5
US	R1PR8KP1KU9BER	B000005J56	Music	5	0
US	R3RDH6SMQAF6BE	B00000J7JO	Music	4	0
US	R2XQZQVI0GP31M	B00000JCB2	Music	2	0
US	R1P238Z6P52FJS	B00000J8EK	Music	5	0
US	R2HBJ7AXGA2L1Y	B00000J6AG	Music	5	0
US	R12UN9FSKNYPRY	B0000067X1	Music	5	1
US	R11QYVR105NY7D	B00000IOSU	Music	5	0
US	R3S7ETL6SI6N7	B0000025L8	Music	3	7
US	R7Q1JPDONL6WM	B0000024WN	Music	5	2
US	R1STCGBLTB8K9W	B0000024IE	Music	5	0
US	R2PDCWTO2L7Y2S	B00000JCB2	Music	5	0
US	R2SM8D59W2XSZ4	B00000JCB2	Music	2	0
US	R2IXJHJ2124K6	B000002AV5	Music	5	1
US	R2TBTXIFOY5EVE	B00000IOSU	Music	5	0
US	R2VSVGFZUXDYEV	B00000DGUG	Music	5	0
US	R3SZNGFRVZ7AKM	B00000DGUY	Music	5	0
US	RDA91JYYES2CK	B00000J7J4	Music	1	2
US	R2DG4F20HAVTPK	B000001Y42	Music	5	0
US	R3MQCMIGNRWSI2	B000002LR3	Music	5	1
US	RTV20FOU5KPSM	B000009EAD	Music	5	0
US	RVMVBNLOBF6FS	B000002TP7	Music	5	0
US	R20PWZJXADMKB3	B00000DF6O	Music	5	35
US	R3CI8N7WA2FE9I	B00000J8EK	Music	1	0
US	R2NW41RZJLDOJA	B00000BKDW	Music	4	0
US	R1KMQE664WM60X	B00000J7I3	Music	5	1
US	R1RZRB0MBD0T9U	B000002UA2	Music	4	1
US	R1FZ64189D5WSH	B00000J6AG	Music	4	0
US	RDLNBALC0CR7Q	B000001FI7	Music	5	0
US	R1Y1LS19RIIW0	B000001E7V	Music	5	0
US	R1PBV4L2L81LDS	B000000WA4	Music	5	0
US	RIGT5BFD91467	B000000WJZ	Music	5	0
US	R2GK4Q8S80FZPH	B000002BFL	Music	5	2
US	R1SMFLUXV6WF4D	B00000J7J4	Music	5	0
US	RGY03IX7HK0O8	B00000634J	Music	5	0
US	R3CLZMRCUXMOAE	B000000OSE	Music	5	0
US	RCF6133QZOF9Z	B000002MZ9	Music	5	10
US	R1GZTAG0HWPCHX	B000002BE9	Music	5	0
US	R39F53N7DCZOMJ	B000000OQY	Music	3	0
US	R2SAL1Q2SEZMFX	B000000W5L	Music	5	1
US	R2CV29LX7FBUMB	B00000JCB2	Music	4	0
US	R2ENO54GD90V7J	B00000IOSU	Music	1	0
US	R9LA2TV2DPNQ5	B00000F1D3	Music	1	0
US	RQ4OGAY2MNOFF	B00000612P	Music	5	2
US	R3KC651YJXHURL	B000002U9Y	Music	5	1
US	R2OGH92AVFICLT	B00000JCB2	Music	4	0
US	RFGYK5LIA2UXH	B000002ADT	Music	5	0
US	REGHSL2EMFLPH	B0000062GK	Music	5	13
US	R3P3Y6HYMF7T0S	B0000009OP	Music	5	0
US	R3FEWQEEQ0E30Z	B000007VN4	Music	5	0
US	R1FH9A0FDW3KC1	B000002AH7	Music	5	0
US	R2TKBJLRFU3LAD	B000002KY8	Music	5	1
US	R3N52WSK1997D4	B00000J7JO	Music	4	0
US	R2G7XQZEZHZ07B	B000002UVX	Music	5	2
US	R3T33B4X73K499	B00000J7J4	Music	5	0
US	R8TCNAEKOJ0VB	B000002BUY	Music	5	0
US	R1FJ61TUUXFH4G	B000001E7L	Music	5	0
US	R31YIYLFXPTAFQ	B00000DFSK	Music	5	1
US	R26AWD8YZLLVZX	B00000DHRX	Music	5	0
US	R1I5HKYOSH8FIF	B00000IOSU	Music	3	0
US	REIDE3MNGZBVY	B000005IS1	Music	5	1
US	R3HCS5PFOOPUGK	B00000J7JO	Music	1	3
US	R4BLI9PB092BN	B00000AFGM	Music	5	0
US	R3EBZ6PGY7ZD1M	B000001Y2U	Music	5	0
US	R29EC57S193BBN	B00000B29C	Music	4	4
US	REKFBJKXT4RF8	B000003NA4	Music	5	0
US	R2FNBX3CTHCYWW	B00000J6AG	Music	4	2
US	R2R5DHPZ8RDJ0U	B000001FI7	Music	5	1
US	R29X94759X2MON	B00000JCB2	Music	5	0
US	R2HZICNEVVXUGM	B000001EGA	Music	5	2
US	RQB7H5POOWR8J	B000002OX7	Music	5	0
US	R3PRIQE5757SI3	B000002JSJ	Music	1	6
US	RQEFCVAXGT1C	B00000IP2L	Music	5	0
US	R12DWDQJZRIEU0	B000005J56	Music	5	0
US	R17X7XLI4W6S6J	B000002MY3	Music	5	0
US	R2YWT07Y12R0OF	B00000I0XW	Music	4	0
US	R3CNQBLCZ3IW4C	B000002I25	Music	5	0
US	R14AAJ7R75OL7C	B000007S5B	Music	4	0
US	R1NGWKO9VB1XKL	B000002I2M	Music	5	0
US	R3A8V5TRLB4LIB	B000002I27	Music	5	0
US	R3SF7IVKU3DUS6	B000002I2I	Music	5	0
US	R1UUVCII4DVJAV	B000002HH2	Music	5	0
US	R2JRGN9DPQ7VUS	B000002I2G	Music	3	0
US	R82JJ5WILYDN9	B0000042GM	Music	5	13
US	R1VGSG8WJR9EQ0	B00000DHRX	Music	5	0
US	RJG02P5CSU8SI	B000002KBH	Music	5	1
US	R1OYBQDFAEVGYL	B000002BQK	Music	1	1
US	R29DTPPFTWE35T	B00000JCB2	Music	5	0
US	R3BCS7XXN7JTLB	B00000JCOV	Music	1	3
US	R19PY7AUBKYFWW	B00000JCB2	Music	2	0
US	R2WEDLSJLRR3T8	B0000047CX	Music	5	2
US	R1W7AB8HVEJ3Z8	B000001Y16	Music	5	0
US	R1B9D61VWSEA35	B00000JG4N	Music	5	2
US	R2GCCQ9KJKHA2V	B00000IPAX	Music	5	0
US	R3UD50NMVT75TJ	B00000JG4N	Music	5	1
US	R2K0TMYDAASA90	B000002UBU	Music	4	1
US	R1A5ZJJVM7R5YE	B000002U82	Music	5	0
US	R35X3N7RYKIDXU	B000002I53	Music	5	0
US	R2NAPEW50AVFN9	B00000JCOV	Music	3	0
US	R3RQBTW4CCDIH6	B000005H7D	Music	5	3
US	R1I035U32SJI0B	B0000025ZF	Music	5	2
US	R2C47AC6131SX	B000009PNY	Music	1	1
US	R2RFEMA2FSNB5E	B000002UAI	Music	5	1
US	R2G5OVHF2CGPP0	B000002N2P	Music	5	0
US	R21CBPHBKB50LN	B000003NA4	Music	5	1
US	R161X965XBVR94	B00000JG4N	Music	5	1
US	RLPI1KWZEMQ1B	B00000I2TC	Music	4	8
US	R1MT5ROX5WDFY7	B0000047CX	Music	5	3
US	R3H6JWWDE57RCD	B000001ESP	Music	5	1
US	R2KAZTPW7OZ9BL	B000002KBU	Music	5	3
US	R14LL6NOKG5Y53	B00000IL1K	Music	4	4
US	R1ACC1F8KT5V7C	B00000JCB2	Music	4	0
US	R32687UV8ZWPSN	B000002URV	Music	2	1
US	R2ES3QDQAWF7ON	B0000028RR	Music	5	0
US	R2VY0JC7QB9R9D	B0000019PA	Music	2	2
US	R12D81DV7F4Q2O	B00000BKDS	Music	4	0
US	R24YT7Y14OT005	B000002AHM	Music	5	2
US	R17MJO5B3JAHIU	B00000IMTH	Music	5	2
US	R2HMXREZL4AIO	B000002GDJ	Music	4	19
US	R2XPJRKI2I8LO0	B000002LKF	Music	4	5
US	R260VAYD4T5ZM1	B0000060NF	Music	5	1
US	R1M52O1YY3ME6L	B00000JCB2	Music	5	0
US	R2QAMHE247A2UT	B000002UJQ	Music	5	0
US	R3JNK3FAQ100BI	B000002LGQ	Music	5	0
US	RBF8LMF89NTZ4	B000002VRZ	Music	5	3
US	R1QKLDP768ROQ	B00000DG1R	Music	4	0
US	R3KE2JMRCTNQRB	B0000027RL	Music	5	0
US	R3NM1GRVZ573Z9	B000003N7G	Music	3	7
US	R2C1UERCDVS09F	B0000027RL	Music	5	0
US	R1NF169X5JCT4I	B00000JCB2	Music	5	0
US	R3HXWMRC2RD8FO	B0000025T6	Music	4	1
US	R4VE4EZ0TQXUS	B000002NFM	Music	1	2
US	RVMB6QBKO0LOF	B00000IOSU	Music	5	0
US	R2RRE2GYPJYICH	B00000J8EK	Music	1	1
US	R3S6OWQDMTA9Q2	B000002TQV	Music	5	0
US	R23WKZ3STGDIK8	B000002UJQ	Music	5	0
US	RWKLNNAZFBDS0	B000000OUE	Music	5	0
US	R5WVQSMVEVTTR	B000002KET	Music	5	0
US	R34P1YSH4P9QT9	B000002KHH	Music	5	1
US	R23NPTTRFMNYYV	B000002KE2	Music	5	0
US	RVQ12YZ12WEN1	B0000041DZ	Music	5	134
US	R2PDZ3CA5XIX0U	B000002KDO	Music	5	1
US	R27KVNQ8KWCSH1	B00000J7S8	Music	5	0
US	R3KYXHSLWRWQXK	B00000J7RZ	Music	1	0
US	R3I2Y35D854MNH	B000002NFM	Music	5	0
US	RCQXMDZVFH5O0	B000000H7I	Music	5	0
US	RKA8NYFEBBUSC	B00000J7S8	Music	5	0
US	R3MO665RF8RO3E	B000001OAA	Music	5	0
US	R3454AHTVPC3R	B000009CEM	Music	5	0
US	R1GPLDYJ9X887M	B000009ROK	Music	5	1
US	R3PN3LPBQGKSM7	B000005DQR	Music	5	0
US	R41PWEPNB4WPG	B000002USP	Music	5	1
US	RQ43YK737OHHE	B000002C2E	Music	5	1
US	R2EYF6JMPCJSYR	B00000AFFF	Music	5	3
US	R2MIAQQ2V40KG3	B00000IPAX	Music	5	0
US	R4ORT7RMZ2SZ	B00000J8EK	Music	3	0
US	R2DVU48NF3UIZ2	B00000IOSU	Music	5	0
US	R2YOFS00ZLPDFV	B000003TA4	Music	1	8
US	R30OQT2VQX0R91	B000003BDJ	Music	5	2
US	R1Z01L30HDS5LH	B000002OZY	Music	5	3
US	RH08UCL8UWU69	B00000DHRZ	Music	3	0
US	R1XNH1A39GZLT1	B000001IPL	Music	5	0
US	R1AXQVB8U0K0VT	B000002LN9	Music	5	0
US	R3PGDVC7071AO0	6300270424	Video	3	1
US	RSHT3CWQ1B5OJ	B000003S2M	Music	5	5
US	R16PUIO45RXASQ	B00000J7RZ	Music	5	0
US	R3I7O8ES9BC682	B000002UKS	Music	4	0
US	RA7DIRWAZHIQ	B00000J7RZ	Music	2	0
US	R10GA73QPAYIZX	B000002GQG	Music	5	2
US	R3E32G1J85N3FP	B0000033TE	Music	5	0
US	R36F8C5VD44R10	B000001BX0	Music	4	0
US	R3ULMD8PGQHIBY	B0000025SB	Music	5	0
US	RVPH0OLHG953P	B000001E3V	Music	4	15
US	R307OCZSAZPD52	B000002C4C	Music	5	1
US	R2U3508MMTLUM	B00000J8EK	Music	4	0
US	R17CXWUY3LZQW5	B000002L9M	Music	5	2
US	R3BOFUJ0YMT4UX	B000002J09	Music	5	1
US	R2U0Z60DUYRLIV	B00000J7RZ	Music	4	0
US	R2RJ9E1RFOASI	B00000JCB2	Music	1	0
US	R9AIFFYX78R23	B000002BUY	Music	5	0
US	R1NHJP8ZXPK8Y2	B00000IMTH	Music	5	1
US	R2FZ6NLVUHZEVN	B000002NIW	Music	5	0
US	R1Q4FU9NC0F7ZJ	B00000017D	Music	1	4
US	R290RG3ZIGEZRL	B00000J7J4	Music	5	0
US	R1B7NAXKCGQY7K	B00000JCB2	Music	5	0
US	R3R9FKELZ6CUB5	B000002C1X	Music	5	0
US	RLIZHG333RUYD	B000005J56	Music	5	0
US	R4O07WTPTV95O	B000000132	Music	4	12
US	R1DCNR4MNBX6GP	B00000JJSK	Music	5	0
US	R1KIOG7JPNX344	B000002MJC	Music	5	6
US	R2PH1KOHNLQZX4	B000006054	Music	5	4
US	RRVDDM9GITIYM	B00000IQMT	Music	5	0
US	R3A7PMRLJXG3N0	B000002J03	Music	5	1
US	RNW04ROUDBIXZ	B000000WF0	Music	5	0
US	R1CY6EG1ANBJII	B000000W6R	Music	5	1
US	RO9MNPXYQ2R59	B00000IL1K	Music	5	1
US	RR6XAQB9UEIIK	B000003NA4	Music	5	3
US	RSAZ10BFLNR5J	B00000099Y	Music	5	0
US	R1YSTN5M6WCN44	B0000028PL	Music	3	3
US	R3P91Q85NGH99D	B00000J7JO	Music	5	0
US	R3IRYFOTBQAOEM	B00000IOSU	Music	5	0
US	R2WV1HTDA9EICS	B000002UEB	Music	5	0
US	R2L2BODC1VQXSP	B0000039QA	Music	5	0
US	R3I2JU11QA24GL	B00000IPAX	Music	4	0
US	R3NG3SP3ETZUZW	B00000DHRZ	Music	5	0
US	R38TH99GO3N00A	B00000DHRZ	Music	4	0
US	R31MMDSVCHLNHS	B00000IOSU	Music	3	0
US	R2SM3N3VWQ03P5	B00000FCBC	Music	5	0
US	R27GMN09NXQHCT	B000002VMH	Music	5	0
US	R3DAF9H9HXW0J3	B000002LHX	Music	5	1
US	R9IDO2DOXAJRP	B000005H40	Music	5	1
US	R8RCJOA4G12HF	B00000IPAX	Music	5	0
US	R1QNM4K2X8LCPZ	B000002KIE	Music	1	5
US	R2JK36OHYS06Y1	B00000JCB2	Music	5	0
US	R23U571MCL5128	B000001FDQ	Music	4	1
US	RANPYF2EFXYZK	B00000I924	Music	5	0
US	R3TM8DTC1DAF34	B000002U9W	Music	5	0
US	RYE6OG9BIT6MK	B000002N2Z	Music	5	0
US	R17918MQZTXJPA	B000002HMH	Music	2	0
US	R2NPX4TY89S82D	B000002IZ4	Music	5	0
US	R169YTB7NT5RER	B00000IOSU	Music	5	0
US	R356N6U3XLRQTF	B0000013G9	Music	5	0
US	R1QNYRT8TXAEVY	B00000AF95	Music	3	0
US	RF1D8738ATX91	B00000J7RZ	Music	5	0
US	R1SEGQURNGAOX8	B00000ADG2	Music	5	0
US	R2AC00GT4MAV4R	B0000025RQ	Music	5	0
US	RE4MKNW6SYE5P	B000002KDM	Music	5	8
US	R3BD86YE70G2UU	B00000AFFI	Music	5	0
US	R2XI6ZERPMOHFY	B00000DLV1	Music	4	51
US	R22U99O3I1GCPL	B000003BEM	Music	5	0
US	R25LZ0UB20JER5	B000009MF7	Music	5	9
US	R34BHMB2UW4K1Q	6303014100	Video	5	2
US	R2ZYWYPD4VRKIP	B00000J6AG	Music	5	0
US	REKOR5S7J376G	B000000WZ4	Music	5	0
US	R2A83VCNO23CTZ	B000002MJC	Music	4	0
US	R7ISYR1NPJ6MM	B00000IL1K	Music	5	0
US	R2FMEARSXUVFK5	B000002BQK	Music	5	1
US	R1FZB42Y50VTBA	B000000HHE	Music	5	1
US	R7W2WU166JMXO	B000002KLP	Music	5	2
US	R3QUOT6A1RROU7	B000002W5J	Music	3	5
US	R1M7Q2UJE2CRG	B000002UJQ	Music	5	0
US	R3R8D9MS0ZBVMO	B0000029LG	Music	4	0
US	RGEMLJU8QTJVA	B00000IOSU	Music	2	0
US	R19NYAU4O04PYR	B0000026WD	Music	5	0
US	R3P4DZTX07CEEC	B000001Y42	Music	4	0
US	R1MVMU3O71WGQ9	B000002MG1	Music	5	2
US	RN1XQA7N9TA8N	B000002HGD	Music	5	0
US	R1CYXGOV5RIYJ	B00000IQMT	Music	5	0
US	R1BBWGHI3OR510	B000002KJL	Music	5	0
US	RRJA9YRMFBEIY	B00000J7JO	Music	5	0
US	RA3Z7FADZWRI7	B00000DFMN	Music	4	0
US	R1SBE527ZLXFEU	B0000029DD	Music	5	1
US	RY45BCP9M76OU	B00000JG41	Music	5	0
US	RJSHP337GFUN4	B000004286	Music	5	4
US	R176GW3S8R6TX	B00000JG41	Music	5	0
US	R3P5DPG7FEQK1Y	B000001FLI	Music	4	6
US	RRJQGLZKW66MT	B000002LOM	Music	1	0
US	R1C6N455QR4QJT	B000000QG8	Music	5	1
US	R2VP8KM3LFN5RK	B0000067L2	Music	4	1
US	R2VC78SC6FRE2	B0000011N5	Music	5	1
US	R2KM43I92KCCVV	B00000IL1K	Music	5	0
US	R3C8K3T11WUIZ	B000002UJQ	Music	5	0
US	R3QYE3KHMVUAGC	B000000OPZ	Music	4	0
US	R2QVB6POK9FIOA	B000001FKY	Music	4	0
US	R3MRCUOPVR8XAF	B000002ORL	Music	5	5
US	RHUFDL394LHHG	B000001EHS	Music	5	0
US	R3UJ2S535XG90C	B000002OG8	Music	5	38
US	RE1RMG3TS0TST	B000001EC1	Music	5	0
US	R3TBUQTLQN7N7A	B00000I9MK	Music	5	1
US	RAZNBMTHLMJJ5	B00000J7JO	Music	5	0
US	R2UFQNBJYZ55PC	B00000IOSU	Music	5	0
US	R2KYRGRWFX5EJE	B000002BBY	Music	5	0
US	R1ZT6TOMJ81RS4	B000002UAF	Music	5	0
US	RV4X0ZIONQBUJ	B000000OAC	Music	3	4
US	RURQZN57QUNSV	B0000026CM	Music	4	1
US	R3VTUI74Q1ITEV	B00000251N	Music	5	1
US	RESI16IGKCA2D	B00000J7RZ	Music	1	0
US	R2YJZ204L6FVMZ	B000009QPE	Music	5	0
US	R1L58AD7D9G9IF	B00000HYXB	Music	5	2
US	R33IE7M4FVFOMM	B00000HZFP	Music	4	0
US	R2KTI16OAKO0KX	B00000JCB2	Music	5	0
US	R9VQZ4BPST08N	B00000JCB3	Music	5	0
US	RF4VTCUDOP2GD	B000002U82	Music	5	0
US	RAF98PUGKCXFZ	B0000028RR	Music	5	0
US	R2295S24OXPSLR	B00000IOSU	Music	5	0
US	R3O0Y875JUPFSI	B000002LK1	Music	5	0
US	R2EN79NXDXVV4X	B00000G5VI	Music	4	34
US	R28LP6OWOABS2T	B00000DBXL	Music	5	0
US	R3L9OVON4X5FP2	B000002GF8	Music	2	5
US	R30641LC9B4IGF	B000002OX7	Music	5	0
US	RIDMXAK8BKB1W	B00000J7S8	Music	5	1
US	R2VIEVIX2JVKFQ	B0000057C5	Music	5	0
US	R1JW5ER1SSB6BT	B000002GDJ	Music	5	1
US	RVBK9LAEXKAS1	B000003RCY	Music	4	0
US	R34VCJ91BX5NA2	B00000JG41	Music	5	0
US	R1EBSXG2NB96BR	B000002BE9	Music	5	0
US	R3JOZX2F8SOSHI	B00000J7S8	Music	5	1
US	R3Q9HDZ0EX4QFA	B00000AFFF	Music	5	0
US	R2LVGMBV4ZXKKE	B00000IFWE	Music	5	0
US	R1WT8LHK5NM5B1	B000001Y16	Music	5	0
US	R2OXBAH7LXAILF	B0000028PL	Music	5	0
US	R1ASPGYRFKUEUL	B000002KKX	Music	5	1
US	RCAO1X1SYC7I6	B00000IOSU	Music	5	1
US	R1K59FXO46YM2P	B000002NHN	Music	5	0
US	R33D22T2RRBRWP	B000001FAU	Music	5	1
US	RA2ZF4HE6RMID	B000002J5K	Music	5	4
US	RP7SYKOMIOE1H	B00000J8EK	Music	5	0
US	R2XGVD9LWQX7CM	B000002UDV	Music	5	4
US	R1WRELL3UO3T5N	B000002KDS	Music	5	6
US	R2FJ4U2ZBGIWNM	B00000FCBC	Music	5	0
US	R24GTA52YU7P2J	B000002G0P	Music	5	1
US	R1KZIRV1RYVYR5	B000005J56	Music	5	0
US	R2MQDRSC5ZEYUQ	B000002V0Q	Music	4	0
US	R3TDXKWLY0JKTA	B000000H4V	Music	2	2
US	RHAWTW3SJJJZL	B000002V0Q	Music	4	0
US	R3T5R4ILXT167E	B0000017CA	Music	5	0
US	R1QK8AK86JKDMV	B000002TPS	Music	2	1
US	R3PD37BOAAT8T2	B000000WA4	Music	5	0
US	R1I265H1KT7FJ	B00000JJQK	Music	5	1
US	R359RJNWQ14EOJ	B00000J7J4	Music	2	0
US	RJRJV7BPOE8YK	B000002J2F	Music	5	0
US	RFB1IRSNMZUF5	B000000WJK	Music	5	6
US	R3M3MYKVHBXC70	B0000026DJ	Music	5	0
US	R1LNN2P8EQ826D	B000002NC4	Music	5	1
US	R1PATDCFWGSNO2	B0000035E7	Music	5	0
US	R121D583JDQ4E5	B000005ZGZ	Music	4	0
US	R741DYHN8C43W	B00000IQMT	Music	5	0
US	R1R0WLNUBF63FW	B000002WYT	Music	5	0
US	R8ZF6UX1KI8OJ	B000003FMY	Music	5	12
US	RJXS04D6TV6GP	B000002I97	Music	5	6
US	R37OIOIC7KRMBK	B00000IMTF	Music	5	1
US	R21M79FWXEOQUC	B00000J7J4	Music	5	0
US	RKR8FZCVPM4EZ	B000005IU2	Music	5	0
US	R2DSKUDKBAQIN5	B00000IOSU	Music	5	0
US	R182DK2SBMCGJI	B00000IOSU	Music	5	0
US	R171YX2EFYN1YT	B00000JG41	Music	5	0
US	R303BPV67T56TY	B000000WA4	Music	5	0
US	R170L99N5FSPVL	B0000027K7	Music	5	1
US	R3EPXWDDPAI9SX	B00000DR52	Music	5	2
US	R2KLZTLI9AORKK	B00000292K	Music	1	7
US	R6HC1X21OG3BB	B00000F1D3	Music	2	0
US	R18KS268ZZHSL6	B000002AH7	Music	5	1
US	R2YPXXOT73JZB7	B000002UA5	Music	5	1
US	R2INVAIEPACAZ0	B0000024KQ	Music	5	1
US	R2O1RWGAYSSJRL	B000000OTY	Music	5	0
US	R35BC81CG7CS93	B0000046NB	Music	5	6
US	R2DCL7GKK6VAGW	B000003CKH	Music	5	2
US	R1JM6GMM8SE3CI	B000000WF0	Music	2	1
US	RC1JCU6FR2S01	B000006OAM	Music	5	0
US	RL51Q8WZGJORA	B000002C1X	Music	5	0
US	R173VK7MTVGJWF	B000002C1Z	Music	5	0
US	R2FRX60SKEL2ER	B000002KYK	Music	5	3
US	RMP3GHUFUUQSD	B00000634L	Music	5	0
US	R3JC971VUXPBUF	B00000J6AG	Music	5	0
US	R1G3HCKW3XOON7	B000002579	Music	5	1
US	R2B4MTSH31HT8E	B00000IOSU	Music	5	0
US	R3OO19ZA0ZNKWJ	B00000J7RZ	Music	4	0
US	R325L6H5DA9PJC	B0000025QC	Music	5	5
US	ROZ4Y0T0NQ6SL	B000001ESN	Music	5	0
US	R3AL916CI7EO6H	B000002BHE	Music	4	0
US	R26Y7LYE6CLRTJ	B00000J7S8	Music	3	0
US	R1LKNMAWNAL99P	B000007NYS	Music	5	2
US	R2GHAO7A0RDZZ2	B0000025RI	Music	2	4
US	RLD4XZC387AWM	B00000I9MK	Music	4	1
US	R2UYOKG6VLYMHQ	B00000DGRX	Music	5	3
US	R2W36T83U0X1RD	B000001FUZ	Music	5	1
US	R2WTAQZ8SX9DEI	B00000099Y	Music	2	0
US	R365YUN3XJ4D04	B00000JCB2	Music	1	0
US	R19974SAGD0MF0	B000000993	Music	5	1
US	R1FC1TWUP5OC20	B00000DHRZ	Music	4	0
US	R2CAU6G3Z6FOVA	B00000JCB3	Music	5	1
US	R2EC6F9EV7SGGV	B00000255F	Music	3	10
US	RW58AM09MPWN3	B000000H4A	Music	5	3
US	R24Q63TQSKV2QT	B000004712	Music	2	4
US	R2ZU0CC5QC0F7C	B000000WFU	Music	5	1
US	R3PBCLL87V1YU3	B000002UB3	Music	5	6
US	RA081MX7AN61X	B0000029AL	Music	4	0
US	R3GZ5PEOSVPJ8L	B000000W5L	Music	2	6
US	RI3MR0Y31RKC9	B000009ED0	Music	4	0
US	RDT5JHNU0R0DR	B00000IP2L	Music	4	0
US	R1SJPHI2ANHESU	B000002JR8	Music	5	1
US	R23M1CCM4PRCSN	B00000016N	Music	5	39
US	R3GRM6OEFRJI12	B00000JCB2	Music	5	0
US	R17NVMZJ8DNFUU	B00000JJQK	Music	5	0
US	REPXUM0ROQ81Z	B000002GB6	Music	5	1
US	RVQ5N8JRFALU3	B00000J7JO	Music	5	0
US	R9V02PIYB25A	B00000J7JO	Music	5	0
US	R1ME6BSG2CZIDS	B000002UZU	Music	5	8
US	R2TFYUUWWI4EJG	B00000J7RZ	Music	5	0
US	RWYYWA4HEMZWN	B000005ZFN	Music	3	0
US	R1NDZJHOI99U6B	B00000F1D3	Music	5	0
US	R3PN1Y9NGR9BN6	B000002J09	Music	5	0
US	R3I7VKWWY1SWMG	B000002U82	Music	5	0
US	R2KJX44BWDT7K1	B000002WYT	Music	5	0
US	RB6GOY0YJZDT3	B0000024Z7	Music	5	0
US	RUBTWY49QUAIV	B000001DTM	Music	5	0
US	R2XZS4KY60LAMZ	B00000IOSU	Music	5	0
US	R3SAL9M0MRCGIX	B00000JCOV	Music	4	0
US	RC28OJ95G4MDU	B0000020C4	Music	5	1
US	R2TL6UBMP8NLUS	6304117752	Video	4	0
US	R3QCD9Y5PYZQKV	B000005C1B	Music	5	2
US	R2SXEXH0GOF0X3	B0000025WQ	Music	5	1
US	R2GDW89R477YS5	B000002L42	Music	1	2
US	R2MSP1367HAQGG	B000002A3T	Music	5	1
US	R1G19F36AHJEGO	B000002MY3	Music	5	0
US	R2FBH78DW65TPQ	B000002J1H	Music	5	1
US	R36V87ZEV2O546	B000007ODM	Music	5	0
US	RL4MFMGQRW0RN	B000001DYY	Music	4	3
US	R3HUSXGQQK7EFI	B000005H40	Music	5	2
US	R3EX9JZ3R9UL04	B00000732C	Music	4	2
US	R1PELXY1F88XN7	B000000132	Music	4	3
US	R2OHDVV8ZWL89K	B000009CEM	Music	5	0
US	R2KG7EHEPZWK3T	B00000IGGA	Music	5	2
US	R2UD5UHCOT0TJH	B000002BNB	Music	5	0
US	RX20YH1995DYQ	B00000JCB2	Music	5	0
US	RGUY89EQNXJFK	0792837614	Video	5	1
US	R16DHL4NJW4V1F	B00000AFWW	Music	5	1
US	R2K1RIHF1QDPKJ	B00000J8EK	Music	3	0
US	R89J2M2XP4W49	B00000J7SS	Music	5	0
US	R2QTTAO0G5ELZH	B000005J56	Music	5	0
US	RCF3CL8SJS264	B00000JCB2	Music	5	0
US	R25JS1WVZNXBSV	B000000QFV	Music	5	0
US	RVNBNDOURR7L	630512762X	Video DVD	5	0
US	R1KJ7BGSF9SQRD	B000002H3E	Music	3	1
US	R3ERXM3MTKN2GJ	B000000643	Music	3	2
US	R1PPEWUGP8KFXR	B000002OVJ	Music	5	0
US	R3O7H7XTYYGE8I	B00000IOSU	Music	5	0
US	R1RYV6TXW16Y0Q	B000002MG1	Music	3	6
US	R49P6VIPRSY63	B000002LOE	Music	4	0
US	RO3BBHUF4FVTY	B00000JG41	Music	5	0
US	R1F6YVQNKG8PA9	B00000JFSL	Music	5	1
US	R2SZRBN2KW6BTF	B000002GBD	Music	5	7
US	R2WWC997JB6WHK	B00000J7SS	Music	5	22
US	R3OYCNH5QF1NW2	B00000JR5I	Music	5	0
US	R1I9QRC87KIYJC	B00000DGUG	Music	4	0
US	R2NGXXWZ84V0A4	B000002BSV	Music	5	0
US	RMP5V4HXNXQPN	B000002PCS	Music	5	1
US	R1T2P287OS03JA	B00000IPAX	Music	5	0
US	R1M6Z3JJXD0J9R	B00000DHRX	Music	5	1
US	R18QK5PRPA93E2	B00000IP2L	Music	4	0
US	R27RK8OJEPU6V9	B000002GB4	Music	2	0
US	R1XQA0OD834P6Z	B00000J7J4	Music	1	2
US	R347YLJK39GDXB	B000002UAI	Music	4	9
US	RS1DQMY5FN09H	B000000WJZ	Music	5	0
US	R532YUTQD9CC	B000002C4J	Music	5	0
US	R13NZ45TLYFYJS	B000001IPL	Music	5	0
US	R10I6K31JLE2LS	B00000JCB2	Music	4	0
US	RFZ6TLE30289X	B000002C1X	Music	2	5
US	R2Q2W3IFIKWBS8	B00000IFP6	Music	5	48
US	R28WXVI05QQ0C	B00000JCOV	Music	5	0
US	R3RJ3D04BPTKVX	B000000H57	Music	5	0
US	R2BKBXICKE9QNR	B000002KFJ	Music	5	1
US	R2SYOE347C3HDL	B00000I0XW	Music	5	0
US	R1EU1TI58354JD	B000002KH3	Music	5	0
US	R1RZ44I1D4YZTU	B000002U9L	Music	5	0
US	R5AYO7K38DFJ0	B00000JG41	Music	4	0
US	RNJ83V8KV6OH9	B000002AVF	Music	5	0
US	R1GUIVEZ0ZRNUZ	B000001GQD	Music	5	4
US	R2I0D3FJ4CA66S	B000002BQK	Music	5	1
US	R2F5W1K8SXYQ8W	B0000028VT	Music	4	0
US	R1Z83QCV2579O0	B0000062GK	Music	5	1
US	R106LVY4211PYK	B00000DFTG	Music	4	0
US	R2DBLRR19T7OYO	B00000JG41	Music	5	0
US	R2NCB4H0ZW5FFC	B00000IQMT	Music	5	0
US	R3NZJ119IIX25S	B000003C4M	Music	4	2
US	RG6K8Z10VI4O7	B00000IFWE	Music	2	0
US	R1YIPRF4GAT003	B000002BNB	Music	4	0
US	R2QS0KNTI47N12	B000002LKF	Music	5	3
US	RFGFNKY958BCX	B000002MIY	Music	5	1
US	R2N6V99AO9E6Q4	B00000JFSL	Music	5	0
US	R1E1MRKWFW94DA	B000005S27	Music	4	2
US	R3MAEYDHO20OPR	B0000062GK	Music	5	2
US	R1B1OC0ANDFJ6D	B00000JG41	Music	5	0
US	R3HWAJWVXLSIMF	B000006NPY	Music	3	0
US	RUZVK8T1O4SQS	B000002J03	Music	5	1
US	R30G8LK87T3GS1	B0000009OP	Music	5	0
US	R20IGVX7RVNZMK	B000002LND	Music	5	0
US	RQO51F97GXZH8	B0000025YM	Music	5	0
US	R10IJX67L6Y7V6	B00000JG41	Music	4	0
US	R2BK9GDPYPCDPT	B00000IOSU	Music	5	0
US	R2LE16RA6PJZID	B000000XB9	Music	5	0
US	R1OV0FJA0B5A0F	B000003BF1	Music	5	0
US	R2GTTD39QOL190	B000000WF0	Music	1	5
US	RVGMULZ32LKCD	B00000AOUD	Music	5	0
US	R2K71N1S5SYWM2	B000002BBY	Music	5	0
US	R3T8VSQE4HDRE8	B000006045	Music	5	1
US	R33TC8FF6F64HH	B00000F1D3	Music	5	0
US	R90DOHKI2FOZR	B00000JG41	Music	5	0
US	R285N6MU5FJ84N	B000002OVJ	Music	5	0
US	R2VLYWYXE2Y0F8	B000000IVN	Music	5	0
US	R3DYCTOBAKZFO4	B000009ED0	Music	5	0
US	RERL3P0H7HVB6	B000002ADT	Music	5	0
US	R2HLVITMA5MCPU	B000002UDB	Music	1	2
US	R11GLC8ZZHFL8S	B00000J7JO	Music	5	0
US	R2ADMKH305DAGB	B0000047CX	Music	5	0
US	RKKGP00R63RQ1	B000002L5I	Music	5	0
US	R2Y8SFR9CVV5ZE	B000005JXG	Music	5	1
US	RLODUXY0KF6S4	B000000XCF	Music	5	2
US	R3CG8WU19SQ1L6	B00000J8EK	Music	2	1
US	R1AB03KKTBLO8J	B000000WCA	Music	4	0
US	R12HUQAFLL6W4T	B000001ELL	Music	2	2
US	RPL73BESOLDJM	B000001ELR	Music	5	0
US	R25I4DTMHCMH2V	B00000JCOV	Music	5	0
US	R3VZUCO3IZJ5DN	B000002GF8	Music	2	3
US	RQKL50OU4C85Z	B000002MY3	Music	5	0
US	R2RBS1WA7KW835	B00000DHRZ	Music	5	1
US	R25N99NCLRL43I	B000002868	Music	5	2
US	RLMZ6YOHH8TM7	B000002LEE	Music	5	0
US	RNSLV29OCXJQ3	B00000I9MK	Music	5	1
US	R1IGIHIUAES3B8	B000002KIK	Music	2	7
US	RRMDR39KLHWHI	B00000DHTF	Music	5	0
US	R303YF3C7LO72F	B00000DHRZ	Music	5	0
US	RNTLMEACTP8HM	B0000009OP	Music	5	2
US	R3RSXJS0XHH3P0	B00000J7J4	Music	5	1
US	R1EB9DU3GYVOEE	B000002JS6	Music	5	0
US	R2WRCIOSALF50T	B00000JG41	Music	5	3
US	RTZ4JJCIE01SL	B0000004V2	Music	5	0
US	R21ZDTTUOGC4AV	B00000I9MK	Music	5	1
US	RHLSXSOG47CCU	B0000020C4	Music	5	1
US	R28YXQYWCNLPPC	B00000583F	Music	3	0
US	R11ZZDOCY6TF0Z	B000002G60	Music	5	8
US	R2C3P6HUNQG5KI	B000002H97	Music	5	0
US	R2I9Q8VY6MPUED	B00000I9MK	Music	4	7
US	R2GR7NK629FCLI	B00000DGUG	Music	4	1
US	R1LUUKTGI0824R	B00000IHHM	Music	5	0
US	R3D2N6PZ0D5SKA	B000002C1X	Music	3	2
US	RJXMX4Z1P48J5	B00000JIL1	Music	5	12
US	RIKHFWEF5TSWC	B0000042MY	Music	3	1
US	R3T4KI3S3Z0LMY	B000002JB3	Music	5	4
US	R2IJGXM3VLKWH1	B00000D9TQ	Music	5	2
US	R2MH6TLZP2RTU3	B000002L7J	Music	4	4
US	RH2IOQTOYEMVJ	B000003JBM	Music	4	5
US	R2UGTS0DX9ETDT	B000002HRE	Music	1	2
US	R331DWQYZCQDXN	B000002HMH	Music	1	4
US	R2V8728Y0VUYMM	B000002H2H	Music	5	0
US	R1O302TZEIO2HH	B000005J56	Music	5	0
US	R1ESS9ZIGEV8DO	B000005JHP	Music	5	1
US	R1CPNH0TTEWSPG	B00000IL1K	Music	5	0
US	R3DIAS2UD08U8Z	B000002J0P	Music	5	1
US	R1ZKHX78CWTRGW	B000001Y42	Music	5	0
US	R1F2IGP939ZF83	B000001FS3	Music	5	0
US	R2B9JA7TYIL0EZ	B000002NIW	Music	5	1
US	R2G1MTL8L7MNUP	B00000JCB2	Music	4	0
US	R3A7WAJEUTMIGM	B00000DFMM	Music	5	7
US	R1W6G409VBHVVS	B0000021RB	Music	5	1
US	R3OS9XQP3RZXNU	B00000JCB2	Music	4	0
US	R2486J7FUTZL6G	B000002LQQ	Music	5	0
US	R1F2PJ413QN1RF	B0000009W9	Music	5	7
US	RZLS2ABJI90G5	B00000J8EK	Music	4	0
US	R3CKOTVR4F3SND	B000002AHM	Music	5	0
US	R3SZB0DLBSQTDO	B00000JCB2	Music	4	0
US	R2OO9NVLX0WXH7	B000002U9L	Music	5	0
US	R2TFQJK6DHS0HH	B000000IUX	Music	5	4
US	R20OM8JZT6DFIK	B00000JBCP	Music	5	2
US	R38HLWU3AEYR44	B00000J8EK	Music	5	0
US	R1C35G57N7HIR9	B000006OAM	Music	5	0
US	R1ONFRSMLM5CYJ	B00000J7S8	Music	3	0
US	RJXSJW24ALVRU	B000002UDB	Music	5	3
US	R2NWVY7E8ZSNSQ	B00000J7S8	Music	4	0
US	R1Y97OBCZCNGDE	B00000I924	Music	5	0
US	R3F38O79OCZHG2	B000002VCW	Music	4	3
US	RZR7SQ3XURTKY	B000002BQK	Music	3	0
US	R3PBJFSFQRJU8V	B000005J56	Music	5	0
US	R2PKF1JW3WNGKM	B00000J7JO	Music	5	0
US	RQ6389XQTG3SC	B00000F1D3	Music	5	0
US	R17GVNZZ2OA4RF	B000005J56	Music	5	0
US	RTKX192MFLTCW	B00000IMTF	Music	4	1
US	R1DBDZC2C4B2CY	B00000IHHN	Music	5	0
US	RKCBGC563FSLY	B00000J7JO	Music	4	0
US	R30RMARXUOVESG	B000003NA4	Music	5	0
US	R3SG8PKL83H7ZP	B000002UA0	Music	5	1
US	R1VIAP8VUGO6YI	B000000WF0	Music	5	1
US	RHVE0F8Q8R7MP	B000002UYZ	Music	5	1
US	R35VNTT9850WK2	B000002UY5	Music	1	2
US	R26FLVR808PQBW	B000002JPA	Music	5	0
US	R3VGKDS8GHT9N7	B00000JCOV	Music	5	0
US	R2Z1Y4QH40T2BM	B000002H6C	Music	3	0
US	R2VVNNCOCFBGHC	B000009QPO	Music	5	4
US	R2HAS9D0I8WDOV	B000001DU5	Music	5	1
US	RH8Z1W9BBWPGJ	B000002GXX	Music	4	4
US	R2UQEVSHAZRU0A	B000001ESF	Music	5	2
US	RB2MDDEJT4WTV	B00000J7RZ	Music	5	0
US	R276POWIAIB9WI	B00000JCOV	Music	5	0
US	R3STIJHNLCIR6J	B000002AZZ	Music	5	2
US	RIKA51EWRMLS9	B000002GJ7	Music	5	0
US	R27UKAOVVQWRB3	B000005J56	Music	5	0
US	R3AD3NQWDFX0Y5	B000002HPV	Music	5	0
US	R3BCJV5QYLODG5	B00000J7S8	Music	4	0
US	R2NYRR9WGKNEYH	B000001ES4	Music	2	0
US	R21ONFP8ZFPNJV	B00000JCB2	Music	1	0
US	R70X0TAF0F2P3	B000002UE2	Music	3	17
US	R3UTY6HL29VV7T	B000003S1A	Music	5	2
US	R37668L4B2GKVY	B0000027DJ	Music	4	0
US	R163AQMD5G7RNZ	B00000JCRH	Music	5	1
US	R371LA3DI8Q8PZ	B00000J7J4	Music	5	0
US	R3AVWLINECYPWU	B00000J7J4	Music	4	0
US	R2UNUVYZKLLFCE	B000000OE7	Music	5	0
US	R2IO4S89881BVD	B00000JG41	Music	4	1
US	RAB3TOVICIHA3	B0000009OP	Music	5	0
US	R3FXB8O0Z5VU4P	B00000GUZP	Music	2	3
US	R32RLJJVV5DJP4	B000002U6E	Music	5	2
US	R8M7FW8URHBG4	B000002RXS	Music	5	3
US	R3NSR3CAZ3U4RZ	B000002MZ6	Music	5	3
US	R2B6HOVBX7DQQS	B000002LQR	Music	5	0
US	RCA7YFAJ1PU98	B00000J7J4	Music	4	0
US	R60DO40Q5KXZZ	B000001FXV	Music	4	0
US	REK6PQDKAMXEK	B00000JCB2	Music	1	0
US	R1R63R6QWJP5AQ	B000002O7C	Music	5	5
US	R5K3YL9FYCEOP	B0000024V2	Music	5	20
US	R15V4R40S689GO	B000009QPE	Music	5	0
US	R6XPKBRKGALZP	B0000060NA	Music	5	2
US	R2Q35UAMJHX6DA	B00000DFTG	Music	5	0
US	R3FKJSA3ROUYK4	B0000025RQ	Music	5	1
US	R1A2Z668TFHL5W	B0000042MY	Music	5	3
US	R16FSVPG6EGHYK	B00000DHRZ	Music	5	0
US	R1VSNFJVP00MYK	B000002MQ9	Music	5	2
US	RU31ZFI1Y8V0G	B00000J7S8	Music	5	1
US	R383ONOLXD56R5	B000005RS9	Music	5	1
US	R29VUA1H46YAG1	B000003TB6	Music	5	0
US	R3BNH0S4NX8CUQ	B000002B38	Music	4	1
US	R36JTO33368H58	B000001Y42	Music	5	0
US	R118A91GNC23WZ	B00000JCB2	Music	4	0
US	RB1SDW2I4NKPN	B000000OR9	Music	2	2
US	R9UET1MDMVP8P	B00000DGUG	Music	3	0
US	R13BHFKUS171KK	B00000J7S8	Music	5	2
US	R2I9J2F21QL8GP	B0000062FN	Music	5	1
US	R1K83R33CGJXLP	B00000254Q	Music	4	3
US	R1OV8C4PDKMO4B	B000009DUY	Music	3	1
US	R3BWK57BANAGEN	B000002L9S	Music	5	1
US	R3NEI76KP176SQ	B000002C4J	Music	1	5
US	R2HLNAWEIE12I2	B0000025YM	Music	5	0
US	R3O8IIVA4WRIS6	B000002HMH	Music	5	0
US	R1MSO8W3F7E0I	B00000J7JO	Music	5	0
US	R2RA7E19SVW0IO	B00000JG41	Music	5	0
US	R1YOT49XMXBJM6	B000002MTR	Music	5	0
US	R5IP53CWCLDNP	B000002UDB	Music	2	3
US	R3BSJGWWBENLNG	B000002MTR	Music	5	0
US	R2EX6O9MXM51AM	B00000FCBC	Music	5	0
US	R3COQQLFKRCB8F	B000001OAA	Music	5	0
US	R1IZWGH62OALV4	B000002LUB	Music	5	3
US	R1MSJIWYDN9C3T	B0000070QN	Music	5	1
US	R3TZN5TBALZI0	B000005RTG	Music	5	3
US	R60E3HGJK00E	B000002KBU	Music	5	4
US	R3JFDPRYZ8WDKS	B0000025T6	Music	5	2
US	R3GEZ8V7D46QZL	B000002LQR	Music	5	0
US	R1L4XHY4GE1ZGU	B00000JCB2	Music	1	0
US	R33RYWT8XRE9LL	B000002H70	Music	5	0
US	R2YXACNLZDLWWG	B000000W5L	Music	5	1
US	R3PGYTVVLAB34T	B00000JCOV	Music	5	0
US	R27UNBWRA8SR8L	B00000IAU3	Music	5	0
US	RJCTNRTNUS8CX	B000002KD9	Music	5	4
US	R1HFBA27DYUZ85	B00000J7RZ	Music	3	0
US	R2703VVBACO4DP	B0000027I6	Music	5	34
US	R2KNY1V0L4ZA6X	B000002HPV	Music	5	0
US	R1UV5XMJA92XWQ	B000003NA4	Music	5	0
US	R3A7522XQSJZ4S	B00000IACG	Music	5	9
US	R2KREOWDIN7TGI	B000005ZGZ	Music	5	2
US	R18UK2SB6CL379	B00000AFGM	Music	5	0
US	RWZAQVZ8QCRKE	B000002J7U	Music	5	0
US	R21RWXWTZFO687	B000002KBU	Music	1	23
US	R19QG6N0QAU6BI	B000002552	Music	5	124
US	R215LUL1LPEVHV	B000002H97	Music	2	0
US	R16DHDCXIOB1CV	B000002AD0	Music	5	0
US	R1HTHBTLBKMIC2	B0000070SG	Music	4	1
US	RPPF1IOXITU3K	B00000IAU3	Music	5	0
US	R1O73N4RU7S7UW	B00000J7J4	Music	5	0
US	R2WDSCE628WD15	B00000IOSU	Music	5	0
US	R1Q51HEOW84W4B	B00000IAU3	Music	5	0
US	R2250BZSOZR3SW	B000002IQ9	Music	5	0
US	R15XMS4E50YJEX	B0000062GE	Music	5	0
US	R19OEQM4FRSRBG	B000000OQF	Music	5	0
US	R36VPY13I7SAMY	B000002C4J	Music	5	0
US	R1JTTXH0I2DFJ9	B00000IQMT	Music	5	0
US	R1EERFTDHB512U	B00000J8EK	Music	3	0
US	R3NV8VM7FASDV9	B000003TAW	Music	5	0
US	R3G9UXN910HMCY	B00000JG41	Music	5	0
US	R24D11NTQ6TRB0	B000000ITY	Music	5	1
US	RSHX3EAZ3ZZBE	B000002KDI	Music	5	2
US	RA8DI6ILX1W89	B000002KIE	Music	5	0
US	R3JGD62FELERZI	B000002J03	Music	5	0
US	R15BZNRCL9CR4X	B000002KO3	Music	5	0
US	RBY8O3RFI4ND0	B00000255F	Music	5	1
US	R2XJD9XAT6FP65	B00000J7J4	Music	3	0
US	R2KXWKBQSD22CS	B00000IGGA	Music	5	2
US	R1K1VPOXERPPB4	B000000OSE	Music	5	0
US	R1M254RSHYZRG7	B00000JG41	Music	4	1
US	R31UWPNYIBD7Q5	B00000JG41	Music	5	0
US	R1XVSGPE9938MI	B000002NJS	Music	5	0
US	R16P1UM8EGDPCR	B00000IOSU	Music	4	0
US	R3V86BNTJW56GR	B000002HH2	Music	5	0
US	REURH2EG7XIVX	B000002OVJ	Music	5	0
US	R1IUF8PDCKAWHM	B000002J03	Music	4	0
US	R3F3ZOOQGJK085	B000002MTU	Music	3	6
US	R2P0KS5SXM3WRP	B00000IWVS	Music	5	3
US	R14XXV1DVCZITR	B00000J7RZ	Music	1	1
US	R2QKTAP3Y0XI0J	B000002VCB	Music	4	1
US	RB87XKMRGVVJI	B000002J1H	Music	3	1
US	RF018HK2LCGRT	B000003S2K	Music	1	6
US	RF5JPQ4HOH6ZM	B00000DFRS	Music	5	1
US	R2B5974ZG874KW	B00000DGUG	Music	4	0
US	R38SQZAIPCI2GX	B00000IOSU	Music	5	0
US	R32QT1HGGJ736U	B000000XB9	Music	5	0
US	R33CYGPNQP6KQW	B00000I8UD	Music	2	11
US	RPQAC5MBV4BES	B000001DV2	Music	5	0
US	R3EYKMWG5MOVTB	B000001Y42	Music	5	0
US	R2U5GZVHK5UPN0	B000001EHS	Music	5	3
US	R3J909DPXZBFRS	B000002AVF	Music	5	0
US	R3DN4PT02YJHPB	B0000004V2	Music	5	0
US	R37AZF1J4RH3WV	B000009VOL	Music	5	0
US	ROF5O3883RKWQ	B0000019PA	Music	5	0
US	RWAAQKVJ917XU	B000002H97	Music	5	0
US	R10K154XNXP793	B000002C1Z	Music	5	0
US	R2MGNA5ESM9YB6	B000002U82	Music	5	0
US	RNXACJSEWQUYZ	B000003BEV	Music	5	3
US	R1MS0UTUB2E87W	B000002KB8	Music	5	0
US	R13VV044F84LX3	B000002JOF	Music	2	1
US	ROBKYM4MB42JT	B00000G1HP	Music	4	0
US	R1RAY4CWDHRA8M	B000006NPY	Music	1	0
US	R2W1Y2L0TEEVLU	B000002TQV	Music	5	0
US	R2XO7CG11KGWED	B000001E7L	Music	5	0
US	R2J6U890TKGD82	B00000BKE0	Music	2	2
US	R3ALWMOQ1QKNL5	B0000024TQ	Music	2	1
US	R1G5OJMRD1HKHD	B00000IFP6	Music	5	3
US	R3AKUSHLLKMQ8E	B000000OPZ	Music	5	0
US	RF2S0V77W9ZSP	B000002C1X	Music	5	0
US	R31GJ53TC164IZ	B00000DHR0	Music	5	2
US	R2TISGV665AHWA	B00000IPAX	Music	5	0
US	R21O71UMFDYP8V	B000002WYT	Music	5	0
US	R4RRXHDZWB03V	B000002KHY	Music	5	0
US	R2IB2LXO50V2FT	B000006JQ5	Music	5	2
US	R2IPMG06MAG94	B00000AFWW	Music	5	1
US	R2IDV7GE7F2FN9	B00000DLVA	Music	5	1
US	R15DW1ZC0HOJOX	B000000OSO	Music	3	0
US	R7SKDUPJZEHIN	B000002VTE	Music	5	1
US	R4OMBGIPVANYW	B000002J20	Music	5	5
US	RQC2JIKVLVTHB	B000001Y16	Music	3	0
US	R1U1APYIVTM42E	B0000062GE	Music	5	0
US	R3EMOR7T5H71MM	B00000JJQK	Music	5	0
US	R3B8MV4593I6RZ	B000002UAO	Music	5	0
US	R392CI8XZIEE1C	B000002U84	Music	5	0
US	R1CM00VS1TBCQM	B00000420F	Music	4	3
US	R3G5TXPZATY5D	B000002L9O	Music	3	7
US	R31THJ226G78E0	B000001Y5X	Music	4	0
US	R2ZSZ6M0JE1GOF	B000002J1Y	Music	5	2
US	R3I03T5WCTZ089	B00000IAU3	Music	5	0
US	R3IP5WAGP5VCMN	B00000JG41	Music	2	0
US	R35VCDPPAUS41E	B00000JCB2	Music	5	0
US	R15IO911M4QJHZ	B00000J7J4	Music	4	0
US	RH9QX5RTEF9L5	B00000FC5H	Music	5	6
US	R133CRPC627H4Q	B0000027RL	Music	3	1
US	R3Q1CBD0FFM2DH	B000001DU5	Music	5	1
US	R3MJWVG66EBA1V	B000007SPT	Music	5	5
US	R2EDI06ULDSH92	B000001BX0	Music	5	0
US	R3PERARX9ZPZKC	B00000GUZP	Music	5	1
US	R7SFLRFI0ECJ8	B00000J7RZ	Music	5	0
US	R3O2IJ7JXAQFEJ	B00000DGUG	Music	5	0
US	R2XQC92JLWBFO1	B000003S2O	Music	5	11
US	R3LGXF0WXB5FHK	B00000BKDW	Music	5	0
US	R1I87IKY9E229U	B00000DGUG	Music	5	0
US	R32V8464WP9J8J	B000001FA4	Music	5	0
US	R2QFUN7073XH5E	B000002MTU	Music	4	1
US	R1WCWLHXXTS61L	B000006NPY	Music	5	0
US	RQJT7QLQ3EJMC	B000002MFE	Music	5	0
US	R27QP0JA2QBPGB	B00000BKI4	Music	5	0
US	RURG6CBW8UD3G	B000002LFU	Music	5	1
US	R3DTM6VTFI9J7A	B000002L9B	Music	5	2
US	R28P9O69E7IACW	B00000FCBC	Music	4	0
US	RSUVR0V7KR0E9	B000002MY3	Music	5	0
US	R1NFW63091VQK4	B00000FCBC	Music	5	0
US	RB3Z0E2ABKLXF	B000002A3T	Music	5	0
US	R1JO2WFIFNGTGI	B000002U8G	Music	4	0
US	R3V56K75VWJD5L	B000002P74	Music	5	1
US	RTZGGR3NLVKMR	B00000J8EK	Music	5	0
US	R2ZWJIFYNMJ2OG	B000000W5L	Music	5	0
US	R1BYLKULDEODQM	B00000JCB2	Music	5	0
US	R2EUP3TAQH87G3	B000009ED0	Music	5	0
US	R2XO059KPQ96ZM	B000002U82	Music	5	1
US	R2OTTXKJF9KMUC	B000001Y42	Music	5	0
US	RH1YQ0BMX6M6H	B000000W5L	Music	4	1
US	RC6DB8P72A6AI	B00000JHAU	Music	5	0
US	R2VWL3AJK04A06	B000003BF1	Music	4	0
US	R2PPNPOE184VD5	B000002C1X	Music	5	0
US	R27T5LAU9K2KBR	B00000IPAX	Music	5	0
US	R11TYY1C0A7V5U	B00000DC10	Music	5	0
US	RUQZSO33WTA7	B000002WNP	Music	5	1
US	R1GD0154P1SD68	B000005YZM	Music	4	3
US	R1G824DHZ4MTY4	B000002H33	Music	1	2
US	RTT1Q3MBZM0M1	B000002HRE	Music	5	0
US	R3RRLRTMMGGJ5S	B000003N7Y	Music	5	1
US	RQ8HJ2K9KBL0L	B00000427L	Music	5	2
US	R2UW5MHMVR4HWM	B000002LVB	Music	3	4
US	RO1UC34OI2VJR	B000002KAT	Music	1	10
US	R259IZAAUQW7MY	B00000JCB2	Music	5	0
US	RY0YNNUXOFYQ5	B000002VTE	Music	1	1
US	RGW32PGPQNPQG	B000002L68	Music	5	0
US	R2IYDJA89DE6XI	B00000JCB2	Music	5	0
US	R18UJIESQGM2DF	B00000DGUG	Music	5	0
US	RCMJJWN62LYGM	B0000027EP	Music	5	0
US	R3VXVVG8CL69ER	B000009QPE	Music	5	4
US	RWGHLGQU76YGR	B00000AFFF	Music	5	1
US	R2SOE9T2XSNLGB	B000001E18	Music	5	0
US	R1ZIYRL7GZ66H5	B0000025RI	Music	3	2
US	RCIZTMWV65F5C	B0000009OX	Music	5	6
US	R2GKR1RQ4DIZGQ	B000002IU9	Music	5	0
US	R3JYAC3VJXPHO0	B00000J7RZ	Music	1	1
US	RLZ34W1ITKMYG	B00000I924	Music	1	2
US	R37VD6382IDGXX	B0000027RL	Music	5	0
US	R2OG9LZJGC2O9T	B000002UC5	Music	4	5
US	R23WHSJUA0XZPO	B0000046MM	Music	5	2
US	R24IJ1O7XALR6D	B000002U82	Music	3	0
US	R1NCGMUWEMNWXC	B000002O5L	Music	4	5
US	R3D1ZFXZ0XYC4G	B000002C1W	Music	5	0
US	R3934WPW02T2VN	B000002ADT	Music	5	0
US	R2SPIML9BFSO2H	B000002NJS	Music	5	0
US	R2IW0EQWO2N4PX	B00000IJPU	Music	3	2
US	REIQBP7M6C9NA	B00000I9P1	Music	5	5
US	R2FTNWK5U2MNVQ	B000000OU6	Music	5	0
US	RG1G3ZHX6QEZH	B00000JCB2	Music	5	0
US	R1EYS9FIFPMV22	B000002H6C	Music	5	0
US	R1J9BNP70V4VDT	B000002LFU	Music	3	2
US	R3UNUD5GDHQVX8	B000002WYT	Music	5	0
US	R2ZYGWERYXR6TD	B000002UCE	Music	5	2
US	R19RIZLVGWLB8M	B000001FS6	Music	5	0
US	R3AAHEM85NVI2L	B000001EAQ	Music	5	0
US	R1RKI3M7NN0OXA	B000001F5F	Music	5	0
US	R2ILG6N4WSAE4O	B00000J7J4	Music	5	0
US	R1Y06QOFT3TP3T	B000002H33	Music	5	2
US	R1KEZV66I57FU4	B00000DFSK	Music	5	1
US	R2PYEUQPUYWDCS	B00000IPAX	Music	5	0
US	R1XUNK341MUT04	B000002N2Z	Music	5	0
US	R2QP6ZLEURHQOF	B0000089GM	Music	5	6
US	R10QO19H9YFCLC	B00000DGUG	Music	1	1
US	R2SSSHB6CG033N	B000001EAQ	Music	5	1
US	R1DOPT88WOKSD8	B000002UKS	Music	4	0
US	R3ECVE50570FN2	B000002UZ4	Music	5	1
US	R1F38LMH2S498B	B000002UKS	Music	5	0
US	R32G6N9T1I442H	B00000DHTF	Music	5	1
US	R3DQVCLZDSBCRU	B00000JCB2	Music	4	0
US	R21MUGBDCOWVXM	B000005J56	Music	5	0
US	R33AUN09L225WC	B00000J7S8	Music	5	1
US	RE9HXGFJ5960G	B00000DATR	Music	3	2
US	RCGOZ79P7KKK8	B00000J7JO	Music	4	0
US	R3RH2LZWFF4ODX	B000005RFQ	Music	5	0
US	R15LHNEUU9JWDS	B000008HPE	Music	4	2
US	R2X7O9W3CDG3GV	B00000IOSU	Music	5	0
US	R1YEPKR055P2MB	B000002KET	Music	4	0
US	RTKA4KIVO59FV	B00000IOSU	Music	4	0
US	R12BOW9YYTONTT	B000002BQK	Music	5	1
US	R1RICD7QD0F2KE	B0000026TD	Music	5	8
US	R1317A90TC5YJY	B00000163G	Music	5	0
US	RUYB23WZCLWQ9	B0000024K1	Music	5	1
US	RNX6ESV2H31UP	B000002UAR	Music	5	14
US	R2BCOS7IQKVXXT	6304117752	Video	5	1
US	R2BUEIC622BWC9	B00000IP3S	Music	5	0
US	R3V40RJ1VICJH1	B000009QPE	Music	3	2
US	R1UA2NTJR3YESP	B000009DUY	Music	4	0
US	R8N3M4DGLJNXH	B000002GDJ	Music	5	3
US	R3VA6KO6JMJ872	B000002J29	Music	5	0
US	R197X1K4L32B1W	B000002VSN	Music	5	2
US	RM9H5BF8ERTHA	B000002C4J	Music	5	0
US	R2LU2K6MREL1OV	B00000JAQ8	Music	5	0
US	R38I3C2KBOAY98	B000002UB3	Music	4	2
US	R2AMAA0JHE0TQW	B000002GF8	Music	5	0
US	R2MLVU3TWWSDYX	B000002ADT	Music	5	0
US	R2WNTYV5R196D3	B000002UAF	Music	5	1
US	RK0F0Q7SYE2EM	B000005RZ4	Music	4	1
US	R3QVYTL58QH34K	B00000DHRZ	Music	4	0
US	R1OR7HTWOXZ16M	B000000993	Music	5	1
US	R3FD7V1GCK090R	B000002N9L	Music	1	0
US	R1WZN2EL65Q8HM	B000000OA6	Music	5	2
US	R35KIUPAZFG0VE	B00000055E	Music	4	1
US	R1XXV082UMRJ21	B000002WPI	Music	5	0
US	R13VJTZAI93H4	B000002VTK	Music	5	0
US	R1ULNILVVQ3FEI	B00000J7J4	Music	5	0
US	R3CDH6SJY6F14L	B000002UAX	Music	5	0
US	R1CLBNKLCTBS8T	B00000J8EK	Music	5	0
US	R1R2IUHXM0OWSZ	B00000DRA9	Music	5	2
US	R2AOUBIDLHZ2PU	B00000DQWT	Music	5	1
US	RV9MBZZ1I0549	B000002KMY	Music	3	2
US	R1ELFJ1NIXYMQ3	B000002UV9	Music	1	2
US	R2S8U0BCWWESGW	B000002LUB	Music	4	1
US	R24RQK5K7SYJG	B000002BQK	Music	5	1
US	R1TMOAGRE1Y9CT	B000002J09	Music	5	0
US	R3S83BVD3EEXDW	B00000AFFI	Music	4	1
US	R2VMD1D6YNH0CV	B000001E7T	Music	5	0
US	R2E4MHAP5RURH9	B000002H6C	Music	1	3
US	R1IL0I65OM6VC5	B000001DYD	Music	5	0
US	R2IMOAY7O23SWR	B0000029AL	Music	5	0
US	RF5LKU12UBCNT	B00000IFWE	Music	5	0
US	R3R3QUGBOQ0FD5	B000001DU5	Music	4	3
US	R3RTDL81NSXZLX	B00000J7JO	Music	5	0
US	R1NJFBFF57AZTR	B00000I0XW	Music	5	0
US	R1VZT61T7TE7Y1	B000001FC0	Music	5	0
US	R1DAY9TWXUSGMX	B00000BKDZ	Music	5	1
US	R1IQXPJSH43BF2	B000005J56	Music	1	15
US	R1BTSYVN797IUW	B000002IWQ	Music	1	6
US	R2XBQR17CQ86Q9	B0000027F3	Music	5	1
US	R1HB0PQM8CK2OE	B00000IPAX	Music	5	0
US	R3GFA0DCKXI7EF	B00000J7J4	Music	5	0
US	R3MTE2KHU22PL1	B000003TAW	Music	5	0
US	R1P3UW0W02QFAS	B000003N7K	Music	5	1
US	R2GB6K0BYONSIG	B00000DGUG	Music	5	0
US	R3VRLPZZY3E7WH	B00000DGUG	Music	5	0
US	R2PBB1XCDKLD7D	B000009HF2	Music	5	3
US	R2PO0HCAULIJV7	B000000H5K	Music	1	5
US	R3IGNJYG23PAZB	B00000ADG2	Music	4	0
US	R3E70BHMJSB04B	B000002P5W	Music	5	0
US	RRLQ3AHL8477J	B000008LUN	Music	5	2
US	R3Q9EQBNG3CYIL	B0000025YM	Music	5	0
US	R2D0F0NMEBLYP0	B00000DHZJ	Music	5	3
US	R31EMHM3EL2FCE	B000002H2H	Music	5	2
US	RR2JKAQYANFKP	B00000IPAX	Music	4	0
US	RABK1TT1Q2IM5	B00000J7JH	Music	1	12
US	R3K21NN5TFWYRU	B000002JOH	Music	1	3
US	R3JS4YAQT3BQMO	B000005H3M	Music	5	2
US	R3J0XSZT9UEBJ1	B000002UKS	Music	5	0
US	R1LOE88J2FBY68	B000000WJZ	Music	5	0
US	R2CFXRK9N7ZFFD	B00000JCB2	Music	3	0
US	R1ISCOFMSNZYJD	B00000J7S8	Music	4	1
US	R1PY5Q4ED1TOST	B000002J0B	Music	3	0
US	R5SQNXTAMTF3A	B00000DHRZ	Music	3	0
US	R1W5VWDN91X3PQ	B000002J09	Music	5	0
US	R11NSLE6EVJDG2	B00000J6AG	Music	5	0
US	R3QEHV4SWMHAEV	B00000J7J4	Music	5	0
US	R3TU4KDJ4VOSLY	B000002UAX	Music	5	0
US	R1SF6B7US80H33	B000001FFJ	Music	5	5
US	R4BS47FRSEN88	B000001DTM	Music	5	1
US	R1QBYBDWLTVOBG	B000002GYN	Music	5	22
US	R3KTTQRC3TXMLQ	B000002L8R	Music	4	0
US	RQ4JDARS4YK4A	B000002A6M	Music	5	1
US	R33JZ4HN5APOES	B000007VCM	Music	4	0
US	R141V8DMX6EF4S	B000002TQV	Music	5	0
US	R373A3KT6HXA2Z	B00000IL1K	Music	5	0
US	R297VPDDOPNA5I	B00000HZFH	Music	4	0
US	R3QNS6EKTSVQGN	B0000025DR	Music	5	8
US	R1DSX33RVAPZG2	B000002MFN	Music	5	0
US	R34IP6JG22GSDR	B000002KKC	Music	3	1
US	R2RGJAWLSSLV8N	B00000F14B	Video DVD	5	8
US	R16UK9DEMM4VEY	B00000IAU3	Music	5	0
US	R3H28YNLXUW6OX	B00000J7JO	Music	4	0
US	R1HZGB4M4NYIUE	B000001E18	Music	5	0
US	R2OC0SPPBHUUN2	B000002G7G	Music	5	1
US	R1QU3TDQDWK5WE	B00000IOSU	Music	5	0
US	R1C9AJER1F3LY0	B000000WA4	Music	5	0
US	R23MS2MK2XYT92	B000002BFZ	Music	4	2
US	R2IITA1OIQNZA5	B000000H42	Music	3	5
US	R3OH421NA3PI4Q	B00000DFRS	Music	4	1
US	R3QQ3SQ5CEGASF	B000000XBC	Music	5	5
US	R3O8YJNTAAH200	B000001GQD	Music	5	4
US	R3BP4IG6GRISMV	B000002KIE	Music	5	4
US	R2GN2UGYOJKJ8I	B000002NFM	Music	5	0
US	R1BEK0TCSTWBEA	B000000XB9	Music	5	0
US	R3GU5C4KZ7F39N	B000002UAX	Music	5	1
US	RFDW4OJ0TZVGJ	B000003TBP	Music	5	0
US	R2RCCY70DM5W48	B00000AFFF	Music	5	1
US	R1VWNDT1QLO621	B000002NG7	Music	5	0
US	R27CUEJRJ96OY6	B0000024SI	Music	5	0
US	R2SWZBHQ186YWD	B000006O7C	Music	3	1
US	R2LPB250DCAX82	B00000AFWW	Music	4	1
US	R29QJ25WV1YH9M	B000002IP1	Music	5	10
US	R1907LDRWD537S	B000002KAT	Music	5	0
US	R2VEAR89S08OPZ	B00000DHZJ	Music	5	0
US	R1BOVNR7AZ6JET	B00000IHHN	Music	5	2
US	R1JPD0IN11O0EA	B00000J8EK	Music	5	0
US	RVLICM6391IP4	B000003BF1	Music	5	0
US	R9CMKJ6EV0UD4	B00000IFP6	Music	4	3
US	R1FUYOUIW03YYA	B00000FCBC	Music	4	0
US	R2XPUBLXQWJGTF	B00000J7J4	Music	5	0
US	R1RHDCC5GZIPD6	B000005IRG	Music	5	1
US	RV6B7UXTSB6R2	B00000I9MK	Music	5	1
US	RXUCEO1SF1HX1	B00000J7J4	Music	5	0
US	R1XM02TCSEXN6Y	B0000074FL	Music	5	2
US	R17BMYEXTBC2EK	B00000J7J4	Music	5	0
US	R21CTMKSX6LUVA	B00000DQT7	Music	5	1
US	RJ8U737JXJR2L	B000002R48	Music	4	4
US	R4XHPDGITOTMA	B000002UBU	Music	5	3
US	R3UQ6KBANBAYL4	B000002UAU	Music	5	7
US	R2YL3RSVYJNYQX	B000002IOJ	Music	5	0
US	RWLHK3Q3105YZ	B000002J0G	Music	1	1
US	R259Y3LJLA7LX3	B000002ITM	Music	4	1
US	R2KSVUF4CBITN6	B000005JUA	Music	5	0
US	RBV6JDVXY2AFZ	B00000JNOJ	Music	5	8
US	R3E16ZAVEDOCAK	B00000HZFH	Music	4	0
US	R2EMDZPB93NT7Q	B00000AFGM	Music	1	5
US	R3O449POAG2KKB	B00000IPAX	Music	3	0
US	R3LKT9ZFSMCLPV	B00000I9MK	Music	5	0
US	R2EQMUWVAKDY0G	B000002R67	Music	5	2
US	R1SKXLBESI89SI	B000002J3W	Music	4	0
US	R2KJHSYCGL7SH9	B000001Y16	Music	5	0
US	R3MFU0TKL3COYY	B000004286	Music	5	0
US	R2OF3EKB9Q0DIR	B000002L82	Music	5	0
US	RHEUL7X3BM9YA	B00000JCB2	Music	1	0
US	R35JBCVKN08N3	B000002WNP	Music	5	14
US	R2KWOJKC37QKUH	B000002NHN	Music	5	0
US	R3IW3BT6DZK2HI	B000002ITW	Music	5	1
US	R6B29EGEDNNJT	B00000JCB2	Music	5	0
US	R39I73TG2KALY6	B000002L42	Music	5	0
US	RGMEO0I86G4C1	B000002UAU	Music	5	7
US	R3SFLNL9GYGG05	B000002GG0	Music	5	1
US	R1K0PD3M4QQ0YY	B00000AFFF	Music	5	1
US	R9SCWT9P5FN3	B0000062Y2	Music	3	1
US	R2AZ8UZE348ZAS	B00000JCB2	Music	5	0
US	R2OXBLEKH2WP1E	B000001ELF	Music	4	1
US	RQR5L6ZXGBEL2	B000002UYZ	Music	5	0
US	R2XT5WBKLNUHLS	B00000I9MK	Music	5	1
US	R1FKJRKIL0YNCM	B000002OFG	Music	5	2
US	R1BH8RO9H1WY7N	B00000J7JO	Music	5	0
US	R3HTU2QVJ37DEZ	B0000033P2	Music	5	2
US	R1T8E2DYBRV1A2	B00000JCB2	Music	4	0
US	R3PJKZP3UBZXNT	B000000P17	Music	5	1
US	RPFCW4RAKA492	B00000J7RZ	Music	3	0
US	R2L1M4IRZSG5GB	B000002BUY	Music	4	0
US	R37A6L3BH44R61	B000000OQF	Music	5	0
US	R2111GE5CAJJ1Y	B000000H57	Music	5	0
US	RLBV851Z5O7GV	B00000ADG2	Music	5	1
US	R2HXEEACXNP4O8	B00000J271	Music	5	1
US	R2GR57BQ947IT1	B000000WA4	Music	1	8
US	R1GPA5YUYK2M2	B00000F1D3	Music	5	0
US	R3RU1GZJVRI1VF	B0000024K1	Music	5	0
US	R2GN0XIUW6RQ9F	B000001Y42	Music	5	0
US	R3E1WIHXHKQ40D	B000002NAK	Music	1	7
US	R2BT52E0J2Q59H	B00000IL1K	Music	5	0
US	R1LWANCHALJ3B4	B000007T1M	Music	5	0
US	R28GHDQV7DZYUE	B00000IOSU	Music	5	0
US	R3HKCJU83O6EG8	B00000J6AG	Music	5	0
US	R2KUDRVM4T62S	B000000LZV	Music	5	1
US	RTYJQ73BOIJFO	B000002KFJ	Music	5	2
US	R2PJB439EH877Y	B000002KDO	Music	5	0
US	R380QSRXOZB9KK	B000002KE2	Music	4	0
US	R1PH7PLAWKE4AP	B000002NHN	Music	5	0
US	R36L2I3FVVHLG2	B000002J1B	Music	5	0
US	R3QARBQXFCQURB	B000001FOS	Music	4	0
US	RE7G6N099HG6O	B000002BQK	Music	5	1
US	R3W0GVWJSJF1DS	B000001FLA	Music	4	1
US	R2OUIJH99BZ0TC	B000002NHN	Music	5	0
US	RDTO350HVMIPK	B000002HH2	Music	5	0
US	R305H3V44HN7VJ	B000005J56	Music	5	0
US	R2SHE4JHI78BNL	B000002HMH	Music	5	0
US	R11HPS0FD80NV6	B000001Y5J	Music	5	0
US	R1HLKKXM8CKIUP	B000002KXO	Music	1	3
US	R3C0PDA5GXIZ56	B000002NIW	Music	5	0
US	R3FZOAQXR89GD3	B000001Y2U	Music	5	3
US	RN8XH89JXGEG6	B0000025BL	Music	5	0
US	R1T57GG7SEVXAX	B00000IQMT	Music	5	0
US	R1LPC6XGTIIAQM	B000002UDB	Music	5	1
US	RDYFII8UJ06CK	B00000DMJF	Music	5	0
US	R104HFWR2I7JOV	B000002UAO	Music	5	1
US	R3V7CVHM1POHF9	B000002U9Y	Music	4	0
US	R3S09JYPPNXMUW	B00000I41G	Music	5	0
US	R2CN0QA7FYR0U1	B000001EMW	Music	5	0
US	R1FZXX0PTTQ57Z	B00000F1D3	Music	3	0
US	R1LOK4BCVXK4S4	B00000IL1K	Music	5	0
US	R21GSMH5OU7YIW	B000002LMK	Music	5	1
US	R3VGH8988NYQOF	B000007MVL	Music	5	1
US	R3IYN4NMDK7UGO	B000002MZ9	Music	5	4
US	R2ZYFGEB7E2V2L	B000002O51	Music	5	0
US	R3ES85ZCQLYBW9	B000002LEM	Music	3	0
US	R3O79M2HOGDH3N	B0000025DD	Music	5	1
US	R2LTQ125B9LJUR	B0000025RQ	Music	4	0
US	RNQAT206J6U7D	B000002JS6	Music	5	0
US	R254X82NTVDU0	B000009ED0	Music	5	0
US	RR5KHXR7VTPR	B000001FN1	Music	5	0
US	R9289BLI81FUH	B00000JBCP	Music	2	1
US	R3GZE83VV5OENC	B0000074EF	Music	5	14
US	R1I2BWFVS2ZFYM	B000003PB7	Music	5	1
US	R20LMF60HFNS0Q	B000000WZ4	Music	5	0
US	R2B2GE4SDAS45A	B00000FBRE	Music	5	0
US	R3ABWVIRBG32LI	B000000WI6	Music	5	7
US	R19DGTYVYRU9IE	B00000I3JM	Music	1	3
US	R15CQG49NFCRUB	B00000IQMT	Music	5	0
US	R4G36L3MRCIF9	B0000041Q3	Music	1	5
US	R2Z27TU4ANKMB3	B000009ED0	Music	4	0
US	R1C8J54DJOM43D	B00000J7JO	Music	5	0
US	RHIRJRZ9H9EKU	B000004286	Music	5	0
US	R3GXA7THU1EFMH	B00000IGGA	Music	5	3
US	R1G19IVM5EMA9Q	B0000028M7	Music	5	5
US	R1I8VSCIZRPB9Y	B000002C2E	Music	5	0
US	R2JQIA3SYVIJ03	B000002BBY	Music	4	0
US	R2XANF95XSFRPT	B000002C25	Music	4	0
US	R9OA2SVT1S5E6	B000002MG1	Music	5	1
US	RU0JKIZ8EXY10	B000001G6W	Music	4	10
US	R19LQROWQ0YR8J	B000001ES9	Music	5	1
US	RRQ5HGMU4M79M	B000002G23	Music	5	0
US	R2PY1FMC4TP0QO	B00000HZFP	Music	5	2
US	R1I40PVZDXWPCJ	B000007T1M	Music	5	0
US	RCCX43URAKKKP	B000003TAW	Music	5	0
US	R1JXBSMQCMIEUI	B000002JSN	Music	5	1
US	R2RBDDVQCZ8MRA	B00000AFGM	Music	4	0
US	R3JNJAF2NDSTYA	B00000HYXB	Music	5	0
US	R9YZ8R2C2398N	B000000OEI	Music	3	0
US	R27W2E6HA3BBUY	B000002I2G	Music	5	8
US	RTBF0WDJJEFLW	B00000F1D3	Music	4	0
US	R2GCUO73V60AUN	B000005DQR	Music	5	0
US	RPTDSJD88XC3O	B000000WZ4	Music	5	0
US	R304MNL3CRA0Z8	B00000DFRS	Music	4	2
US	R2FL6LFL6QW9R0	B000002N3J	Music	4	0
US	R2PZLOO018KXO7	B00000AFWW	Music	5	1
US	R12MA6VJ5GYZHN	B000001Y42	Music	5	0
US	R1UDJHHFR3O4QI	B00000DF6O	Music	5	0
US	R2ZBYKIIE25EHK	B0000027EP	Music	5	0
US	RDUJO5HQC6VQU	B000002H4C	Music	5	0
US	R6MBMMEYSO3DK	B000009ED0	Music	5	0
US	R3DFE0WT6A1CCE	B0000025HU	Music	5	1
US	R1YXXIT7VWU8HW	B000000WZ4	Music	4	2
US	R3HBDHAO39HI7M	B000002LOE	Music	4	1
US	R38D2LWB7V79P6	B000002GC2	Music	5	1
US	R2XNE70DM3X3GI	B00000JG41	Music	5	0
US	R21NNJ3ZNANFXQ	B000000W5L	Music	5	0
US	RCVY3CTHZ5BO7	B000001FY9	Music	5	0
US	R1BRYBCJE7VDQK	B00000JCOV	Music	5	2
US	RD98ZQN2D563N	6304124988	Video	5	1
US	RUXFV856WE7QX	B0000024K1	Music	5	0
US	RN30DF2OMJOTZ	B00000DHRZ	Music	1	0
US	R2VWZYGYAP8NPK	B000002B7S	Music	3	0
US	R2YLUNTRHJTXEX	B000002KKS	Music	4	0
US	R116VEVC88TP0P	B000002B7M	Music	4	0
US	R3G5EBAA5X8BTT	B000005K8B	Music	5	0
US	R2OEW7K3BML83I	B000002UUX	Music	5	0
US	R272EEOS332BI3	B000001FA4	Music	5	0
US	R547CNV7Q2VPN	B000002MFE	Music	5	0
US	RR33F02W3IJZ0	B000002JOH	Music	5	1
US	R2DZCL4947QEEQ	B00000DFRS	Music	2	0
US	R2RU10JF5GO08P	B000000H6D	Music	4	0
US	R2R60QFQTQQN3N	B0000026J6	Music	5	3
US	R2UW4VMRO4DC7L	B000002UZ4	Music	5	1
US	R2O2MDE7H9SH69	B00000J7J4	Music	4	0
US	R1CXZ7AFU8YEE6	B000002J1M	Music	1	1
US	R3R5O0H46BB7R1	B00000IAU3	Music	5	0
US	R3MQPAIQ50ZK0R	B00000AFFF	Music	5	1
US	R3JXAN7JH3WBSB	B00000IOSU	Music	2	1
US	R1TB0MZWPDIFHM	B00000JG41	Music	5	0
US	R38ER4YDA8DEZL	B000002C4C	Music	5	1
US	R3H5T7ORTKVLLM	B000001FDQ	Music	5	2
US	R3EXCA3LT8E4VM	B0000029DD	Music	5	0
US	ROJCJVXAUCKVO	B00000IOSU	Music	1	0
US	R2VB9G6NUDEZ95	B000002C25	Music	5	0
US	R2TLOJP2WRTDE8	B00000IAU3	Music	5	0
US	R1CZ1MJNG45GGX	B00000J7JO	Music	5	0
US	R2HSQEADMW1JS9	B00000JCB2	Music	5	0
US	R124DEFT9NGBSN	B000002URV	Music	5	0
US	RARRJ7F3UHJAT	B000002572	Music	5	0
US	RSET0ZPT6BTV3	B000001GS3	Music	5	93
US	R21G0U46V0891N	B000002ADT	Music	4	0
US	R3EHG8BPQ0HCOY	B000000W5N	Music	5	2
US	R1YU5LLSPX7J90	B00000J8EK	Music	1	1
US	R1J6DE3G9UNN0H	B00000JBCP	Music	5	0
US	R3KK691KT1JLFO	B000002LQD	Music	5	1
US	R18TYKYQMNP5WN	B000002H5I	Music	5	0
US	R269SMR59K1ENB	B00000FCBC	Music	5	0
US	R17GIULJYQXTTZ	B00000099Y	Music	2	0
US	R25TG8TS23V3DB	B000002LPD	Music	5	1
US	R3ITLVC64Z3UEC	B0000064TT	Music	5	0
US	R2KZIHB07A0PFU	B000002N9L	Music	5	0
US	RDK3CNPCZT20S	B00000BKDV	Music	4	0
US	R9T9C46LF3DUN	B000006ZPY	Music	3	0
US	RP55KWTRG9DCA	B000003TAW	Music	5	0
US	R3JQL2AWJZV3JS	B000002KET	Music	5	0
US	R1FJCQYYYYIO7I	B000000W5L	Music	5	0
US	RAHJBXWRHQWFI	B00000BKE1	Music	2	1
US	RMCYFVIBOQGYX	B000001FB6	Music	5	5
US	RRHCIVKBMMXF9	B00000BKE0	Music	2	2
US	R1VDPXKOBLWN7I	B000005KFI	Music	5	2
US	R1SNCR4KUOYOR1	B00000J8EK	Music	5	0
US	R972TPWWSYYU7	B00000J7RZ	Music	4	0
US	R3FMBFL1ZJH4M8	B00000J7J4	Music	5	0
US	R35481P6JFA97S	B000002V0Q	Music	5	0
US	R3KJ4CF9YW3T0E	B000002UWF	Music	5	0
US	R3EOCLPYX4SO4L	B000002E5J	Music	5	5
US	R2VCQ5UA5D5U3J	B000003TAR	Music	2	4
US	R107QG824FFA1T	B0000020C4	Music	3	2
US	RZU6847WRF2QG	B000002UY3	Music	1	1
US	R226US8IXM1OOK	B000002BQK	Music	1	2
US	RSIRKFE3QFGSH	B000002BMV	Music	5	0
US	R1LGQAMKOHGB1E	B000002OR4	Music	5	0
US	R14CV1VSBR9D0G	B00000IOSU	Music	5	0
US	R3ACY7FMEFSG61	B00000IPAX	Music	5	0
US	R13P48JA00UBOT	B00000IOSU	Music	5	0
US	R3V9SEJM1PU2U	B000001ES4	Music	5	0
US	RZLZ2OB33Y89K	B00000I8BX	Music	4	0
US	R1S5U4DSX1FY6G	B000003493	Music	5	4
US	R1PXBSL9P1Z1KZ	B000007RYQ	Music	1	3
US	R1PTAMTSQJM8MT	B00000IOSU	Music	3	0
US	R3M3B8FMIX0X60	B000006OAM	Music	2	0
US	R171H7PNAGFMFW	B000002H70	Music	5	0
US	R1S7SSPCMJ85QG	B000000HZZ	Music	5	3
US	R2VQU6Q8SDZQQU	B000002VSN	Music	4	1
US	R87W8H5B7FWAP	B000002UA0	Music	5	5
US	R388PHV0BSU78M	B00000DFRS	Music	4	1
US	R1WUDRYU2VMDOZ	B00000IP4H	Music	5	2
US	R36UDVIQR9N1N	B00000JG41	Music	5	0
US	R163WE8UD4A5UB	B00000DCHI	Music	5	2
US	R1UQ1NUB9H7UU2	B000002NAK	Music	5	0
US	R1N73CE9HZ3FD9	B000000OUJ	Music	4	1
US	R25E1JYNX94VR6	B00000BKI4	Music	3	5
US	R18G3LHE24RUUF	B00000IL1K	Music	5	0
US	R3GA42SMD4U2K2	B00000BKI4	Music	1	3
US	RAP40ZB4RSAW	B000002U8G	Music	5	0
US	R142S9EBLSIRUB	B000002U9W	Music	5	0
US	R3ONOEELVXPWC3	B000002VMH	Music	5	0
US	R1IXSZD1F3JITZ	B0000033OZ	Music	5	0
US	RFB012IBDDX6Q	B000002G60	Music	5	1
US	RL9ME2A7K4NKV	B00000I9MK	Music	5	1
US	R1XBAX28557BWT	B000002UWF	Music	5	0
US	R3H0X59B86ERYN	B0000024Z7	Music	5	0
US	R2RI997HIPIVNK	B000002KHH	Music	5	0
US	R3EQ3KCY2J9LOS	B00000JCB2	Music	4	0
US	R3KCCY8F2JS6EQ	B000001GS3	Music	5	18
US	RCDMGPCUJMCXF	B000001GXJ	Music	5	5
US	R1O6ASSJ96ZPJN	B000002TYK	Music	5	0
US	R2FWXB0JIL83B3	B000002JPA	Music	5	0
US	R1X7D9ZJBBELQK	B00000BKI4	Music	4	0
US	R36ROZOROC4OA9	B00000DGUG	Music	5	0
US	R2BS060R86LNRK	B000001FA4	Music	5	4
US	R1IA1UKV9TTA1Q	B000003TAW	Music	5	0
US	R2LIDMOJ9RA82L	B0000028RR	Music	5	0
US	R28I5FI9YPQNF9	B000003RCY	Music	5	1
US	R1E3L28Z8NSZC7	B000002A73	Music	5	0
US	R2SUX5DAJK1NNK	B000002UZ1	Music	4	0
US	R1UJFDO04A0OEI	B000003NA4	Music	1	6
US	R2JF441KP6UWRX	B000002BBY	Music	1	3
US	RJZREESUWKRQY	B00000099Y	Music	5	0
US	R1AWVBQBB8ZX8C	B00000I2TC	Music	5	1
US	R3K8C3AV541809	B000002UDB	Music	5	1
US	R1BT3ZROAWEXXD	B000002JSZ	Music	4	4
US	R2ATVQBWP75UN8	B000000HTM	Music	5	3
US	R22PNFI48EYSRS	B000002504	Music	4	0
US	R1G4CDLKZKJYRC	B000000WZ4	Music	3	2
US	R1CPYP0X3MOR86	B00000J7J4	Music	4	0
US	R1C7Q7AXW0W0OT	B00000J7JO	Music	3	1
US	RSWXY0UUGUVKR	B00000JCB2	Music	4	0
US	R22DPU5QUYOPI7	B000002NC4	Music	5	2
US	R3GZZ62ZYXLDGG	B00000I9MK	Music	5	1
US	R3K0TCL4H7RECP	B000002C1Z	Music	5	0
US	R4V8PMOXI343B	B000000WJZ	Music	5	0
US	R1RSGMDJOOHCD4	B000002LCI	Music	5	0
US	R16Q9HIE7Q59D3	B00000ADG2	Music	4	0
US	R2V6J2OQH70VRL	B000000OQF	Music	5	0
US	R2XZ2LA188YZ5I	B000002JS6	Music	5	0
US	R3UY4K34ZGXQ82	B000005J48	Music	5	4
US	RVLWZ4THOCNYQ	B00000FYA8	Music	5	14
US	R1OE14F75Z69C6	B000001E7T	Music	5	0
US	R1BKQ0GLRK1IZJ	B000002C25	Music	1	1
US	R1U723ILLZJJXO	B000002BYD	Music	5	0
US	R1JHFEMZNTQ7F9	B0000033P0	Music	5	0
US	RYGINLR6FDUNM	B000001DYY	Music	5	0
US	R2EBF455APNK9U	B00000JG41	Music	5	0
US	RR3Z4G5LWAD9E	B0000009RT	Music	5	5
US	R1H4FS02XBK3N6	B00000IPAX	Music	5	0
US	RSYWJPMEB0EBL	B000000P11	Music	5	3
US	R3S6PAMWFGTI3P	B0000027RL	Music	4	0
US	R12YFTOMZAKBY4	B000002N2Z	Music	4	0
US	R34WMXRUVNTVXJ	B000000H3Z	Music	4	1
US	RDCE07NHH1OMP	B000002L6P	Music	5	0
US	R9RD87AI7WHYS	B000002WCJ	Music	5	2
US	R1R7YSCSBQJ7WA	B000005J56	Music	5	0
US	RJOG0FPMHS4RI	B00000AFDW	Music	3	0
US	R3DI3Q49L7QBWE	B00000J7JO	Music	4	0
US	R1TF6K8LB9D50Z	B00000DGUG	Music	5	0
US	RSBRNS8GHRTI5	B0000057C5	Music	5	0
US	R25HTO17FJ2GW5	B000002J09	Music	5	1
US	R2L8H7KSV4JA2A	B000002VJH	Music	4	1
US	R31SAK219FYNJC	B000002UW1	Music	5	0
US	R28QL3X2D2MT5S	B00000J7JO	Music	5	0
US	R1MQ89W14ORMTJ	B00000I0XW	Music	5	2
US	RPZO60LPS1AQH	B000000OF6	Music	5	0
US	R383HDK7KN3W8	B00000AFGM	Music	5	0
US	R26P8JS9FCMPHJ	B000002UB3	Music	5	6
US	R2IH48UNTBEJUW	B0000041LL	Music	5	34
US	R197YICIX8D7KD	B000002UAU	Music	3	1
US	RZDRPUCPFG2IY	B000007NYS	Music	5	1
US	R384CLW6J0BXFP	B00000DGUG	Music	5	0
US	R3G6KI5TXN4L7I	B00000J7J4	Music	5	0
US	R2Z0NENTEN7S6S	B000002U9L	Music	5	0
US	R3V2DI9F8F9N6N	B00000IQMT	Music	5	0
US	R28S92P7XAF0SQ	B0000087QO	Music	5	0
US	R3NWVJQCDTHMNB	B000002HHB	Music	5	0
US	R3NI48PJ1EBRGK	B000002H97	Music	5	0
US	R2QOOIR69D3ROM	B000001IPL	Music	5	0
US	R1VPU906VDAAM8	B000002H6C	Music	5	0
US	R4XRDH3IMS0Q3	B00000DHRZ	Music	5	0
US	R3J8MPVBFIGIXB	B00000IPAX	Music	5	0
US	R13IJBBQN1YUGA	B000002LLK	Music	5	0
US	R3UT763OCJ2GXJ	B000005DSN	Music	5	3
US	R351TP1TTYPMJ4	B000001FDQ	Music	5	1
US	RDSQOW3V3GZPU	B000000WFZ	Music	5	1
US	R1T0NYFZFXQMYC	B00000ADG2	Music	4	0
US	R1623MHPEP91NX	B000002E5J	Music	4	1
US	R3AJ2ZA78225C9	B00000IHHM	Music	5	1
US	RSO1UA260SE5L	B000002GQL	Music	5	5
US	R2337GENZYKZQW	B000002GQK	Music	5	3
US	R27GNQQMGD299M	B000003TA4	Music	5	0
US	RCVR3T357N18Y	B000005J56	Music	5	2
US	R3VPF3U83BTBAZ	B00000DGXN	Music	5	1
US	R3RAQ0DNMW6QRC	B000007T1M	Music	5	0
US	R1UXU0262SPTDG	B000000W94	Music	5	2
US	R1TKX5NJSKIPCO	B00000JCOV	Music	5	0
US	R219OD5DNWKZYO	B000002KH3	Music	5	0
US	R3KIOXDI01D87T	B00000I0XW	Music	1	2
US	RVIUIIQ0L18PB	B000005RDY	Music	4	10
US	R1AB302HEP7UBS	B000002L9J	Music	5	1
US	RRXTETAL16HGM	B000002NC4	Music	5	3
US	R1KPYA5RKMV5L0	B000002LCX	Music	3	3
US	RWUONL38M53S0	B0000019HU	Music	5	0
US	RELCOALLLIB5A	B00000J7JO	Music	5	0
US	R372I7GFB9B15L	B00000DGUG	Music	1	1
US	R2QIT04NWG3LNJ	B000000HSU	Music	5	0
US	R1NYIFT79GDJOD	B0000046W9	Music	4	1
US	R1MMIB2DK7ZP64	B000002GWJ	Music	5	4
US	R1QALIWYNWV82R	B00000I0XW	Music	3	2
US	R2F7WKVZ9ELLHT	B000002AZ8	Music	5	2
US	RCJA3D4SEFAP2	B000007T2Z	Music	5	2
US	R5RSFXVHAGY5B	B00000HYSN	Music	5	0
US	RFKR9OX3V042Y	B000003TA4	Music	5	0
US	R3FA15SRRZOY8R	B000002GLT	Music	5	27
US	R2ZCJOXE1U1XVI	B00000AF98	Music	1	2
US	R2SC1EEEWN3JN8	B000001EGE	Music	5	3
US	R2DGMBH5UQARHD	B00000BKDV	Music	5	2
US	R19H0GGOY1MDJO	B000002C1X	Music	5	0
US	R3JQP76KHDLS4V	B000002MFN	Music	1	4
US	R3FJY487867WMR	B000002KJQ	Music	5	4
US	R2AIA4JLQDIADK	B000002KYR	Music	1	5
US	R2PEVN0B14AOAV	B00000JCB2	Music	5	0
US	R36DMYSA3R5RX0	B000002NBY	Music	5	1
US	RDV9EXYE8H8LY	B00000IFP6	Music	4	2
US	R3H2UAEWGT5OY9	B0000057C5	Music	5	1
US	R20XS5V6FLOYRV	B000003RCY	Music	4	0
US	RKE1FBLJPTQNO	B00000IPAX	Music	5	0
US	R1QKTQ4KBMQMU7	B000002C1W	Music	1	1
US	R2HGCZSSE8BYK5	B00000JBCP	Music	5	0
US	R2ZIICYDF521MB	B000002I6X	Music	5	9
US	R3RPS240WMFBBV	B000002C1Z	Music	4	0
US	R2P046B6KRXXK4	B000002ADT	Music	5	0
US	R82JHZ2290NI9	B000002C2E	Music	5	0
US	R3VQEAWKREJSF0	B000002UAU	Music	5	1
US	RH5W6WVUFUJMK	B00000IOSU	Music	5	0
US	R2XI0BXFUP01VI	B000002LOM	Music	5	11
US	R37RZI1AEVC6KS	B00000JCB2	Music	5	0
US	R1FK801BXOTWFY	B0000024IE	Music	5	1
US	R1101Z7QD3XOE6	B0000024K1	Music	5	1
US	R3A01GJZZI3YEY	B000002HMH	Music	1	2
US	R3M5J6D5OHDXCY	B000002LR6	Music	5	2
US	R2RUH1VX57R2FS	B000002UV9	Music	5	12
US	R1LGKOWN125LXK	B000002NBY	Music	4	3
US	R1CYFLXM5MVVHM	B000003TAW	Music	5	2
US	R4K9AAAY0GJEG	B000002C25	Music	1	1
US	R1PYAJLSYQ61F2	B00000JCB2	Music	1	0
US	RQJLNBW6EG1AX	B00000255F	Music	5	2
US	R2CJYM0FQPEIG	B000000QFY	Music	3	2
US	REQ8E9F6CNTV5	B000001FW9	Music	3	1
US	RWMJLIHKM0P6O	B000002504	Music	5	1
US	RKCLJUK2R64UI	B00000IP2L	Music	5	1
US	R1LIBREXI6WO5W	B000002KB8	Music	5	0
US	R1LEII3TAVBHBV	B0000028UK	Music	1	8
US	R2PBAXCC6FLTUJ	B000002KET	Music	5	1
US	R3H728M9CUBOK	B000002HHB	Music	4	0
US	RP1EJTHXEP3GX	B00000J7J4	Music	5	0
US	RQB11TXHZE7TH	B000002P2W	Music	5	3
US	R1WAA6JT3IIN0M	B00000ICLV	Music	5	2
US	R3PRW7DIOVAXUM	B000002P86	Music	5	0
US	R34RXHPMFZLA4Z	B00000IPAX	Music	5	0
US	R3BU4GJK6419M4	B000002ARV	Music	5	11
US	R1FBZ1JHFRIPWW	B000002UAX	Music	5	1
US	R1X5PLEBQSHNXW	B000002JPA	Music	5	0
US	R3DVY31DIFO7BH	B00000J7S8	Music	2	4
US	R7Q0V2PG2NJNK	B000000ISB	Music	5	1
US	R1YKNGSZEVH1P9	B000002NHN	Music	5	0
US	RMMPIGMF1621I	B000001IQH	Music	5	0
US	R1VR6B44UIPGQE	B000002KBU	Music	4	1
US	R2MTRUPOK0DH0	B00000AFWZ	Music	5	1
US	R3P4K5F2QB62YM	B000002O51	Music	4	3
US	R1ZRU5E9CQX4UG	B000002N9L	Music	4	0
US	R3KLAKBELCMSTE	B00000IAU3	Music	5	0
US	R2ACH14AMP1FD8	B00000IPAX	Music	2	0
US	R3VC2YN0T74UHP	B000003TA4	Music	5	0
US	R36CPP5I8JJMSB	B000000OQF	Music	5	0
US	R176PX5OIXS2B1	B000001ESJ	Music	4	1
US	RXJMDZPY9BSHI	B000002WYT	Music	5	0
US	R3V8WP0SRJN8UF	B000003BEV	Music	3	0
US	R3L9N2PSWA411O	B000002WUD	Music	4	7
US	R3DK89YF2B7WBO	B000002H97	Music	5	0
US	R2UH4Y5BK28JVY	B000002LQQ	Music	5	1
US	R1EMZUIKUJ51TD	B000001DTM	Music	5	0
US	R20K3FFUBC720K	B000000OXH	Music	4	0
US	R3RK1DLCZWIGJO	B000002H2H	Music	5	13
US	R2FXSJ6I066AM4	B000000OMB	Music	5	1
US	R255C8WYTYLSP0	B000002BYD	Music	4	5
US	R1TVRZX8UDQ4TU	B00000IL1K	Music	5	0
US	R34CGUXGSXJSDV	B000001FS6	Music	5	0
US	RO98CBUMJ3FFS	B00000I924	Music	4	1
US	R4385OFE083GR	B000002UAF	Music	5	0
US	R232ZXQ59F2O52	B000009ED0	Music	5	0
US	R1M7VIY8I8DOMX	B000002G87	Music	5	0
US	R2Q6T5NKSWMMXK	B000001F45	Music	5	3
US	RVHU821NQY6T0	B0000029DD	Music	5	0
US	R1Q3N1PGLFA8U7	B00000JCB3	Music	5	0
US	R1GYVFFYV9EEW5	B000001Y42	Music	1	1
US	R36S7XJ3566PHC	B000002BUY	Music	5	0
US	RVQPG90UQQQW	B00000IL1K	Music	5	0
US	R1PU3ZC83RVHK1	B0000019PA	Music	5	0
US	RR2H6PDGK2Q1P	B0000033TE	Music	5	0
US	R3V0SDHHLKMRXZ	B0000027RL	Music	5	0
US	R3H2E7ILYH3ZG7	B000002JSN	Music	5	0
US	R3J8CTTV7I1J9A	B00000IOSU	Music	5	0
US	R12RICMT7MHGI8	B000007O9L	Music	5	1
US	R2A3BGWTMBNDKM	B000002GQG	Music	5	1
US	R2NX7JAEH0UI8W	B00000IAU3	Music	5	0
US	RNVKIVDAYBCIV	B00000J7S8	Music	4	1
US	RWRHP4QJAU7OP	B000002L61	Music	5	0
US	R2A5LG857AI2Q1	B000002KD5	Music	5	0
US	R3GNHVNEJBFPV5	B000002L7V	Music	5	2
US	R3VRCWKYILYZCJ	B000000WA4	Music	5	0
US	R2UPM26OUBOLFB	B000003TSP	Music	4	0
US	RWE6JNM1AOE79	B000006OAM	Music	5	0
US	RJDX2SOD39PC3	B000002LCE	Music	5	2
US	R3M89Q8TVMILY8	B000002LRX	Music	4	0
US	R1IARNV4OO4W3G	B000001FW9	Music	5	22
US	RIX2NQLPKBLWK	B000001EHS	Music	5	0
US	R1S96OQTC83QZM	B000000OQY	Music	1	4
US	R2C4YV1EPA8949	B00000IPAX	Music	5	0
US	R1RLQPS5C55KBJ	B0000025RI	Music	4	0
US	R14WP6J43KR3GW	B00000D9TQ	Music	4	2
US	R32NYSJZV120E9	B000002OYB	Music	4	1
US	R18RBNLSXBPCUR	B00000J7J4	Music	5	0
US	R37B7FA2MAAPC	B000005J56	Music	5	0
US	R1N09ACJ2D4QHH	B000003TAR	Music	5	0
US	R237H7NHWV0ZK7	B000002NJS	Music	1	2
US	R14313Q9LZYSNE	B00000DGUM	Music	5	1
US	R1FC2WHMEOKLFA	B00000J7J4	Music	5	0
US	R39ZY28I7Z22PC	B000002HMH	Music	4	0
US	R2AK2KZJE9VRIR	B00000DGUG	Music	5	0
US	R3O8LJB6UHT59M	B000002H72	Music	5	0
US	R2F5TYNKNM3KGF	B00000IP3S	Music	5	0
US	R571JSTN098L5	B00000JCB2	Music	5	0
US	R2BJDL6YYWWFY3	B000002KHF	Music	5	0
US	R1YEE4OHXH3MI8	B000002MP2	Music	5	0
US	RXK5OUEUOP0SU	B000003JDA	Music	5	2
US	R15I1AZJ4EXL50	B00000DHR0	Music	5	0
US	R24ZAGQ66XJVBV	B000002H97	Music	5	0
US	R22WXVTWF7HLMK	B000000W74	Music	5	5
US	R3F48EZD71W85X	B000002L7G	Music	4	0
US	R1GAXBLM1JZHT1	B0000027I6	Music	5	1
US	R2MAMG6GOP0QUW	B000007491	Music	5	1
US	R12Z0JVYPFD9CH	B000009ED0	Music	5	0
US	R16Q2Y28MI3X1N	B00000JCB2	Music	3	2
US	R11TI0N0RABTS3	B000002BFZ	Music	5	0
US	R2OPHD5JFWOVZO	B000002U82	Music	5	0
US	R1ANY4Q4EGKV77	B000003NA4	Music	5	0
US	R17187N2XRVF4T	B00000J7S8	Music	5	0
US	R1A8QQ9LR5ZQJK	B00000IQMT	Music	5	0
US	R34V8Q10FW7TSC	B000007MVM	Music	4	5
US	RYWM1X16HB7TU	B0000009S3	Music	5	0
US	RLJSQR8JB8P9T	B00000IL1K	Music	5	0
US	ROTTTZ1AH8C7R	B000002TQV	Music	5	0
US	R2U51RKFH91IZC	B00000IPAX	Music	4	0
US	R2A5UXYJCFXJ1N	B00000DHRX	Music	5	7
US	R2JIG2DOG7CIS9	B000002H97	Music	2	0
US	R1QVNBGH58HF8F	B000002J27	Music	2	1
US	R1FZN1J4L9RLFM	B000005HFH	Music	5	3
US	RSBRDS047Z796	B000002AD0	Music	5	0
US	RLM3E3NKHCVKQ	B000007WO8	Music	5	1
US	RG0O35K7SVI2R	B000006OAM	Music	3	1
US	R1JSBLFR7O1XT5	B00000J7RZ	Music	4	0
US	R2HMBVX2PLAADQ	B000001FC0	Music	5	5
US	RBG18QH1J3DO1	B00000AFGM	Music	5	0
US	R3RU9U1QWC4SOF	B000002LBH	Music	5	0
US	R37VGQ0G9P8JVG	B000007S5B	Music	1	3
US	R11QWDI1BX5HAW	B000002L9J	Music	5	1
US	R1E5M428TGU9R1	B00000DGUG	Music	5	0
US	R325ZTMD8B2VU	B00000DHRX	Music	5	0
US	R3S1KKF3XSV302	B000000W8C	Music	5	0
US	R2U4J6RAWILDZB	B00000FCBC	Music	4	0
US	R3F5VF6TISSH6P	B00000IL1K	Music	5	0
US	R1KD12AFCHTJMS	B000005ILF	Music	5	2
US	RQ14T2PVW2S41	B000000WFU	Music	5	4
US	R37JXBNJNIUXKJ	B000005JA8	Music	5	1
US	R2AXUKGMCWPHM	B00000J7J4	Music	5	0
US	RIRC3WIBY7276	B000002UEB	Music	5	0
US	RW3TFRMKRA06T	B00000IL1K	Music	1	6
US	RZAG5DYOWSD6H	B000002UYZ	Music	4	0
US	R2I8IHZTPY4RQ4	B000002WYT	Music	3	1
US	R3RM2A6NHHE574	B0000013G9	Music	5	1
US	R27D0NZ717O0AR	B000000OUW	Music	5	0
US	R2SZ3CHJMGM4HW	B000002TWN	Music	5	0
US	R67VDRKAEBMXB	B00000JCB2	Music	5	0
US	R3BGW1Y7M8EY9M	B000009ED0	Music	5	0
US	RQD2AGMR6QYN3	B000002BFL	Music	4	0
US	R2GPWUNRIWDU8S	B000002AGM	Music	5	3
US	R2BUVPKBPSK68O	B00000IOSU	Music	5	4
US	R3O7W4T3LG30N5	B000002ULO	Music	5	0
US	R180G0VSLUHHQC	B00000J7RZ	Music	3	0
US	R221UXSGHQUEGV	B000006TIY	Music	3	1
US	R2CL1H4VPUKBWX	B000002J7U	Music	5	1
US	R14BRKCP36ECEK	B000001GBJ	Music	5	0
US	R378NVS603NDOE	B00000IL1K	Music	5	0
US	R1YYZO9EBR1PWF	B0000062GE	Music	5	0
US	R24A0FY659N88W	B00000IL1K	Music	5	0
US	R3A9STXIV5JEOI	B000000IUK	Music	5	1
US	R2ZHB6EP5QZGRQ	B0000025KI	Music	3	1
US	R2W656IDS0NWD4	B00000255F	Music	5	2
US	R30ZBJ8I46QVEG	B00000JCB3	Music	5	0
US	R69P0GKM8LWO8	B00000IOSU	Music	1	2
US	R3V2C2SSBQKY5Z	B00000IQMT	Music	5	0
US	R2RPIAPZCH994U	B000009ED0	Music	5	0
US	R1VLFA1ZYJ70RQ	B00000J8EK	Music	4	0
US	R1Q9Z04N6TGLKI	B000002LKF	Music	5	2
US	R194R2BF0K0NI7	B000002L42	Music	2	2
US	R1H9OE7I991KJ3	B000002ADT	Music	5	0
US	R1O3QUOOIH78MN	B000009ED0	Music	1	1
US	R2QUA3W7604E2I	B000002LQR	Music	4	0
US	R1K1X6JGP3XWQS	B000002H2H	Music	5	0
US	R2X60IDRD7KZQ3	B000002UR7	Music	4	0
US	R315H1OD0733SA	B00000HZFH	Music	5	0
US	R2T2FL6KX1YGUU	B00000IFP6	Music	5	6
US	R1R2VDFVUY0OV9	B000002J09	Music	5	0
US	RK16K0HW3F91B	B000005J56	Music	5	1
US	RRUGW9T5IJU3Y	B000009DUY	Music	4	0
US	R3R28D6JSOMCNE	B000001FA4	Music	5	0
US	R2GLGX9CXWQUKR	B000003S0R	Music	5	37
US	RB1XTOJHAWCDR	B00000163G	Music	5	0
US	R1XJIG2JQQJ28U	B0000039QA	Music	4	1
US	RV1AM81GXWJ4W	B000001Y16	Music	4	0
US	RDS9PLAM2AD9T	B00000DBXL	Music	5	0
US	R8KESV7NTVYST	B00000JMG7	Music	5	1
US	R2H7INMK36XY13	B00000I8UK	Music	5	0
US	R1PFHFX9HGFK26	B00000DC10	Music	5	1
US	R1IQDWMWTWOVQF	B000000OSE	Music	5	0
US	R2B9W2NP9OOM0M	B00000J7J4	Music	4	0
US	RWZU343M689F4	B000000P17	Music	2	0
US	R2MM8PHKN55R4B	B000002LGQ	Music	5	1
US	R1FWI97L9IVINU	B000002L73	Music	2	2
US	R2FYLQJ1VBD8C2	B000002LQR	Music	5	0
US	R2ZJ3FH8OWICL1	B000003N89	Music	5	0
US	R3KP23D9RWGH87	B00000BKDZ	Music	5	0
US	R29HF56S8L14MH	B000001GBJ	Music	5	0
US	RRBICDXCP2S35	B000002UAR	Music	5	5
US	R21ZOGKAPBHJPH	B0000025BL	Music	4	0
US	R3TGB9Y0WUE5OH	B000002GYR	Music	5	1
US	RFS9KF6KIXUZ2	B00000K44W	Music	5	7
US	RWSHW9LEL5RUE	B000002MG1	Music	3	2
US	R25ULDPJ7IVT2E	B00000J7S8	Music	4	0
US	R3OLD8KEMHILCW	B000000HSU	Music	3	1
US	RIUSAOGRGN494	B00000I3JM	Music	5	12
US	RPIKJXXIGVUKT	B00000JCB2	Music	5	0
US	R3G14WL7TID029	B000002AHM	Music	5	0
US	R1LQ66K0KMWTN4	B00000JCB2	Music	5	0
US	R2WG67L1Y8K07E	B00000JCB2	Music	5	0
US	R650ESK8PJ8QR	B00000JCB2	Music	5	0
US	R2TFU23C6DL0MG	B000001FS3	Music	5	11
US	R185RRSPR6MIUU	B00000JCB2	Music	5	0
US	R320DD7R1R318W	B000002C1Z	Music	5	0
US	RFIX8IS0TWWCE	B000001GBJ	Music	5	0
US	R35OEEMDT077G	B00000AFGM	Music	5	0
US	R3ECRS6JVUT23K	B000003BEV	Music	2	0
US	RC5Y7XR730815	B000000W5L	Music	4	2
US	R3GE6J7488A5LS	B00000J7SO	Music	5	6
US	R3N0Q9JWZ6FUZ3	B000002IOW	Music	3	0
US	R2P5ZBX4RI6WWE	B000002L9M	Music	5	1
US	R19U3GPZNJ2BXX	B000002ADT	Music	5	0
US	R2DYZYM255MWNW	B00000ILGL	Music	5	8
US	R18YXGJRQEVA9N	B00000J7S8	Music	2	4
US	R37BZAR058TCQC	B000003BF1	Music	5	0
US	R282TMUWRY0EEM	B000002BQK	Music	1	2
US	R35KP88WIGEII9	B00000JPYQ	Music	5	3
US	ROA23SP7QXRGR	B000002LQR	Music	5	0
US	RCAA18RU5KXLY	B00000D9TK	Music	5	0
US	R2SI38MOK9QGKX	B000002BBY	Music	3	0
US	R1QYD7DVB5MVGG	B000002UEB	Music	5	0
US	R1S36O83QSBQH	B000002KBH	Music	5	1
US	R2MGTB68864LLR	B000007SPT	Music	5	1
US	R35MMIHMTXEST1	B00000DQT7	Music	5	1
US	RGDW9IR6QC1YU	B000002BQK	Music	1	6
US	R16G3EH0FFNWX0	B000002KCC	Music	5	1
US	RGD40S33X7TOZ	B00000IQMT	Music	5	0
US	RKL0B7H1V7N3D	B00000DGUG	Music	2	2
US	R3F26G528OIHT5	B0000029AL	Music	4	0
US	RDBLLSSZYRCL9	B00000DGRX	Music	5	6
US	R21AUTFBO599E6	B000002MFN	Music	5	0
US	RRNPOM69QMCVC	B000002JR8	Music	5	0
US	R1H5LRQMQ4EITQ	B00000J7J7	Music	5	3
US	R3KNTRVCFN4SQQ	B000001E7L	Music	5	0
US	R2SI8B2PAYE51H	B00000DHTF	Music	4	0
US	R3DNLALBFEC6YO	B000002HIK	Music	4	1
US	RZKR8QE5RMTXP	B000002BMV	Music	5	1
US	R235TBWN9VCZ3A	B00000DLUV	Music	5	1
US	R2WLZISJUKMTJD	B000002LPD	Music	1	2
US	R3D701RSR2R1N8	B000002NJS	Music	4	0
US	R3EZJHA87DZ0GJ	B00000J7JO	Music	2	3
US	R1G3UNADILX10	B000002UDD	Music	5	1
US	R1PT5UQABY9CGU	B00000IFP6	Music	4	6
US	R1DVGW4Z49L5P7	B000002UAX	Music	5	1
US	R1ZF7RMVQD7CNR	B00000I8BX	Music	4	0
US	RGNEP4JUU50K2	B000002NHN	Music	3	6
US	R1CEA3CNBSGHDJ	B00000J7SO	Music	3	0
US	R3LXKQU91RF1D4	B000000W5L	Music	5	1
US	RCK7DN37S3MRE	B000002MG1	Music	5	1
US	R2AQXX0ORP228S	B00000IFWE	Music	4	0
US	R3FKH8HZMB3W0G	B000002TQV	Music	5	0
US	RAGZ8ODP53OTK	B00000ADG2	Music	1	3
US	R3MUZRAQG7Y95G	B0000025SB	Music	5	1
US	R3CXNVFPEQH8OC	B00000IL1K	Music	3	0
US	R3C2Q1ICFV3WTH	B000005H40	Music	5	3
US	R3TY4FBV4N7BCO	B00000IL1K	Music	5	0
US	RLK9TTL4XNIIE	B000001EIA	Music	5	1
US	R2AILUXLN47MDO	B00000J7J4	Music	5	0
US	R249NE9RMWTPMN	B000002C4C	Music	5	1
US	R3RJZKI6FA9W3H	B000002H6C	Music	1	1
US	R1OJP6JLCQXM78	B000001FTQ	Music	5	0
US	R1431S71T9UR4Q	B0000048CX	Music	5	2
US	R2R2OIVHUX53UF	B00000JJQK	Music	5	1
US	RAWSNRS7AH5VY	B00000APLB	Music	4	1
US	R3N3CQS71O6NXK	B000002UAX	Music	5	0
US	R1X2C2YLTDUS1M	B000000OQF	Music	5	0
US	R3IC5ZD9O32F1C	B000002HRE	Music	5	0
US	R1OW06K1V0A7FV	B00000JMG7	Music	4	2
US	RQSNYQ85UCN87	B0000021RB	Music	5	0
US	R3A91DTMN84P2V	B00000J7RZ	Music	5	0
US	R1CNMJWGWYAQFR	B000002LIM	Music	5	3
US	RDL9EJADMIKNI	B000000OAH	Music	5	2
US	R3CS52MMA5FJY3	B00000342V	Music	5	1
US	R1041GR9UHSSI8	B000001DTM	Music	5	0
US	ROBF0UOEFUF9A	B0000024KQ	Music	5	3
US	R1472C0URONPZQ	B000000OSW	Music	5	0
US	R2I7FG58D0FSUG	B000002UJQ	Music	5	0
US	RGZFCLBHQ5B1G	B000002UUX	Music	5	0
US	R1U6VNOPSIJNQG	B000002TPS	Music	1	0
US	R2EOF0K50OIP8Q	B00000I8BX	Music	5	0
US	R1UXXITBD34VWT	B00000I924	Music	5	1
US	R1N0G9DCJTOJ32	B00000J7J4	Music	3	0
US	R176DWOMW45FGP	B000002NJS	Music	5	1
US	R33UE3GR9N2APO	B0000019HU	Music	4	1
US	R39YFJHZ4U0LEP	B00000J7RZ	Music	3	0
US	REJB9G29OS1S0	B00000DHRZ	Music	5	0
US	R16C3MIN0SN28	B000002KDZ	Music	5	14
US	RVRC2D8F9DMCF	B00000JMG7	Music	5	4
US	RD61JU5DNVJG9	B00000JG41	Music	4	0
US	R3BYX451OFBOC8	B000002J1B	Music	5	2
US	RUDE3O1BUE6TU	B000002J1U	Music	5	1
US	R33C66EUTKBT6R	B00000IL1K	Music	5	1
US	R331ZH5SGXM2OT	B000000W5L	Music	5	0
US	RB5F6PKEEAN6E	B000002A3T	Music	5	1
US	RBZ6D7HD9ZKH2	B000000ZGO	Music	5	0
US	R3R0L7DH30S96Q	B000002JPA	Music	5	0
US	R2SX6OREXNFL4R	B000002JEV	Music	5	6
US	R1VUDI9LTBGK8V	B000003S0R	Music	5	6
US	R3F4ZARI0UXMHM	B000009ED0	Music	1	1
US	R1QYB50A6XCAE5	B00000J6AG	Music	5	0
US	R2ONOGFKS4OTTJ	B000006OAM	Music	5	0
US	R1QMFW7H4YG0K	B000005J56	Music	1	13
US	R2SUYIEU40SECC	B000001C6M	Music	1	6
US	R2IPRJDA3XUB6V	B00000AFGM	Music	4	0
US	R6ELACFFEEBIN	B00000IOSU	Music	5	0
US	R3BQYIU4YWL7JR	B000005JXG	Music	5	0
US	R1ZZHTPFTWVQS4	B00000099Y	Music	5	0
US	RYFMH5LCM3FGR	B000002MUQ	Music	5	1
US	R1VA4PIXSY869J	B000002JS6	Music	5	2
US	R6EDBR6UGPOCC	B000007NYS	Music	5	0
US	R3KQCE1RG002Q3	B00000J8EK	Music	4	0
US	R31YN4ER66EDQQ	B00000JYGX	Music	5	0
US	R2C3MJ26OBNAGS	B00000IHHN	Music	5	0
US	RTKJT5B1BTFC1	B00000J8EK	Music	5	0
US	R2UKGGKN2UU777	B00000J7RZ	Music	1	0
US	R3D054DGWKIHWR	B000000OQY	Music	5	0
US	R3733MTJS4CKUI	B00000JCB2	Music	1	0
US	R2FSDR2SYTN58T	B000003NA4	Music	5	1
US	R1OCX0YDW0AKC7	B000002KCC	Music	5	3
US	R2NH7HMJ2W95SG	B000000WFU	Music	4	0
US	R3PW0CUCEHJ0A1	B00000JCB2	Music	5	0
US	R22UQXR9UJ5RQO	B000002NHN	Music	4	0
US	R1VSRLEZ8L12OU	B00000163G	Music	5	0
US	R2AS0D97ETL5ME	B00000295A	Music	5	0
US	R1F09VR1Q0T1B	B000001Y16	Music	5	0
US	R2TKD19O5REFJT	B000009DUY	Music	5	1
US	R2RF1VYP4CH9O2	156224003X	Books	5	22
US	R36MKZRFL133LB	B000005H55	Music	4	8
US	R1RTCQZ3CCJ4Q4	B00000F1D3	Music	4	0
US	R1S89AT6BZENGX	B00000JMG7	Music	5	4
US	RNRWGZIQ5IR2N	B00000J6AG	Music	5	0
US	R252DO1UUD1WQA	B000002BPS	Music	5	0
US	R3NCWM58GEF341	B000002H6C	Music	5	0
US	R2SIWIOKXXKM6T	B00000F1D3	Music	1	0
US	R2R2LLRLMMV3RQ	B000002J1C	Music	5	0
US	R23OO63F89KMC3	B00000JAQ8	Music	5	0
US	RB3EQHLR38DG	B000002NHN	Music	5	0
US	R1PN22Y5KUR46A	B00000J7J4	Music	5	0
US	RAS8EV6B7GEYS	B000002UJQ	Music	1	6
US	R72YVEGQ9MPZE	B000002BMD	Music	5	1
US	R14THQ871NY0WE	B000002JB3	Music	5	4
US	R1ECNJY6TZUW7U	B000002568	Music	5	5
US	R1RLNKL4XWW2CR	B000002NHN	Music	5	0
US	R3OVULCRRT68M4	B000002U9W	Music	4	1
US	R1JCVYJOZDUOJ	B00000IFWE	Music	3	1
US	RFQ6INITYLZOK	B000002I57	Music	4	6
US	R1UD52FC1DZ4BQ	B000002A3T	Music	5	0
US	R379H4FX08HTM7	B000002JOH	Music	5	2
US	R2TR25DEJSDR7F	B00000JCB2	Music	5	0
US	RCL2OWI6KSKMO	B000002IMG	Music	4	4
US	R1T749DO9UX0Y7	B000008LH5	Music	5	5
US	RC9FLESKK10I9	B000002UAU	Music	3	0
US	R2H734SL7GKIK	B000002UB6	Music	4	0
US	R1M4EFPGQVIPWW	B00000J7J4	Music	4	0
US	R29BP7BPG34O5O	B000002LOE	Music	5	2
US	R21S26XYPGXJZX	B000002U82	Music	5	0
US	R2N7RS9M14DO53	B00000IQMT	Music	4	0
US	R1TA4S67N1XRG1	B00000DC7J	Music	5	60
US	R39XJRI6AGT1C1	B000002LRX	Music	5	1
US	R3E5AKUWV6XBL5	B00000JCOV	Music	5	0
US	R1VS6XVTGTLC00	B000002UT5	Music	5	3
US	R27JA59MJP3KZL	B000002TLX	Music	5	0
US	R3PM7YWE6DREM	B000002LB6	Music	5	1
US	R26XJK3U0A7BCJ	B000002UA0	Music	5	1
US	R3Q56BFS4YWPCS	B000002UA2	Music	5	0
US	R1L10XM608XY6Q	B00000J7J4	Music	5	0
US	ROT5AZGDEE2SY	B000002HIK	Music	5	0
US	R1OWHB3P9DCSEZ	B00000IQMT	Music	5	0
US	R3D7INOA8807NV	B000009ED0	Music	5	0
US	R2WTT71BJ0CUL	B00000DHRX	Music	5	0
US	R10RL9B2UN3BYT	B00000JCB2	Music	5	0
US	R1NUZQAWK2FHCF	B00000I0XW	Music	5	0
US	RH0E39QYTEMZP	B000002ADT	Music	4	0
US	R1OLBNTMT6GER5	B00000DBXL	Music	1	2
US	R2VODJV7T0KJNG	B0000046KM	Music	5	4
US	R21TLJTVJD4QN7	B000002H33	Music	5	1
US	R8P41JOVKX5PY	B000000OMB	Music	4	0
US	R2H2SMOSH5HYD1	B000001Y9I	Music	5	1
US	R1PBU7CH6S7OPA	B000002LUB	Music	2	2
US	R81RT45ADJG7L	B000001FK3	Music	5	4
US	R3TTD3IDSODGJ	B000002B7O	Music	3	0
US	R39LMOUXT3XQOC	B000002JSZ	Music	2	2
US	R3I0SHUPVJ8HGB	B00000AFWW	Music	5	1
US	R3HIL9MMRUEG6	B00000064G	Music	5	3
US	RZXMFBMJGPC1B	B0000025T6	Music	5	0
US	R3DJ3PK6DNBUTG	B000001F76	Music	5	10
US	RCAASTUD7FLGM	B000002NBY	Music	5	1
US	R3GJM8S37QAMW2	B000001GX8	Music	5	1
US	R1UV61M22EMCTV	B00000IQMT	Music	5	0
US	R2AHM35NX650JA	B000003CMC	Music	5	1
US	R2DW7BE7ZHH6Q	B000000OU0	Music	5	1
US	R2DQXWATXLFMVE	B000002NIW	Music	5	0
US	R1LVVZWTUKT2LG	B000002UVZ	Music	5	0
US	RWBA9G7ZRW9KU	B000002GWN	Music	5	3
US	R2YGH0X3XGACIH	B000002MFN	Music	2	5
US	R2FH1ERWMNUB2N	B00000I0XW	Music	5	2
US	R38NK3PBMKEAHN	B000002NJS	Music	1	3
US	R3LMPW4668RC3V	B00000J8EK	Music	3	0
US	R2LWMA5TR0CL0G	B00000J7J4	Music	5	0
US	R2DO35II4E43AR	B00000JCB2	Music	1	1
US	R1M1AQ12GJDRRY	B000000W6X	Music	2	1
US	R2UYVWSDJRELNJ	B00000JCB2	Music	5	0
US	R103BVM57XUL4E	B000002MTR	Music	2	1
US	R3HVQ73Y4E1ORY	B00000J6AG	Music	1	4
US	R39RUAOMFEJI7S	B0000026WD	Music	5	3
US	R331UMDO22KIMO	B0000029DD	Music	4	1
US	R1J92XAARM1QPO	B000006OHL	Music	5	6
US	R243KWSGI2KON5	B000006045	Music	5	0
US	R3BX3SIUOWUSUW	B000002UA5	Music	5	3
US	R8BFFLS2T5D56	B000005J56	Music	5	1
US	R1CEDUDGZV0TON	B00000J7SS	Music	5	2
US	R2PD6KPG0VP9RQ	B000002J1H	Music	5	1
US	R245IRYCZKC2CQ	B000001ES4	Music	5	1
US	R3O9T4Z1LSLSTG	B000002P5W	Music	5	0
US	R2ZDXVT2OHOLF8	B00000J7JO	Music	4	0
US	R1ALTABESNMEWZ	B000002ADT	Music	5	0
US	R1R9LQIYBWEK6M	B000002LPD	Music	2	0
US	R163L0QV1VBWGB	B000002552	Music	5	3
US	R3L32SCL0RWUH	B00000JJM2	Music	5	0
US	R1XC45MKEJAW1G	B000002B7U	Music	4	0
US	RA9MIMXJ8K9BO	B0000042MY	Music	5	2
US	RE2ZZMJ7HCP9	B000004286	Music	5	0
US	RP7FMK1CS4XVU	B00000AF98	Music	4	1
US	R2DKGNUTX63453	B000001Y42	Music	5	1
US	R3PXZ511324RZV	B00000DHRZ	Music	4	0
US	R2C6E41OTT3MD	B000002VRZ	Music	5	3
US	R2SF49WAUUIW8	B000002BPS	Music	5	0
US	R3RLDIN89P3064	B000003TA4	Music	1	4
US	R13ABNXNV4PN6H	B000002JSV	Music	4	1
US	R2EECL5PIS9P6N	B000009EAD	Music	4	0
US	RZXGXOOG4A5RV	B0000073NC	Music	4	4
US	R3VNV5EMP0XX9E	B000002JKA	Music	2	2
US	RM0TSLQTV9ZZV	B000002UB3	Music	5	5
US	R33A7X5FYO70X1	B000002HRE	Music	1	1
US	RGLX6LZ36OWYO	B000002BQK	Music	1	2
US	RWTR6RLJCGDSJ	B00000IL1K	Music	5	0
US	R224ISKC6T8RNX	B00000J7J4	Music	5	0
US	R3JQ6WZLXYVJMA	B00000ILGB	Music	5	51
US	R36U97QFNKTYTL	B00000JCOV	Music	5	0
US	R3AKT41GY9ZYLF	B000002J7U	Music	5	1
US	RM03VSLN6I6U3	B000003N7K	Music	5	2
US	RUJMNWC84GR48	B000002UKS	Music	5	0
US	R1UTG19ERG4GOT	B000002UB3	Music	3	1
US	R2GI3GD9TPCZF6	B000002LSV	Music	5	0
US	R2FKHP4RN6GWCW	B000006U44	Music	5	1
US	R35CLG5G01IPCY	B0000025DI	Music	5	8
US	RRMQGKOUX0F8Z	B000002U9E	Music	5	2
US	R8YTFM0FH9576	B000002UA7	Music	5	1
US	R2U12UAK5QJ8CX	B000007MVL	Music	5	0
US	R18UYIQCHI2J56	B00000HZFP	Music	5	0
US	R3G9B4T23QQIH8	B00000JNJ1	Music	5	40
US	R2Q1F4KTQRSFK4	B00000DHRZ	Music	5	0
US	RZ55V4SQ3UP3V	B00000J7J4	Music	5	0
US	R3R8DRQV05MZTF	B000002L9J	Music	5	1
US	R3D3PBTCE9M5TM	B000003NA4	Music	5	0
US	R2WE34SNX48CO8	B00000DLV1	Music	5	0
US	RBCISFSJG68LC	B00000J6AG	Music	4	0
US	RMQALZYD7W229	B000001DYD	Music	5	0
US	R3V01RI73SE2NQ	B00000IOSU	Music	5	0
US	R1JZNDPP41L3SF	B000002HK4	Music	5	1
US	R2RAHEDQJDJQX5	B00000IPAX	Music	1	3
US	RB6B6LRQI5S3E	B000002UZ1	Music	5	0
US	R2RI5ZYFJYUI6F	B0000024T3	Music	5	3
US	R1F8YG1NRLLV3H	B000005J56	Music	3	2
US	RTB7SAFXFGX3G	B000003TAR	Music	5	0
US	R10KJZJWKVYVXV	B0000026NC	Music	5	2
US	RBBKZV2FAU6UA	B000000OSE	Music	5	0
US	R1OG9FTHU8B0SS	B000002A3T	Music	5	5
US	R1V469XPD8SQ2	B000002TPS	Music	4	0
US	RWIUCPAJ8TKP6	B000002U82	Music	5	0
US	R1MG4J75CUS0YK	B000002JS8	Music	5	0
US	R327V3R6L4M8W5	B000002NIW	Music	5	0
US	RLHT8UHZF9JMY	B000002UKS	Music	5	0
US	R1SR19GZI5YXF1	B000002AGE	Music	5	0
US	R1SLN5U9P1GQW	B00000J2SR	Music	5	1
US	R17ZU5J4MXNFOJ	B00000JHAU	Music	5	0
US	R3MORR9EEEMK8P	B000002U9Y	Music	5	1
US	R25PPCU16HMIM4	B000000WF0	Music	5	0
US	RJU0O03WKFJSF	B000002MFN	Music	5	0
US	R2GBDPFZSY9YYH	B0000024SI	Music	5	0
US	R1ITMSYCB6VIPX	B000002LGQ	Music	5	0
US	R22N36NO67EGB1	B000006NL3	Music	4	6
US	R2TU4JAM98EA6A	B00000AFFF	Music	5	1
US	R9CZD9M27TDXL	B00000DHRZ	Music	1	0
US	R2DD8SDCY67U7V	B000002I2G	Music	5	4
US	R3AGYKTYK75ZV3	B00000DHRX	Music	5	1
US	R11WJ4USYH9R4U	B00000JCOV	Music	5	0
US	R2IGDM9PTP46RO	B00000IOSU	Music	5	0
US	RK901C3W5POZ5	B000007VCM	Music	5	1
US	R2GXKA9B7OF1I0	B000002L8R	Music	5	0
US	R3PIXOQ27P8Q51	B000002ADT	Music	5	0
US	RZXMKO669VW1F	B000002UJQ	Music	5	0
US	R3HPDFXJLGXYZ8	B00000AFDW	Music	5	1
US	R3BTBXWW6UBIF8	B00000IOSU	Music	5	0
US	R2OTD1BZYJS2LH	B000000OSG	Music	4	0
US	R9CXXRE7LFURG	B000005J56	Music	5	0
US	R3M0PK071GYTON	B000002C2E	Music	5	0
US	RFL120XOWATIY	B00000JBCP	Music	5	0
US	R23J2MRLUX2XIE	B000003S1A	Music	5	0
US	R21UPJPWISTD81	B00000J7S8	Music	5	1
US	R28PRGS9F1977O	B000001FRY	Music	4	0
US	R14TO10CR3PDAR	B00000AFGM	Music	3	1
US	RLCIUEFRO0QH8	B000002KE2	Music	5	0
US	R2B17LAV8UBCII	B000001DTM	Music	5	0
US	R3UULGVGGR1WBS	B000002I53	Music	5	0
US	R3MRIF0LADXHBC	B000002KIK	Music	3	1
US	RU85FLNKUMNQN	B000001FS3	Music	4	0
US	R1XR195NT0BS71	B000005RFM	Music	5	3
US	RRVKFRRA73YFN	B000002AVF	Music	5	5
US	R1K5I48WTRT8ZF	B0000028RR	Music	5	0
US	R12MV3UQMRVSXK	B000002HMH	Music	4	2
US	R3DQJYXBGBNJPX	B00000J7A2	Music	5	1
US	R1E897A2ZYWUBJ	B000005J56	Music	4	2
US	R1Q0U15BMM8ROE	B000002UWF	Music	5	1
US	R1ZX1JCNP9RKGQ	B000002UAU	Music	5	7
US	R3E5CLFSA09YK	0790739909	Video	5	0
US	R1BO8D8RHJ8YGS	B000005J56	Music	5	0
US	R3PETGH6TJHOVB	B000002C1Z	Music	5	0
US	R2GW0X62SGTRAC	B00000J6AG	Music	5	0
US	RJSH72BUY79E8	B000001G5H	Music	2	33
US	R8ZQGCHWBNL1C	B000001Y5J	Music	4	0
US	R3TN33432QYLLV	B000000OUJ	Music	5	0
US	R35BPYLIEIJY17	B000002UB3	Music	4	0
US	R3EYA1AIAIVKPS	B000009QOC	Music	5	1
US	R2ZL73545EEAAD	B00000J7J4	Music	5	0
US	RTBKB39PRVHSY	B00000DC10	Music	4	0
US	RZXHPWOFDPOLV	B000001DQG	Music	5	35
US	R29MPY1SNFOHSS	B000002VCW	Music	5	8
US	R1OEYEMCWNBAOE	B000001DQI	Music	5	2
US	R1YOGE3VCEDIGM	B000001ESP	Music	5	0
US	R4QS47Z1FAMSB	B0000028VT	Music	5	0
US	R32R3K3V2U9A52	B000002LCK	Music	5	0
US	RP2O1MVRTYUA9	B00000AA6C	Video	5	0
US	RV930A9571U3L	B00000JBCP	Music	5	0
US	R3M5MG9ZI2OJT6	B000002I27	Music	5	3
US	R2HBK6KNRC8LS0	B000009ED0	Music	3	1
US	RHL8LEWMZSQJG	B000001EQT	Music	5	4
US	R8NDEMRXMGCFO	B00000IL1K	Music	5	0
US	R3G7V34MJN4LQK	B000002NFM	Music	5	0
US	R3SRTYZBKO9CZ4	B00000I8NC	Music	5	0
US	RALJJ83U1TK5W	B000000W5N	Music	5	228
US	RCNMSCIX4ZA27	B00000JG41	Music	5	0
US	R2PL3NFQS7MCMK	B000003B6J	Music	5	0
US	R1ENV5VKALTXT6	B0000027RL	Music	5	60
US	R36IHOL9E0N3OY	B000001Y5X	Music	4	0
US	R299JEV2LKJTU	B00000163G	Music	5	0
US	R3IRTX97PYXS23	B000003NA4	Music	5	1
US	R381M04JE5WSQS	B00000IL1K	Music	5	0
US	R1VCXJ9GEIS7XX	B000000HZT	Music	4	24
US	RGDI5OX9KIM88	B000001XN2	Music	4	8
US	R2FO22QZIMTEQR	B000002KIE	Music	5	4
US	R2Y4PYR01K93B9	B00000IL1K	Music	5	0
US	R5TBF4PI7EOJA	B000002KKC	Music	5	0
US	R23VME91XXR58L	B000005J56	Music	5	2
US	R1F5JFHJ42C2UB	B000000OSW	Music	5	2
US	RP5FGPZGDA8A6	B00000DHRZ	Music	4	0
US	R1ONIJZP4M3H1J	B000001GBJ	Music	5	0
US	R2IYCLBG22C4P0	B000000W6F	Music	5	6
US	R2IZLMV8AXPS1X	B00000IOSU	Music	5	0
US	R3NU1M1H8SH9UZ	B00000DHRZ	Music	5	0
US	R19KI86I5IEDXB	B000009VOL	Music	5	0
US	R3T3MKLU1H5K0D	B000002C1X	Music	5	0
US	R19P5WKD4HUKXC	B00000JCB2	Music	5	0
US	R2KINLANDLRB7P	B000000HU1	Music	4	1
US	R20ZU8YQALGLJ6	B000002IOW	Music	3	1
US	RZ60Y52ZHX6MB	B0000025HG	Music	5	12
US	R2K2G6D2IX47BQ	B0000028RR	Music	5	0
US	R2IJJROSUOOZ2U	B0000047CW	Music	5	3
US	R2L5Y105WLDUXI	B0000021RL	Music	5	2
US	RBJKY82N9P94X	B00000DGUY	Music	4	0
US	R3H9QHDX4UKZP1	B00000IYWH	Music	5	4
US	R2F2RH5KDDAZ2V	B000003JA7	Music	5	4
US	R34CZVXBPG46LK	B00000018N	Music	5	2
US	R3UJ1EO389KTCX	B00000IOSU	Music	5	0
US	R1P8BOLWSI7TC3	B0000033PB	Music	1	13
US	R3RENJZOBJR0B6	B000001DZM	Music	5	2
US	R22UI1T5VE6LPR	B0000033P0	Music	5	82
US	R7KGZ4NW5F2JF	B00000IAU3	Music	5	0
US	RAN8BQTMU2W24	B000002TQV	Music	5	0
US	R3QF0K3ZQW2LIM	B0000060NA	Music	5	0
US	RAIG3UKCFZU5J	B00000DD1S	Music	5	4
US	R3HIADKQX9XC79	B000005IZ8	Music	5	2
US	R23S0CO5VJMBAG	B000002MFE	Music	5	0
US	RYG718LJWNC09	B000001Y5D	Music	5	3
US	R1709G1CYEXV8B	B00000IQMT	Music	4	0
US	R22VSANORJUT0L	B000002LQQ	Music	5	1
US	R1FZAIRLTUWC63	B0000057C5	Music	5	0
US	R2ZUV7AYJEOWUM	B000001Y5J	Music	5	0
US	R3AH1L7AE37828	B000002LRX	Music	5	0
US	R1CLSQ3AF9VAOR	B00000JTB2	Music	5	133
US	R36R3A9WBKZMR8	B00000J7J4	Music	5	0
US	R296Y4H1YA0YUA	B00000JCB3	Music	1	1
US	R28550QNZMCTYI	B000002L6U	Music	2	1
US	R2LN3TLBV576M5	B00000JCB3	Music	1	2
US	R25QQA73O4QEC8	B000002U9E	Music	5	3
US	R2Y8A5JW23AVKU	B0000024Z7	Music	5	2
US	R3ITMKWUHBM7U1	B000002NIW	Music	5	0
US	R21DAIZL6BCOY	B00000DGUG	Music	1	3
US	R12GQLKN6NGTTO	B000002LQR	Music	5	0
US	R2B5HCJIRKXNC1	B000002JS0	Music	5	0
US	R1HY0KYG0JHXWL	B00000J7JO	Music	5	0
US	R38QBFTY79EQ6V	B000009ED0	Music	5	0
US	R1SLKMB2UJ99HX	B000002L9S	Music	5	0
US	RJH3JY2ZHSH5A	B000002J0B	Music	5	0
US	R1II6JI9VAX84U	B00000DGUG	Music	5	0
US	R1IWJC9S51O6DF	6302824613	Video	5	2
US	R3EOH3FAVB8CYJ	B000000ITC	Music	5	0
US	R2356C9M724TN5	B00000AFFI	Music	4	1
US	R2K07TQZ4NQQYR	B0000027D5	Music	4	3
US	R13DYTG74A9GE	B00000IOSU	Music	5	0
US	R1UCMGGPJBGX47	B00000IP2L	Music	3	0
US	R1O100DPMQRFSR	B000002UAO	Music	5	0
US	R2P8TQB6D5UXGV	B000002C1W	Music	2	2
US	RZP87WI349YQ2	B000002MU3	Music	1	3
US	R22HKH1JOKJCU7	B000002J20	Music	2	0
US	RSFXWF3IEEL1L	B000001DYY	Music	5	0
US	RFLPCMTPH8CLJ	B00000IONU	Music	5	137
US	R15ABSTZ6G4WQ0	B000002699	Music	5	3
US	R3KHZAW4FDN5CZ	B00000DGUG	Music	2	1
US	R3QDO43YHOW3W2	B00000DLV1	Music	5	0
US	R158Y8BZETPXJ7	B00000JZC4	Music	5	0
US	R1L0X9HASKTWHP	B000000W71	Music	5	5
US	RHZC4ZKTXH8K9	B000005J56	Music	5	0
US	R23PVF4ECZKE9S	B000005J08	Music	5	7
US	R2K1NNTGKLONWP	B000002AEN	Music	5	15
US	ROQJZOJ5DGCPY	B0000067L3	Music	2	9
US	R3VEKIIANZSO31	B000003S5H	Music	5	5
US	R1086SPC38KZDB	B0000009SG	Music	1	3
US	R36O63DWVRCYAR	B00000J7J4	Music	5	0
US	R306MK891J3C0E	B000002A3T	Music	1	9
US	RFKBY0HKB90T3	B000001GQJ	Music	5	24
US	R3JLH2Z412YE3C	B00000DFRS	Music	5	1
US	RWPG4HTI8978Q	B000002JST	Music	5	1
US	R2NHPPYXJE2JGS	B00000J7S8	Music	5	1
US	R3BQXWQK0I36JZ	B000002ITK	Music	2	11
US	RLKY4ABYIRIIW	B00000JZC4	Music	3	0
US	R2FXY2GBVPXJ9P	B00000JZC4	Music	5	0
US	RG0HKB3N79L78	B000003TA4	Music	5	0
US	R10EQOSPRGMK65	B000002UD0	Music	5	1
US	RXFUX5OB7P95V	B000002HRE	Music	3	0
US	R3NXJ2OCH9B7KR	B00000JMG7	Music	5	2
US	RDU1GABAH051S	B00000JCB2	Music	1	0
US	R3KQ568N55D6PI	B00000JTB2	Music	5	13
US	R3G5IALGIUQJT1	B000002WPI	Music	5	0
US	RW5EE0FO937WR	B000001F7R	Music	5	0
US	R25U3KLIE6H4YP	B000002V07	Music	5	2
US	RHMSUMGUW8NRD	B000002UB3	Music	5	5
US	R3M2KWXWUJJXQL	B000002LPD	Music	4	0
US	R2FB9D136JE0O6	B000002L99	Music	5	1
US	R16BB4F7V7XSWZ	B000002J09	Music	5	0
US	R3QI6VFQGFSZ8I	B000001DQI	Music	5	1
US	R1JYYU3NPVAYNO	B00000DHRZ	Music	5	0
US	RO6Y8AG0Z0LBG	B00000JZC4	Music	5	0
US	R2PS5H5D0OQ6Z0	B000002UAU	Music	4	1
US	R3RVUTXZH3JBAZ	B00000JZC4	Music	5	0
US	R2FDD1OULLDSR5	B000009EAD	Music	5	2
US	R13W81SAF244ED	B000000NN1	Music	5	1
US	R3S0DNXD91MTRR	B000002C1X	Music	4	0
US	R2FD5L53MFE8YM	B00000JCB2	Music	5	0
US	R1LH3QSDYGHUCB	B000002L73	Music	5	1
US	R3KNZDHDE8YSLL	B00000JZC4	Music	4	0
US	R2D8ULR6E2AR6L	B000000OSW	Music	5	7
US	R3HQOYD8BB2U3Y	B00000JCB2	Music	4	0
US	R2NMXH3A0UTHCC	B00000J7J4	Music	5	0
US	R18U4SBGC659XR	B00000J7J4	Music	5	0
US	RMV13HUYBW4G0	B000005RR0	Music	4	8
US	R1OZRYKX8CWP4T	B00000J6AG	Music	5	0
US	R1FEIEH8LHBBCM	B000002LR6	Music	4	1
US	R1LA0BVINLFBYP	B00000JZC4	Music	5	0
US	RCCSJ9LHP19I6	B00000IPAX	Music	5	0
US	R3GHX7VN2L09TD	B000002KKC	Music	2	1
US	R3EMFL84ST0RWE	B000000WF0	Music	5	2
US	R26PJOE6RCW02Q	B000002X2B	Music	4	8
US	R1SIE8DEC7POSM	B00000JZC4	Music	5	0
US	R251VJC41EU06Y	B000001FT7	Music	3	0
US	R3DQLE7W920L99	B00000J7SO	Music	1	3
US	R38SW6XSIX2FT5	B000005GYI	Music	5	5
US	R2OG1I99GQPR2O	B00000JZC4	Music	5	0
US	RXTO3LX4TBTBI	B00000IL1K	Music	5	28
US	R2IEEU0WFUWS2W	B00000J7J7	Music	5	2
US	RUVSU8SN81VGG	B0000004V2	Music	5	0
US	R3VTI73ZGFMLKY	B000002LFU	Music	2	3
US	R1K8H7VR144FR8	B000002HMH	Music	4	0
US	RLXW7E432KAL1	B000002MG1	Music	3	3
US	R36UAEO5YY9I1L	B000002UW1	Music	4	0
US	R2H3NATDNDRIV3	B000002UJQ	Music	5	1
US	R2QVTDUCNIOG96	B000002X1O	Music	2	9
US	R1LQXLLNOF09PS	B000003Z4C	Music	2	2
US	R2C7BLQJZHFZY3	B00000J7J4	Music	5	0
US	R3A2OLTAP9VR71	B000005J56	Music	5	3
US	R1X00KQGE3KYQW	B000003TA4	Music	5	0
US	R3VMS0SOQHMUQZ	B00000J7J7	Music	5	4
US	R11HM87XJF4GGH	B00000253N	Music	5	0
US	R31NCL4U5B23HD	B00000255F	Music	4	1
US	R22GFP80S1XLDW	B000002C2E	Music	5	0
US	RZQGOQNODE3D0	B000002U82	Music	5	0
US	R1P8LVSPBGPYMU	B0000026CN	Music	4	0
US	R1RZ7UWLZQ3C9N	B000001Y42	Music	5	0
US	R36QC24ZOTJVMN	B0000024U8	Music	5	8
US	R38FFZG5A43AY0	B000003BF1	Music	5	0
US	R21FDET7C6N1AQ	B0000024K1	Music	5	1
US	R22SYS1W1241P6	B000000993	Music	5	1
US	RNDEBIB5B38WU	B000002U9E	Music	4	3
US	R3W0GMK5XUH4N9	B0000028UK	Music	5	2
US	R2XV628AP9MCWW	B00000JZC4	Music	5	0
US	RXQFUSM5NBJ3R	B000002AZ8	Music	5	15
US	R2C9C2D2F49SJA	B00000JZC4	Music	5	0
US	R7MCL0C5SX3L3	B000002JSP	Music	2	7
US	R1239J2O0PCGL	B000002UB3	Music	5	5
US	R5K246V56YR94	B0000042H4	Music	5	3
US	RKZPBNAB0D8LV	B000005JA8	Music	5	2
US	R1COSNOYZCUEN8	630522577X	Video DVD	5	4
US	R23G0224KVXXSC	B000002KAT	Music	5	2
US	R2OTSJTI52D29N	B000003BEM	Music	5	0
US	R2YH86C1S8ZX6G	B000002H97	Music	5	0
US	R2KTAWBZ8870FJ	B000009ED0	Music	5	1
US	R297ZCF04OLCX0	B0000060NF	Music	5	0
US	R1I5PYG4PBP21Y	B0000062S0	Music	1	3
US	R2KFKOWR3FJH0I	B00000DBXL	Music	5	0
US	R37CSXWAVB03AZ	B000002VCU	Music	5	1
US	R3LOCHKOYC7EA9	B0000029GA	Music	5	3
US	R11RNZV5QB0N2U	6304117752	Video	5	0
US	R1RHUU91YAY0G5	B00000J7J4	Music	4	17
US	R3NJMX874IRUK	B00000J6AG	Music	5	1
US	R3L5T53MWVOX4X	B00000JJSK	Music	5	1
US	R1YOCGA2HG4OYT	B00000JZC4	Music	5	0
US	R2UBE2COIOUGGE	B000003BES	Music	4	1
US	R2Y1HP192VX1PG	B00000JZC4	Music	5	0
US	R160OTRDSD419L	B00000F1D3	Music	5	0
US	R3KJ3VTHSVO20F	B000001Y79	Music	5	0
US	R2UIGIUNXE8MV2	B00000AFGM	Music	5	0
US	R1JZ0NNYLPG4TB	B000001EL3	Music	5	0
US	R3JJTCVF3QKTFG	B000002LE6	Music	4	2
US	R2LBRFNE3DLPGS	B000002UA9	Music	5	3
US	R160LAP62QBA40	B000002KY8	Music	5	0
US	R7PTYZNHNRWII	B000009EAD	Music	3	2
US	R2L14GB0PN697	B000002KMV	Music	5	0
US	R2HSGBCFUQJ6GZ	B00000J7J4	Music	5	0
US	R24OAMT12216WZ	B00000889A	Music	5	4
US	R21Y3UJ9E822C7	B000001U3K	Music	5	1
US	R2WTUSBAK0OWGU	B000002ADT	Music	5	0
US	R8G7WVHCUHWJ	B00000BKDX	Music	5	0
US	R2NTWV56441XJS	B00000IPAX	Music	3	0
US	R13B5R1NSXCFRH	B00000DGUG	Music	5	0
US	RT96S9DCFGYXV	B000003S0B	Music	5	6
US	R73TIAFCBZFFX	B000002KH3	Music	4	0
US	RRYTRKZT2EHNI	B000003S0D	Music	5	6
US	RZW4HSP5SME17	B0000072NX	Music	5	4
US	R1W61FUA8NXKWW	B000003H3M	Music	5	0
US	R25D62WWV9SXHV	B00000DFRS	Music	5	1
US	R1OQVI7TIWTTTP	B00000273P	Music	5	1
US	R1SBMBXFK3ZS3U	B000005H55	Music	5	0
US	R31YBASSDFWOZ6	B000002C2E	Music	5	0
US	R39UME5DNSIEFE	B000001IPL	Music	3	2
US	R20F91TI4S4EXG	B00000JG41	Music	5	0
US	R8JRHWVT4SMWA	B0000024JN	Music	5	0
US	R2M0WDCKIYDIDN	B000002MVT	Music	4	5
US	R11PLKJQ8HI2BX	B000001EAQ	Music	3	2
US	R3N8KER39HDD0B	B000000WHC	Music	3	3
US	R1Q31G4W347SNY	B000000WIG	Music	2	2
US	R1OCQ3KG4ZPNX	B00000JCOV	Music	5	0
US	RX307GI8ARA89	B0000025HU	Music	5	0
US	R37EMOKRL7JO9D	B000006OAM	Music	5	1
US	RT0JWY6MA7YJF	B000003NA4	Music	5	3
US	R1D9XZG6WVTB2C	B000002UWP	Music	5	0
US	R3L4BC59NVEN7M	B000002UTT	Music	5	4
US	R3B3TVVIOCTROR	B000002U9E	Music	5	2
US	R1AQSYZLKYA7PV	B00000J6AG	Music	4	0
US	R13C4PUQI8NFK2	B000003EPN	Music	5	21
US	R1CL8VLYNXKNAY	B00000J7S8	Music	5	1
US	R130L6LCTDJ3W4	B000002LN9	Music	5	0
US	RRCE0L432X6Y8	B000002L9J	Music	5	3
US	R22SWNLBYEHTTL	B00000DC4A	Music	5	0
US	R1HIFBDHTHE6LS	B000001FAK	Music	5	2
US	R1C1UPF22DUKZ0	B00000DMJF	Music	5	0
US	R35G5VVOJIG6D6	B00000IGGA	Music	5	1
US	R1Y06QZHHJ887U	B00000JYGX	Music	5	7
US	R3JDBGKMN4T8PR	B000002JSJ	Music	4	0
US	R19E4JIRCADC44	B000001EKX	Music	4	0
US	R3U2RHFY8UQI0R	B000002MZ9	Music	5	4
US	RSNOH1CCU3Q6I	B00000JCB2	Music	5	0
US	R52IECEJ5DRDU	B000003TAR	Music	5	0
US	RXKKTF7MV69OU	B000001EG6	Music	5	1
US	R1PHIT469T2CRH	B0000033TE	Music	5	2
US	R18YMMWAHSQ9AT	B00000JCB2	Music	1	0
US	RFU4QZYRJEX9E	B00000JJSK	Music	5	0
US	RR1HNEAAFW3SP	B00000DLVA	Music	3	0
US	R3QJAOQ1UPY5VG	B00000G28U	Music	5	1
US	R1XBKU509FQ93C	B000002GF8	Music	5	0
US	R1041WQNAO25XZ	6300213668	Video	5	0
US	RDBK4FO48BHV	B00000JCOV	Music	5	0
US	R3SJOMOG2PWH4J	B000002UDB	Music	5	1
US	RUHZLUC8QQSXI	B000002G7G	Music	4	1
US	RFEN3TZ3UKY2T	B000002KIE	Music	5	20
US	R3NCQ81282RPNK	B000000FG8	Music	5	0
US	RXWGI8C8MJPD6	B000002UDD	Music	3	0
US	R383KLYDY9HTFZ	B000002AHM	Music	5	1
US	R651DIVZS4JDQ	B0000025US	Music	5	1
US	R2V9FYSM3UUOU9	B000002OHX	Music	5	4
US	R18NU3IK7GKOZV	B000004756	Music	5	7
US	R17Q4PFJEFNYLN	B000001FQ4	Music	2	2
US	R2H3J38BSI8PK4	B000002U82	Music	3	2
US	R1IBI9UUDNCZ36	B00000JCB2	Music	5	0
US	RHLTG1K9WG9W3	B000002C2E	Music	5	1
US	R184AE8GPA3F6L	B00000IAU3	Music	5	0
US	R2LTJWFSHBY3A6	B00000JG41	Music	5	0
US	RHTD9PJDE7HTZ	B000001G6W	Music	5	2
US	RGYDXWSYVSBS6	B00000IP3S	Music	5	0
US	R2LE23JA1YOIFL	B00000HYXB	Music	5	0
US	RNBF5QTJ13I3Z	B000002NHN	Music	2	3
US	R1E3NHHBPGV6NX	B000002U9L	Music	5	0
US	R2XFQ5O07EA6QJ	B000002UB3	Music	5	5
US	R3HG0X8J1E2044	B00000JCB2	Music	5	0
US	R2QQRPOUG946BZ	B00000IOSU	Music	5	0
US	R3JNV1TVVA02QN	B00000J7RZ	Music	1	1
US	RERR1IRVJNEIL	B00000J7RZ	Music	1	4
US	R22TPKDIJBXODC	B000006OBQ	Music	5	0
US	R157NGLB1VNRII	B000002NZO	Music	5	2
US	R105GMB0KXPHOZ	B0000024JN	Music	5	6
US	RHNO662UWWZ06	B000000H5K	Music	5	4
US	RR83FIX11VQDI	B000001FDK	Music	5	0
US	R11AXWDFKPV09I	B00000JZC4	Music	5	0
US	R1M4Z1AR4C2T3J	B00000HXFL	Music	5	29
US	R2FW1IY6JBJKCQ	B000002C1X	Music	5	0
US	R33OHLS7HLMCE0	B00000G28U	Music	4	1
US	R2E3ZQ5J5QFV63	B00000JCB2	Music	5	0
US	R3CZ8T2I5FEY4M	B000002UAX	Music	5	0
US	R19V0DON05RVZ1	B000000W74	Music	4	1
US	R3SXHM97BBBXGF	B00000I9MK	Music	5	1
US	R31DNXTIMUODYD	B000000OUE	Music	5	0
US	RDBJ0E86YKCWF	B000002H38	Music	5	0
US	R1CS2Y1EMCVXP5	B000002UAO	Music	5	0
US	R1M85XV0QQMJM2	B000007R1M	Music	5	4
US	R5WICNZAFRH2W	B000003TSP	Music	5	0
US	R1STVKPW79AEHQ	B00000IAU3	Music	5	0
US	R318Y3UWKN7P1K	B000000WJZ	Music	5	0
US	RH9415HULOWZE	B000006NPY	Music	3	0
US	R2DGFGNKIRJ7TA	B0000024RQ	Music	5	1
US	RPQBUB1AM1HT7	B000002KD5	Music	4	1
US	R3D0FOJQMD66QX	B0000024R8	Music	2	2
US	RB8UFRSSOYL1J	B0000024RZ	Music	4	0
US	R22XSKF4155HHB	B000002518	Music	4	8
US	RW9BCCP0ZPDMQ	B00000J7RZ	Music	1	0
US	R1915LRW6YWGIB	B0000029DD	Music	5	0
US	R28WSB18MUPB4M	B00000JCB2	Music	5	0
US	R167Y3XZZ96JQU	B000002NIW	Music	5	0
US	R3QTQGZZ5RKA1S	B0000033P2	Music	5	3
US	R1NX19F3NH1YB1	B000001DTM	Music	5	0
US	R13VO1LS4SQ70S	B00000F1D3	Music	1	0
US	R1OMB246FHYWKM	B000000ISM	Music	5	2
US	R2UAIUO1MHDNDN	B00000JCB2	Music	1	0
US	R1BWHJH7PTXYE5	B000002UAR	Music	5	5
US	R2MJPMRRYFO9L4	B000009ED0	Music	5	0
US	R2UUGCUN9PL4W5	B00000F1D3	Music	5	0
US	R17EM8KFIA6HNW	B000000WFU	Music	1	8
US	R60V3MX0EWEJY	B0000028W9	Music	5	3
US	R3O5F5EZ7N4HRX	B00000HYSN	Music	5	2
US	R131VDVRM9WW8M	B000000P11	Music	4	0
US	RDFY8Q2PRVTZW	B000002C1X	Music	5	0
US	R2SO6301XHIY30	0792837614	Video	5	0
US	R2A6AZO7AHVG1	B00000IQMT	Music	5	1
US	R37BOAS90RI5IR	B000002C4C	Music	5	1
US	R22XEDHNPZU8EF	B0000029GA	Music	5	0
US	R154TS8FIBRFZ1	B00000099Y	Music	5	1
US	R3JVC60W2EO08K	B000005HCQ	Music	5	5
US	R3JP3E0EZI54XW	B00000IMTF	Music	4	1
US	R1Y0AVI45PD13I	B00000DFSK	Music	5	2
US	R1HRNCB8G8Y10Q	B00000018N	Music	5	3
US	R3K1J1F404FK4K	B000002UA0	Music	5	5
US	R223RDUWXX09YF	B000003S5H	Music	5	4
US	R2KKT4TRC46LHC	B000002KM6	Music	5	0
US	R3173GZRMLTG5I	B0000025ZF	Music	5	0
US	R323H2VGI07SXL	B000001IQH	Music	5	0
US	RTXP96NIXWWCZ	B00000J7J4	Music	4	0
US	R32X6CORR5UMRK	B0000025H6	Music	5	0
US	R1ULV55XH8PYPT	B00000J7J4	Music	4	0
US	R15DIY1CZ9GXX8	B00000J7J4	Music	4	0
US	R19EPOFHCJ1HMJ	B000007NYS	Music	5	1
US	R2NLJTZYAF2VKZ	B000002MU3	Music	5	2
US	R1I7NRD1BKBWEW	B000009QPO	Music	4	1
US	R163MIJEXCQ5XY	B000002L9M	Music	3	1
US	R3QCG31QAPABCL	B00000JJSK	Music	4	0
US	R3T2CZHJZMWCVV	B000002UB3	Music	5	5
US	R3SIBFFGAYHFPS	B00000J7J4	Music	5	0
US	R3JZNY4ADPDUNT	B000003TAB	Music	1	4
US	R2WQ9M3XFE5Q0	B000007SPU	Music	5	2
US	R28B5V9AZD9DTS	B000002KJM	Music	5	2
US	R2K0A2HVIAE697	B00000J6AG	Music	5	0
US	R17N6762PDHUEG	B000002KYR	Music	5	1
US	R20V8PHZBXY6YU	B000002IWQ	Music	4	4
US	R1VALKTYRL1186	B00000DGUM	Music	3	3
US	R3JYSCNQQYYV8B	B000002LK1	Music	5	0
US	R37JWH1GJS0JWP	B000002C1X	Music	5	0
US	R1M9IXD303NJEY	B000002IOJ	Music	4	0
US	RC81SIPXGWIGB	B00000JZC4	Music	5	0
US	R53X3IP7GGMBX	B00000GBHA	Music	5	1
US	R128Q35XPCK530	B000002UC5	Music	4	5
US	R1UKG6NH1CWLPU	B000005RT8	Music	3	1
US	R12UXIJG2X7TLV	B000002ULO	Music	5	0
US	R10SL4J6T844R5	B0000025RQ	Music	5	1
US	R5Z5M95I85D4D	B000002NJS	Music	5	0
US	R1MM2PYMLKRDL7	B000000XB9	Music	2	2
US	RCAHD78AO5J1C	B000005ITX	Music	5	0
US	R1NHQUPXCGTG0H	B000002J27	Music	5	2
US	R37JBGBZHC2QRD	B0000025HU	Music	5	1
US	R1G1S61DS2Q4MW	B000002J1S	Music	5	0
US	R24Q19TQTL4XAG	B000002A3T	Music	4	0
US	R2RE09U6WSJ3WG	B000002J2D	Music	5	0
US	R28GHZL8ECP0DJ	B000002NZO	Music	5	2
US	RWXU34S3JR6XH	B000002HPV	Music	5	0
US	R1NJQRKLHRTLPD	B000002J2D	Music	5	0
US	RW10QPSWGPEHC	B00000DBXL	Music	5	0
US	R2CXG7KORWC1GG	B000007T1M	Music	3	0
US	R2CUC0DPOMGFX	B000002U8G	Music	5	6
US	R27H2ZXDMPN318	B000003N8R	Music	5	5
US	RLFRVPBI6OQ26	B000002IWH	Music	5	1
US	R1EJJXZ2G8LJ7J	B000002U82	Music	5	0
US	R3R4V4JI5PA5I2	B000002KAT	Music	5	0
US	R2F8ZWJBRVUMX0	B000003NA4	Music	5	1
US	R3K9TK1JF68YJ2	B00000ADG2	Music	5	0
US	R2YYI5P5W85WCS	B0000025F7	Music	5	0
US	R9710924W7IPF	B000002BQK	Music	5	1
US	R1KSYWHLN20PDO	B0000025DD	Music	3	3
US	R1LQCELFRX8NL	B000001ES4	Music	1	3
US	RFKMXU1EBAN95	B00000JG41	Music	5	0
US	R6EH1SKVZLWZF	B000001DVD	Music	5	0
US	R1FL9NH1ORULXO	B000000W5P	Music	4	5
US	R33ATPU99Z5540	B00000J7S8	Music	5	1
US	R13HN3GCWMJKX9	B0000025SB	Music	5	1
US	R3TKD8IV4IUO0F	B00000JCB2	Music	5	0
US	R2SV8DUIGC80EE	6304458908	Video	4	2
US	R3UC3CYG86LH47	0788803743	Video	5	2
US	R2WH85XY9145VF	B0000025RI	Music	5	0
US	RWPP8FNYRW7QS	B000000W9Z	Music	5	1
US	RB6ZJH08WWBW8	B00000IONU	Music	4	3
US	R2CR6J9PZ96MTN	B000000WHH	Music	5	10
US	R2M7FL31VNS99Y	B00000JZC4	Music	2	0
US	R1FZAE153Q5F0N	B00000K29E	Music	5	1
US	R1EE4X0CIQAUPR	B000002U82	Music	5	0
US	R16GQ1NAXIIB3N	B000002UWF	Music	5	1
US	R8SA8K66IF6IL	B000006NUW	Music	5	10
US	RAEK26KVVP1C5	B00000099Y	Music	2	5
US	R1BH43HCT9A9FD	B000007WQB	Music	4	11
US	R3BJ10JVV8LTSD	B00000J6AG	Music	5	0
US	R3U0WH3KJDQQ1F	B000002UA0	Music	5	1
US	R15W4D5CM2IJX1	B0000019PA	Music	5	1
US	R143O6F35L6MM5	B000002ADT	Music	5	1
US	R3FSTEVWTJPSPA	B000002N2Z	Music	5	0
US	RIQH5QYQ2PLZM	B00000J7J4	Music	5	0
US	R23WW8HQM2HX4H	B000002ADT	Music	1	21
US	R7WF2ZSL5Z5ZH	B00000IOSU	Music	5	0
US	RGLA7FEZO7HEU	B000001FSR	Music	5	3
US	R3NCE0J62MJE2U	B00000IL1K	Music	4	0
US	R2N4R87ZA3HDGB	B000002H1T	Music	3	5
US	R2GN4ANREFTVCR	B000002505	Music	3	24
US	R3NJGD4IST40KU	B000002N25	Music	5	13
US	R3S3PEGFMY5TVF	B000001GBJ	Music	5	2
US	R14SYIGM7PYHBV	B000002LQQ	Music	5	2
US	RTSR8N5XRWAN5	B000002KYB	Music	5	1
US	RQRCXC9FNEK5Z	B000005DQR	Music	5	0
US	R1YP1Q2Z2FK2TD	B000002L7G	Music	5	0
US	R3L8PAID5WVMD	B000002513	Music	5	2
US	R3KY9JMMXCEID7	B000002MUW	Music	5	1
US	R25OC7ILMXRCUW	B00000J7J4	Music	4	0
US	RQC1YMD03K5DT	B00000IL1K	Music	4	0
US	RD9T5OBI4YBJS	B000002LVB	Music	5	1
US	R3DYGX57NDKQLI	B0000009UX	Music	5	1
US	R15S8YMTRLNW8J	B00000255F	Music	5	1
US	R117KDKQ9TQ7LF	B000002L9J	Music	5	0
US	RW0PXQOWPPW7F	B000000W5N	Music	5	6
US	RZ0R4FXHON643	B000002B7M	Music	4	0
US	R3BTEINFIZ1ZHR	B000002J1F	Music	5	0
US	R39QQAVWINB9KH	B0000004V2	Music	5	0
US	RGYA83ES0K8T7	B000002UR7	Music	5	1
US	RQ3PWZM93GSCP	B000002WYT	Music	5	0
US	R2HMVS0W1D49SK	B000007T1M	Music	5	0
US	R1U9Y2DQWSOKDE	B00000IGGA	Music	5	2
US	R322OTRZDR73X0	B0000033TE	Music	5	0
US	RLXDU8CHBMWOO	B00000J7JO	Music	4	0
US	R2QUFODVNPZWQE	B00000IL1K	Music	5	0
US	R2Y1EIB3YU8HGA	B000002MI4	Music	5	3
US	R1MBS5NB2GWTGU	B000002H6C	Music	5	0
US	R1M4YIK80ULKSZ	B00000ADG2	Music	5	0
US	R29TF7IPYHS5UG	B00000I7LJ	Music	5	2
US	R1EM43DHU5GA2E	B00000J7RZ	Music	1	0
US	R10WO33LRTIOB5	B000002KD9	Music	5	2
US	R1AADL24A4N7LR	B00000099Y	Music	5	0
US	R2CT3FY0SCSVYW	B000002UJQ	Music	5	0
US	RL6FEI6LCBTHZ	B000001C6M	Music	3	0
US	R24NYNKCKWMJLW	B00000JTB2	Music	5	0
US	RLVTRWZ9MPYQ6	B000009QPE	Music	4	0
US	R2JU95VUZ5923D	B000000H5K	Music	5	0
US	R43UENW6O04KH	B000000993	Music	5	1
US	R1S9JOVDFXP5E5	B000007T1M	Music	5	0
US	R16LHVVLIR6Q3K	B000000FG8	Music	3	1
US	R34KSYME9ZXU0D	B000002N2Z	Music	4	0
US	R3E0M3X0V0QCLO	B000009QPG	Music	4	0
US	R30PDEODBT52M0	B000002JOH	Music	4	0
US	R2Q6B0J4X183R4	B000002LQD	Music	5	1
US	R20PFVKJIWZ6H0	B000001FTA	Music	5	1
US	R2KY0WM1SSDHLW	B000002H6C	Music	4	0
US	R1AFKNK6DW3PK6	B000002LQR	Music	3	0
US	R3QG2LXB7CXW79	B00000JCRH	Music	4	1
US	R2GUD9U3ADZYGV	B000000H5J	Music	4	1
US	R115S6Y7T1EOEV	B000002C1X	Music	1	9
US	R24XNYXC15FOQJ	B000002JR8	Music	3	5
US	R3RNX4T0M6IDGK	B00000JCB2	Music	4	0
US	R270J0HQQOEMN2	B00000IAU3	Music	5	0
US	RPP6MOGZK77PP	B000002TP7	Music	4	0
US	R8QBJ0QPEEVI2	B000002KAT	Music	5	2
US	R2WXLVB8RPQDXM	B000002WNP	Music	5	3
US	R1ULS4PCLVLA0	B000002L9S	Music	4	0
US	R6PKBT6R8RNRM	B000005RFJ	Music	5	2
US	RBMZCMEC2PTT5	B000002G7E	Music	5	1
US	R3W092WIT2HYQ3	B000005DSN	Music	5	0
US	R3F97F2WCH8PXC	B000000W9Z	Music	5	1
US	R3K799QJL1HKS	B00000HYSN	Music	5	0
US	R2O6GX61PELX6A	B00000I8UE	Music	5	0
US	R1HEU911P36E9A	B000002MNR	Music	3	8
US	R3QED85IJMLCM4	B000002UWF	Music	5	0
US	ROW8U0N22S4BC	B000002MU3	Music	5	0
US	RI0GMMY1KOPYV	B000001FTQ	Music	5	1
US	R1QQ7LS2CB0ULW	B00000IQMT	Music	4	1
US	RGLB1K64RCEZU	B000001GKC	Music	5	28
US	R2GCMW3A05CY7I	B00000IPAX	Music	5	0
US	R19WYH2WGH2373	B000002MY3	Music	5	0
US	RDBUXBTWT7UR3	B000002GYG	Music	5	1
US	R357CWGR0SSYJ6	B00000FCBC	Music	5	0
US	R2QADS7JTG2WQV	B000002MH5	Music	5	56
US	R1H6VRI9Y8RPGH	B000002C1W	Music	5	0
US	R3IGCEG9N0DKW	B000002UAO	Music	5	0
US	R2BBQ5997HC779	B00000JJSK	Music	5	3
US	R1NDZQNK0JSLAU	B000002UAR	Music	5	11
US	RVN9G5GFAEEWE	B000002UAC	Music	3	0
US	R2X0LC1BQUGP5I	B000002HRE	Music	5	0
US	R1WAQFRA9GITM6	B000002UJQ	Music	5	0
US	RI3NJY9H3SSXC	B00000DLV1	Music	4	0
US	R3E1JK5E0HEQ4P	B00000J7RZ	Music	4	0
US	RSBWTEXZ3NCMQ	B00000JG41	Music	5	0
US	R31YJ18TOLJFLD	B000002IQ9	Music	5	0
US	R1ZQYGY5SUZSO4	B00000J7RZ	Music	4	0
US	R1CPE4502PPXVO	B00000J7RZ	Music	5	0
US	RKJPYALNFPVEE	B00000J6AG	Music	5	0
US	R1XGJHW2KT8LS1	B00000FC5H	Music	5	6
US	R1YA74A3P9HP7	B00000AFWW	Music	5	1
US	R3PS52L6ZDZXSV	B000007RV5	Music	3	0
US	R2YIIB0NWSYYL8	B00000J7J4	Music	5	0
US	R1QIWXDC74Y29L	B00000JZC4	Music	5	1
US	R2SDXKQL58X592	B000002UWF	Music	5	0
US	R2MS28TK0WYTG8	B00000255F	Music	5	1
US	RJWNB6P6SXRCB	B00000J7J4	Music	5	0
US	R112A4MLORTL04	B00000IAU3	Music	5	0
US	R2FI4BL4LKI0W7	B000003B6J	Music	5	1
US	RKLAW4FKYJO8S	B00000J7J4	Music	4	0
US	R11GIN6ZB64XFI	B00000I924	Music	5	0
US	R1EC7Y2S29WIY2	B000001FSU	Music	2	2
US	R3OS6RQV2A6VXQ	B000001BX0	Music	5	3
US	R2GDIQ1BRTHFQC	B000002C25	Music	4	0
US	R67M5YNFCD82Y	B000002I77	Music	5	4
US	R36N216GDRLPAS	B000002C1Z	Music	5	0
US	R1028TDLDKTYLL	B00000J7J4	Music	5	0
US	R2KBI4334F5DKJ	B00000I0XW	Music	4	1
US	R8XTMW2CC54LS	B000002MM8	Music	1	5
US	R20AUN3SLCBR2H	B000002AQQ	Music	4	1
US	R3ODSU5BWK7Q1	B00000I8UK	Music	4	1
US	R1RB0EGHFJQTOG	B000002MFN	Music	1	4
US	R85WEMX34QBWB	B000000W5P	Music	3	2
US	RMO87WE1PO4VV	B000002C1X	Music	3	4
US	RJLJQRKM2A6YV	B0000031OR	Music	5	4
US	R3919CSHXGJL5R	B000000W5F	Music	3	0
US	R1K6IVUDDTW3NT	B000000WI6	Music	4	9
US	R2UQ8I8FQM8ZIJ	B00000I8UD	Music	2	5
US	R2F6X1RS3RXLDK	B0000013GT	Music	5	2
US	RPX7PH6PFCGM4	B000002HRE	Music	1	1
US	RC66U40BOVQ3N	B00000IQMT	Music	5	0
US	R39B34M5GH7G16	B0000029AP	Music	5	1
US	R39R66OGYNHYP5	B000002KNI	Music	5	10
US	RIQIYT38CKE2I	B0000024UX	Music	3	0
US	R3JAHSEROP6IFM	B000002LKF	Music	5	28
US	R1NHNIFAMWS9JR	B0000024YL	Music	3	31
US	R47JE4MT0AHBM	B000002B2T	Music	4	1
US	R2YVXHZC6D6Z2I	B00000AFFF	Music	4	2
US	R1SDS36LOGK9EL	B0000025YL	Music	5	10
US	RZB94CRWNID24	B000002P7R	Music	5	3
US	R30VJJ6N0XH6J3	B000005RTG	Music	5	2
US	R1C4RV37LMVG1P	B000001ESP	Music	5	1
US	R2EM1RVMYPXQDK	B0000024TT	Music	5	3
US	R1RM7U3W8ZFPNH	B000002G26	Music	5	0
US	RXP0LJA58AX28	B000002U88	Music	4	0
US	R1W11NDEFKPE9O	B00000F1D3	Music	5	0
US	R2GFG40I0X24MV	B000006045	Music	5	0
US	R1RVVFO93SXX06	B000002UAI	Music	5	4
US	R2U90I62W5N19Q	B000000QFV	Music	1	2
US	R2FAED9FBXST4L	B000001Y2U	Music	4	1
US	R36QTM471PXKRS	B000002C1Z	Music	5	0
US	R3SKCKQHWBRDAL	B000003TAW	Music	5	0
US	R2ITP8FM1P6PWV	B000000W5L	Music	5	0
US	RIVWQYYTYLPQN	B00000JHAU	Music	2	14
US	RF1LV53SKKTEI	B000003BEM	Music	5	0
US	R13FBL1DE70QBN	B00000I0XW	Music	5	3
US	R1LQ3VWV76ZL62	B00000IL1K	Music	5	1
US	R21RKZ1G64MU20	B000003NA4	Music	2	9
US	R2U9WU6V6GVD3T	B000003NA4	Music	5	0
US	R1Y4NQ8TL8DY0N	B0000025H6	Music	5	0
US	R2BC65FPM5NLWT	B0000029LG	Music	5	0
US	R1AF698IZI6X06	B0000024SD	Music	5	0
US	R26RL2VS5QYN62	B0000025RI	Music	5	0
US	R15RPGLLE97UZ7	B00000J7J4	Music	3	0
US	R2WZ6K1G0HXRNA	B000001ES9	Music	3	0
US	R3EQKQPDKKSLY1	B000002W4V	Music	5	0
US	R3PYLY6OB7OUJU	B000002BUY	Music	5	3
US	RADTNU2MJAZ04	B000002JR8	Music	1	4
US	R224O3J7RMEBCR	B000001FI7	Music	5	0
US	R23KZRYQBYLZC	B0000041Z6	Music	2	20
US	R3669PJ38H2ER	B00000J7J4	Music	5	0
US	RZ7T1KO1LNC17	B000001F4V	Music	3	0
US	R18GO6QRJFLSEF	B0000025IE	Music	5	1
US	R1GRBIRC9EHYWW	B00000IAU3	Music	5	0
US	R1NN0KL97D65T2	B000002MNL	Music	5	4
US	R1ECZUZAQEFBBY	B000002LOM	Music	5	3
US	R3J52KNGG4ODW4	B00000JCB3	Music	5	0
US	R1KZ3R1GDKN93O	B00000J7JO	Music	5	0
US	RPU1T3HNZBT2M	B000006OAM	Music	4	0
US	R2TGN4RHZVESMO	B00000J8EK	Music	5	0
US	R33WQV3E5FY464	B00000IL1K	Music	5	0
US	R1VN1FGFSTC4GH	B000000WZ4	Music	3	1
US	RGG8SOIK8M7L1	B00000HZTB	Music	5	0
US	ROO9N5568P7V8	B000002C1X	Music	5	0
US	R3IDCF6TOU1PNM	B000002UAC	Music	5	0
US	R3QR1GNZ91F5T	B00000K3G8	Music	4	0
US	R3J6U3L2TK5Z2Z	B000001GQB	Music	5	10
US	R3OMNJ1T1V00GI	B000002UA2	Music	4	0
US	R38BLZB66OVSGO	B000002OVJ	Music	5	0
US	R16GRQG15S2PT9	B000002KMV	Music	4	0
US	RBBWPT5ND6S4S	B000002P2W	Music	4	1
US	R6OMUBOREXPC2	B000002L7R	Music	3	3
US	R32GHJD2RQJHL3	B000002KY8	Music	5	0
US	R2B293FM6JC23J	B000006OAM	Music	5	0
US	R35RHTKY4YUIFZ	B000002JAX	Music	5	0
US	R732FP4F8CVUZ	B00000K3G8	Music	5	1
US	ROH14EAD94F7Y	B000002KNU	Music	5	1
US	R17QQQAV8UIR0O	B000002UB3	Music	5	5
US	R1B7F4GKH4ZDRR	B00000K3G8	Music	5	1
US	RFKTCNZRNBYX7	B00000IPAX	Music	5	0
US	R28ZJ568JUAIL8	B00000373U	Music	5	2
US	R2GLAETN1CBHHL	B000000W5L	Music	5	0
US	R36FTC5NX89M2D	B000005ITX	Music	5	0
US	R28IQKELBJHISP	B000002J1C	Music	5	0
US	R3UWNS93UT48QF	B00000DLVA	Music	3	0
US	RSTK8RH96VIR4	B000002P5R	Music	2	9
US	R1PUJ9Y3R7B0LR	B00000DHRX	Music	5	0
US	R41W8HEDVLDMC	B000002LIX	Music	5	1
US	R8YM48S8ZKZ8K	B000002U82	Music	5	0
US	R1XV8MTNIQN7IP	B00000DHRZ	Music	5	0
US	R1F3PNY138XU1J	B00000DHRZ	Music	3	0
US	RXUIPC8A63WNS	B000002C1X	Music	5	0
US	RL4QIJPIT7CGD	B000000132	Music	5	5
US	R1SX37ARJQ15CQ	B000007NYS	Music	5	2
US	R2XOMULXNPHPSX	B000006NPY	Music	5	1
US	R20N88DMNB89YJ	B000002MG1	Music	5	1
US	R2CXW42TLK5BAR	B000002UAR	Music	5	5
US	R2VD8TEIB1FMC5	B000002J09	Music	5	3
US	R36QBXHZ4SVXFP	B00000J7J4	Music	2	0
US	R32KKKGLYXAMK9	B00000FBRE	Music	5	0
US	R3S24G7CNB1ZHQ	B000002699	Music	5	3
US	RB3NPST11H6V4	B000002H97	Music	4	0
US	R3EXFZ1UPOEPLM	B000001Y2U	Music	3	1
US	R2EP6ZEW70ZV4E	B000002UAX	Music	5	0
US	RPGSCFZDFR9GY	B000002UAX	Music	5	0
US	RJ67HVN3PVH6J	B000002UAR	Music	5	8
US	R1JHNNHWDMAWVY	B000002VTE	Music	5	6
US	R25R7R6AMG36J5	B000001DYY	Music	3	3
US	RUTT28WWWEXET	B00001OH1S	Music	1	0
US	R6HTYPT03TZZC	B000002UD1	Music	4	2
US	R1G7TPBYDUZ6LJ	B00000J7J7	Music	5	6
US	R2RZEV1IAI5D7U	B000002HHB	Music	2	4
US	R1MAMAWVJO35JS	B00000J7J4	Music	5	0
US	R2V1U542358ETM	B00001OH1S	Music	4	0
US	R2ZA5WXBEO0QTI	B00001OH1S	Music	5	0
US	R3M44AOFF8QUMF	B0000025JT	Music	5	0
US	R1RNZIDNKA862D	B000001IQH	Music	5	0
US	R1CNJWWVVRJ21Z	B0000004V2	Music	5	0
US	R3AW4M9NJ33NT4	B000002UAO	Music	5	0
US	R3R3QZMROJNTIO	B000002HK4	Music	5	0
US	R1PWO3FY14DUIV	B000002UAU	Music	5	8
US	R2L52PLV5A1D5T	B0000025DT	Music	5	38
US	R1M23J3NKEF4M7	B000002L5P	Music	5	4
US	R1O6BNGMXDLPLA	B00000F1D3	Music	5	1
US	R127CAHN76G5S	B00001OH1S	Music	5	1
US	R8HKD5TEI6VFC	B00000IJPU	Music	5	0
US	RDQSHQTZ8KTLG	B000000HU1	Music	5	2
US	RHUYDU1V1H7GF	B000002OOY	Music	5	0
US	R1ZJYKLN0CPWAQ	B000000H64	Music	5	0
US	R31GALL59WU12L	B00000K19E	Video DVD	5	0
US	R3G9OFN1PPYKLH	B00000JY1X	Music	5	1
US	RQFYZGSNX5O44	B00000099Y	Music	5	0
US	R2L2TD7WI4LV9U	B00000BKDV	Music	5	0
US	REU29CI9Z1D9U	B00000J7S8	Music	5	0
US	R1G30ID2S53WI5	B00000K3G8	Music	5	0
US	R25I2XXE2U0GX7	B000002UAO	Music	5	1
US	R1I2WNGQF4U9KM	B0000024VP	Music	5	1
US	R385AF4PNOQFJJ	B000002HO3	Music	5	1
US	R20IY3AOU666N3	B00000IL29	Music	5	5
US	R1JOCKQPLS8D3Q	B00000J7J4	Music	5	0
US	RMGFF3DC58X51	B000001EMW	Music	5	2
US	R34M5G3VXOREV5	B00000D9TQ	Music	5	1
US	R2WIU7CUPE3FK1	B000001ESP	Music	5	5
US	R1Y9Q0CRQD9W5L	B00000JMG7	Music	5	1
US	R14PALVJLTDAHO	B000002GJ7	Music	5	1
US	R16W3E4XFQN6BC	B000002JSP	Music	5	1
US	R2P3U3XC3O2VOI	B00000DHRZ	Music	4	0
US	RBZAW3EKCSROF	B00000I9MK	Music	5	1
US	RR3P60CTDB2AN	B0000025HU	Music	5	1
US	R22L3QG7TX9V7Q	B00000AFFI	Music	5	0
US	R21NCYHGT6DIIC	B00000JJSK	Music	4	1
US	R26RKPX6AX0H2W	B000002GYR	Music	5	0
US	R24TP6OP4UMXCL	B000003S5H	Music	5	0
US	R3YFXKXKHW7RB	B000002AGN	Music	5	0
US	R3TLWK74R5DQPZ	B000003N89	Music	5	0
US	R3LCV6BTLGUM8	B00000BKDS	Music	2	1
US	R37NWAKY8GJX8Q	B00000JZC4	Music	3	0
US	R37NB170IN4CGZ	B000002U9W	Music	5	1
US	R2JY8HBEF4CIY	B000002U82	Music	5	0
US	R1WHNYA1SADAFZ	B00000DGUG	Music	4	0
US	R2VWDG7ACZRFME	B000001EMW	Music	4	3
US	R38YI0APRIW0QR	B000001FSR	Music	5	6
US	RZ9UDY55GMBXM	B000002MFN	Music	4	0
US	R35371DDL49UVL	B00000J8EK	Music	3	0
US	R2FMUVCX7MPCLD	B000001IPL	Music	5	0
US	R1P9RC5Y65XO7Z	B00000DFTG	Music	3	1
US	R12XXKBZ1T265S	B000002NAK	Music	5	0
US	R1XZ9BDJW2NLM9	B000002ADT	Music	5	0
US	R1RU5TWTC5NDYN	B000001FSR	Music	5	3
US	RVU6VPB94PL0S	B00001OH1S	Music	5	0
US	RCCOWU2Q6ZZAD	B0000024TT	Music	5	4
US	RR9VK71POEYOF	B0000039PW	Music	5	0
US	RV7I5KOF6J33J	B000002H8F	Music	5	3
US	R25RX7C6AB62E7	B00000J7A2	Music	5	5
US	R2GN51WI79LIRX	B000002U82	Music	5	0
US	R226CSRF6YI2CA	B000000WZ4	Music	5	7
US	R15Q18O9XVNLQ2	B000002UJQ	Music	5	1
US	R3JBCGCRW4QABG	B000005ALN	Music	5	1
US	R321FYUU4JYPMM	B000001ESN	Music	4	0
US	RNW620N3AIIII	B00000I07Q	Music	5	2
US	R3RWRYZ3QBCNWX	B000002UW1	Music	5	0
US	R19B1FIXBWNS4R	B00000ADG2	Music	5	1
US	R7UAJ2USUASXY	B000002MIY	Music	2	13
US	R1Q9FU80R0HO7W	B000002LK1	Music	3	3
US	R3Q65OYOKPC8U2	B00000GBHA	Music	5	59
US	R1WUI0I9PXGGC5	B000002WE9	Music	5	2
US	R1FCGXSZD033B6	B000002UUX	Music	5	0
US	RFXRYU2YWUXHW	B00000I9MK	Music	5	0
US	RHDZJAEP0CW5Y	B00000I8NC	Music	5	0
US	R210G5RL38SIZB	B000003N7G	Music	3	10
US	R2INKDLXMO50R2	B000002L99	Music	5	0
US	R3HKVUJ61Z31X	B000007R0S	Music	5	3
US	RWE6SAF17X3D6	B00000IAU3	Music	5	0
US	R2L4BCG0ID6NJE	B0000025YM	Music	2	0
US	R33U4GUAYRD2J0	B00000263T	Music	2	1
US	R2C02ZP4X6KPRY	B000002IHU	Music	5	7
US	R2MRK9FNGSUPC	B000002AGN	Music	5	1
US	R3JFSLB3WPY1HH	B000006U44	Music	5	4
US	RXDVJ5I8ZKD22	B000002U9E	Music	5	5
US	R3N9FROO9ROF3T	B000006MS3	Music	5	6
US	R3EMQSVGO2MG78	B000002U9L	Music	5	0
US	R33C6PQ0WVSW47	B000002H8F	Music	5	0
US	R17KMO548QYVKY	B000001GXJ	Music	4	6
US	R18YVTGM8WXFA9	B00000J7JO	Music	5	0
US	RMABIZZNW7J2F	B00000G6QK	Music	5	1
US	RWYYRUB1623QN	B000000993	Music	5	1
US	R21TK7L953CC70	B000000WFZ	Music	5	5
US	R2W2OR2XBKZRGX	B000000OTU	Music	4	0
US	R1BCV9N51O1120	B00000373U	Music	5	0
US	R385ZVNX5ET3R0	B000009CEM	Music	5	1
US	R1YTERZBLMXB3E	B000007U5G	Music	5	2
US	R30HBRJT690HEX	B000002O5L	Music	5	1
US	R302AEUEJ62EEA	B000000W5L	Music	5	1
US	R1GFEFQKSR5W5B	B000002HMH	Music	1	0
US	R2W9IEV7J8E8SQ	B000002HRE	Music	1	2
US	R17XGHD7R3YIU7	B000009ED0	Music	1	0
US	RQ38SS45VUVG8	B000002G87	Music	5	0
US	R2AFOIRN0EGKTO	B000002UAR	Music	5	5
US	RA7M1WJ4QJKQ8	B00000JY1X	Music	5	3
US	R154WGUJOEABYH	B000001Y9I	Music	1	3
US	R2TY4U6R6B5M5I	B0000026CM	Music	5	0
US	R3NNC30X88COII	B000002J23	Music	4	1
US	R2ATQ2EJ7WWEID	B000003S0I	Music	5	2
US	R2G7EVOFRD2NTN	B000002J1I	Music	2	0
US	R2YIL8SLHDT9ZT	B00000JCB2	Music	5	0
US	R1RMHRI8H6H7XB	B0000062GE	Music	5	0
US	R289MNEAASV1RP	B0000062IR	Music	5	2
US	R38VAVQN8QCNEJ	B000001FDI	Music	3	0
US	R3RIU4EQFJTSG	B000002OX7	Music	5	0
US	R3KK3130W5FGF9	B000001Y2U	Music	5	1
US	RYVJJBRTKCD4N	B000002GG0	Music	5	0
US	R1SBP6R6IA2TBG	B00000IOSU	Music	5	0
US	R2JDHYPBU66IGL	B00000GAIW	Music	5	0
US	R1K8K46U4BXUO2	B00000DBXL	Music	5	0
US	R2JN9OJU09U9O3	B00000HZFH	Music	5	2
US	R1J9PO5MDK9UQB	B000002J09	Music	5	0
US	R24YH5P2BRRYIN	B000002UB3	Music	5	5
US	R3T168J5SBMJG	B000006NPY	Music	5	2
US	R388GVNM34OEZF	B000002HGD	Music	5	3
US	R3S22XFUF6TJXX	B00000J6AG	Music	4	2
US	R26KGK0D849PVM	B00000JZC4	Music	4	0
US	R1R37NK7EC76A5	B00000I924	Music	5	0
US	RQPO16351NQ13	B000001G16	Music	5	0
US	R2LUT6HXZCE1I8	B000000OUJ	Music	5	0
US	R3AEPKU8R0BGLF	B000001Y42	Music	4	0
US	R3QS8GPVUQX45W	B000002C25	Music	3	0
US	R2UG5DA0EMN0I	B00000IAU3	Music	5	1
US	R3R6RKNR765W3G	B000002UAO	Music	5	0
US	R11ZHO1I1Y87SQ	B000002UJQ	Music	5	0
US	R3S6S5MXBWRY3S	B00000AF95	Music	3	3
US	R2XKTPY0EF2BJ	B000000JO3	Music	5	1
US	R11PYMARWYO32E	B00000IPAX	Music	5	0
US	R2MTCDRTOYX5GN	B00000JCB2	Music	5	0
US	R222GGWDXFBTNK	B000002OZY	Music	5	0
US	RY67Q25Q4JOMV	B000000OS2	Music	5	2
US	RLT3BOQY9RMFP	B00000JCB2	Music	5	0
US	R2AAI0OY1N29FH	B000000OQ5	Music	5	0
US	R2YQQ02K6V3P72	B0000025KI	Music	1	12
US	R32DYLFEG75H8H	B000000OF6	Music	5	1
US	R2ATZEJ75VV01W	B000000H64	Music	5	1
US	R2P8AL8PZ15RQA	B00000099Y	Music	5	0
US	R39V4IDBLK7LUT	B000002H6C	Music	5	0
US	R3PIC2YRXUZS4T	B000002MP2	Music	5	0
US	R2ORVKD73W6AO8	B000001FOS	Music	5	1
US	R1MM2ZSJOCJXB6	B00000JCB3	Music	1	1
US	ROI82J1R0BVFU	B00000IL1K	Music	5	0
US	RBXB2R5ZZEK0N	B00000GAGX	Music	5	2
US	R12UETH0MVLAJ4	B000002GAF	Music	5	6
US	RIRT4IY80MXN8	B000002KYH	Music	5	12
US	R120QHOONXWLTQ	B00000ILT0	Music	5	0
US	R14ECWHMUIKCA9	B0000025BL	Music	3	0
US	R6BCR1MV4IVI3	B00001OH1S	Music	5	0
US	R2OX17PPWWA8FZ	B00000JTB2	Music	5	0
US	R1XVUOOS5NFJN7	B00001OH1S	Music	5	0
US	R2RRH1F2M9P73K	B000002LKF	Music	5	4
US	R2074WJCDU33Z8	B0000039PW	Music	5	0
US	RWFEEGAW0OHHC	B0000046KM	Music	5	1
US	RQJVXKEP3AIM4	B000002UJQ	Music	3	0
US	R37I2WR0SHREZC	B000002UAO	Music	5	0
US	RHC4CR6Z5ZTJX	B000002UAR	Music	5	5
US	R2URPX812H31SP	B000002I25	Music	1	7
US	R437Q7FV2PBG2	B00000099Y	Music	2	1
US	R37A0Q5G0CFW9A	B000002LPD	Music	1	5
US	RSAK1DK2VBYHA	B000002UYZ	Music	5	1
US	R1MILQ7PRSVX8U	B000000ISO	Music	5	1
US	R2AKGL4F0FF6UZ	B000002JSJ	Music	5	0
US	R1FYDFN87Q3ALU	B000005S37	Music	5	1
US	RZF9C7JKM46D5	B000002KHH	Music	5	0
US	R25K59XY310IN6	B00000IPAX	Music	1	1
US	R28NYF3DULTIA6	B00000J7RZ	Music	1	0
US	R12KOC6BT5M3WY	B00000JCB2	Music	1	0
US	R2MAEWEIOYF31H	B000002UB3	Music	5	7
US	R2P6KBROSL0M8K	B000002UAR	Music	4	0
US	R3AK0NTJSBOIT	B000002VMD	Music	5	1
US	R193YKSSBXD23W	B000002HRE	Music	4	0
US	R17BFQN5C5CD2R	B00000J7RZ	Music	1	0
US	RZ2CYP7XK540O	B00000J7J4	Music	5	0
US	RBVCZ756F2NZL	B0000024SN	Music	5	3
US	R1C653O15ONZGU	B000001E18	Music	5	0
US	R2SNO56EOX3IAA	B000002L7R	Music	5	1
US	R2FPAJZL272XYO	B000002IZM	Music	4	0
US	R1K280779JLJV2	B000002BHE	Music	5	2
US	R34EPZ99CWZ5VU	B00000JY1X	Music	4	0
US	R16Q4GZOWG4Q2Y	B000002J09	Music	5	0
US	R1FSNFHL6KYY1D	B000001GXC	Music	5	26
US	R2S47Q7YUGR73Z	B000002UAF	Music	5	1
US	R1262KZJB3L4ZT	B000001G89	Music	1	3
US	R3UB73VP9YLMSB	B000002UAR	Music	5	5
US	R335JT3MAKB9XD	B000001GBJ	Music	5	0
US	R1Z290X7ACYPIZ	B00000JCB2	Music	4	0
US	RFU883VH483TP	B00000IN5G	Music	5	0
US	RA1MAFPHARKDX	B0000069NM	Music	5	2
US	R1VT6WYAK0YT0F	B000000WFZ	Music	5	3
US	R327GLW3LYXEB	B000002UAF	Music	5	1
US	R3I59V3TX8RFK7	B00000DHRZ	Music	3	0
US	R18I73JODAYEKF	B000002U82	Music	5	0
US	R366XX2QAUAAED	B000002L80	Music	4	2
US	R5WXB236Q0MJG	B000002AS3	Music	2	3
US	R2275IU16NDQVV	B00000J7RZ	Music	1	0
US	R13VRUQX8YHDH9	B00000K2UX	Music	5	5
US	R3BEE408AFG8HP	B00000K2W1	Music	5	3
US	R2V0CEQHZMIDRO	B00000ADG2	Music	5	0
US	R2DKHA672EGGJF	B00000J7RZ	Music	1	1
US	R71TPPLTRPOG2	B00001OH1S	Music	4	0
US	R25XT7HQBPS80X	B000002BQK	Music	5	1
US	R2FXRJDO4UHPSP	B000002WMH	Music	5	2
US	R2TRVXE3MM77H0	B00001OH1S	Music	5	0
US	R2FAYLC21FOL1G	B000000W6R	Music	5	1
US	R1GF4S1MS01HJJ	B000002AV5	Music	5	2
US	R1XAKCMZL9M5BU	B000002KL3	Music	5	4
US	R222ZN24Z5LDY	B000005S31	Music	5	3
US	R1P9B476RIG0AE	B000000WA2	Music	1	4
US	ROT6JW97ZLZVB	B00000J7RZ	Music	1	0
US	R25DCA1UC26AMY	B000000W5N	Music	5	5
US	R2BFWBZ6SE7YVE	B000002UAX	Music	5	0
US	R2WMS104BPPLTZ	B000002UAU	Music	5	5
US	RWXIDIYU772OD	B000002UE9	Music	1	6
US	R3TUFL0SH72BBG	B000002UB3	Music	5	2
US	R1IQYBW5Q1L662	B000002UAF	Music	5	1
US	RMJEXMGTRR1WK	B000002LQQ	Music	5	1
US	R8AHXB5FCFLWS	B000002UAR	Music	5	0
US	R2VYCDRQKOZLC6	B00000J7J4	Music	5	0
US	R2VIEK33M79N0P	B000002UAO	Music	4	1
US	R1WLYAOR3VCNLO	B000002HIK	Music	3	0
US	R2IS04ORBZ9P33	B000002LCX	Music	5	1
US	R3210RK4UNZQ01	B0000039QA	Music	5	5
US	R10Y6CARLDHBSO	B000002C4J	Music	2	0
US	R242ZGZWDOUONE	B000002C1X	Music	5	0
US	R2EL7B901F7JVE	B000002H97	Music	3	0
US	R3GBN44I7I0WNR	B000002H33	Music	5	1
US	R2O16AUULHLG6V	B000002U82	Music	1	13
US	RAVEG13DSGQO8	B000002NBY	Music	5	1
US	RPXMZ6OLYF7B8	B000005DQR	Music	5	1
US	R1N7O6QDUQG2E5	0790738082	Video	5	3
US	RQ5UY5ZRW9JA1	B000003BES	Music	5	1
US	R2Y3W3QZ9X0A29	B000000W5F	Music	4	3
US	R3KVN8FPMGQI1J	B000000W5H	Music	2	6
US	R2D6Z3T8A38I0M	B000000FG8	Music	5	0
US	R3FEBEJJG9ZK8J	B000002WUD	Music	5	2
US	R3FSGN1O3ZI8YX	B000001G50	Music	5	7
US	R3MHXJ525MHI3	B000002USN	Music	5	2
US	R1Q1O542SHDDJY	B000002UJQ	Music	5	0
US	R4CJ4967YJAXV	B000002WNP	Music	5	0
US	R1SY0J8X5MKFPR	B000002TQV	Music	5	0
US	RMEQ2R33VP5XQ	B000002WMH	Music	5	2
US	R19WBMM2DVSJA0	B000009M5E	Music	5	6
US	RT2ZYACUAH83I	B000002UCQ	Music	5	3
US	R13RMOU22OWM5J	B00000J7J4	Music	4	0
US	RHSJH3IXQNUGN	B00000J7RZ	Music	1	0
US	RBN4GCWJKSW0U	B000002VCT	Music	5	1
US	R2PYJSXS7I2383	B00000ADG2	Music	5	0
US	R1MHYG0QFSMV4G	B00000JG41	Music	5	1
US	R14MBDJCO01DAI	B000002HH2	Music	5	0
US	R2EN26GUGG7S99	B000002KDG	Music	5	3
US	R1KF8NV0R4VAN9	B00000099Y	Music	5	0
US	R3NCVNEZXHE9U5	B000002AZ8	Music	1	1
US	R1XPHI20QR25PC	6305078564	Video DVD	5	0
US	R9UCIS9IQNDNW	B00000JZC4	Music	5	0
US	RJVS9BWBI35CQ	B00000J7JO	Music	4	0
US	R21J7WR9OIN7SX	B000003S0F	Music	5	4
US	R1JSUKB0SN5M4E	B000002VDW	Music	5	3
US	R328XS89HTWS30	B000002NJS	Music	5	0
US	RRFXUDG9AJ0I7	B000002PCS	Music	5	1
US	R2Y2H9OYNFQXZM	B000000Y27	Music	5	5
US	RN0URCSC1PTHR	B0000009TJ	Music	4	1
US	R1W7YGSNOYLI19	B00000J7J4	Music	5	0
US	R2WW74ENAXBE54	B00000IGGA	Music	5	2
US	RK3OFEF3VG02X	B00000064G	Music	5	3
US	R2Q1SK1FFVJTV8	B000001EL7	Music	3	1
US	R3T8MWA2K28ROG	B00000DMJF	Music	5	1
US	RN5YLPZ929UDM	B00000BKDY	Music	3	0
US	RN69FXHFUB5LS	B000002TQV	Music	5	0
US	R2KZ2P45WEHNZ3	B000001ELP	Music	4	0
US	R38ETZT86VZBC0	B00000I8UD	Music	2	3
US	R1FHNVBK50WF7E	B00000JCB2	Music	4	0
US	R3XCSPW0F9D5B	B000000W5B	Music	1	5
US	R3GGQ5ZLH7CM24	B00000IOSU	Music	4	0
US	R14CRS0EZN2NXD	B000002NJS	Music	5	0
US	RD32FDIZ876AX	B000001FY9	Music	5	2
US	R1SEWC9QNB3D90	B000002UW1	Music	5	0
US	R2XNIIFTWU532S	B000002UEB	Music	5	0
US	R1UTGX5E1GJHHY	B00000K3G8	Music	5	0
US	R314KI6U0R1OU	B00001OH1S	Music	5	0
US	ROERC7I3GU7QZ	B000002HK4	Music	4	2
US	R32YOMCPT8KDOZ	B00000JCOV	Music	1	3
US	R3VMFMZ1DK10W0	B000005KFI	Music	5	3
US	R376HE0D72DOGZ	B000002NJS	Music	5	0
US	RIUI60MC6RKGJ	B00000JZC4	Music	5	0
US	R357E456ZD1KCV	B000007O9L	Music	1	1
US	R2BGOQJ9NSQ9PU	B000002UA0	Music	5	1
US	R3NDJG75ZUJR2T	B000002UYZ	Music	5	1
US	R19S4HLV4OVPTZ	B000002UB3	Music	5	5
US	R2TYA8NOQLXMFM	B000001TVD	Music	5	0
US	R1K9U2C8TG2KUS	B000002TYX	Music	5	2
US	R1HETULORV1XVT	B000002UAX	Music	5	0
US	R8AEKM6BA8MIC	B000002UZ1	Music	5	1
US	RWR9ARB35ZVAB	B000002A3T	Music	4	0
US	R1MWPB9RKIA5DQ	B00000DMJF	Music	5	0
US	RY9DVX6FPNJEX	B00000DBXL	Music	5	0
US	RS8RRSFDT9LDO	B000006Y4E	Music	5	1
US	RMY7X3SBXGE84	B000002J23	Music	4	1
US	R30986P565JEKG	B000007U4U	Music	5	6
US	R3GBF9CFVDD42N	B000002WAD	Music	5	1
US	R1LTG6V3Y8L4FS	B000002UDV	Music	5	2
US	RKF80G7XSIVGA	B000002WCJ	Music	5	4
US	R160LGZAYF932F	B00000DHRZ	Music	1	1
US	R15AATZU3K9WEG	B0000028RR	Music	5	0
US	R30M5GA9LVZ8OZ	B00000IQMT	Music	5	0
US	R1LRPMAQXVU48X	B000002NE4	Music	5	5
US	R28G03LBMJ7GKA	B000002MG1	Music	5	3
US	R1JUJKFSLBKD7R	B00000I8BX	Music	4	0
US	R3L3F54GMP8NPV	B00000AFGM	Music	5	0
US	R3MYRJOV6I9D58	B000002J20	Music	5	5
US	R1RB98BENL618J	B000002A3T	Music	5	0
US	R2D7KT3TBO87OE	B00000IARU	Music	5	3
US	R344CS4XJFVSZ2	B000002ADT	Music	1	3
US	R3NUO6L41WW5ZX	B00000IAU3	Music	4	0
US	R2XH7MFKGFFRX7	B000001FYL	Music	4	1
US	R2U9BX95I4IEZ7	B00000DGUG	Music	5	0
US	RGJE4GC98MMIU	B000002HMH	Music	5	0
US	R1WU61OVI0JOXP	B000002KYK	Music	1	12
US	R2INLOQIVXGINN	B000002IZM	Music	4	2
US	RFMUSQRO7XCV1	B000002L5P	Music	4	3
US	R11JJL7GR0NUJ5	B000002U9Y	Music	5	1
US	R35FR0LTLBARJ1	B000002AZ8	Music	4	0
US	R37D3IJGOSX9GN	B000002G30	Music	5	0
US	ROJCEYMAFF1SI	B000001FFJ	Music	5	1
US	R309BO9OVD85X1	B000005ILF	Music	5	4
US	R2FCZMIGOVOE49	B00000IL1K	Music	4	0
US	R1FAYHTFJ60ZCO	B000002BYD	Music	5	0
US	R2DFFGQZ5CC02Q	B000002NJS	Music	5	0
US	R2EUI2ZX98OBRF	B000003TBP	Music	4	1
US	R254KAGCC87YEW	B000002GYR	Music	5	0
US	R1YEZYAJN8KKMX	B000005ITX	Music	5	0
US	RFIYNA6MBP46F	B000002J0P	Music	5	4
US	RAUK2QORF504Y	B000005JA8	Music	5	1
US	R259T9GXCNO2FI	B000002VRZ	Music	5	4
US	R2QWHDL8VTKB4W	B0000073YB	Music	5	3
US	R1TG1WWTM57HJQ	B000002UJQ	Music	1	11
US	R1WG3FVEM9QZ07	B00000J7JO	Music	5	0
US	R1B2ZUIVQCR3VR	B000002TWN	Music	5	0
US	R4YI6TRI0B6QQ	B000002U9P	Music	5	2
US	R2DRHCSA69H4H1	B000002OMN	Music	5	2
US	R2AOD2KXL5V4IS	B000001F3C	Music	5	0
US	R402BS280EMDC	B0000027F8	Music	5	0
US	RGRDZZMQ6CXFN	B00000AFWW	Music	2	1
US	RG2YI6O106L7T	B000002HEP	Music	3	4
US	R1Y9BBQCUE7VLW	B000003TSP	Music	5	0
US	R3RM1IP6QQXT0Z	B00000IMTH	Music	5	1
US	R2U66E31PCKR7K	B000001GXE	Music	5	2
US	R2HJRHHSZTAPXK	B00000J7S8	Music	4	0
US	R2E52QHKCZGI0R	B00000J7RZ	Music	3	0
US	R17BFZITFUUHPM	B00000018N	Music	5	2
US	R1VWXNIYC5VR5	B00000IL1K	Music	5	0
US	R3E8FS3Y3I8YBC	B000002KBH	Music	5	1
US	R1MD7RUIVCPA4C	B000001DYY	Music	4	3
US	R2T2TOC5JK6HFU	B0000028RR	Music	5	0
US	RDQCGXDQGXPUL	B00000JCB2	Music	3	0
US	R21JQO775NWCFS	B00000DHTF	Music	5	1
US	RBH1MQGA80JXR	B000002MUN	Music	5	2
US	RCJEPY4GHCP34	B000002UE2	Music	5	0
US	R13UEAQXBV7HEU	B000002J1B	Music	5	1
US	RTL39A5G70PQZ	B0000025OP	Music	3	2
US	RT5R173UGIZ5V	B000002J6F	Music	5	14
US	R3FE0ZURQ2FL61	B000002JSN	Music	5	127
US	R19PBVRUF930G5	B000002J1U	Music	5	2
US	R3JBHCGH1MC5PS	B000002JSP	Music	5	15
US	R1KE9PITSYVA1K	B000002J09	Music	5	1
US	R190U0WR4TY09K	B00000I924	Music	5	2
US	R3ZIDWY3APFWK	B000002J0B	Music	5	0
US	R3GMGLOBNVNFN7	B000002J03	Music	5	0
US	R1ZXKNGPVZL82H	B00000JG41	Music	5	1
US	RWPYM57FGETMS	B00000ADG2	Music	5	0
US	R20TKO6CXC6HUQ	B00000JCB2	Music	5	0
US	R3L1QRRCD4Y3U5	B000002952	Music	3	3
US	R1PEMIL4SDO95P	B0000024YL	Music	5	0
US	R2RCIVUT6DQ0UR	B000002UJQ	Music	5	0
US	R1X0KOWY5JZBE9	B000002J1F	Music	5	0
US	R1QOPT2EZF3FSP	B000002KD9	Music	5	5
US	R3RV5TUVC5MCRJ	B00000FCBC	Music	5	0
US	R34ZW3NXY52690	B00000J7S8	Music	4	0
US	RFVOMCI3JV058	B000000W6R	Music	5	7
US	RAVU1LEK3T6BL	B00000JZC4	Music	2	0
US	R2R4OD216J35UF	B000002J09	Music	5	0
US	RGRH1ACXLK51N	B000002UA5	Music	5	0
US	R3D19BYFWVM3VV	B000002WYT	Music	5	0
US	RDUP0SHF2H63N	B00000FCBC	Music	5	0
US	R1EJWHN8R3ARK6	B00000JIN1	Music	5	1
US	R31AA55CD4BSEX	B000001Y16	Music	5	0
US	R25DWF5IHRUVT9	B000002NJS	Music	5	0
US	R20G3HQUC8R1OQ	B000002U9E	Music	5	2
US	R206QRNF4Z5SHV	B000002JB8	Music	5	2
US	R3P7J88TRPMWMK	B0000033P0	Music	4	1
US	RD6XJVCOFIQC5	B000002LK1	Music	5	1
US	RZQ7FT9GFZPJK	6303182577	Video	5	133
US	R1IPIPA5M1S0SS	B00000D9TK	Music	5	0
US	R32LKVCQ0CHXGJ	B000000HU1	Music	4	1
US	R3R1XUH55G02GK	B000003TAR	Music	5	0
US	R1FT6KB0LV5BPZ	B000001EJ8	Music	5	7
US	R2DBKVPQQQ2UDF	B000002UAR	Music	5	5
US	RPM6VP9E7XDQZ	B000002UAX	Music	5	0
US	RVJH47SSNEJ50	6304117752	Video	5	1
US	R6N1TLG9G0N19	B000002UJQ	Music	5	0
US	RMRAHCCBWQKQS	B0000024IE	Music	5	0
US	R1J6XGE0YH0K4G	B00001NFCY	Music	5	0
US	RET86I4LRPSU6	B00000F1D3	Music	5	0
US	RJ82OU3X2GY8J	B00000DGUG	Music	3	5
US	R3JPLYDCUDWV92	B0000028RR	Music	5	0
US	R10CLOTVHG6MAU	B000002MIY	Music	4	3
US	R2OZWOK8UBJ0T5	B000001DU5	Music	5	5
US	R2FY3HN996JOYP	B00000099Y	Music	5	0
US	RW2IFC3O4AZFQ	B000005JA8	Music	4	2
US	R2JA697019J178	B0000017CA	Music	5	2
US	R3VGHWVG47NPNU	B000000OPQ	Music	5	4
US	R1D1IJB0SX9LWS	B000002UJQ	Music	5	0
US	R11OFJ3V2R1F2O	B000002NJS	Music	5	0
US	R14O914AF33XL5	B000002U9L	Music	5	1
US	RYX5WAKD8U4KD	B000001EJ8	Music	5	5
US	R2JWDXXOTH4Z5I	B000000993	Music	5	2
US	RTP8TXABET27N	B0000073OZ	Music	2	2
US	R2YRB04Y0HR0NV	B000002I97	Music	5	3
US	R1C0UNIH1SK2R5	B0000024LN	Music	5	0
US	RO7MUPIK8OFC9	B000001GXL	Music	5	37
US	RY0VDGUNB1MB9	B00000JCB2	Music	1	0
US	R2LBQ7NF1SBTX5	B000002G6J	Music	5	2
US	R2U6CAIG5DSZ6M	B00000IFWE	Music	2	1
US	R234183ROSO105	B0000025C0	Music	5	0
US	R1OO88PNBD1LC7	B000002572	Music	5	1
US	R1AFL7MIERVWJT	B00000JCB2	Music	2	0
US	ROXXH3O1392I5	B000002O51	Music	5	2
US	R3C4T4YPQU2WZ8	B000006NPY	Music	5	1
US	R1SZQFJI8MEWZU	B000002NJS	Music	1	1
US	R3S7A1W0GLUCQH	B000006O7C	Music	5	0
US	R25NQARNRQ65TN	B0000025SB	Music	5	2
US	RN6FM6A7ZHGUR	B000000H7I	Music	5	5
US	R30IOBEAUMKF21	B00000J7J4	Music	5	0
US	RWSFVLZW2NBXJ	B000002HRE	Music	1	2
US	R15SY7RBUNOUWR	B000001DVD	Music	5	0
US	R2F8I11ELZ39IN	B000002MU3	Music	5	2
US	R392TRZVAXQDYY	B000002U82	Music	1	15
US	R2K9Q98VK2QIK4	B000002J1S	Music	4	1
US	R13E9ZK6JZ2KBI	B000002KGT	Music	3	1
US	R1JHHBKG6VY1NF	B0000004V2	Music	5	0
US	R27S98E599G22K	B000000OQF	Music	5	0
US	R3DSDERU1VVQOJ	B00000724P	Music	4	1
US	R1V76HRGUJ16XN	B000003TAR	Music	5	0
US	R2KV84NO98L3LJ	B000005JXG	Music	5	4
US	RSO08MPVKJLF4	B00001ZWTT	Video DVD	1	9
US	R2DOADVYPO19KE	B000003337	Music	2	0
US	R1PAQL2MDNKW2G	B0000026NC	Music	1	2
US	R3CZV8IEXSYGY8	B00000J7J4	Music	5	0
US	R1RCI12A248JP9	B000002JNJ	Music	3	1
US	RV12AKRFAXW14	B000002JOH	Music	2	0
US	RZXKVHZO0KNGD	B00000I9MK	Music	2	3
US	R2V2Z2AZ0OXE1G	B000002U9W	Music	1	4
US	R132G9TGEF911D	B00000J6AG	Music	5	0
US	R2LS0I4E6XGZID	B000002X1O	Music	4	4
US	R15UBD8VN79GYO	B000002LBH	Music	5	0
US	R3851MASUF3LSY	B000002LGA	Music	3	7
US	R3BEISLTSS5LQ5	B00000JCOV	Music	5	0
US	R1FY738J9M4L39	B00000099Y	Music	5	1
US	R3LNU6ZIAZOGN8	B000002GVO	Music	5	0
US	R1LWXMXMYG2DVK	B00000JCOV	Music	1	2
US	R2KH0XDJJBH01T	B000008M54	Music	4	3
US	R1CWR2I7URNK9H	B000001F5A	Music	5	1
US	R39K1IM6O3T7DH	B000008H1R	Music	5	2
US	RL6NVEBT3HKU2	B000002HH2	Music	5	0
US	RAENGZ5NQ44S	B00000AFGM	Music	5	0
US	RUSS5GD5MUK8N	B000005Z0G	Music	5	11
US	R3GNLIGEXGRW8Z	B000001GBJ	Music	5	5
US	R23N7XWZWFAZEF	B000002BYD	Music	1	2
US	R2CWUMGXMCI95L	B00000J2PH	Music	5	19
US	R23XOR5M51643P	B00000G6K8	Music	5	0
US	R1N95NP1BFPDBC	B000001I0Q	Music	4	0
US	RQVELAETPHU2S	B00000IPAX	Music	5	0
US	R1SA1NMJDMFGDN	B000002UJQ	Music	5	0
US	R1DJATAVFGX5B8	B000002OX3	Music	5	0
US	R1VZ7UV3B1DSRS	B000001ELR	Music	5	1
US	R2PO76OXXY475T	B0000047D5	Music	5	1
US	R2DFVQA1WLZWWY	B000008M54	Music	5	2
US	R30ZJLN66ZK02Q	B00004S8Q9	Music	5	2
US	RCB5259Y5AP65	B00000JG41	Music	5	1
US	R2CNUM1DAV5C8J	B000002AGN	Music	5	2
US	R32OLV1X74C7QS	B000002KCI	Music	5	11
US	R1SNA7RN1G03ED	B000002C4C	Music	1	2
US	R1ZFPWA83J5NPH	B000002JSP	Music	5	3
US	R3Q5PAIN7PVI28	B000002ACR	Music	5	1
US	RQINK34PIE3UM	B00000J7J4	Music	5	0
US	R1V720L94AVL5A	B000007T1M	Music	5	0
US	R3KO2A3LI4NZ1V	B000009QPE	Music	4	3
US	R3TTSJCDBUS5CY	B00000JY1X	Music	4	0
US	R11J4Y7L8VIEZC	B000002KL3	Music	5	3
US	RQG76JVITZISE	B000002UD0	Music	5	4
US	RVNA9UG7RNF1	B000002UEB	Music	5	0
US	R118SOXRT9V7EW	B00000IAU3	Music	5	0
US	R2P07RE2KSAXH8	B000002UCQ	Music	4	1
US	R2JFW4VYP36YFO	B000002KHY	Music	5	1
US	R1QJYTAVAWMRYA	B000002L9J	Music	5	21
US	R25GG8WNGWOBZ5	B00000IPAX	Music	3	0
US	R16KNM95NF6JR6	B000002B30	Music	4	0
US	R3RSA4DWJYNZ9U	B00000IPAX	Music	5	0
US	R16IG8N859E0HM	B000001DYD	Music	5	0
US	R3FPXOG530C59J	B000005H40	Music	5	4
US	ROJO6KMLVC0JU	B00000DLUV	Music	5	13
US	R1WWOYBAWU3S7S	B00000AFWW	Music	2	0
US	R1MVUM977EOD7O	B00000IP4H	Music	4	5
US	RF2BVPG2VOWP	B00000I14Z	Music	5	5
US	ROHTRGMZZCM7S	B000002KAT	Music	5	20
US	R2UE2Q1916W2SR	B000000W6R	Music	5	2
US	RLA3B0U3MWKT4	B000000WA4	Music	5	0
US	R9SUUOQ406R1H	B00000DR8R	Music	5	3
US	R3HVBQI3YVU16	B000000WA4	Music	2	2
US	R264V5WGFUCH7C	B000002BFL	Music	5	7
US	RYVIFXUT9HVFP	B000000QFV	Music	4	0
US	R1YJ9M552N0X0Y	B000000IVI	Music	5	1
US	R2DEAN6JIELHSJ	B000002H72	Music	5	0
US	R1D6UEBSL0450F	B00000DHRX	Music	5	0
US	R3IEB6L0IOQELP	B00000DFTG	Music	3	0
US	R3OTYK4I61E5DJ	B000002MG1	Music	5	1
US	R3KX5XQX3UBR1O	B000002GQE	Music	5	0
US	R3QLKMTW06909U	B00000IL1K	Music	5	0
US	R2L5RK6568C234	B000001F9E	Music	4	2
US	R1PO11T0QLS0FD	B00000JCB2	Music	5	0
US	R3G4U9ORRKGGB7	B0000024Z7	Music	5	8
US	RDGV9ZQYLXLNN	B00000IPAX	Music	5	0
US	R2K9Q2TRY9MBBR	B0000026J1	Music	4	0
US	R1RN86KH0JNMG	B000001FI7	Music	5	3
US	RU1K763FUKVP5	B000002C25	Music	4	1
US	RWF5IFRV0PLAX	B000002MJC	Music	4	0
US	R30ISRKJQXJU8D	B000002BE9	Music	5	0
US	R11GOR5KX4ZQG7	B00000JY1X	Music	5	2
US	RCMUKC0CN9MCX	B000003NA4	Music	5	0
US	RX6RW24HATU74	B000002OX7	Music	5	0
US	R2UBRMLRYPT92J	B000002C1X	Music	5	0
US	R2TBW65AR5W4PF	B000001E29	Music	5	0
US	R311EO4AZ11BD6	B0000041DF	Music	5	1
US	R1BL29JIFDCE20	B0000025VU	Music	5	1
US	R3L3FNGESH5FIN	B000002W9Q	Music	5	0
US	R3OTZYDVPVWA59	B00001OH1S	Music	4	0
US	RSRAGT3PQWQSS	B00000420F	Music	5	3
US	R1W9Q98MGA9ROE	B000002AS3	Music	5	1
US	R1T3ZUVFRS4CEB	B00000064F	Music	5	0
US	RLOV7WNZBH1OU	B000003TAR	Music	5	0
US	R11EKR8ANOOYT6	B000002C1X	Music	5	1
US	R48S55SV98MBH	B000002H70	Music	5	0
US	R1SRAIF856WOWB	B000002J2D	Music	3	0
US	R6C0NEKCKMCRQ	B000002UAX	Music	5	0
US	R2N8HO5M6WEW0Q	B0000062S0	Music	3	1
US	RLL5U7USP8BCV	B00000253N	Music	5	0
US	RLROKHZFOLX0K	B000003NA4	Music	5	1
US	R14F85J0IN093	B00000IL1K	Music	5	1
US	R1AG158Z4ZQSO1	B000001F45	Music	3	1
US	RIAUYNHLSG3SN	B000001FDI	Music	2	12
US	R2E8PMIGFHRDS2	B000002J0P	Music	5	1
US	R3198E62RRQIC8	B000002LPD	Music	1	1
US	RZI1OVU924M4Z	B000002MIB	Music	1	2
US	R26F1VA72IB8VV	B000002HHB	Music	4	0
US	R14LMVTWG0BELO	B000002GY9	Music	4	2
US	R3JYWLH04B2QEG	B000003NA4	Music	5	1
US	RR1KFP8B7VDO2	B0000057C5	Music	4	0
US	R3TG6XUE6J44U4	B00000J615	Music	5	1
US	R1LKE8T68CRKX8	B000002H5I	Music	5	1
US	R1QMJDMO7F2MJ1	B000002JK4	Music	5	8
US	R1WATMAL85MLRF	B000002MG1	Music	5	0
US	RNAQYPA34YPVL	B00000JG41	Music	5	1
US	RZM112I901DI5	B000006NPY	Music	5	1
US	R10R6OI7CELAJW	B000002UY3	Music	5	4
US	R2OLAARQ5C5GTC	B000000OAC	Music	5	1
US	R320CG7ZN7R3RY	B000001XO3	Music	5	6
US	R3Y7I94TYJFUI	B000003N89	Music	5	1
US	RHHWHEK7KDA7C	B000000W5P	Music	5	1
US	R2V2E2CGEA6WZ6	6304117752	Video	5	0
US	R2KO0LJUP5O318	B00000JCOV	Music	4	0
US	R1LOEAA45BXAI1	B000009ED0	Music	5	0
US	R3JX4A4DZ7BNU4	0790729350	Video DVD	5	2
US	R37WX5033MTNG8	B00000JTB2	Music	5	0
US	R5A91LSNBU9Q6	B0000009SY	Music	5	3
US	R1NE1D48TIW83N	B00000DQWT	Music	4	7
US	RBG9SQRUID0QQ	B000002KO1	Music	5	4
US	ROSGVTSQJZP8Y	B000002KXV	Music	5	1
US	R3BNEY7U0XZLF6	B000006045	Music	5	1
US	R28I3L54IA1MVX	B000002U9W	Music	5	0
US	R3JND10UYI4CZ6	B00000099Y	Music	4	0
US	R29UNUIVRXRB6I	B000001FY7	Music	5	1
US	R3EGBBYAIVUIMG	B000001FXT	Music	5	4
US	R1QG7RSONOS0YS	B00000IL1K	Music	5	0
US	R1V7D6N43ED4Q0	B000005S37	Music	4	4
US	R5I8TZQKXG3RI	B000002GQG	Music	4	4
US	R3SM7A2GBM305Q	B000001FC0	Music	3	5
US	R1J660FV72PT3T	B000002GYR	Music	4	3
US	RZKIKGB74Z15T	B000001E18	Music	5	2
US	R24P6JFGEQ0GV3	B000009ED0	Music	5	0
US	R3Q44OLJDOBTXI	B000002UZ1	Music	5	1
US	R1JE6TVKHS7YBV	B000002UAX	Music	5	0
US	R36XHU3OVMXTGQ	B000002GQE	Music	5	3
US	R3KWQVYE6Q50QT	B000002I25	Music	5	1
US	R2HA01H5LP7XAL	B0000041DZ	Music	4	3
US	R3ITO03WSSQWUT	B0000024JN	Music	5	2
US	R2LY2E28ZP6UH5	B00000J7J4	Music	5	0
US	R1XGAP7CBRQT0R	B000002LOE	Music	2	4
US	R1A17N55LXFBIN	B00000HYTW	Music	5	0
US	R1CIQ6VKDGO37A	B000002J2F	Music	5	5
US	R34XYS14RJC5Q7	B00000J7JO	Music	4	0
US	R18BFPL71RYOZE	B000001FMC	Music	1	1
US	R1L6BAVU07TOXS	B000000OQF	Music	5	0
US	R12ZGTZJT2N068	B00000BKE1	Music	5	0
US	R1UM4GMGOE8ZAG	B000002579	Music	5	4
US	R1OPUP392ICEGZ	B000002UDD	Music	5	2
US	R1PDLNHCMFVSDR	B000002UB6	Music	2	3
US	R227G808ATJJLV	B00000J7RZ	Music	5	0
US	R3S4HKHPAJF765	B00000AFHM	Music	5	3
US	R11Y0A3ZJ3N7JH	B0000028RR	Music	5	0
US	R2E57KB6OGC7AH	B00000348D	Music	5	4
US	R3R6JC5NCMGE5F	B00000JCOV	Music	5	0
US	R2TID4KON0ACJX	B000001ESJ	Music	5	1
US	R2S49XL7VNIO39	B000002H4Q	Music	5	1
US	R1BQYGCSPJQ05Z	B000002579	Music	5	2
US	R15VHJATFV85FH	B00000J7RZ	Music	3	1
US	R3GWLG2IZ5HL82	B000001EAQ	Music	5	4
US	R1QEKEY3BHWQ7Z	B000002ADT	Music	5	2
US	R7VCPV106B23Y	B000002552	Music	5	13
US	R2C8UVW4R6PSEN	B00000DGUG	Music	5	0
US	R12CJA3537CJ1R	B000002LCI	Music	3	2
US	R3VBA9QJ5W2DA6	B000002UBU	Music	5	0
US	R1W02UB11EE544	B000003CUJ	Music	5	13
US	R3CCX3E32O21RL	B000002C1Z	Music	5	0
US	RH60FOPG3H28C	B0000009UX	Music	5	2
US	R2FCWY91I3AIZL	B000001EL3	Music	4	0
US	R1YJEOKK0918KV	B000002C1X	Music	4	0
US	R1UVUS0VPIE45R	B000000WF0	Music	5	1
US	R3TQY0LKBEL5KK	B000002H2H	Music	5	0
US	R1XAK5C6YK70ZT	B000002C1W	Music	3	0
US	REA28IVVYOQ67	B0000024SI	Music	5	1
US	R109VECWYW2CBJ	B000001BZT	Music	3	2
US	R1CDW77KQSU6U	B000002KHF	Music	5	3
US	R1KS6OLYASHKL0	B00000729S	Music	5	2
US	R1GVOPYARQCDT2	B000002UDV	Music	5	0
US	RLJZAVN4JBBDV	B000002KAT	Music	5	3
US	R1U0DZHLBAQUZI	B00000JZC4	Music	1	1
US	R3AB42VRV8F6QV	B000007WO6	Music	3	2
US	R3V1WDPY4Z48LM	B000002NFM	Music	2	3
US	R37B4HB2KMKF2W	B00000I9MK	Music	5	2
US	R1FPPQBWSJHARE	B000002BUY	Music	5	0
US	R3UY6JZA0T43D7	B00000JCB2	Music	5	0
US	R10T3KOW21LWSK	B000002SE0	Music	5	7
US	R3VYW953LUL7Z2	B000002J27	Music	4	2
US	R2JVVFQCKEZ6HN	B000000OU0	Music	5	6
US	R2HAWK1UMT86OQ	B000009QPE	Music	5	0
US	R33Z6UHJTZ0S9F	B00000FCBC	Music	5	0
US	R2QC8NV21DZ4HA	B000001ELR	Music	5	1
US	R1I9DUCSRHR5AF	B000002V0Q	Music	5	0
US	R2RMJC0DD5N9U5	B000001EXR	Music	5	2
US	R2DYNMUE0KJXW	B000002JBG	Music	5	1
US	R3G5HTMEMRY4O3	B0000031P7	Music	5	16
US	RF8BD2QY90V4W	B000002B7U	Music	5	0
US	R2822I2I3AM03I	B00000J7J4	Music	5	0
US	RBHYN0PNHSPIA	B000006U44	Music	5	3
US	R2C3USRT5MJYGF	B00000JCB2	Music	1	0
US	R14NGP5S84JD7K	B000009QPE	Music	5	0
US	R1527YHC0RKRLR	B000009ED0	Music	5	0
US	R2JZQ84BA6C6W2	B00000DHRZ	Music	5	4
US	R1DE85FI78MZI3	B00000DMJF	Music	5	0
US	R29NUKO0SB4IV7	B000003S5H	Music	5	1
US	RHG2DDYSD5NWO	B000002GQE	Music	5	0
US	R1OYMDPWDRWTDK	B000002VCU	Music	2	0
US	RY3DSE3NLYJCM	B00000J7J4	Music	3	0
US	R35B1Y8PAFHEOR	B00000I952	Music	5	0
US	R8BHTUDVB3ALY	B0000041XX	Music	5	6
US	R1GB1N7AHM1EOH	B000000H5J	Music	5	0
US	R3KC0UM4A6203T	B000002ORU	Music	1	28
US	R2H5A80SZU4DLQ	B0000024V2	Music	5	4
US	RP474VKOD9NKH	B00000I9MK	Music	5	0
US	R25041BE5JK66Z	B00000DMJF	Music	5	1
US	R1LE6UM2D4EXGO	B000001ESJ	Music	4	1
US	RF5TQWAV5U4UE	B00000JJM2	Music	4	0
US	R3IKIQX929X9ER	B000002AT6	Music	5	5
US	R2KHLMPWEUCLE6	B000002UV9	Music	5	0
US	RE4UOKYTNHMYF	B000002U8I	Music	4	3
US	ROPC2HK6C5O3T	B000002UEB	Music	5	0
US	R3G785SVN5DSA5	B000002C1Z	Music	5	2
US	R3V4AGV4Y9QCKD	B00000J615	Music	5	0
US	R1ZML7NYF7JH58	B000002GIE	Music	3	0
US	R1YYLSB7TVJRNW	0521370957	Books	5	3
US	R14O6HX1NRBQ58	0790743213	Video	5	0
US	R201Z21FNTUCBC	B00005N6KG	Electronics	5	1
US	RNCUWIVWML4JD	0521370957	Books	5	0
US	RTL0KL9296BNP	B00004XONN	Music	5	0
US	RFFBA922EXDAZ	B00005N6KG	Electronics	5	3
US	R1PAEWH2XL03RZ	B00005N6KG	Electronics	5	82
US	R1GAI40TKITRN3	B00005S6K8	Video DVD	5	48
US	R212AR779X3531	B00003CX5P	Video DVD	5	0
US	R3I6MI689YW71N	B00005MCX0	Music	3	4
US	R6ZUFTRD5OC8Y	B00005N6KG	Electronics	3	4
US	R1EV2ZB83IS9K5	B00005N6KG	Electronics	5	1
US	R1BYO4Y9PTCJF2	B00000DC10	Music	5	0
US	RMSZUEKPJU8IC	B00005N6KG	Electronics	1	311
US	R1L1EQQQG8HJML	B00005N6KG	Electronics	5	2
US	R1AM0UFIFRRWRZ	B00004Z459	Music	1	13
US	RJYTMIZPOS59J	0521370957	Books	3	16
US	R3RIQ7CMA2G1JP	B00005N6KG	Electronics	5	31
US	RFKUYSQG2X81Q	B00005N6KG	Electronics	5	19
US	R3NP21F7XETESN	B00005N6KG	Electronics	1	8
US	R18KZQO2WN57GG	B00000JCOV	Music	5	0
US	R1VXAYU8PAZFV3	B0002858YS	Music	4	1
US	R3OOOMCNXGVHU8	B0002IQHY8	Music	4	5
US	R1SSW9H07VBR1U	B0006A9FKA	Video DVD	5	12
US	RBQ9V17KAM0X4	0312335164	Books	2	1
US	R8BVG8G0BYNLP	B000001FT0	Music	3	3
US	R32HZ9I9T8L4KE	B000006NPY	Music	3	1
US	R2VR364N81M4NM	B00005N6KG	Electronics	5	14
US	R3RHE1LG63TISM	B00067BBQE	Video DVD	5	10
US	R1WZ14II306635	B00005N6KG	Electronics	1	4
US	R1EMDC04TVNKPN	B000AYNFWG	Electronics	5	19
US	RIN8R827IDTUO	B000AYNFWG	Electronics	5	7
US	R36Z4LS31QYB7P	B00005N6KG	Electronics	2	11
US	R1ZRLTZ6MHCF3O	B000AYNFWG	Electronics	5	12
US	R2GAW85E89HSKH	1591396190	Books	5	3
US	R1OU41QPLC73R	B000B8QEZG	Music	4	7
US	R1CKU7UBHJJBWI	B000AYNFWG	Electronics	4	4
US	R2NVML24NVFLRX	B00005N6KG	Electronics	4	4
US	R2IZVWHWU3VIL7	B00005N6KG	Electronics	1	5
US	R1CZOITJDBZJBC	B000093BDX	Music	5	16
US	R1PD4R4OS54THT	B00008HCCF	Video DVD	5	3
US	R3DWAYILQA361Y	B00099XBZ8	Electronics	5	3
US	R2OK8JFVUVDCNA	B0007KX4TM	Electronics	5	0
US	R3AYPV5GXQQQLB	B0007Y79AI	Electronics	5	0
US	RV9M0GX41WSJY	B0007MWE1E	Electronics	5	4
US	R5UM6AVQPHDGX	B00005N6KG	Electronics	5	4
US	R1C0XD9MZMNTEY	0790729393	Video DVD	4	1
US	R1MMW768CCHR6I	0790732203	Video DVD	3	0
US	R1VCF90Q1095MP	B000BSLU2S	Electronics	3	2
US	R2G5NMW2EQ4Z9H	B000BSLU2S	Electronics	5	12
US	R3H9252NQVBI05	B00005N6KG	Electronics	2	2
US	R1BYWB52YX8EXF	B00005N6KG	Electronics	5	2
US	R2GXTDQRIYXJZI	B00005N6KG	Electronics	5	1
US	R13FK52APVGIY5	B00005N6KG	Electronics	2	2
US	R1VMG47S9BMYN9	B00005N6KG	Electronics	5	4
US	R3G6X04OD1HBWS	B00005N6KG	Electronics	5	1
US	R4UTWZRZ337LC	B00005N6KG	Electronics	4	0
US	R7NEWQKKP190R	B00005N6KG	Electronics	4	0
US	R39BEW3BAW3LLG	B00005N6KG	Electronics	5	0
US	R1TJPQ10HHP7VW	B00005N6KG	Electronics	4	1
US	R2HTIJAPK8IKND	B00005N6KG	Electronics	5	1
US	R17WH8V5FT2V6B	0307237699	Books	5	12
US	R1MGVBL8ZFH403	B000BSLU2S	Electronics	5	1
US	R1LSW8T2JEYUK3	B000EK76K8	Electronics	5	2
US	R2O683DILHVCOD	B00005N6KG	Electronics	4	0
US	R1B6H72YK2I5PU	B00005N6KG	Electronics	4	0
US	R1TKU77NKLHU1	B00005N6KG	Electronics	5	0
US	R2917DDHRIZGU8	B000MIVCX4	Electronics	5	12
US	R3FYWV6BRWRA6W	B00005N6KG	Electronics	5	0
US	R1J1EUA7I8LV3Z	B00005N6KG	Electronics	4	0
US	R17TXRBLWCZOY9	B000ETDW16	Electronics	5	6
US	R3VXYGP0I5IBJ6	B000EK76K8	Electronics	4	29
US	R1M6CONS8OAF0V	B00005N6KG	Electronics	5	0
US	R16T2YN1TMRUOS	B000AYNFWG	Electronics	5	0
US	R26W5FDSW4ZPAQ	B00005N6KG	Electronics	3	5
US	R24R7F34SRE1SC	B00005N6KG	Electronics	4	1
US	R2JE7Q6ZXSP5IM	B00016POFE	Music	4	2
US	R240Y04NYSQEZN	B00005N6KG	Electronics	5	0
US	R1U060YN3R889M	B000BSLU2S	Electronics	5	0
US	R30N6NZHW1NUTC	B00005N6KG	Electronics	5	0
US	R24ND2NQ7WAY3C	B00005N6KG	Electronics	5	0
US	R3SMYRQCLOY5GV	B00005N6KG	Electronics	5	0
US	RVPUXA362AFH5	B00005N6KG	Electronics	1	7
US	R1S32VK6IEM6DN	B00005N6KG	Electronics	4	0
US	RXEMOESHTYRI2	B000BSLU2S	Electronics	5	1
US	R2KSJL1733FTFR	B00005N6KG	Electronics	4	2
US	R298DQ78EGN9H4	B00005N6KG	Electronics	5	5
US	R1DLG5BG0QFCCY	B00005N6KG	Electronics	4	6
US	RNVC5UFMKGDEX	B00005N6KG	Electronics	5	16
US	R2SAUZ974O7NBH	B00005N6KG	Electronics	5	0
US	RE2BQ5BDVEOK2	B00005N6KG	Electronics	4	7
US	R10BTYBJA5WJQ5	B000ETDW16	Electronics	1	4
US	RGPE0GAVROF7C	B00005N6KG	Electronics	1	1
US	R18DAQ321UAFVC	B000MIVCX4	Electronics	4	10
US	R1MV6GSV3H0C3V	B000EK76K8	Electronics	4	2
US	R2UNEHZWKPTI37	B00005N6KG	Electronics	5	0
US	R1SC15W3ZI4U1M	B00005N6KG	Electronics	4	3
US	RK5UCH5PGGG6B	B000ETDW16	Electronics	5	4
US	R3CJUG79BATGGU	B000EK76K8	Electronics	4	4
US	R23B6YEJEXEH3D	B000BSLU2S	Electronics	5	1
US	RQIEUOTX0YPQN	B000BCC6H2	Electronics	4	12
US	RZNT551OBR30H	B000OY6BRS	Electronics	5	2
US	R2SA10V25KDL6H	B00005N6KG	Electronics	5	0
US	R3IM8OZ7XIGHX1	B000REYUKU	Electronics	5	29
US	R2W39QROCBSE8Z	B00005N6KG	Electronics	4	0
US	R1LGJ84RU3BRIB	B000BSLU2S	Electronics	5	14
US	R24RJRGMATEBVV	B000EK76K8	Electronics	5	0
US	R3IIXWL3DC2YR	B000EK76K8	Electronics	4	1
US	R1PXPBJTBVFS9J	B000EK76K8	Electronics	4	0
US	R2IWC3XIO2ENCX	B00005N6KG	Electronics	5	0
US	R2ZYHZT1YFST8B	B000BSLU2S	Electronics	4	3
US	R35K7OKAQ5Z99C	B000BSLU2S	Electronics	5	14
US	R2LQMPGTT62D9J	B000J5NXLY	Electronics	4	6
US	R90F403YQHR37	B0006OMNYQ	Electronics	1	3
US	R3MXRFUWV7PZ4U	B000MIVCX4	Electronics	5	103
US	R3E4WXN1WIQ7MF	B000J103WK	Video DVD	5	0
US	RE42AD1J0IR1I	B000NOQDOA	Electronics	5	12
US	R1KTJLC4OKIQU4	B000EK76K8	Electronics	5	1
US	RYVPI31AJZB3T	B00005N6KG	Electronics	5	0
US	RCNY1Q84JQ3FT	B00005N6KG	Electronics	4	0
US	R9696FHB9BOCZ	B000EK76K8	Electronics	5	9
US	RS6ZIX60KD3K5	B00005N6KG	Electronics	5	0
US	R14IXWPZTJZT02	B000BSLU2S	Electronics	5	3
US	R1UTTM1R9ZUM4R	B00005N6KG	Electronics	5	1
US	R2861PIZYA7KE6	B000EK76K8	Electronics	4	1
US	R1856S0994LC2	B00005N6KG	Electronics	3	0
US	R14CSGJ815QJB1	B000Q6KYOA	Electronics	5	1
US	R24P7IN3YA5NV1	B00005N6KG	Electronics	5	1
US	R3N5SPD02XE0NH	B000EK76K8	Electronics	3	3
US	R4G4SYDMCA1NG	B00005N6KG	Electronics	5	0
US	R1HX6DZ40ZT1VL	B000REYUKU	Electronics	5	7
US	R27FQHSBGFD2FS	B00005N6KG	Electronics	4	1
US	R3MZLRFCC1IZ7Y	B00005N6KG	Electronics	5	1
US	R2O95RDHUGHQAQ	B0001FTVDQ	Electronics	5	2
US	R3L5CH29TCIDC4	B000EK76K8	Electronics	3	7
US	RCS8TO43YLHAS	B00005N6KG	Electronics	3	1
US	R33PBI6M8JSZ6F	B000006045	Music	5	3
US	RS87NO131TXRE	B00005N6KG	Electronics	5	0
US	R101TUD3LT7JCU	B00005N6KG	Electronics	5	0
US	R2958WPEEH73LB	B00005N6KG	Electronics	5	0
US	R3D9HDV4T8JTM7	B00005N6KG	Electronics	5	0
US	R3EPZ90K5UTY5J	B000BDLJBU	Electronics	3	4
US	R2FGV722GQ0Y1L	B000EK76K8	Electronics	5	0
US	R2FG9B2CAKA94B	B000M58PJ6	Electronics	2	2
US	R3UGYN4G772ASD	B00005N6KG	Electronics	5	1
US	R3ARHRY1WDPCC5	B000MIVCX4	Electronics	5	6
US	R15ILTL64NF7Q	B00005N6KG	Electronics	4	0
US	RFYDAH6QJIP0B	B00005N6KG	Electronics	5	0
US	R10CLZK1K7KKOI	B00005N6KG	Electronics	5	0
US	R109PH5UEVW6N4	B000EK76K8	Electronics	5	1
US	R1SQVDP889XE69	B00005N6KG	Electronics	4	0
US	R2LI7W9SYWNWKQ	B00005N6KG	Electronics	4	1
US	R3MDRX2DTLX22B	B00005N6KG	Electronics	5	0
US	R1ECJRHYC901WE	B00005N6KG	Electronics	5	0
US	R1U78Z5SKGML4X	B00005N6KG	Electronics	4	0
US	R10ZAUPBHAEYD3	B000REYUKU	Electronics	5	0
US	R2YI5LV38W83ZK	B000Q6KYOA	Electronics	3	2
US	R3O2W7CGX957SN	B0015HOFZI	Electronics	5	943
US	R1HKV723HV4MY0	B00005N6KG	Electronics	5	2
US	RQ44OCY6TVNIS	B000BSLU2S	Electronics	5	1
US	R1FS0VMI1TMW50	B000BSLU2S	Electronics	5	0
US	R4YB299Y5SSH8	B00005N6KG	Electronics	4	7
US	R3HNVDQEU8AYDS	B000EK76K8	Electronics	4	0
US	R1NZQVXX86TOZ0	B0015HOFZI	Electronics	1	39
US	R24BXEIO6YEYB7	B000MIVCX4	Electronics	5	1
US	R1OO208E0F86PQ	B00005N6KG	Electronics	5	1
US	R2T8113XBSUSBQ	B00005N6KG	Electronics	5	0
US	R3R9USHGPADTWK	B000BCC6H2	Electronics	5	9
US	R14F6UPL55KYHU	B000ETDW16	Electronics	5	1
US	R18DU5VC35OSSM	B0015HOFZI	Electronics	1	65
US	R185M9NQN9245D	B0002TJGQS	Electronics	5	9
US	RTNL20B9EPF3R	B000EK76K8	Electronics	5	0
US	RM1CIY62JG650	B00005N6KG	Electronics	5	3
US	R3TABYZ1PNPT9Y	B00005N6KG	Electronics	1	1
US	R2I8462TINQ7WJ	B0002TJGQS	Electronics	5	1
US	R20UIJAZ75Z7OS	B00005N6KG	Electronics	5	0
US	R1R8EZGN6S96XE	B0015HOFZI	Electronics	4	6
US	RGDNYNMMAS96K	B0015HOFZI	Electronics	5	2
US	R2F6ZHTN5W4F9N	B0015HOFZI	Electronics	3	10
US	R3O9V2V0KKTHNX	B000NOQDOA	Electronics	5	4
US	R115TU9ZVCO43Z	B0002TJGQS	Electronics	5	1
US	R3PLRQCLIYG5TS	B0015HOFZI	Electronics	4	17
US	RPY7NEIBVWQ02	B0002TJGQS	Electronics	5	1
US	R21NXUUU8I4UXQ	B00005N6KG	Electronics	2	0
US	R3CUG4IG00EHQ4	B000Q6KYOA	Electronics	2	3
US	R2F95TFVASNDRV	B000J5NXLY	Electronics	4	69
US	R9PJEXLCQOHNN	B0015HOFZI	Electronics	4	3
US	RP26QYN998X9O	B00005N6KG	Electronics	5	1
